Protocollo,Gruppo,DataOraIncidente,Localizzazione1,STRADA1,Localizzazione2,STRADA2,Strada02,Chilometrica,DaSpecificare,NaturaIncidente,particolaritastrade,TipoStrada,FondoStradale,Pavimentazione,Segnaletica,CondizioneAtmosferica,Traffico,Visibilita,Illuminazione,NUM_FERITI,NUM_RISERVATA,NUM_MORTI,NUM_ILLESI,Longitudine,Latitudine,Confermato,Progressivo,TipoVeicolo,StatoVeicolo,TipoPersona,Sesso,Tipolesione,Deceduto,DecedutoDopo,CinturaCascoUtilizzato,Airbag,
3940186,8,01/08/2018 00:45:00,Statale entro l'abitato,VIA CASILINA,da specificare,,,,"AREA PARCHEGGIO IN AREA PRIVATA BAR ""PIRRI""",Veicolo in marcia contro veicolo in sosta,Pianeggiante,Una carreggiata a doppio senso,Asciutto,Asfaltata,Assente,Sereno,Scarso,Buona,Sufficiente,0,0,0,2,12.6271,41.8632,0,2,Autocarro inferiore 35 q.,In marcia / fermata / arresto,Conducente,M,Illeso,0,,Non accertato,Inesploso,
3940186,8,01/08/2018 00:45:00,Statale entro l'abitato,VIA CASILINA,da specificare,,,,"AREA PARCHEGGIO IN AREA PRIVATA BAR ""PIRRI""",Veicolo in marcia contro veicolo in sosta,Pianeggiante,Una carreggiata a doppio senso,Asciutto,Asfaltata,Assente,Sereno,Scarso,Buona,Sufficiente,0,0,0,2,12.6271,41.8632,0,2,Autocarro inferiore 35 q.,In marcia / fermata / arresto,Passeggero,M,Illeso,0,,Non accertato,Inesploso,
3940333,9,01/08/2018 00:15:00,Strada Urbana,PIAZZALE LABICANO,da specificare,,,,fronte Via Casilina,Scontro laterale fra veicoli in marcia,Rettilineo,Una carreggiata a senso unico di marcia,Asciutto,Asfaltata,Verticale ed orizzontale,Sereno,Normale,Buona,Sufficiente,0,0,0,3,12.5155,41.891,-1,1,Autobus di linea,In marcia / fermata / arresto,Conducente,M,Illeso,0,,Non accertato,Inesploso,
3940333,9,01/08/2018 00:15:00,Strada Urbana,PIAZZALE LABICANO,da specificare,,,,fronte Via Casilina,Scontro laterale fra veicoli in marcia,Rettilineo,Una carreggiata a senso unico di marcia,Asciutto,Asfaltata,Verticale ed orizzontale,Sereno,Normale,Buona,Sufficiente,0,0,0,3,12.5155,41.891,-1,2,Autovettura privata,In marcia / fermata / arresto,Conducente,M,Illeso,0,,Non accertato,Inesploso,
3940333,9,01/08/2018 00:15:00,Strada Urbana,PIAZZALE LABICANO,da specificare,,,,fronte Via Casilina,Scontro laterale fra veicoli in marcia,Rettilineo,Una carreggiata a senso unico di marcia,Asciutto,Asfaltata,Verticale ed orizzontale,Sereno,Normale,Buona,Sufficiente,0,0,0,3,12.5155,41.891,-1,2,Autovettura privata,In marcia / fermata / arresto,Passeggero,F,Illeso,0,,Non accertato,Inesploso,
3940355,6,01/08/2018 08:10:00,Strada Urbana,VIA DI PORTONACCIO,all'intersezione con,VIA VERRIO FLACCO,VIA VERRIO FLACCO,,,Scontro frontale/laterale SX fra veicoli in marcia,Intersezione stradale segnalata,Una carreggiata a senso unico di marcia,Asciutto,Asfaltata,Verticale,Sereno,Normale,Sufficiente,Ore Diurne,1,0,0,1,12.542,41.893,-1,1,Autovettura privata,In marcia / fermata / arresto,Conducente,M,Illeso,0,,Non accertato,Inesploso,
3940355,6,01/08/2018 08:10:00,Strada Urbana,VIA DI PORTONACCIO,all'intersezione con,VIA VERRIO FLACCO,VIA VERRIO FLACCO,,,Scontro frontale/laterale SX fra veicoli in marcia,Intersezione stradale segnalata,Una carreggiata a senso unico di marcia,Asciutto,Asfaltata,Verticale,Sereno,Normale,Sufficiente,Ore Diurne,1,0,0,1,12.542,41.893,-1,2,Velocipede,In marcia / fermata / arresto,Conducente,F,Rimandato,0,NON DECEDUTO,Esente,,
3940385,11,01/08/2018 01:10:00,Strada Urbana,VIALE LEONARDO DA VINCI,in corrispondenza,,del civico n.,117,,Veicolo in marcia contro veicolo in sosta,Rettilineo,Due carreggiate,Asciutto,Asfaltata,Verticale ed orizzontale,Sereno,Scarso,Buona,Sufficiente,1,0,0,0,12.4809,41.8556,-1,1,Autovettura privata,In marcia / fermata / arresto,Conducente,F,Rimandato,0,NON DECEDUTO,Non accertato,,
3940412,2,01/08/2018 01:10:00,Strada Urbana,VIA GIACOMO PUCCINI,in corrispondenza,,del civico n.,12,,Tamponamento,Rettilineo,Una carreggiata a doppio senso,Asciutto,Asfaltata,Verticale ed orizzontale,Sereno,Scarso,Buona,Sufficiente,0,0,0,3,12.4926,41.9122,-1,1,Autovettura privata,In marcia / fermata / arresto,Conducente,M,Illeso,0,,Non accertato,Inesploso,
3940412,2,01/08/2018 01:10:00,Strada Urbana,VIA GIACOMO PUCCINI,in corrispondenza,,del civico n.,12,,Tamponamento,Rettilineo,Una carreggiata a doppio senso,Asciutto,Asfaltata,Verticale ed orizzontale,Sereno,Scarso,Buona,Sufficiente,0,0,0,3,12.4926,41.9122,-1,1,Autovettura privata,In marcia / fermata / arresto,Passeggero,F,Illeso,0,,Non accertato,Inesploso,
3940412,2,01/08/2018 01:10:00,Strada Urbana,VIA GIACOMO PUCCINI,in corrispondenza,,del civico n.,12,,Tamponamento,Rettilineo,Una carreggiata a doppio senso,Asciutto,Asfaltata,Verticale ed orizzontale,Sereno,Scarso,Buona,Sufficiente,0,0,0,3,12.4926,41.9122,-1,2,Autovettura privata,In marcia / fermata / arresto,Conducente,M,Illeso,0,,Non accertato,Inesploso,
3940596,19,01/08/2018 10:20:00,Strada Urbana,VIA TRIONFALE,da specificare,,,,prossimit� via Casale Sansoni,Veicolo in marcia contro ostacolo accidentale,Rettilineo,Una carreggiata a senso unico di marcia,Asciutto,Asfaltata,Verticale ed orizzontale,Sereno,Normale,Buona,Ore Diurne,0,0,0,1,12.4186,41.9443,-1,1,Autobus di linea,In marcia / fermata / arresto,Conducente,M,Illeso,0,,Esente,Inesistente,
3940598,9,01/08/2018 08:40:00,Strada Urbana,VIA NOLA,all'intersezione semaforizzata con,VIA LA SPEZIA,VIA LA SPEZIA,,,Scontro laterale fra veicoli in marcia,Intersezione semaforizzata,Una carreggiata a doppio senso,Asciutto,Asfaltata,Verticale ed orizzontale,Sereno,Normale,Buona,Ore Diurne,2,0,0,1,12.5148,41.8874,-1,1,Autovettura privata,In marcia / fermata / arresto,Conducente,M,Illeso,0,,Utilizzato,Inesploso,
3940598,9,01/08/2018 08:40:00,Strada Urbana,VIA NOLA,all'intersezione semaforizzata con,VIA LA SPEZIA,VIA LA SPEZIA,,,Scontro laterale fra veicoli in marcia,Intersezione semaforizzata,Una carreggiata a doppio senso,Asciutto,Asfaltata,Verticale ed orizzontale,Sereno,Normale,Buona,Ore Diurne,2,0,0,1,12.5148,41.8874,-1,2,Motociclo con passeggero,In marcia / fermata / arresto,Conducente,M,Rimandato,0,NON DECEDUTO,,,
3940598,9,01/08/2018 08:40:00,Strada Urbana,VIA NOLA,all'intersezione semaforizzata con,VIA LA SPEZIA,VIA LA SPEZIA,,,Scontro laterale fra veicoli in marcia,Intersezione semaforizzata,Una carreggiata a doppio senso,Asciutto,Asfaltata,Verticale ed orizzontale,Sereno,Normale,Buona,Ore Diurne,2,0,0,1,12.5148,41.8874,-1,2,Motociclo con passeggero,In marcia / fermata / arresto,Passeggero,F,Rimandato,0,NON DECEDUTO,Utilizzato,,
3940621,13,01/08/2018 08:10:00,Provinciale,VIA DEL MARE,in corrispondenza,,della chilometrica,22.95,,Scontro frontale fra veicoli in marcia,Rettilineo,Una carreggiata a doppio senso,Asciutto,Asfaltata,Verticale ed orizzontale,Sereno,Intenso,Buona,Ore Diurne,1,0,1,0,12.3086,41.7632,-1,1,Autovettura privata,In marcia / fermata / arresto,Conducente,F,Rimandato,0,NON DECEDUTO,Non accertato,Esploso,
3940621,13,01/08/2018 08:10:00,Provinciale,VIA DEL MARE,in corrispondenza,,della chilometrica,22.95,,Scontro frontale fra veicoli in marcia,Rettilineo,Una carreggiata a doppio senso,Asciutto,Asfaltata,Verticale ed orizzontale,Sereno,Intenso,Buona,Ore Diurne,1,0,1,0,12.3086,41.7632,-1,2,Motociclo a solo,In marcia / fermata / arresto,Conducente,M,Deceduto sul posto,-1,,Utilizzato,,
3940674,7,01/08/2018 09:45:00,Strada Urbana,VIALE PALMIRO TOGLIATTI,in corrispondenza,,del civico n.,820,,Scontro laterale fra veicoli in marcia,Pianeggiante,Una carreggiata a senso unico di marcia,Asciutto,Asfaltata,Verticale ed orizzontale,Sereno,Normale,Buona,Sufficiente,0,0,0,2,12.5738,41.8862,-1,1,Autovettura privata,In marcia / fermata / arresto,Conducente,F,Illeso,0,,Non accertato,Inesploso,
3940674,7,01/08/2018 09:45:00,Strada Urbana,VIALE PALMIRO TOGLIATTI,in corrispondenza,,del civico n.,820,,Scontro laterale fra veicoli in marcia,Pianeggiante,Una carreggiata a senso unico di marcia,Asciutto,Asfaltata,Verticale ed orizzontale,Sereno,Normale,Buona,Sufficiente,0,0,0,2,12.5738,41.8862,-1,2,Autovettura privata,In marcia / fermata / arresto,Conducente,F,Illeso,0,,Non accertato,Inesploso,
3940739,6,01/08/2018 12:00:00,Strada Urbana,VIA TOR DE' SCHIAVI,all'intersezione con,VIA ALATRI,VIA ALATRI,,,Scontro frontale/laterale SX fra veicoli in marcia,Incrocio,Due carreggiate,Asciutto,Asfaltata,Verticale ed orizzontale,Sereno,Normale,Buona,Ore Diurne,0,0,0,4,12.5594,41.8935,-1,1,Autovettura privata,In marcia / fermata / arresto,Conducente,F,Illeso,0,,Non accertato,Inesploso,
3940739,6,01/08/2018 12:00:00,Strada Urbana,VIA TOR DE' SCHIAVI,all'intersezione con,VIA ALATRI,VIA ALATRI,,,Scontro frontale/laterale SX fra veicoli in marcia,Incrocio,Due carreggiate,Asciutto,Asfaltata,Verticale ed orizzontale,Sereno,Normale,Buona,Ore Diurne,0,0,0,4,12.5594,41.8935,-1,1,Autovettura privata,In marcia / fermata / arresto,Passeggero,F,Illeso,0,,Non accertato,Inesploso,
3940739,6,01/08/2018 12:00:00,Strada Urbana,VIA TOR DE' SCHIAVI,all'intersezione con,VIA ALATRI,VIA ALATRI,,,Scontro frontale/laterale SX fra veicoli in marcia,Incrocio,Due carreggiate,Asciutto,Asfaltata,Verticale ed orizzontale,Sereno,Normale,Buona,Ore Diurne,0,0,0,4,12.5594,41.8935,-1,2,Autovettura privata,In marcia / fermata / arresto,Conducente,F,Illeso,0,,Non accertato,Inesploso,
3940739,6,01/08/2018 12:00:00,Strada Urbana,VIA TOR DE' SCHIAVI,all'intersezione con,VIA ALATRI,VIA ALATRI,,,Scontro frontale/laterale SX fra veicoli in marcia,Incrocio,Due carreggiate,Asciutto,Asfaltata,Verticale ed orizzontale,Sereno,Normale,Buona,Ore Diurne,0,0,0,4,12.5594,41.8935,-1,2,Autovettura privata,In marcia / fermata / arresto,Passeggero,F,Illeso,0,,Non accertato,Inesploso,
3940917,12,01/08/2018 01:00:00,Strada Urbana,VIALE ALDO BALLARIN,all'intersezione con,VIALE DEL TINTORETTO,VIALE DEL TINTORETTO,,,Ribaltamento senza urto contro ostacolo fisso,Incrocio,Una carreggiata a doppio senso,Asciutto,Asfaltata,Verticale ed orizzontale,Sereno,Scarso,Sufficiente,Sufficiente,1,0,0,0,12.4939,41.8391,0,1,Autovettura privata,In marcia / fermata / arresto,Conducente,F,Rimandato,0,NON DECEDUTO,Utilizzato,Esploso,
3940979,7,01/08/2018 13:40:00,Strada Urbana,VIA DEI GELSI,in prossimit�,,del civico n.,128,,Investimento di pedone,Rettilineo,Una carreggiata a doppio senso,Asciutto,Asfaltata,Orizzontale,Sereno,Normale,Buona,Ore Diurne,1,0,0,1,12.5711,41.8897,-1,,,,Pedone,F,Rimandato,0,NON DECEDUTO,,,
3940979,7,01/08/2018 13:40:00,Strada Urbana,VIA DEI GELSI,in prossimit�,,del civico n.,128,,Investimento di pedone,Rettilineo,Una carreggiata a doppio senso,Asciutto,Asfaltata,Orizzontale,Sereno,Normale,Buona,Ore Diurne,1,0,0,1,12.5711,41.8897,-1,1,Autovettura privata,In marcia / fermata / arresto,Conducente,M,Illeso,0,,,,
3941116,6,01/08/2018 16:40:00,Strada Urbana,VIA DI PORTA FURBA,all'intersezione con,VIA DEGLI OPPII,VIA DEGLI OPPII,,,Scontro laterale fra veicoli in marcia,Incrocio,Una carreggiata a doppio senso,Asciutto,Asfaltata,Assente,Sereno,Normale,Buona,Ore Diurne,1,0,0,3,12.5411,41.8733,-1,1,Ciclomotore,In marcia / fermata / arresto,Conducente,M,Rifiuta cure immediate,0,NON DECEDUTO,Non accertato,,
3941116,6,01/08/2018 16:40:00,Strada Urbana,VIA DI PORTA FURBA,all'intersezione con,VIA DEGLI OPPII,VIA DEGLI OPPII,,,Scontro laterale fra veicoli in marcia,Incrocio,Una carreggiata a doppio senso,Asciutto,Asfaltata,Assente,Sereno,Normale,Buona,Ore Diurne,1,0,0,3,12.5411,41.8733,-1,2,Autovettura privata,In marcia / fermata / arresto,Conducente,F,Illeso,0,,Non accertato,Inesploso,
3941116,6,01/08/2018 16:40:00,Strada Urbana,VIA DI PORTA FURBA,all'intersezione con,VIA DEGLI OPPII,VIA DEGLI OPPII,,,Scontro laterale fra veicoli in marcia,Incrocio,Una carreggiata a doppio senso,Asciutto,Asfaltata,Assente,Sereno,Normale,Buona,Ore Diurne,1,0,0,3,12.5411,41.8733,-1,2,Autovettura privata,In marcia / fermata / arresto,Passeggero,F,Illeso,0,,Non accertato,Inesploso,
3941116,6,01/08/2018 16:40:00,Strada Urbana,VIA DI PORTA FURBA,all'intersezione con,VIA DEGLI OPPII,VIA DEGLI OPPII,,,Scontro laterale fra veicoli in marcia,Incrocio,Una carreggiata a doppio senso,Asciutto,Asfaltata,Assente,Sereno,Normale,Buona,Ore Diurne,1,0,0,3,12.5411,41.8733,-1,2,Autovettura privata,In marcia / fermata / arresto,Passeggero,M,Illeso,0,,Non accertato,Inesploso,
3941131,10,01/08/2018 15:50:00,Strada Urbana,VIA TUSCOLANA,all'intersezione semaforizzata con,VIA DELLE CAPANNELLE,VIA DELLE CAPANNELLE,,,Scontro frontale/laterale DX fra veicoli in marcia,Intersezione semaforizzata,Pi� di due carreggiate,Asciutto,Asfaltata,Verticale ed orizzontale,Sereno,Normale,Sufficiente,Ore Diurne,2,0,0,2,12.5754,41.8485,-1,1,Autovettura privata,In marcia / fermata / arresto,Conducente,M,Illeso,0,,Non accertato,Inesploso,
3941131,10,01/08/2018 15:50:00,Strada Urbana,VIA TUSCOLANA,all'intersezione semaforizzata con,VIA DELLE CAPANNELLE,VIA DELLE CAPANNELLE,,,Scontro frontale/laterale DX fra veicoli in marcia,Intersezione semaforizzata,Pi� di due carreggiate,Asciutto,Asfaltata,Verticale ed orizzontale,Sereno,Normale,Sufficiente,Ore Diurne,2,0,0,2,12.5754,41.8485,-1,1,Autovettura privata,In marcia / fermata / arresto,Passeggero,M,Illeso,0,,Non accertato,Inesploso,
3941131,10,01/08/2018 15:50:00,Strada Urbana,VIA TUSCOLANA,all'intersezione semaforizzata con,VIA DELLE CAPANNELLE,VIA DELLE CAPANNELLE,,,Scontro frontale/laterale DX fra veicoli in marcia,Intersezione semaforizzata,Pi� di due carreggiate,Asciutto,Asfaltata,Verticale ed orizzontale,Sereno,Normale,Sufficiente,Ore Diurne,2,0,0,2,12.5754,41.8485,-1,2,Motociclo a solo,In marcia / fermata / arresto,Conducente,M,Rimandato,0,NON DECEDUTO,Non accertato,,
3941131,10,01/08/2018 15:50:00,Strada Urbana,VIA TUSCOLANA,all'intersezione semaforizzata con,VIA DELLE CAPANNELLE,VIA DELLE CAPANNELLE,,,Scontro frontale/laterale DX fra veicoli in marcia,Intersezione semaforizzata,Pi� di due carreggiate,Asciutto,Asfaltata,Verticale ed orizzontale,Sereno,Normale,Sufficiente,Ore Diurne,2,0,0,2,12.5754,41.8485,-1,2,Motociclo a solo,In marcia / fermata / arresto,Passeggero,F,Rimandato,0,NON DECEDUTO,Non accertato,,
3941141,17,01/08/2018 14:00:00,Strada Urbana,LUNGOTEVERE DEI MELLINI,all'intersezione con,VIA ENNIO QUIRINO VISCONTI,VIA ENNIO QUIRINO VISCONTI,,,Ribaltamento senza urto contro ostacolo fisso,Incrocio,Due carreggiate,Asciutto,Asfaltata,Verticale ed orizzontale,Sereno,Normale,Buona,Ore Diurne,0,0,0,1,12.4722,41.9084,-1,2,Motociclo a solo,In marcia / fermata / arresto,Conducente,F,Illeso,0,,,,
3941166,9,01/08/2018 14:35:00,Strada Urbana,VIA APPIA NUOVA,in corrispondenza,,del civico n.,637,,Veicolo in marcia contro veicolo in sosta,Rettilineo,Due carreggiate,Asciutto,Asfaltata,Orizzontale,Sereno,Normale,Buona,Ore Diurne,1,0,0,0,12.5308,41.8672,-1,1,Motociclo a solo,In marcia / fermata / arresto,Conducente,M,Rimandato,0,NON DECEDUTO,Non accertato,,
3941238,12,01/08/2018 14:10:00,Strada Urbana,VIALE EUROPA,all'intersezione con,VIALE UMBERTO TUPINI,VIALE UMBERTO TUPINI,,,Scontro frontale/laterale DX fra veicoli in marcia,Intersezione stradale segnalata,Una carreggiata a doppio senso,Asciutto,Asfaltata,Verticale ed orizzontale,Sereno,Normale,Buona,Ore Diurne,1,0,0,2,12.4619,41.8329,-1,1,Motociclo a solo,In marcia / fermata / arresto,Conducente,M,Rimandato,0,NON DECEDUTO,Utilizzato,,
3941238,12,01/08/2018 14:10:00,Strada Urbana,VIALE EUROPA,all'intersezione con,VIALE UMBERTO TUPINI,VIALE UMBERTO TUPINI,,,Scontro frontale/laterale DX fra veicoli in marcia,Intersezione stradale segnalata,Una carreggiata a doppio senso,Asciutto,Asfaltata,Verticale ed orizzontale,Sereno,Normale,Buona,Ore Diurne,1,0,0,2,12.4619,41.8329,-1,2,Quadriciclo,In marcia / fermata / arresto,Conducente,F,Illeso,0,,Utilizzato,Inesploso,
3941238,12,01/08/2018 14:10:00,Strada Urbana,VIALE EUROPA,all'intersezione con,VIALE UMBERTO TUPINI,VIALE UMBERTO TUPINI,,,Scontro frontale/laterale DX fra veicoli in marcia,Intersezione stradale segnalata,Una carreggiata a doppio senso,Asciutto,Asfaltata,Verticale ed orizzontale,Sereno,Normale,Buona,Ore Diurne,1,0,0,2,12.4619,41.8329,-1,2,Quadriciclo,In marcia / fermata / arresto,Passeggero,F,Illeso,0,,Utilizzato,Inesploso,
3941494,15,01/08/2018 18:10:00,Comunale extraurbana,VIA PORTUENSE,da specificare,,,,prima di salita Somaini dir. Fiumicino,Fuoriuscita dalla sede stradale,Rettilineo,Una carreggiata a doppio senso,Asciutto,Asfaltata,Orizzontale,Sereno,Normale,Buona,Ore Diurne,1,0,0,0,12.414,41.847,-1,1,Motociclo a solo,In marcia / fermata / arresto,Conducente,M,Ricoverato,0,NON DECEDUTO,Utilizzato,,
3941510,20,01/08/2018 15:10:00,Strada Urbana,CORSO DI FRANCIA,da specificare,,,,prossimit� Via Honduras,Tamponamento,Rettilineo,Due carreggiate,Asciutto,Asfaltata,Verticale ed orizzontale,Sereno,Normale,Buona,Ore Diurne,0,0,0,2,12.4717,41.9367,-1,1,Motociclo a solo,In marcia / fermata / arresto,Conducente,M,Illeso,0,,Non accertato,,
3941510,20,01/08/2018 15:10:00,Strada Urbana,CORSO DI FRANCIA,da specificare,,,,prossimit� Via Honduras,Tamponamento,Rettilineo,Due carreggiate,Asciutto,Asfaltata,Verticale ed orizzontale,Sereno,Normale,Buona,Ore Diurne,0,0,0,2,12.4717,41.9367,-1,2,Autovettura privata,In marcia / fermata / arresto,Conducente,M,Illeso,0,,Non accertato,Inesploso,
3941515,5,01/08/2018 07:20:00,Strada Urbana,VIA TIBURTINA,in prossimit�,,del civico n.,1331,,Infortunio per sola frenata improvvisa,Rettilineo,Due carreggiate,Asciutto,Asfaltata,Verticale ed orizzontale,Sereno,Normale,Buona,Ore Diurne,2,0,0,1,12.6194,41.9377,-1,1,Autobus di linea,In marcia / fermata / arresto,Conducente,M,Illeso,0,,,,
3941515,5,01/08/2018 07:20:00,Strada Urbana,VIA TIBURTINA,in prossimit�,,del civico n.,1331,,Infortunio per sola frenata improvvisa,Rettilineo,Due carreggiate,Asciutto,Asfaltata,Verticale ed orizzontale,Sereno,Normale,Buona,Ore Diurne,2,0,0,1,12.6194,41.9377,-1,1,Autobus di linea,In marcia / fermata / arresto,Passeggero,F,Rimandato,0,NON DECEDUTO,Non accertato,Inesistente,
3941515,5,01/08/2018 07:20:00,Strada Urbana,VIA TIBURTINA,in prossimit�,,del civico n.,1331,,Infortunio per sola frenata improvvisa,Rettilineo,Due carreggiate,Asciutto,Asfaltata,Verticale ed orizzontale,Sereno,Normale,Buona,Ore Diurne,2,0,0,1,12.6194,41.9377,-1,1,Autobus di linea,In marcia / fermata / arresto,Passeggero,M,Rimandato,0,NON DECEDUTO,Non accertato,Inesistente,
3941519,5,01/08/2018 11:30:00,Strada Urbana,VIA TIBURTINA,da specificare,,,,fronte civico 757,Scontro laterale fra veicoli in marcia,Rettilineo,Una carreggiata a doppio senso,Asciutto,Asfaltata,Verticale ed orizzontale,Sereno,Intenso,Buona,Ore Diurne,1,0,0,1,12.5546,41.9124,-1,1,Autovettura privata,In marcia / fermata / arresto,Conducente,F,Illeso,0,,Non accertato,,
3941519,5,01/08/2018 11:30:00,Strada Urbana,VIA TIBURTINA,da specificare,,,,fronte civico 757,Scontro laterale fra veicoli in marcia,Rettilineo,Una carreggiata a doppio senso,Asciutto,Asfaltata,Verticale ed orizzontale,Sereno,Intenso,Buona,Ore Diurne,1,0,0,1,12.5546,41.9124,-1,2,Motociclo a solo,In marcia / fermata / arresto,Conducente,M,Rimandato,0,NON DECEDUTO,Non accertato,,
3941522,9,01/08/2018 16:50:00,Strada Urbana,VIA LA SPEZIA,all'intersezione semaforizzata con,VIA NOLA,VIA NOLA,,,Scontro laterale fra veicoli in marcia,Incrocio,Una carreggiata a doppio senso,Asciutto,Asfaltata,Verticale ed orizzontale,Sereno,Normale,Buona,Ore Diurne,1,0,0,1,12.5153,41.8864,-1,1,Autovettura privata,In marcia / fermata / arresto,Conducente,M,Illeso,0,,Non accertato,Inesploso,
3941522,9,01/08/2018 16:50:00,Strada Urbana,VIA LA SPEZIA,all'intersezione semaforizzata con,VIA NOLA,VIA NOLA,,,Scontro laterale fra veicoli in marcia,Incrocio,Una carreggiata a doppio senso,Asciutto,Asfaltata,Verticale ed orizzontale,Sereno,Normale,Buona,Ore Diurne,1,0,0,1,12.5153,41.8864,-1,2,Motociclo a solo,In marcia / fermata / arresto,Conducente,M,Rimandato,0,NON DECEDUTO,Non accertato,,
3941524,20,01/08/2018 14:30:00,Strada Urbana,VIA DELLA CAMILLUCCIA,all'intersezione con,VIA DEI COLLI DELLA FARNESINA,VIA DEI COLLI DELLA FARNESINA,,,Scontro frontale/laterale DX fra veicoli in marcia,Intersezione stradale segnalata,Una carreggiata a doppio senso,Asciutto,Asfaltata,Verticale ed orizzontale,Sereno,Normale,Buona,Ore Diurne,0,0,0,3,12.4486,41.9428,-1,1,Veicolo speciale,In marcia / fermata / arresto,Conducente,M,Illeso,0,,Non accertato,Inesploso,
3941524,20,01/08/2018 14:30:00,Strada Urbana,VIA DELLA CAMILLUCCIA,all'intersezione con,VIA DEI COLLI DELLA FARNESINA,VIA DEI COLLI DELLA FARNESINA,,,Scontro frontale/laterale DX fra veicoli in marcia,Intersezione stradale segnalata,Una carreggiata a doppio senso,Asciutto,Asfaltata,Verticale ed orizzontale,Sereno,Normale,Buona,Ore Diurne,0,0,0,3,12.4486,41.9428,-1,1,Veicolo speciale,In marcia / fermata / arresto,Passeggero,F,Illeso,0,,Non accertato,Inesploso,
3941524,20,01/08/2018 14:30:00,Strada Urbana,VIA DELLA CAMILLUCCIA,all'intersezione con,VIA DEI COLLI DELLA FARNESINA,VIA DEI COLLI DELLA FARNESINA,,,Scontro frontale/laterale DX fra veicoli in marcia,Intersezione stradale segnalata,Una carreggiata a doppio senso,Asciutto,Asfaltata,Verticale ed orizzontale,Sereno,Normale,Buona,Ore Diurne,0,0,0,3,12.4486,41.9428,-1,2,Autovettura privata,In marcia / fermata / arresto,Conducente,M,Illeso,0,,Non accertato,Inesploso,
3941525,6,01/08/2018 19:00:00,Strada Urbana,VIA CASILINA,all'intersezione con,VIA LEONARDO BUFALINI,VIA LEONARDO BUFALINI,,,Investimento di pedone,Incrocio,Pi� di due carreggiate,Asciutto,Asfaltata,Verticale ed orizzontale,Sereno,Normale,Buona,Ore Diurne,1,0,0,1,12.5387,41.8815,-1,,,,Pedone,M,Rimandato,0,NON DECEDUTO,,,
3941525,6,01/08/2018 19:00:00,Strada Urbana,VIA CASILINA,all'intersezione con,VIA LEONARDO BUFALINI,VIA LEONARDO BUFALINI,,,Investimento di pedone,Incrocio,Pi� di due carreggiate,Asciutto,Asfaltata,Verticale ed orizzontale,Sereno,Normale,Buona,Ore Diurne,1,0,0,1,12.5387,41.8815,-1,1,Autovettura privata,In marcia / fermata / arresto,Conducente,F,Illeso,0,,,,
3941528,12,01/08/2018 09:10:00,Strada Urbana,VIALE AMERICA,da specificare,,,,fronte civico 18,Tamponamento,Rettilineo,Una carreggiata a doppio senso,Asciutto,Asfaltata,Verticale ed orizzontale,Sereno,Normale,Buona,Ore Diurne,0,0,0,2,12.4631,41.8312,-1,1,Autovettura privata,In marcia / fermata / arresto,Conducente,F,Illeso,0,,Non accertato,Inesploso,
3941528,12,01/08/2018 09:10:00,Strada Urbana,VIALE AMERICA,da specificare,,,,fronte civico 18,Tamponamento,Rettilineo,Una carreggiata a doppio senso,Asciutto,Asfaltata,Verticale ed orizzontale,Sereno,Normale,Buona,Ore Diurne,0,0,0,2,12.4631,41.8312,-1,2,Autovettura privata,In marcia / fermata / arresto,Conducente,F,Illeso,0,,Non accertato,Inesploso,
3941530,20,01/08/2018 11:30:00,Strada Urbana,VIA FIANO,da specificare,,,,prossimit� incorcio VIA FLAMINIA,Scontro laterale fra veicoli in marcia,Rettilineo,Una carreggiata a doppio senso,Asciutto,Asfaltata,Assente,Sereno,Scarso,Buona,Ore Diurne,0,0,0,2,12.4704,41.94,-1,1,Autocarro inferiore 35 q.,In marcia / fermata / arresto,Conducente,M,Illeso,0,,Non accertato,Inesploso,
3941530,20,01/08/2018 11:30:00,Strada Urbana,VIA FIANO,da specificare,,,,prossimit� incorcio VIA FLAMINIA,Scontro laterale fra veicoli in marcia,Rettilineo,Una carreggiata a doppio senso,Asciutto,Asfaltata,Assente,Sereno,Scarso,Buona,Ore Diurne,0,0,0,2,12.4704,41.94,-1,2,Autovettura privata,In marcia / fermata / arresto,Conducente,M,Illeso,0,,Non accertato,Inesploso,
3941535,9,01/08/2018 19:10:00,Strada Urbana,PIAZZALE LABICANO,da specificare,,,,prossimit� Scalo San Lorenzo,Scontro laterale fra veicoli in marcia,Curva a visuale libera,Una carreggiata a senso unico di marcia,Asciutto,Asfaltata,Verticale ed orizzontale,Sereno,Intenso,Buona,Ore Diurne,0,0,0,4,12.5156,41.8922,-1,1,Autovettura privata,In marcia / fermata / arresto,Conducente,M,Illeso,0,,Non accertato,,