Protocollo,Gruppo,DataOraIncidente,Localizzazione1,STRADA1,Localizzazione2,STRADA2,Strada02,Chilometrica,DaSpecificare,NaturaIncidente,particolaritastrade,TipoStrada,FondoStradale,Pavimentazione,Segnaletica,CondizioneAtmosferica,Traffico,Visibilita,Illuminazione,NUM_FERITI,NUM_RISERVATA,NUM_MORTI,NUM_ILLESI,Longitudine,Latitudine,Confermato,Progressivo,TipoVeicolo,StatoVeicolo,TipoPersona,Sesso,Tipolesione,Deceduto,DecedutoDopo,CinturaCascoUtilizzato,Airbag,
3942738,8,02/08/2018 19:15:00,Strada Urbana,VIA DI LUNGHEZZINA,da specificare,,,,poco dopo uscita autostrada,Fuoriuscita dalla sede stradale,Rettilineo,Una carreggiata a doppio senso,Bagnato (pioggia),Asfaltata,Orizzontale,Pioggia in atto,Scarso,Sufficiente,Ore Diurne,1,0,0,0,12.6936,41.9309,-1,1,Autovettura privata,In marcia / fermata / arresto,Conducente,M,Rimandato,0,NON DECEDUTO,Non accertato,Inesploso,
3942740,7,02/08/2018 16:55:00,Strada Urbana,VIA DELLE ROSE,all'intersezione con,VIA DELLE BETULLE,VIA DELLE BETULLE,,,Scontro frontale/laterale DX fra veicoli in marcia,Incrocio,Una carreggiata a senso unico di marcia,Asciutto,Asfaltata,Verticale ed orizzontale,Sereno,Normale,Sufficiente,Ore Diurne,0,0,0,3,12.563,41.8899,-1,1,Autovettura privata,In marcia / fermata / arresto,Conducente,M,Illeso,0,,Non accertato,Inesploso,
3942740,7,02/08/2018 16:55:00,Strada Urbana,VIA DELLE ROSE,all'intersezione con,VIA DELLE BETULLE,VIA DELLE BETULLE,,,Scontro frontale/laterale DX fra veicoli in marcia,Incrocio,Una carreggiata a senso unico di marcia,Asciutto,Asfaltata,Verticale ed orizzontale,Sereno,Normale,Sufficiente,Ore Diurne,0,0,0,3,12.563,41.8899,-1,1,Autovettura privata,In marcia / fermata / arresto,Passeggero,F,Illeso,0,,Non accertato,Inesploso,
3942740,7,02/08/2018 16:55:00,Strada Urbana,VIA DELLE ROSE,all'intersezione con,VIA DELLE BETULLE,VIA DELLE BETULLE,,,Scontro frontale/laterale DX fra veicoli in marcia,Incrocio,Una carreggiata a senso unico di marcia,Asciutto,Asfaltata,Verticale ed orizzontale,Sereno,Normale,Sufficiente,Ore Diurne,0,0,0,3,12.563,41.8899,-1,2,Autovettura privata,In marcia / fermata / arresto,Conducente,M,Illeso,0,,Non accertato,Inesploso,
3942742,11,02/08/2018 08:10:00,Strada Urbana,VIA SIMONE MARTINI,da specificare,,,,PRPOSSIMITA' VIA A. DI BONAIUTO,Scontro laterale fra veicoli in marcia,Rettilineo,Una carreggiata a doppio senso,Asciutto,Asfaltata,Verticale ed orizzontale,Sereno,Normale,Buona,Ore Diurne,0,0,0,2,12.4884,41.8287,-1,1,Autovettura privata,In marcia / fermata / arresto,Conducente,M,Illeso,0,,Non accertato,,
3942742,11,02/08/2018 08:10:00,Strada Urbana,VIA SIMONE MARTINI,da specificare,,,,PRPOSSIMITA' VIA A. DI BONAIUTO,Scontro laterale fra veicoli in marcia,Rettilineo,Una carreggiata a doppio senso,Asciutto,Asfaltata,Verticale ed orizzontale,Sereno,Normale,Buona,Ore Diurne,0,0,0,2,12.4884,41.8287,-1,2,Autovettura privata,In marcia / fermata / arresto,Conducente,M,Illeso,0,,Non accertato,,
3942743,20,02/08/2018 14:20:00,Strada Urbana,VIA CASSIA NUOVA,all'intersezione con,VIA VILFREDO PARETO,VIA VILFREDO PARETO,,,Scontro frontale/laterale DX fra veicoli in marcia,Intersezione stradale segnalata,Due carreggiate,Asciutto,Asfaltata,Verticale ed orizzontale,Sereno,Normale,Buona,Ore Diurne,0,1,0,1,12.4683,41.9507,-1,1,Autovettura privata,In marcia / fermata / arresto,Conducente,M,Illeso,0,,Non accertato,Esploso,
3942743,20,02/08/2018 14:20:00,Strada Urbana,VIA CASSIA NUOVA,all'intersezione con,VIA VILFREDO PARETO,VIA VILFREDO PARETO,,,Scontro frontale/laterale DX fra veicoli in marcia,Intersezione stradale segnalata,Due carreggiate,Asciutto,Asfaltata,Verticale ed orizzontale,Sereno,Normale,Buona,Ore Diurne,0,1,0,1,12.4683,41.9507,-1,2,Motociclo a solo,In marcia / fermata / arresto,Conducente,M,Prognosi riservata,0,NON DECEDUTO,Utilizzato,,
3942745,10,02/08/2018 06:50:00,Statale entro l'abitato,VIA APPIA NUOVA,all'intersezione semaforizzata con,VIA APPIA PIGNATELLI,VIA APPIA PIGNATELLI,,,Scontro frontale/laterale SX fra veicoli in marcia,Intersezione semaforizzata,Due carreggiate,Asciutto,Asfaltata,Verticale ed orizzontale,Sereno,Normale,Buona,Ore Diurne,2,0,0,2,12.5518,41.8356,-1,1,Autovettura privata,In marcia / fermata / arresto,Conducente,M,Illeso,0,,Non accertato,Inesploso,
3942745,10,02/08/2018 06:50:00,Statale entro l'abitato,VIA APPIA NUOVA,all'intersezione semaforizzata con,VIA APPIA PIGNATELLI,VIA APPIA PIGNATELLI,,,Scontro frontale/laterale SX fra veicoli in marcia,Intersezione semaforizzata,Due carreggiate,Asciutto,Asfaltata,Verticale ed orizzontale,Sereno,Normale,Buona,Ore Diurne,2,0,0,2,12.5518,41.8356,-1,2,Autovettura privata,In marcia / fermata / arresto,Conducente,M,Rimandato,0,NON DECEDUTO,Non accertato,Inesploso,
3942745,10,02/08/2018 06:50:00,Statale entro l'abitato,VIA APPIA NUOVA,all'intersezione semaforizzata con,VIA APPIA PIGNATELLI,VIA APPIA PIGNATELLI,,,Scontro frontale/laterale SX fra veicoli in marcia,Intersezione semaforizzata,Due carreggiate,Asciutto,Asfaltata,Verticale ed orizzontale,Sereno,Normale,Buona,Ore Diurne,2,0,0,2,12.5518,41.8356,-1,2,Autovettura privata,In marcia / fermata / arresto,Passeggero,F,Illeso,0,,Non accertato,Inesploso,
3942745,10,02/08/2018 06:50:00,Statale entro l'abitato,VIA APPIA NUOVA,all'intersezione semaforizzata con,VIA APPIA PIGNATELLI,VIA APPIA PIGNATELLI,,,Scontro frontale/laterale SX fra veicoli in marcia,Intersezione semaforizzata,Due carreggiate,Asciutto,Asfaltata,Verticale ed orizzontale,Sereno,Normale,Buona,Ore Diurne,2,0,0,2,12.5518,41.8356,-1,2,Autovettura privata,In marcia / fermata / arresto,Passeggero,F,Rimandato,0,NON DECEDUTO,Non accertato,Inesploso,
3942761,13,02/08/2018 15:30:00,Strada Urbana,VIA DI DRAGONCELLO,all'intersezione con,VIA ANDREA CATRANI,VIA ANDREA CATRANI,,,Scontro frontale/laterale SX fra veicoli in marcia,Incrocio,Due carreggiate,Asciutto,Asfaltata,Verticale ed orizzontale,Sereno,Scarso,Buona,Ore Diurne,1,0,0,1,12.3496,41.7837,-1,1,Autovettura privata,In marcia / fermata / arresto,Conducente,M,Illeso,0,,Non accertato,Inesploso,
3942761,13,02/08/2018 15:30:00,Strada Urbana,VIA DI DRAGONCELLO,all'intersezione con,VIA ANDREA CATRANI,VIA ANDREA CATRANI,,,Scontro frontale/laterale SX fra veicoli in marcia,Incrocio,Due carreggiate,Asciutto,Asfaltata,Verticale ed orizzontale,Sereno,Scarso,Buona,Ore Diurne,1,0,0,1,12.3496,41.7837,-1,2,Motociclo a solo,In marcia / fermata / arresto,Conducente,M,Rimandato,0,NON DECEDUTO,Non accertato,,
3942763,13,02/08/2018 17:30:00,Strada Urbana,VIA ISOLE DEL CAPO VERDE,in corrispondenza,,del civico n.,300,,Scontro laterale fra veicoli in marcia,Rettilineo,Due carreggiate,Asciutto,Asfaltata,Assente,Sereno,Normale,Buona,Ore Diurne,0,0,0,3,12.2708,41.7378,-1,1,Autovettura privata,In marcia / fermata / arresto,Conducente,F,Illeso,0,,Non accertato,Inesploso,
3942763,13,02/08/2018 17:30:00,Strada Urbana,VIA ISOLE DEL CAPO VERDE,in corrispondenza,,del civico n.,300,,Scontro laterale fra veicoli in marcia,Rettilineo,Due carreggiate,Asciutto,Asfaltata,Assente,Sereno,Normale,Buona,Ore Diurne,0,0,0,3,12.2708,41.7378,-1,2,Autovettura privata,In marcia / fermata / arresto,Conducente,M,Illeso,0,,Non accertato,Inesploso,
3942763,13,02/08/2018 17:30:00,Strada Urbana,VIA ISOLE DEL CAPO VERDE,in corrispondenza,,del civico n.,300,,Scontro laterale fra veicoli in marcia,Rettilineo,Due carreggiate,Asciutto,Asfaltata,Assente,Sereno,Normale,Buona,Ore Diurne,0,0,0,3,12.2708,41.7378,-1,2,Autovettura privata,In marcia / fermata / arresto,Passeggero,F,Illeso,0,,Non accertato,Inesploso,
3942779,17,02/08/2018 14:10:00,Strada Urbana,VIALE GIULIO CESARE,all'intersezione semaforizzata con,VIA LEPANTO,VIA LEPANTO,,,Scontro laterale fra veicoli in marcia,Intersezione semaforizzata,Pi� di due carreggiate,Asciutto,Asfaltata,Verticale ed orizzontale,Sereno,Normale,Buona,Ore Diurne,0,0,0,2,12.4628,41.9104,-1,1,Motociclo a solo,In marcia / fermata / arresto,Conducente,M,Illeso,0,,,,
3942779,17,02/08/2018 14:10:00,Strada Urbana,VIALE GIULIO CESARE,all'intersezione semaforizzata con,VIA LEPANTO,VIA LEPANTO,,,Scontro laterale fra veicoli in marcia,Intersezione semaforizzata,Pi� di due carreggiate,Asciutto,Asfaltata,Verticale ed orizzontale,Sereno,Normale,Buona,Ore Diurne,0,0,0,2,12.4628,41.9104,-1,2,Autovettura privata,In marcia / fermata / arresto,Conducente,F,Illeso,0,,,,
3942780,13,02/08/2018 18:40:00,Strada Urbana,VIA CAPO CORSO,in corrispondenza,,del civico n.,9,,Scontro frontale fra veicoli in marcia,Rettilineo,Una carreggiata a doppio senso,Asciutto,Asfaltata,Verticale ed orizzontale,Sereno,Normale,Buona,Ore Diurne,0,0,0,2,12.2893,41.7264,-1,1,Autovettura privata,In marcia / fermata / arresto,Conducente,M,Illeso,0,,Non accertato,Inesploso,
3942780,13,02/08/2018 18:40:00,Strada Urbana,VIA CAPO CORSO,in corrispondenza,,del civico n.,9,,Scontro frontale fra veicoli in marcia,Rettilineo,Una carreggiata a doppio senso,Asciutto,Asfaltata,Verticale ed orizzontale,Sereno,Normale,Buona,Ore Diurne,0,0,0,2,12.2893,41.7264,-1,2,Autocarro inferiore 35 q.,In marcia / fermata / arresto,Conducente,M,Illeso,0,,,,
3942787,13,02/08/2018 20:00:00,Strada Urbana,VIALE MEDITERRANEO,da specificare,,,,fronte III IV lampione dal chiosco di lungomare,Scontro laterale fra veicoli in marcia,Rettilineo,Una carreggiata a doppio senso,Asciutto,Asfaltata,Assente,Sereno,Scarso,Buona,Ore Diurne,1,0,0,1,12.3254,41.7261,-1,1,Velocipede,In marcia / fermata / arresto,Conducente,M,Rimandato,0,NON DECEDUTO,Esente,,
3942787,13,02/08/2018 20:00:00,Strada Urbana,VIALE MEDITERRANEO,da specificare,,,,fronte III IV lampione dal chiosco di lungomare,Scontro laterale fra veicoli in marcia,Rettilineo,Una carreggiata a doppio senso,Asciutto,Asfaltata,Assente,Sereno,Scarso,Buona,Ore Diurne,1,0,0,1,12.3254,41.7261,-1,2,Autovettura privata,In marcia / fermata / arresto,Conducente,M,Illeso,0,,,,
3942796,20,02/08/2018 19:15:00,Strada Urbana,VIA TIBERINA,in prossimit�,,del civico n.,f.c. 105,,Scontro laterale fra veicoli in marcia,Rettilineo,Una carreggiata a doppio senso,Asciutto,Asfaltata,Verticale ed orizzontale,Sereno,Normale,Buona,Ore Diurne,1,0,0,3,12.5051,42.0262,-1,1,Autovettura di polizia,In marcia / fermata / arresto,Conducente,M,Illeso,0,,Non accertato,,
3942796,20,02/08/2018 19:15:00,Strada Urbana,VIA TIBERINA,in prossimit�,,del civico n.,f.c. 105,,Scontro laterale fra veicoli in marcia,Rettilineo,Una carreggiata a doppio senso,Asciutto,Asfaltata,Verticale ed orizzontale,Sereno,Normale,Buona,Ore Diurne,1,0,0,3,12.5051,42.0262,-1,1,Autovettura di polizia,In marcia / fermata / arresto,Passeggero,M,Illeso,0,,Non accertato,,
3942796,20,02/08/2018 19:15:00,Strada Urbana,VIA TIBERINA,in prossimit�,,del civico n.,f.c. 105,,Scontro laterale fra veicoli in marcia,Rettilineo,Una carreggiata a doppio senso,Asciutto,Asfaltata,Verticale ed orizzontale,Sereno,Normale,Buona,Ore Diurne,1,0,0,3,12.5051,42.0262,-1,1,Autovettura di polizia,In marcia / fermata / arresto,Passeggero,M,Illeso,0,,Non accertato,,
3942796,20,02/08/2018 19:15:00,Strada Urbana,VIA TIBERINA,in prossimit�,,del civico n.,f.c. 105,,Scontro laterale fra veicoli in marcia,Rettilineo,Una carreggiata a doppio senso,Asciutto,Asfaltata,Verticale ed orizzontale,Sereno,Normale,Buona,Ore Diurne,1,0,0,3,12.5051,42.0262,-1,2,Motociclo a solo,In marcia / fermata / arresto,Conducente,M,Rimandato,0,NON DECEDUTO,Non accertato,,
3942801,13,02/08/2018 09:10:00,Strada Urbana,VIA DEI TRAGHETTI,in corrispondenza,,del civico n.,103,,Tamponamento,Rettilineo,Una carreggiata a senso unico di marcia,Asciutto,Asfaltata,Verticale ed orizzontale,Sereno,Normale,Buona,Ore Diurne,0,0,0,2,12.2769,41.7364,-1,1,Autovettura privata,In marcia / fermata / arresto,Conducente,M,Illeso,0,,Non accertato,Inesploso,
3942801,13,02/08/2018 09:10:00,Strada Urbana,VIA DEI TRAGHETTI,in corrispondenza,,del civico n.,103,,Tamponamento,Rettilineo,Una carreggiata a senso unico di marcia,Asciutto,Asfaltata,Verticale ed orizzontale,Sereno,Normale,Buona,Ore Diurne,0,0,0,2,12.2769,41.7364,-1,2,Autovettura privata,In marcia / fermata / arresto,Conducente,M,Illeso,0,,Non accertato,Inesploso,
3942802,5,02/08/2018 09:50:00,Strada Urbana,VIA TIBURTINA,in prossimit�,,del civico n.,1210,,Scontro laterale fra veicoli in marcia,Rettilineo,Due carreggiate,Asciutto,Asfaltata,Verticale ed orizzontale,Sereno,Normale,Buona,Ore Diurne,0,0,0,3,12.6035,41.9336,-1,1,Autovettura privata,In marcia / fermata / arresto,Conducente,F,Illeso,0,,Non accertato,Inesploso,
3942802,5,02/08/2018 09:50:00,Strada Urbana,VIA TIBURTINA,in prossimit�,,del civico n.,1210,,Scontro laterale fra veicoli in marcia,Rettilineo,Due carreggiate,Asciutto,Asfaltata,Verticale ed orizzontale,Sereno,Normale,Buona,Ore Diurne,0,0,0,3,12.6035,41.9336,-1,1,Autovettura privata,In marcia / fermata / arresto,Passeggero,F,Illeso,0,,Non accertato,Inesploso,
3942802,5,02/08/2018 09:50:00,Strada Urbana,VIA TIBURTINA,in prossimit�,,del civico n.,1210,,Scontro laterale fra veicoli in marcia,Rettilineo,Due carreggiate,Asciutto,Asfaltata,Verticale ed orizzontale,Sereno,Normale,Buona,Ore Diurne,0,0,0,3,12.6035,41.9336,-1,2,Autoarticolato,In marcia / fermata / arresto,Conducente,M,Illeso,0,,Non accertato,Inesploso,
3942808,5,02/08/2018 17:30:00,Strada Urbana,VIA NOMENTANA,da specificare,,,,Area parch. Supermercato Elite alt. S. Alessandro,Veicolo in marcia contro veicolo in sosta,Rettilineo,Una carreggiata a senso unico di marcia,Asciutto,Asfaltata,Verticale,Sereno,Normale,Buona,Ore Diurne,0,0,0,1,12.5846,41.9583,-1,1,Autovettura privata,In marcia / fermata / arresto,Conducente,M,Illeso,0,,Non accertato,Inesploso,
3942814,6,03/08/2018 06:00:00,Strada Urbana,VIA CERCHIARA,all'intersezione con,VIA AFFILE,VIA AFFILE,,,Scontro frontale/laterale SX fra veicoli in marcia,Intersezione stradale segnalata,Una carreggiata a doppio senso,Asciutto,Asfaltata,Verticale,Sereno,Scarso,Sufficiente,Ore Diurne,1,0,0,1,12.6157,41.9328,-1,1,Autovettura privata,In marcia / fermata / arresto,Conducente,M,Illeso,0,,,,
3942814,6,03/08/2018 06:00:00,Strada Urbana,VIA CERCHIARA,all'intersezione con,VIA AFFILE,VIA AFFILE,,,Scontro frontale/laterale SX fra veicoli in marcia,Intersezione stradale segnalata,Una carreggiata a doppio senso,Asciutto,Asfaltata,Verticale,Sereno,Scarso,Sufficiente,Ore Diurne,1,0,0,1,12.6157,41.9328,-1,2,Autovettura privata,In marcia / fermata / arresto,Conducente,M,Rimandato,0,NON DECEDUTO,,,
3942817,13,02/08/2018 11:50:00,Strada Urbana,VIALE DEI ROMAGNOLI,all'intersezione con,VIA GASTONE MASPERO,VIA GASTONE MASPERO,,,Veicolo in marcia contro ostacolo fisso,Incrocio,Una carreggiata a doppio senso,Asciutto,Asfaltata,Orizzontale,Sereno,Scarso,Buona,Ore Diurne,0,0,0,1,12.3161,41.7665,-1,1,Autovettura privata,In marcia / fermata / arresto,Conducente,M,Illeso,0,,,,
3942820,1,02/08/2018 19:15:00,Strada Urbana,VIA MERULANA,in prossimit�,,del civico n.,286,,Investimento di pedone,Rettilineo,Una carreggiata a doppio senso,Asciutto,Asfaltata,Verticale ed orizzontale,Sereno,Normale,Buona,Ore Diurne,1,0,0,1,12.4993,41.8967,-1,,,,Pedone,F,Rimandato,0,NON DECEDUTO,,,
3942820,1,02/08/2018 19:15:00,Strada Urbana,VIA MERULANA,in prossimit�,,del civico n.,286,,Investimento di pedone,Rettilineo,Una carreggiata a doppio senso,Asciutto,Asfaltata,Verticale ed orizzontale,Sereno,Normale,Buona,Ore Diurne,1,0,0,1,12.4993,41.8967,-1,1,Autovettura privata,In marcia / fermata / arresto,Conducente,M,Illeso,0,,Non accertato,Inesploso,
3942822,20,02/08/2018 19:00:00,Provinciale,VIA TIBERINA,in prossimit�,,della chilometrica,5.2,,Veicolo in marcia contro ostacolo accidentale,Rettilineo,Una carreggiata a doppio senso,Asciutto,Asfaltata,Verticale ed orizzontale,Nuvoloso,Scarso,Buona,Ore Diurne,0,0,0,1,12.5051,42.0262,-1,1,Autovettura privata,In marcia / fermata / arresto,Conducente,M,Illeso,0,,Non accertato,Inesploso,
3942824,17,02/08/2018 15:30:00,Strada Urbana,VIA GIOVANNI VITELLESCHI,all'intersezione con,VIA DEI BASTIONI,VIA DEI BASTIONI,,,Tamponamento Multiplo,Intersezione stradale segnalata,Una carreggiata a senso unico di marcia,Asciutto,Asfaltata,Verticale ed orizzontale,Sereno,Normale,Buona,Ore Diurne,0,0,0,4,12.462,41.9046,-1,1,Motociclo a solo,In marcia / fermata / arresto,Conducente,M,Illeso,0,,,,
3942824,17,02/08/2018 15:30:00,Strada Urbana,VIA GIOVANNI VITELLESCHI,all'intersezione con,VIA DEI BASTIONI,VIA DEI BASTIONI,,,Tamponamento Multiplo,Intersezione stradale segnalata,Una carreggiata a senso unico di marcia,Asciutto,Asfaltata,Verticale ed orizzontale,Sereno,Normale,Buona,Ore Diurne,0,0,0,4,12.462,41.9046,-1,2,Autovettura privata,In marcia / fermata / arresto,Conducente,M,Illeso,0,,,,
3942824,17,02/08/2018 15:30:00,Strada Urbana,VIA GIOVANNI VITELLESCHI,all'intersezione con,VIA DEI BASTIONI,VIA DEI BASTIONI,,,Tamponamento Multiplo,Intersezione stradale segnalata,Una carreggiata a senso unico di marcia,Asciutto,Asfaltata,Verticale ed orizzontale,Sereno,Normale,Buona,Ore Diurne,0,0,0,4,12.462,41.9046,-1,2,Autovettura privata,In marcia / fermata / arresto,Passeggero,F,Illeso,0,,,,
3942824,17,02/08/2018 15:30:00,Strada Urbana,VIA GIOVANNI VITELLESCHI,all'intersezione con,VIA DEI BASTIONI,VIA DEI BASTIONI,,,Tamponamento Multiplo,Intersezione stradale segnalata,Una carreggiata a senso unico di marcia,Asciutto,Asfaltata,Verticale ed orizzontale,Sereno,Normale,Buona,Ore Diurne,0,0,0,4,12.462,41.9046,-1,3,Autovettura privata,In marcia / fermata / arresto,Conducente,M,Illeso,0,,,,
3942828,17,02/08/2018 15:30:00,Strada Urbana,VIALE GIULIO CESARE,da specificare,,,,fronte prossimit� civico 60,Tamponamento,Rettilineo,Una carreggiata a senso unico di marcia,Asciutto,Asfaltata,Verticale ed orizzontale,Sereno,Normale,Buona,Ore Diurne,2,0,0,1,12.4627,41.9105,-1,1,Autovettura privata,In marcia / fermata / arresto,Conducente,M,Ricoverato,0,NON DECEDUTO,,,
3942828,17,02/08/2018 15:30:00,Strada Urbana,VIALE GIULIO CESARE,da specificare,,,,fronte prossimit� civico 60,Tamponamento,Rettilineo,Una carreggiata a senso unico di marcia,Asciutto,Asfaltata,Verticale ed orizzontale,Sereno,Normale,Buona,Ore Diurne,2,0,0,1,12.4627,41.9105,-1,1,Autovettura privata,In marcia / fermata / arresto,Passeggero,F,Ricoverato,0,NON DECEDUTO,,,
3942828,17,02/08/2018 15:30:00,Strada Urbana,VIALE GIULIO CESARE,da specificare,,,,fronte prossimit� civico 60,Tamponamento,Rettilineo,Una carreggiata a senso unico di marcia,Asciutto,Asfaltata,Verticale ed orizzontale,Sereno,Normale,Buona,Ore Diurne,2,0,0,1,12.4627,41.9105,-1,2,Autovettura privata,In marcia / fermata / arresto,Conducente,M,Illeso,0,,,,
3942848,4,02/08/2018 09:00:00,Provinciale entro l'abitato,VIA NOMENTANA,all'intersezione con,VIA ETTORE ROMAGNOLI,VIA ETTORE ROMAGNOLI,,,Scontro frontale/laterale SX fra veicoli in marcia,Incrocio,Una carreggiata a doppio senso,Asciutto,Asfaltata,Verticale ed orizzontale,Sereno,Intenso,Buona,Ore Diurne,0,0,0,4,12.5728,41.9579,-1,1,Autovettura privata,In marcia / fermata / arresto,Conducente,M,Illeso,0,,,,
3942848,4,02/08/2018 09:00:00,Provinciale entro l'abitato,VIA NOMENTANA,all'intersezione con,VIA ETTORE ROMAGNOLI,VIA ETTORE ROMAGNOLI,,,Scontro frontale/laterale SX fra veicoli in marcia,Incrocio,Una carreggiata a doppio senso,Asciutto,Asfaltata,Verticale ed orizzontale,Sereno,Intenso,Buona,Ore Diurne,0,0,0,4,12.5728,41.9579,-1,2,Autovettura privata,In marcia / fermata / arresto,Conducente,F,Illeso,0,,,,
3942848,4,02/08/2018 09:00:00,Provinciale entro l'abitato,VIA NOMENTANA,all'intersezione con,VIA ETTORE ROMAGNOLI,VIA ETTORE ROMAGNOLI,,,Scontro frontale/laterale SX fra veicoli in marcia,Incrocio,Una carreggiata a doppio senso,Asciutto,Asfaltata,Verticale ed orizzontale,Sereno,Intenso,Buona,Ore Diurne,0,0,0,4,12.5728,41.9579,-1,2,Autovettura privata,In marcia / fermata / arresto,Passeggero,F,Illeso,0,,,,
3942848,4,02/08/2018 09:00:00,Provinciale entro l'abitato,VIA NOMENTANA,all'intersezione con,VIA ETTORE ROMAGNOLI,VIA ETTORE ROMAGNOLI,,,Scontro frontale/laterale SX fra veicoli in marcia,Incrocio,Una carreggiata a doppio senso,Asciutto,Asfaltata,Verticale ed orizzontale,Sereno,Intenso,Buona,Ore Diurne,0,0,0,4,12.5728,41.9579,-1,2,Autovettura privata,In marcia / fermata / arresto,Passeggero,M,Illeso,0,,,,
3942849,5,03/08/2018 04:00:00,Strada Urbana,PIAZZALE ALTIERO SPINELLI,da specificare,,,,PROX. largo Camesena,Veicolo in marcia contro veicoli in sosta,Rettilineo,Due carreggiate,Asciutto,Asfaltata,Verticale ed orizzontale,Sereno,Scarso,Buona,Sufficiente,1,0,0,0,12.5316,41.9124,-1,1,Autovettura privata,In marcia / fermata / arresto,Conducente,M,Rimandato,0,NON DECEDUTO,Non accertato,Inesploso,
3942860,1,02/08/2018 19:00:00,Strada Urbana,PIAZZA VITTORIO EMANUELE II,in prossimit�,,del civico n.,31,,Scontro laterale fra veicoli in marcia,Rettilineo,Due carreggiate,Asciutto,Asfaltata,Verticale ed orizzontale,Sereno,Normale,Buona,Ore Diurne,1,0,0,1,,,0,1,Motociclo a solo,In marcia / fermata / arresto,Conducente,F,Rimandato,0,NON DECEDUTO,,,
3942860,1,02/08/2018 19:00:00,Strada Urbana,PIAZZA VITTORIO EMANUELE II,in prossimit�,,del civico n.,31,,Scontro laterale fra veicoli in marcia,Rettilineo,Due carreggiate,Asciutto,Asfaltata,Verticale ed orizzontale,Sereno,Normale,Buona,Ore Diurne,1,0,0,1,,,0,2,Autovettura privata,In marcia / fermata / arresto,Conducente,F,Illeso,0,,,,
3942861,12,02/08/2018 12:00:00,Strada Urbana,VIA EDGARDO NEGRI,all'intersezione con,VIA ALDO DELLA ROCCA,VIA ALDO DELLA ROCCA,,,Scontro frontale/laterale DX fra veicoli in marcia,Incrocio,Una carreggiata a doppio senso,Asciutto,Asfaltata,Verticale ed orizzontale,Sereno,Scarso,Buona,Ore Diurne,0,0,0,3,12.4299,41.7888,-1,1,Autovettura privata,In marcia / fermata / arresto,Conducente,M,Illeso,0,,,,
3942861,12,02/08/2018 12:00:00,Strada Urbana,VIA EDGARDO NEGRI,all'intersezione con,VIA ALDO DELLA ROCCA,VIA ALDO DELLA ROCCA,,,Scontro frontale/laterale DX fra veicoli in marcia,Incrocio,Una carreggiata a doppio senso,Asciutto,Asfaltata,Verticale ed orizzontale,Sereno,Scarso,Buona,Ore Diurne,0,0,0,3,12.4299,41.7888,-1,2,Autovettura privata,In marcia / fermata / arresto,Conducente,M,Illeso,0,,Non accertato,Inesploso,
3942861,12,02/08/2018 12:00:00,Strada Urbana,VIA EDGARDO NEGRI,all'intersezione con,VIA ALDO DELLA ROCCA,VIA ALDO DELLA ROCCA,,,Scontro frontale/laterale DX fra veicoli in marcia,Incrocio,Una carreggiata a doppio senso,Asciutto,Asfaltata,Verticale ed orizzontale,Sereno,Scarso,Buona,Ore Diurne,0,0,0,3,12.4299,41.7888,-1,2,Autovettura privata,In marcia / fermata / arresto,Passeggero,M,Illeso,0,,Non accertato,Inesploso,
3942890,1,02/08/2018 14:50:00,Strada Urbana,VIALE DI TRASTEVERE,all'intersezione semaforizzata con,VIA GIROLAMO INDUNO,VIA GIROLAMO INDUNO,,,Scontro laterale fra veicoli in marcia,Incrocio,Due carreggiate,Asciutto,Asfaltata,Verticale ed orizzontale,Sereno,Normale,Buona,Ore Diurne,1,0,0,1,12.4711,41.8853,-1,1,Autovettura privata,In marcia / fermata / arresto,Conducente,M,Illeso,0,,,,
3942890,1,02/08/2018 14:50:00,Strada Urbana,VIALE DI TRASTEVERE,all'intersezione semaforizzata con,VIA GIROLAMO INDUNO,VIA GIROLAMO INDUNO,,,Scontro laterale fra veicoli in marcia,Incrocio,Due carreggiate,Asciutto,Asfaltata,Verticale ed orizzontale,Sereno,Normale,Buona,Ore Diurne,1,0,0,1,12.4711,41.8853,-1,2,Motociclo a solo,In marcia / fermata / arresto,Conducente,F,Rimandato,0,NON DECEDUTO,,,
3942942,7,02/08/2018 12:00:00,Strada Urbana,VIA PRENESTINA,in corrispondenza,,del civico n.,710,,Scontro laterale fra veicoli in marcia,Rettilineo,Una carreggiata a doppio senso,Asciutto,Asfaltata,Orizzontale,Sereno,Normale,Buona,Ore Diurne,0,0,0,2,12.5866,41.8937,-1,1,Autovettura privata,In marcia / fermata / arresto,Conducente,F,Illeso,0,,Non accertato,Inesploso,
3942942,7,02/08/2018 12:00:00,Strada Urbana,VIA PRENESTINA,in corrispondenza,,del civico n.,710,,Scontro laterale fra veicoli in marcia,Rettilineo,Una carreggiata a doppio senso,Asciutto,Asfaltata,Orizzontale,Sereno,Normale,Buona,Ore Diurne,0,0,0,2,12.5866,41.8937,-1,2,Autovettura privata,In marcia / fermata / arresto,Conducente,F,Illeso,0,,Non accertato,Inesploso,