Protocollo,Gruppo,DataOraIncidente,Localizzazione1,STRADA1,Localizzazione2,STRADA2,Strada02,Chilometrica,DaSpecificare,NaturaIncidente,particolaritastrade,TipoStrada,FondoStradale,Pavimentazione,Segnaletica,CondizioneAtmosferica,Traffico,Visibilita,Illuminazione,NUM_FERITI,NUM_RISERVATA,NUM_MORTI,NUM_ILLESI,Longitudine,Latitudine,Confermato,Progressivo,TipoVeicolo,StatoVeicolo,TipoPersona,Sesso,Tipolesione,Deceduto,DecedutoDopo,CinturaCascoUtilizzato,Airbag,
3942944,18,03/08/2018 07:35:00,Strada Urbana,VIA SUOR MARIA AGOSTINA,all'intersezione con,VIA CERESETO,VIA CERESETO,,,Scontro frontale/laterale SX fra veicoli in marcia,Intersezione non regolata/non segnalata,Una carreggiata a doppio senso,Asciutto,Asfaltata,Orizzontale,Sereno,Scarso,Buona,Ore Diurne,0,0,0,2,12.3869,41.904,-1,1,Autocarro inferiore 35 q.,In marcia / fermata / arresto,Conducente,M,Illeso,0,,,,
3942944,18,03/08/2018 07:35:00,Strada Urbana,VIA SUOR MARIA AGOSTINA,all'intersezione con,VIA CERESETO,VIA CERESETO,,,Scontro frontale/laterale SX fra veicoli in marcia,Intersezione non regolata/non segnalata,Una carreggiata a doppio senso,Asciutto,Asfaltata,Orizzontale,Sereno,Scarso,Buona,Ore Diurne,0,0,0,2,12.3869,41.904,-1,2,Motociclo a solo,In marcia / fermata / arresto,Conducente,M,Illeso,0,,,,
3942952,4,02/08/2018 10:30:00,Strada Urbana,VIA DELLE VIGNE NUOVE,da specificare,,,,in corrispondenza rampa viadotto Gronchi,Tamponamento,Rettilineo,Una carreggiata a doppio senso,Asciutto,Asfaltata,Verticale ed orizzontale,Sereno,Normale,Buona,Ore Diurne,0,0,0,4,12.5358,41.9554,-1,1,Autovettura privata,In marcia / fermata / arresto,Conducente,F,Illeso,0,,Non accertato,Inesploso,
3942952,4,02/08/2018 10:30:00,Strada Urbana,VIA DELLE VIGNE NUOVE,da specificare,,,,in corrispondenza rampa viadotto Gronchi,Tamponamento,Rettilineo,Una carreggiata a doppio senso,Asciutto,Asfaltata,Verticale ed orizzontale,Sereno,Normale,Buona,Ore Diurne,0,0,0,4,12.5358,41.9554,-1,2,Autovettura privata,In marcia / fermata / arresto,Conducente,F,Illeso,0,,Non accertato,Inesploso,
3942952,4,02/08/2018 10:30:00,Strada Urbana,VIA DELLE VIGNE NUOVE,da specificare,,,,in corrispondenza rampa viadotto Gronchi,Tamponamento,Rettilineo,Una carreggiata a doppio senso,Asciutto,Asfaltata,Verticale ed orizzontale,Sereno,Normale,Buona,Ore Diurne,0,0,0,4,12.5358,41.9554,-1,2,Autovettura privata,In marcia / fermata / arresto,Passeggero,M,Illeso,0,,Non accertato,Inesistente,
3942952,4,02/08/2018 10:30:00,Strada Urbana,VIA DELLE VIGNE NUOVE,da specificare,,,,in corrispondenza rampa viadotto Gronchi,Tamponamento,Rettilineo,Una carreggiata a doppio senso,Asciutto,Asfaltata,Verticale ed orizzontale,Sereno,Normale,Buona,Ore Diurne,0,0,0,4,12.5358,41.9554,-1,2,Autovettura privata,In marcia / fermata / arresto,Passeggero,F,Illeso,0,,,Inesploso,
3942954,5,02/08/2018 13:15:00,Strada Urbana,VIALE BATTISTA BARDANZELLU,da specificare,,,,in prossimit� di via V. Melandri,Veicolo in marcia contro ostacolo accidentale,Rettilineo,Due carreggiate,Asciutto,Asfaltata,Orizzontale,Sereno,Normale,Buona,Ore Diurne,0,0,0,2,12.5711,41.9142,-1,1,Autovettura privata,In marcia / fermata / arresto,Conducente,M,Illeso,0,,Non accertato,,
3942954,5,02/08/2018 13:15:00,Strada Urbana,VIALE BATTISTA BARDANZELLU,da specificare,,,,in prossimit� di via V. Melandri,Veicolo in marcia contro ostacolo accidentale,Rettilineo,Due carreggiate,Asciutto,Asfaltata,Orizzontale,Sereno,Normale,Buona,Ore Diurne,0,0,0,2,12.5711,41.9142,-1,1,Autovettura privata,In marcia / fermata / arresto,Passeggero,F,Illeso,0,,Non accertato,,
3942964,12,02/08/2018 07:45:00,Strada Urbana,VIA LAURENTINA,da specificare,,,,DIR.ROMA ALT.SVOLTA INVERSIONE VIA DEI LANCIERI ,Scontro frontale/laterale SX fra veicoli in marcia,Rettilineo,Pi� di due carreggiate,Asciutto,Asfaltata,Verticale ed orizzontale,Sereno,Normale,Buona,Ore Diurne,1,0,0,3,12.4814,41.8197,-1,1,Autobus di linea,In marcia / fermata / arresto,Conducente,M,Illeso,0,,,,
3942964,12,02/08/2018 07:45:00,Strada Urbana,VIA LAURENTINA,da specificare,,,,DIR.ROMA ALT.SVOLTA INVERSIONE VIA DEI LANCIERI ,Scontro frontale/laterale SX fra veicoli in marcia,Rettilineo,Pi� di due carreggiate,Asciutto,Asfaltata,Verticale ed orizzontale,Sereno,Normale,Buona,Ore Diurne,1,0,0,3,12.4814,41.8197,-1,1,Autobus di linea,In marcia / fermata / arresto,Passeggero,F,Rimandato,0,NON DECEDUTO,,,
3942964,12,02/08/2018 07:45:00,Strada Urbana,VIA LAURENTINA,da specificare,,,,DIR.ROMA ALT.SVOLTA INVERSIONE VIA DEI LANCIERI ,Scontro frontale/laterale SX fra veicoli in marcia,Rettilineo,Pi� di due carreggiate,Asciutto,Asfaltata,Verticale ed orizzontale,Sereno,Normale,Buona,Ore Diurne,1,0,0,3,12.4814,41.8197,-1,2,Autovettura privata,In marcia / fermata / arresto,Conducente,M,Illeso,0,,,,
3942964,12,02/08/2018 07:45:00,Strada Urbana,VIA LAURENTINA,da specificare,,,,DIR.ROMA ALT.SVOLTA INVERSIONE VIA DEI LANCIERI ,Scontro frontale/laterale SX fra veicoli in marcia,Rettilineo,Pi� di due carreggiate,Asciutto,Asfaltata,Verticale ed orizzontale,Sereno,Normale,Buona,Ore Diurne,1,0,0,3,12.4814,41.8197,-1,2,Autovettura privata,In marcia / fermata / arresto,Passeggero,M,Illeso,0,,,,
3942971,23,02/08/2018 07:50:00,Strada Urbana,PIAZZA GUGLIELMO MARCONI,all'intersezione con,VIA CRISTOFORO COLOMBO,VIA CRISTOFORO COLOMBO,,,Scontro laterale fra veicoli in marcia,Intersezione stradale segnalata,Una carreggiata a senso unico di marcia,Asciutto,Asfaltata,Verticale ed orizzontale,Sereno,Intenso,Buona,Ore Diurne,1,0,0,1,12.4708,41.8339,-1,1,Autovettura privata,In marcia / fermata / arresto,Conducente,F,Illeso,0,,Non accertato,Inesploso,
3942971,23,02/08/2018 07:50:00,Strada Urbana,PIAZZA GUGLIELMO MARCONI,all'intersezione con,VIA CRISTOFORO COLOMBO,VIA CRISTOFORO COLOMBO,,,Scontro laterale fra veicoli in marcia,Intersezione stradale segnalata,Una carreggiata a senso unico di marcia,Asciutto,Asfaltata,Verticale ed orizzontale,Sereno,Intenso,Buona,Ore Diurne,1,0,0,1,12.4708,41.8339,-1,2,Motociclo a solo,In marcia / fermata / arresto,Conducente,F,Rimandato,0,NON DECEDUTO,Non accertato,,
3942980,3,01/08/2018 12:30:00,Strada Urbana,PIAZZA DEI SANNITI,all'intersezione con,VIA DEI VOLSCI,VIA DEI VOLSCI,,,Scontro frontale/laterale DX fra veicoli in marcia,Incrocio,Una carreggiata a senso unico di marcia,Asciutto,Asfaltata,Verticale ed orizzontale,Sereno,Scarso,Buona,Ore Diurne,1,0,0,2,12.5167,41.8987,-1,1,Autovettura privata,In marcia / fermata / arresto,Conducente,M,Rimandato,0,NON DECEDUTO,,,
3942980,3,01/08/2018 12:30:00,Strada Urbana,PIAZZA DEI SANNITI,all'intersezione con,VIA DEI VOLSCI,VIA DEI VOLSCI,,,Scontro frontale/laterale DX fra veicoli in marcia,Incrocio,Una carreggiata a senso unico di marcia,Asciutto,Asfaltata,Verticale ed orizzontale,Sereno,Scarso,Buona,Ore Diurne,1,0,0,2,12.5167,41.8987,-1,2,Altro,In marcia / fermata / arresto,Conducente,M,Illeso,0,,,,
3942980,3,01/08/2018 12:30:00,Strada Urbana,PIAZZA DEI SANNITI,all'intersezione con,VIA DEI VOLSCI,VIA DEI VOLSCI,,,Scontro frontale/laterale DX fra veicoli in marcia,Incrocio,Una carreggiata a senso unico di marcia,Asciutto,Asfaltata,Verticale ed orizzontale,Sereno,Scarso,Buona,Ore Diurne,1,0,0,2,12.5167,41.8987,-1,2,Altro,In marcia / fermata / arresto,Passeggero,M,Illeso,0,,Non accertato,,
3942984,1,02/08/2018 14:00:00,Strada Urbana,VIA LUIGI PETROSELLI,all'intersezione con,VICO JUGARIO,VICO JUGARIO,,,Scontro laterale fra veicoli in marcia,Intersezione semaforizzata,Una carreggiata a doppio senso,Asciutto,In cubetti di porfido,Verticale ed orizzontale,Sereno,Normale,Buona,Ore Diurne,1,0,0,1,12.4809,41.8902,-1,1,Autovettura privata,In marcia / fermata / arresto,Conducente,M,Illeso,0,,,,
3942984,1,02/08/2018 14:00:00,Strada Urbana,VIA LUIGI PETROSELLI,all'intersezione con,VICO JUGARIO,VICO JUGARIO,,,Scontro laterale fra veicoli in marcia,Intersezione semaforizzata,Una carreggiata a doppio senso,Asciutto,In cubetti di porfido,Verticale ed orizzontale,Sereno,Normale,Buona,Ore Diurne,1,0,0,1,12.4809,41.8902,-1,2,Motociclo a solo,In marcia / fermata / arresto,Conducente,F,Rimandato,0,NON DECEDUTO,,,
3943028,18,02/08/2018 13:30:00,Strada Urbana,VIA GREGORIO VII,in prossimit�,,del civico n.,61,,Scontro frontale/laterale SX fra veicoli in marcia,Rettilineo,Pi� di due carreggiate,Asciutto,Asfaltata,Verticale ed orizzontale,Sereno,Normale,Buona,Ore Diurne,1,0,0,3,12.4504,41.8975,-1,1,Autovettura privata,In marcia / fermata / arresto,Conducente,M,Illeso,0,,,,
3943028,18,02/08/2018 13:30:00,Strada Urbana,VIA GREGORIO VII,in prossimit�,,del civico n.,61,,Scontro frontale/laterale SX fra veicoli in marcia,Rettilineo,Pi� di due carreggiate,Asciutto,Asfaltata,Verticale ed orizzontale,Sereno,Normale,Buona,Ore Diurne,1,0,0,3,12.4504,41.8975,-1,1,Autovettura privata,In marcia / fermata / arresto,Passeggero,F,Rifiuta cure immediate,0,NON DECEDUTO,Non accertato,Inesploso,
3943028,18,02/08/2018 13:30:00,Strada Urbana,VIA GREGORIO VII,in prossimit�,,del civico n.,61,,Scontro frontale/laterale SX fra veicoli in marcia,Rettilineo,Pi� di due carreggiate,Asciutto,Asfaltata,Verticale ed orizzontale,Sereno,Normale,Buona,Ore Diurne,1,0,0,3,12.4504,41.8975,-1,2,Autovettura privata,In marcia / fermata / arresto,Conducente,M,Illeso,0,,Non accertato,Inesploso,
3943028,18,02/08/2018 13:30:00,Strada Urbana,VIA GREGORIO VII,in prossimit�,,del civico n.,61,,Scontro frontale/laterale SX fra veicoli in marcia,Rettilineo,Pi� di due carreggiate,Asciutto,Asfaltata,Verticale ed orizzontale,Sereno,Normale,Buona,Ore Diurne,1,0,0,3,12.4504,41.8975,-1,2,Autovettura privata,In marcia / fermata / arresto,Passeggero,M,Illeso,0,,Non accertato,Inesploso,
3943030,16,02/08/2018 12:10:00,Strada Urbana,VIALE DEI QUATTRO VENTI,da specificare,,,,in prossimit� del fronte civico 32,Scontro laterale fra veicoli in marcia,Rettilineo,Una carreggiata a doppio senso,Asciutto,Asfaltata,Verticale ed orizzontale,Sereno,Normale,Buona,Ore Diurne,2,0,0,1,12.4585,41.8795,-1,1,Autovettura privata,In marcia / fermata / arresto,Conducente,F,Illeso,0,,Non accertato,Inesploso,
3943030,16,02/08/2018 12:10:00,Strada Urbana,VIALE DEI QUATTRO VENTI,da specificare,,,,in prossimit� del fronte civico 32,Scontro laterale fra veicoli in marcia,Rettilineo,Una carreggiata a doppio senso,Asciutto,Asfaltata,Verticale ed orizzontale,Sereno,Normale,Buona,Ore Diurne,2,0,0,1,12.4585,41.8795,-1,2,Motociclo con passeggero,In marcia / fermata / arresto,Conducente,M,Rimandato,0,NON DECEDUTO,Non accertato,,
3943030,16,02/08/2018 12:10:00,Strada Urbana,VIALE DEI QUATTRO VENTI,da specificare,,,,in prossimit� del fronte civico 32,Scontro laterale fra veicoli in marcia,Rettilineo,Una carreggiata a doppio senso,Asciutto,Asfaltata,Verticale ed orizzontale,Sereno,Normale,Buona,Ore Diurne,2,0,0,1,12.4585,41.8795,-1,2,Motociclo con passeggero,In marcia / fermata / arresto,Passeggero,M,Rimandato,0,NON DECEDUTO,Non accertato,,
3943034,4,02/08/2018 10:30:00,Strada Urbana,VIA MONTE NEVOSO,in corrispondenza,,del civico n.,25,,Veicolo in marcia contro veicolo in sosta,Curva a visuale libera,Una carreggiata a doppio senso,Asciutto,Asfaltata,Verticale,Sereno,Scarso,Buona,Ore Diurne,0,0,0,1,12.5396,41.9295,-1,1,Autoarticolato,In marcia / fermata / arresto,Conducente,M,Illeso,0,,Non accertato,,
3943064,6,03/08/2018 10:40:00,Strada Urbana,VIA GABRIO SERBELLONI,all'intersezione con,VIA GALEAZZO ALESSI,VIA GALEAZZO ALESSI,,,Scontro frontale/laterale SX fra veicoli in marcia,Incrocio,Una carreggiata a senso unico di marcia,Asciutto,Asfaltata,Verticale ed orizzontale,Sereno,Normale,Buona,Ore Diurne,0,0,0,2,12.5411,41.8793,-1,1,Autovettura privata,In marcia / fermata / arresto,Conducente,F,Illeso,0,,Non accertato,Inesploso,
3943064,6,03/08/2018 10:40:00,Strada Urbana,VIA GABRIO SERBELLONI,all'intersezione con,VIA GALEAZZO ALESSI,VIA GALEAZZO ALESSI,,,Scontro frontale/laterale SX fra veicoli in marcia,Incrocio,Una carreggiata a senso unico di marcia,Asciutto,Asfaltata,Verticale ed orizzontale,Sereno,Normale,Buona,Ore Diurne,0,0,0,2,12.5411,41.8793,-1,2,Autovettura privata,In marcia / fermata / arresto,Conducente,F,Illeso,0,,Non accertato,Inesploso,
3943079,3,01/08/2018 09:45:00,Strada Urbana,VIA NOMENTANA,in corrispondenza,,del civico n.,129/B,,Scontro laterale fra veicoli in marcia,Rettilineo,Pi� di due carreggiate,Asciutto,Asfaltata,Verticale ed orizzontale,Sereno,Normale,Buona,Ore Diurne,1,0,0,2,12.5046,41.9118,-1,1,Autovettura privata,In marcia / fermata / arresto,Conducente,F,Illeso,0,,Non accertato,,
3943079,3,01/08/2018 09:45:00,Strada Urbana,VIA NOMENTANA,in corrispondenza,,del civico n.,129/B,,Scontro laterale fra veicoli in marcia,Rettilineo,Pi� di due carreggiate,Asciutto,Asfaltata,Verticale ed orizzontale,Sereno,Normale,Buona,Ore Diurne,1,0,0,2,12.5046,41.9118,-1,2,Ciclomotore,In marcia / fermata / arresto,Conducente,F,Rifiuta cure immediate,0,NON DECEDUTO,Non accertato,,
3943079,3,01/08/2018 09:45:00,Strada Urbana,VIA NOMENTANA,in corrispondenza,,del civico n.,129/B,,Scontro laterale fra veicoli in marcia,Rettilineo,Pi� di due carreggiate,Asciutto,Asfaltata,Verticale ed orizzontale,Sereno,Normale,Buona,Ore Diurne,1,0,0,2,12.5046,41.9118,-1,3,Autovettura privata,In marcia / fermata / arresto,Conducente,F,Illeso,0,,Non accertato,,
3943082,3,02/08/2018 00:05:00,Strada Urbana,VIA CARLO FEA,all'intersezione con,VIA GIUSEPPE MARCHI,VIA GIUSEPPE MARCHI,,,Scontro frontale/laterale DX fra veicoli in marcia,Intersezione stradale segnalata,Due carreggiate,Asciutto,Asfaltata,Verticale,Sereno,Normale,Sufficiente,Sufficiente,2,0,0,2,12.5184,41.919,-1,1,Autovettura privata,In marcia / fermata / arresto,Conducente,M,Illeso,0,,Non accertato,Inesploso,
3943082,3,02/08/2018 00:05:00,Strada Urbana,VIA CARLO FEA,all'intersezione con,VIA GIUSEPPE MARCHI,VIA GIUSEPPE MARCHI,,,Scontro frontale/laterale DX fra veicoli in marcia,Intersezione stradale segnalata,Due carreggiate,Asciutto,Asfaltata,Verticale,Sereno,Normale,Sufficiente,Sufficiente,2,0,0,2,12.5184,41.919,-1,1,Autovettura privata,In marcia / fermata / arresto,Passeggero,F,Illeso,0,,Non accertato,Inesploso,
3943082,3,02/08/2018 00:05:00,Strada Urbana,VIA CARLO FEA,all'intersezione con,VIA GIUSEPPE MARCHI,VIA GIUSEPPE MARCHI,,,Scontro frontale/laterale DX fra veicoli in marcia,Intersezione stradale segnalata,Due carreggiate,Asciutto,Asfaltata,Verticale,Sereno,Normale,Sufficiente,Sufficiente,2,0,0,2,12.5184,41.919,-1,2,Motociclo a solo,In marcia / fermata / arresto,Conducente,M,Rimandato,0,NON DECEDUTO,Non accertato,,
3943082,3,02/08/2018 00:05:00,Strada Urbana,VIA CARLO FEA,all'intersezione con,VIA GIUSEPPE MARCHI,VIA GIUSEPPE MARCHI,,,Scontro frontale/laterale DX fra veicoli in marcia,Intersezione stradale segnalata,Due carreggiate,Asciutto,Asfaltata,Verticale,Sereno,Normale,Sufficiente,Sufficiente,2,0,0,2,12.5184,41.919,-1,2,Motociclo a solo,In marcia / fermata / arresto,Passeggero,F,Rimandato,0,NON DECEDUTO,Non accertato,,
3943087,2,02/08/2018 10:15:00,Strada Urbana,VIALE ETIOPIA,in prossimit�,,del civico n.,3,,Scontro laterale fra veicoli in marcia,Rettilineo,Una carreggiata a doppio senso,Asciutto,Asfaltata,Orizzontale,Sereno,Normale,Buona,Ore Diurne,1,0,0,1,12.5256,41.9299,-1,1,Autovettura privata,In marcia / fermata / arresto,Conducente,M,Illeso,0,,Non accertato,Inesploso,
3943087,2,02/08/2018 10:15:00,Strada Urbana,VIALE ETIOPIA,in prossimit�,,del civico n.,3,,Scontro laterale fra veicoli in marcia,Rettilineo,Una carreggiata a doppio senso,Asciutto,Asfaltata,Orizzontale,Sereno,Normale,Buona,Ore Diurne,1,0,0,1,12.5256,41.9299,-1,2,Motociclo a solo,In marcia / fermata / arresto,Conducente,M,Rimandato,0,NON DECEDUTO,Non accertato,,
3943089,2,03/08/2018 04:40:00,Strada Urbana,VIA ANTONIO BERTOLONI,in prossimit�,,del civico n.,3f,,Tamponamento,Rettilineo,Una carreggiata a doppio senso,Asciutto,Asfaltata,Verticale ed orizzontale,Sereno,Intenso,Sufficiente,Sufficiente,0,0,0,2,12.4906,41.9221,-1,1,Autovettura privata,In marcia / fermata / arresto,Conducente,M,Illeso,0,,,,
3943089,2,03/08/2018 04:40:00,Strada Urbana,VIA ANTONIO BERTOLONI,in prossimit�,,del civico n.,3f,,Tamponamento,Rettilineo,Una carreggiata a doppio senso,Asciutto,Asfaltata,Verticale ed orizzontale,Sereno,Intenso,Sufficiente,Sufficiente,0,0,0,2,12.4906,41.9221,-1,2,Autovettura privata,In marcia / fermata / arresto,Conducente,M,Illeso,0,,,,
3943091,1,03/08/2018 08:05:00,Strada Urbana,VIA LABICANA,all'intersezione semaforizzata con,VIA MERULANA,VIA MERULANA,,,Scontro laterale fra veicoli in marcia,Intersezione semaforizzata,Pi� di due carreggiate,Asciutto,Asfaltata,Verticale ed orizzontale,Sereno,Normale,Buona,Ore Diurne,2,0,0,0,12.5034,41.8895,-1,1,Motociclo a solo,In marcia / fermata / arresto,Conducente,M,Rimandato,0,NON DECEDUTO,Non accertato,,
3943091,1,03/08/2018 08:05:00,Strada Urbana,VIA LABICANA,all'intersezione semaforizzata con,VIA MERULANA,VIA MERULANA,,,Scontro laterale fra veicoli in marcia,Intersezione semaforizzata,Pi� di due carreggiate,Asciutto,Asfaltata,Verticale ed orizzontale,Sereno,Normale,Buona,Ore Diurne,2,0,0,0,12.5034,41.8895,-1,2,Motociclo a solo,In marcia / fermata / arresto,Conducente,M,Rifiuta cure immediate,0,NON DECEDUTO,Non accertato,,
3943130,3,02/08/2018 09:28:00,Strada Urbana,LARGO SETTIMIO PASSAMONTI,da specificare,,,,svincolo uscita T.E. direzione Via del Verano,Scontro laterale fra veicoli in marcia,Rettilineo,Una carreggiata a senso unico di marcia,Asciutto,Asfaltata,Verticale ed orizzontale,Sereno,Intenso,Buona,Ore Diurne,0,0,0,2,12.5215,41.8972,-1,1,Autobus turistico,In marcia / fermata / arresto,Conducente,M,Illeso,0,,Non accertato,,
3943130,3,02/08/2018 09:28:00,Strada Urbana,LARGO SETTIMIO PASSAMONTI,da specificare,,,,svincolo uscita T.E. direzione Via del Verano,Scontro laterale fra veicoli in marcia,Rettilineo,Una carreggiata a senso unico di marcia,Asciutto,Asfaltata,Verticale ed orizzontale,Sereno,Intenso,Buona,Ore Diurne,0,0,0,2,12.5215,41.8972,-1,2,Autovettura privata,In marcia / fermata / arresto,Conducente,M,Illeso,0,,Non accertato,,
3943145,7,02/08/2018 22:30:00,Strada Urbana,VIA MONSELICE,da specificare,,,,f.c. 3,Scontro frontale/laterale SX fra veicoli in marcia,Rettilineo,Una carreggiata a doppio senso,Asciutto,Asfaltata,Verticale ed orizzontale,Sereno,Scarso,Buona,Sufficiente,0,0,0,4,12.5221,41.8798,-1,1,Autovettura privata,In marcia / fermata / arresto,Conducente,M,Illeso,0,,Non accertato,Inesploso,
3943145,7,02/08/2018 22:30:00,Strada Urbana,VIA MONSELICE,da specificare,,,,f.c. 3,Scontro frontale/laterale SX fra veicoli in marcia,Rettilineo,Una carreggiata a doppio senso,Asciutto,Asfaltata,Verticale ed orizzontale,Sereno,Scarso,Buona,Sufficiente,0,0,0,4,12.5221,41.8798,-1,1,Autovettura privata,In marcia / fermata / arresto,Passeggero,F,Illeso,0,,Non accertato,Inesploso,
3943145,7,02/08/2018 22:30:00,Strada Urbana,VIA MONSELICE,da specificare,,,,f.c. 3,Scontro frontale/laterale SX fra veicoli in marcia,Rettilineo,Una carreggiata a doppio senso,Asciutto,Asfaltata,Verticale ed orizzontale,Sereno,Scarso,Buona,Sufficiente,0,0,0,4,12.5221,41.8798,-1,1,Autovettura privata,In marcia / fermata / arresto,Passeggero,F,Illeso,0,,Non accertato,Inesploso,
3943145,7,02/08/2018 22:30:00,Strada Urbana,VIA MONSELICE,da specificare,,,,f.c. 3,Scontro frontale/laterale SX fra veicoli in marcia,Rettilineo,Una carreggiata a doppio senso,Asciutto,Asfaltata,Verticale ed orizzontale,Sereno,Scarso,Buona,Sufficiente,0,0,0,4,12.5221,41.8798,-1,2,Autovettura privata,In marcia / fermata / arresto,Conducente,F,Illeso,0,,Non accertato,Inesploso,
3943163,12,03/08/2018 10:10:00,Strada Urbana,VIA CRISTOFORO COLOMBO,da specificare,,,,dir. GRA rampa discesa su V. del Pattinaggio,Scontro laterale fra veicoli in marcia,Rettilineo,Una carreggiata a senso unico di marcia,Asciutto,Asfaltata,Orizzontale,Sereno,Intenso,Buona,Ore Diurne,0,0,0,3,12.4736,41.8412,-1,1,Autovettura privata,In marcia / fermata / arresto,Conducente,M,Illeso,0,,Non accertato,Inesploso,
3943163,12,03/08/2018 10:10:00,Strada Urbana,VIA CRISTOFORO COLOMBO,da specificare,,,,dir. GRA rampa discesa su V. del Pattinaggio,Scontro laterale fra veicoli in marcia,Rettilineo,Una carreggiata a senso unico di marcia,Asciutto,Asfaltata,Orizzontale,Sereno,Intenso,Buona,Ore Diurne,0,0,0,3,12.4736,41.8412,-1,1,Autovettura privata,In marcia / fermata / arresto,Passeggero,M,Illeso,0,,Non accertato,Inesploso,
3943163,12,03/08/2018 10:10:00,Strada Urbana,VIA CRISTOFORO COLOMBO,da specificare,,,,dir. GRA rampa discesa su V. del Pattinaggio,Scontro laterale fra veicoli in marcia,Rettilineo,Una carreggiata a senso unico di marcia,Asciutto,Asfaltata,Orizzontale,Sereno,Intenso,Buona,Ore Diurne,0,0,0,3,12.4736,41.8412,-1,2,Autovettura privata,In marcia / fermata / arresto,Conducente,M,Illeso,0,,Utilizzato,Inesploso,
3943165,1,02/08/2018 16:00:00,Strada Urbana,VIA FILIPPO TURATI,all'intersezione con,VIA ALFREDO CAPPELLINI,VIA ALFREDO CAPPELLINI,,,Scontro frontale fra veicoli in marcia,Incrocio,Una carreggiata a senso unico di marcia,Asciutto,Asfaltata,Verticale ed orizzontale,Sereno,Normale,Buona,Ore Diurne,0,0,0,2,,,0,1,Autovettura privata,In marcia / fermata / arresto,Conducente,M,Illeso,0,,,,
3943165,1,02/08/2018 16:00:00,Strada Urbana,VIA FILIPPO TURATI,all'intersezione con,VIA ALFREDO CAPPELLINI,VIA ALFREDO CAPPELLINI,,,Scontro frontale fra veicoli in marcia,Incrocio,Una carreggiata a senso unico di marcia,Asciutto,Asfaltata,Verticale ed orizzontale,Sereno,Normale,Buona,Ore Diurne,0,0,0,2,,,0,2,Motociclo a solo,In marcia / fermata / arresto,Conducente,M,Illeso,0,,,,
3943352,12,02/08/2018 17:40:00,Strada Urbana,VIALE VINCENZO MARRONARO,in corrispondenza,,del palo luce n.,8,,Investimento di pedone,Rettilineo,Una carreggiata a doppio senso,Asciutto,Asfaltata,Verticale ed orizzontale,Sereno,Normale,Buona,Ore Diurne,1,0,0,1,12.4546,41.7958,-1,,,,Pedone,M,Rimandato,0,NON DECEDUTO,,,
3943352,12,02/08/2018 17:40:00,Strada Urbana,VIALE VINCENZO MARRONARO,in corrispondenza,,del palo luce n.,8,,Investimento di pedone,Rettilineo,Una carreggiata a doppio senso,Asciutto,Asfaltata,Verticale ed orizzontale,Sereno,Normale,Buona,Ore Diurne,1,0,0,1,12.4546,41.7958,-1,1,Autobus turistico,In marcia / fermata / arresto,Conducente,M,Illeso,0,,,,
3943381,18,03/08/2018 11:40:00,Strada Urbana,VIA DI CASAL DEL MARMO,in prossimit�,,del civico n.,786,,Scontro frontale/laterale SX fra veicoli in marcia,Rettilineo,Una carreggiata a doppio senso,Asciutto,Asfaltata,Verticale ed orizzontale,Sereno,Normale,Buona,Ore Diurne,1,0,0,2,12.3843,41.9155,-1,1,Autovettura privata,In marcia / fermata / arresto,Conducente,M,Illeso,0,,,,
3943381,18,03/08/2018 11:40:00,Strada Urbana,VIA DI CASAL DEL MARMO,in prossimit�,,del civico n.,786,,Scontro frontale/laterale SX fra veicoli in marcia,Rettilineo,Una carreggiata a doppio senso,Asciutto,Asfaltata,Verticale ed orizzontale,Sereno,Normale,Buona,Ore Diurne,1,0,0,2,12.3843,41.9155,-1,2,Autovettura privata,In marcia / fermata / arresto,Conducente,F,Rimandato,0,NON DECEDUTO,Utilizzato,,
3943381,18,03/08/2018 11:40:00,Strada Urbana,VIA DI CASAL DEL MARMO,in prossimit�,,del civico n.,786,,Scontro frontale/laterale SX fra veicoli in marcia,Rettilineo,Una carreggiata a doppio senso,Asciutto,Asfaltata,Verticale ed orizzontale,Sereno,Normale,Buona,Ore Diurne,1,0,0,2,12.3843,41.9155,-1,2,Autovettura privata,In marcia / fermata / arresto,Passeggero,M,Illeso,0,,,,
3943411,18,03/08/2018 10:15:00,Strada Urbana,CIRCONVALLAZIONE AURELIA,in corrispondenza,,del civico n.,1,,Scontro frontale fra veicoli in marcia,Rettilineo,Pi� di due carreggiate,Asciutto,Asfaltata,Verticale ed orizzontale,Nuvoloso,Intenso,Buona,Ore Diurne,0,0,0,2,12.4281,41.8982,-1,1,Motociclo a solo,In marcia / fermata / arresto,Conducente,M,Illeso,0,,,,