Protocollo,Gruppo,DataOraIncidente,Localizzazione1,STRADA1,Localizzazione2,STRADA2,Strada02,Chilometrica,DaSpecificare,NaturaIncidente,particolaritastrade,TipoStrada,FondoStradale,Pavimentazione,Segnaletica,CondizioneAtmosferica,Traffico,Visibilita,Illuminazione,NUM_FERITI,NUM_RISERVATA,NUM_MORTI,NUM_ILLESI,Longitudine,Latitudine,Confermato,Progressivo,TipoVeicolo,StatoVeicolo,TipoPersona,Sesso,Tipolesione,Deceduto,DecedutoDopo,CinturaCascoUtilizzato,Airbag,
3943411,18,03/08/2018 10:15:00,Strada Urbana,CIRCONVALLAZIONE AURELIA,in corrispondenza,,del civico n.,1,,Scontro frontale fra veicoli in marcia,Rettilineo,Pi� di due carreggiate,Asciutto,Asfaltata,Verticale ed orizzontale,Nuvoloso,Intenso,Buona,Ore Diurne,0,0,0,2,12.4281,41.8982,-1,2,Autovettura privata,In marcia / fermata / arresto,Conducente,M,Illeso,0,,,,
3943431,6,03/08/2018 13:40:00,Statale entro l'abitato,VIA CASILINA,in prossimit�,,del civico n.,211,,Veicolo in marcia contro ostacolo accidentale,Rettilineo,Una carreggiata a senso unico di marcia,Asciutto,Asfaltata,Temporanea di cantiere,Sereno,Intenso,Buona,Ore Diurne,0,0,0,1,12.5265,41.887,-1,1,Autovettura privata,In marcia / fermata / arresto,Conducente,M,Illeso,0,,Non accertato,Inesploso,
3943464,5,03/08/2018 10:40:00,,VIALE FERNANDO SANTI,all'intersezione con,VIA DI GROTTA DI GREGNA,VIA DI GROTTA DI GREGNA,,,Tamponamento,,,,,,,,,,0,0,0,2,12.5654,41.9123,0,1,Autovettura privata,In marcia / fermata / arresto,Conducente,F,Illeso,0,,,,
3943464,5,03/08/2018 10:40:00,,VIALE FERNANDO SANTI,all'intersezione con,VIA DI GROTTA DI GREGNA,VIA DI GROTTA DI GREGNA,,,Tamponamento,,,,,,,,,,0,0,0,2,12.5654,41.9123,0,2,Autovettura privata,In marcia / fermata / arresto,Conducente,F,Illeso,0,,,,
3943470,5,03/08/2018 11:05:00,Strada Urbana,VIA TIBURTINA,in prossimit�,,del civico n.,507,,Scontro laterale fra veicoli in marcia,Rettilineo,Due carreggiate,Asciutto,Asfaltata,Verticale ed orizzontale,Sereno,Normale,Buona,Ore Diurne,1,0,0,3,12.5404,41.9087,0,1,Motociclo con passeggero,In marcia / fermata / arresto,Conducente,M,Illeso,0,,Non accertato,,
3943470,5,03/08/2018 11:05:00,Strada Urbana,VIA TIBURTINA,in prossimit�,,del civico n.,507,,Scontro laterale fra veicoli in marcia,Rettilineo,Due carreggiate,Asciutto,Asfaltata,Verticale ed orizzontale,Sereno,Normale,Buona,Ore Diurne,1,0,0,3,12.5404,41.9087,0,1,Motociclo con passeggero,In marcia / fermata / arresto,Passeggero,F,Rimandato,0,NON DECEDUTO,Non accertato,,
3943470,5,03/08/2018 11:05:00,Strada Urbana,VIA TIBURTINA,in prossimit�,,del civico n.,507,,Scontro laterale fra veicoli in marcia,Rettilineo,Due carreggiate,Asciutto,Asfaltata,Verticale ed orizzontale,Sereno,Normale,Buona,Ore Diurne,1,0,0,3,12.5404,41.9087,0,2,Autovettura privata,In marcia / fermata / arresto,Conducente,M,Illeso,0,,Non accertato,,
3943470,5,03/08/2018 11:05:00,Strada Urbana,VIA TIBURTINA,in prossimit�,,del civico n.,507,,Scontro laterale fra veicoli in marcia,Rettilineo,Due carreggiate,Asciutto,Asfaltata,Verticale ed orizzontale,Sereno,Normale,Buona,Ore Diurne,1,0,0,3,12.5404,41.9087,0,2,Autovettura privata,In marcia / fermata / arresto,Passeggero,F,Illeso,0,,Non accertato,,
3943475,5,03/08/2018 11:10:00,Strada Urbana,VIA FILIPPO MEDA,all'intersezione con,VIA ACHILLE BENEDETTI,VIA ACHILLE BENEDETTI,,,Scontro frontale/laterale DX fra veicoli in marcia,Incrocio,Una carreggiata a doppio senso,Asciutto,Asfaltata,Verticale ed orizzontale,Sereno,Normale,Buona,Ore Diurne,1,0,0,2,12.5435,41.9132,-1,1,Autocarro inferiore 35 q.,In marcia / fermata / arresto,Conducente,M,Illeso,0,,Non accertato,Inesploso,
3943475,5,03/08/2018 11:10:00,Strada Urbana,VIA FILIPPO MEDA,all'intersezione con,VIA ACHILLE BENEDETTI,VIA ACHILLE BENEDETTI,,,Scontro frontale/laterale DX fra veicoli in marcia,Incrocio,Una carreggiata a doppio senso,Asciutto,Asfaltata,Verticale ed orizzontale,Sereno,Normale,Buona,Ore Diurne,1,0,0,2,12.5435,41.9132,-1,1,Autocarro inferiore 35 q.,In marcia / fermata / arresto,Passeggero,M,Illeso,0,,Non accertato,Inesploso,
3943475,5,03/08/2018 11:10:00,Strada Urbana,VIA FILIPPO MEDA,all'intersezione con,VIA ACHILLE BENEDETTI,VIA ACHILLE BENEDETTI,,,Scontro frontale/laterale DX fra veicoli in marcia,Incrocio,Una carreggiata a doppio senso,Asciutto,Asfaltata,Verticale ed orizzontale,Sereno,Normale,Buona,Ore Diurne,1,0,0,2,12.5435,41.9132,-1,2,Autovettura privata,In marcia / fermata / arresto,Conducente,M,Rimandato,0,NON DECEDUTO,Non accertato,Inesploso,
3943485,5,03/08/2018 12:50:00,Strada Urbana,VIA TIBURTINA,in prossimit�,,del civico n.,384,,Infortunio per sola frenata improvvisa,Rettilineo,Pi� di due carreggiate,Asciutto,Asfaltata,Verticale ed orizzontale,Sereno,Normale,Buona,Ore Diurne,1,0,0,0,12.5364,41.9082,-1,1,Motociclo a solo,In marcia / fermata / arresto,Conducente,M,Rimandato,0,NON DECEDUTO,Non accertato,,
3943494,5,03/08/2018 12:15:00,Strada Urbana,VIA RAFFAELE CALZINI,in corrispondenza,,del civico n.,4,,Veicolo in marcia contro veicolo fermo,Rettilineo,Una carreggiata a senso unico di marcia,Asciutto,Asfaltata,Verticale ed orizzontale,Sereno,Normale,Buona,Ore Diurne,0,0,0,2,12.5524,41.9077,-1,1,Autovettura privata,In marcia / fermata / arresto,Conducente,M,Illeso,0,,Non accertato,,
3943494,5,03/08/2018 12:15:00,Strada Urbana,VIA RAFFAELE CALZINI,in corrispondenza,,del civico n.,4,,Veicolo in marcia contro veicolo fermo,Rettilineo,Una carreggiata a senso unico di marcia,Asciutto,Asfaltata,Verticale ed orizzontale,Sereno,Normale,Buona,Ore Diurne,0,0,0,2,12.5524,41.9077,-1,2,Autovettura privata,In marcia / fermata / arresto,Conducente,M,Illeso,0,,Non accertato,,
3943498,18,03/08/2018 09:30:00,Strada Urbana,VIA DI BOCCEA,da specificare,,,,IN PROSSIMITA' DI VIA U. HOEPLI,Veicolo in marcia contro ostacolo accidentale,Rotatoria,Una carreggiata a senso unico di marcia,Asciutto,Asfaltata,Verticale ed orizzontale,Sereno,Normale,Buona,Ore Diurne,1,0,0,0,12.3847,41.9149,-1,1,Motociclo a solo,In marcia / fermata / arresto,Conducente,F,Rimandato,0,NON DECEDUTO,,,
3943520,9,03/08/2018 14:15:00,Strada Urbana,VIA NOLA,all'intersezione semaforizzata con,VIA LA SPEZIA,VIA LA SPEZIA,,,Scontro frontale/laterale SX fra veicoli in marcia,Incrocio,Una carreggiata a doppio senso,Asciutto,Asfaltata,Verticale ed orizzontale,Nuvoloso,Intenso,Buona,Ore Diurne,1,0,0,1,12.5148,41.8874,-1,1,Autovettura privata,In marcia / fermata / arresto,Conducente,M,Illeso,0,,Non accertato,Inesploso,
3943520,9,03/08/2018 14:15:00,Strada Urbana,VIA NOLA,all'intersezione semaforizzata con,VIA LA SPEZIA,VIA LA SPEZIA,,,Scontro frontale/laterale SX fra veicoli in marcia,Incrocio,Una carreggiata a doppio senso,Asciutto,Asfaltata,Verticale ed orizzontale,Nuvoloso,Intenso,Buona,Ore Diurne,1,0,0,1,12.5148,41.8874,-1,2,Ciclomotore,In marcia / fermata / arresto,Conducente,M,Rimandato,0,NON DECEDUTO,Non accertato,,
3943564,13,03/08/2018 06:50:00,Strada Urbana,LUNGOMARE DUILIO,all'intersezione con,VIA DELLA BUSSOLA,VIA DELLA BUSSOLA,,,Tamponamento,Incrocio,Due carreggiate,Asciutto,Asfaltata,Assente,Sereno,Scarso,Buona,Ore Diurne,0,0,0,3,12.2988,41.721,-1,1,Autovettura privata,In marcia / fermata / arresto,Conducente,M,Illeso,0,,Non accertato,Inesploso,
3943564,13,03/08/2018 06:50:00,Strada Urbana,LUNGOMARE DUILIO,all'intersezione con,VIA DELLA BUSSOLA,VIA DELLA BUSSOLA,,,Tamponamento,Incrocio,Due carreggiate,Asciutto,Asfaltata,Assente,Sereno,Scarso,Buona,Ore Diurne,0,0,0,3,12.2988,41.721,-1,1,Autovettura privata,In marcia / fermata / arresto,Passeggero,M,Illeso,0,,,,
3943564,13,03/08/2018 06:50:00,Strada Urbana,LUNGOMARE DUILIO,all'intersezione con,VIA DELLA BUSSOLA,VIA DELLA BUSSOLA,,,Tamponamento,Incrocio,Due carreggiate,Asciutto,Asfaltata,Assente,Sereno,Scarso,Buona,Ore Diurne,0,0,0,3,12.2988,41.721,-1,2,Motociclo a solo,In marcia / fermata / arresto,Conducente,M,Illeso,0,,Non accertato,,
3943588,13,03/08/2018 08:25:00,Strada Urbana,VIA OSTIENSE,all'intersezione con,VIA ALBI,VIA ALBI,,,Scontro frontale/laterale SX fra veicoli in marcia,Incrocio,Una carreggiata a doppio senso,Asciutto,Asfaltata,Verticale,Sereno,Intenso,Buona,Ore Diurne,2,0,0,2,12.4229,41.8109,-1,1,Autovettura privata,In marcia / fermata / arresto,Conducente,M,Illeso,0,,Non accertato,Inesploso,
3943588,13,03/08/2018 08:25:00,Strada Urbana,VIA OSTIENSE,all'intersezione con,VIA ALBI,VIA ALBI,,,Scontro frontale/laterale SX fra veicoli in marcia,Incrocio,Una carreggiata a doppio senso,Asciutto,Asfaltata,Verticale,Sereno,Intenso,Buona,Ore Diurne,2,0,0,2,12.4229,41.8109,-1,1,Autovettura privata,In marcia / fermata / arresto,Passeggero,M,Illeso,0,,Non accertato,Inesploso,
3943588,13,03/08/2018 08:25:00,Strada Urbana,VIA OSTIENSE,all'intersezione con,VIA ALBI,VIA ALBI,,,Scontro frontale/laterale SX fra veicoli in marcia,Incrocio,Una carreggiata a doppio senso,Asciutto,Asfaltata,Verticale,Sereno,Intenso,Buona,Ore Diurne,2,0,0,2,12.4229,41.8109,-1,2,Motociclo a solo,In marcia / fermata / arresto,Conducente,M,Rimandato,0,NON DECEDUTO,Non accertato,,
3943588,13,03/08/2018 08:25:00,Strada Urbana,VIA OSTIENSE,all'intersezione con,VIA ALBI,VIA ALBI,,,Scontro frontale/laterale SX fra veicoli in marcia,Incrocio,Una carreggiata a doppio senso,Asciutto,Asfaltata,Verticale,Sereno,Intenso,Buona,Ore Diurne,2,0,0,2,12.4229,41.8109,-1,2,Motociclo a solo,In marcia / fermata / arresto,Passeggero,F,Rimandato,0,NON DECEDUTO,Non accertato,,
3943592,13,03/08/2018 12:20:00,Strada Urbana,VIALE DEI ROMAGNOLI,all'intersezione con,VIA DI DRAGONCELLO,VIA DI DRAGONCELLO,,,Scontro frontale/laterale DX fra veicoli in marcia,Intersezione stradale segnalata,Una carreggiata a doppio senso,Asciutto,Asfaltata,Verticale ed orizzontale,Sereno,Normale,Buona,Ore Diurne,3,0,0,2,12.3501,41.7795,-1,1,Autovettura privata,In marcia / fermata / arresto,Conducente,F,Illeso,0,,Non accertato,Inesploso,
3943592,13,03/08/2018 12:20:00,Strada Urbana,VIALE DEI ROMAGNOLI,all'intersezione con,VIA DI DRAGONCELLO,VIA DI DRAGONCELLO,,,Scontro frontale/laterale DX fra veicoli in marcia,Intersezione stradale segnalata,Una carreggiata a doppio senso,Asciutto,Asfaltata,Verticale ed orizzontale,Sereno,Normale,Buona,Ore Diurne,3,0,0,2,12.3501,41.7795,-1,2,Autobus urbano,In marcia / fermata / arresto,Conducente,M,Illeso,0,,Non accertato,Inesploso,
3943592,13,03/08/2018 12:20:00,Strada Urbana,VIALE DEI ROMAGNOLI,all'intersezione con,VIA DI DRAGONCELLO,VIA DI DRAGONCELLO,,,Scontro frontale/laterale DX fra veicoli in marcia,Intersezione stradale segnalata,Una carreggiata a doppio senso,Asciutto,Asfaltata,Verticale ed orizzontale,Sereno,Normale,Buona,Ore Diurne,3,0,0,2,12.3501,41.7795,-1,2,Autobus urbano,In marcia / fermata / arresto,Passeggero,F,Rimandato,0,NON DECEDUTO,Non accertato,Inesploso,
3943592,13,03/08/2018 12:20:00,Strada Urbana,VIALE DEI ROMAGNOLI,all'intersezione con,VIA DI DRAGONCELLO,VIA DI DRAGONCELLO,,,Scontro frontale/laterale DX fra veicoli in marcia,Intersezione stradale segnalata,Una carreggiata a doppio senso,Asciutto,Asfaltata,Verticale ed orizzontale,Sereno,Normale,Buona,Ore Diurne,3,0,0,2,12.3501,41.7795,-1,2,Autobus urbano,In marcia / fermata / arresto,Passeggero,F,Rimandato,0,NON DECEDUTO,Non accertato,Inesploso,
3943592,13,03/08/2018 12:20:00,Strada Urbana,VIALE DEI ROMAGNOLI,all'intersezione con,VIA DI DRAGONCELLO,VIA DI DRAGONCELLO,,,Scontro frontale/laterale DX fra veicoli in marcia,Intersezione stradale segnalata,Una carreggiata a doppio senso,Asciutto,Asfaltata,Verticale ed orizzontale,Sereno,Normale,Buona,Ore Diurne,3,0,0,2,12.3501,41.7795,-1,2,Autobus urbano,In marcia / fermata / arresto,Passeggero,F,Rimandato,0,NON DECEDUTO,Non accertato,Inesploso,
3943624,16,02/08/2018 13:10:00,Strada Urbana,VIA BERNARDINO RAMAZZINI,da specificare,,,,in prossimit� L.go Volontari del Sangue,Veicolo in marcia contro veicolo in sosta,Rettilineo,Due carreggiate,Asciutto,Asfaltata,Orizzontale,Sereno,Normale,Buona,Ore Diurne,0,0,0,4,12.4505,41.8666,-1,1,Autovettura privata,In marcia / fermata / arresto,Conducente,M,Illeso,0,,,,
3943624,16,02/08/2018 13:10:00,Strada Urbana,VIA BERNARDINO RAMAZZINI,da specificare,,,,in prossimit� L.go Volontari del Sangue,Veicolo in marcia contro veicolo in sosta,Rettilineo,Due carreggiate,Asciutto,Asfaltata,Orizzontale,Sereno,Normale,Buona,Ore Diurne,0,0,0,4,12.4505,41.8666,-1,3,Autovettura privata,In marcia / fermata / arresto,Conducente,M,Illeso,0,,,,
3943624,16,02/08/2018 13:10:00,Strada Urbana,VIA BERNARDINO RAMAZZINI,da specificare,,,,in prossimit� L.go Volontari del Sangue,Veicolo in marcia contro veicolo in sosta,Rettilineo,Due carreggiate,Asciutto,Asfaltata,Orizzontale,Sereno,Normale,Buona,Ore Diurne,0,0,0,4,12.4505,41.8666,-1,3,Autovettura privata,In marcia / fermata / arresto,Passeggero,F,Illeso,0,,,,
3943624,16,02/08/2018 13:10:00,Strada Urbana,VIA BERNARDINO RAMAZZINI,da specificare,,,,in prossimit� L.go Volontari del Sangue,Veicolo in marcia contro veicolo in sosta,Rettilineo,Due carreggiate,Asciutto,Asfaltata,Orizzontale,Sereno,Normale,Buona,Ore Diurne,0,0,0,4,12.4505,41.8666,-1,3,Autovettura privata,In marcia / fermata / arresto,Passeggero,M,Illeso,0,,,,
3943647,16,02/08/2018 14:20:00,Strada Urbana,VIA ETTORE ROLLI,da specificare,,,,in prossimit� del fronte civico 11,Scontro frontale/laterale DX fra veicoli in marcia,Rettilineo,Una carreggiata a doppio senso,Asciutto,Asfaltata,Verticale ed orizzontale,Sereno,Normale,Sufficiente,Ore Diurne,1,0,0,1,12.4676,41.8743,-1,1,Autovettura privata,In marcia / fermata / arresto,Conducente,F,Illeso,0,,Non accertato,Inesploso,
3943647,16,02/08/2018 14:20:00,Strada Urbana,VIA ETTORE ROLLI,da specificare,,,,in prossimit� del fronte civico 11,Scontro frontale/laterale DX fra veicoli in marcia,Rettilineo,Una carreggiata a doppio senso,Asciutto,Asfaltata,Verticale ed orizzontale,Sereno,Normale,Sufficiente,Ore Diurne,1,0,0,1,12.4676,41.8743,-1,2,Motociclo a solo,In marcia / fermata / arresto,Conducente,M,Rimandato,0,NON DECEDUTO,Non accertato,,
3943672,5,03/08/2018 12:55:00,Strada Urbana,VIA PALOMBARENSE,da specificare,,,,sv.lo dir. Nomentana altezza palo ACEA n. 138,Infortunio per sola frenata improvvisa,Curva a visuale libera,Una carreggiata a senso unico di marcia,Viscido da liquidi oleosi,Asfaltata,Verticale ed orizzontale,Sereno,Normale,Buona,Ore Diurne,1,0,0,0,12.6146,41.9715,-1,1,Motociclo a solo,In marcia / fermata / arresto,Conducente,F,Rimandato,0,NON DECEDUTO,Non accertato,,
3943676,5,03/08/2018 16:15:00,Strada Urbana,VIA DEL FORTE TIBURTINO,da specificare,,,,altezza palo ACEA n. 6,Veicolo in marcia contro veicoli in sosta,Rettilineo,Una carreggiata a doppio senso,Asciutto,Asfaltata,Orizzontale,Sereno,Scarso,Buona,Ore Diurne,0,0,0,2,12.5577,41.9098,-1,1,Autovettura privata,In marcia / fermata / arresto,Conducente,F,Illeso,0,,Non accertato,,
3943676,5,03/08/2018 16:15:00,Strada Urbana,VIA DEL FORTE TIBURTINO,da specificare,,,,altezza palo ACEA n. 6,Veicolo in marcia contro veicoli in sosta,Rettilineo,Una carreggiata a doppio senso,Asciutto,Asfaltata,Orizzontale,Sereno,Scarso,Buona,Ore Diurne,0,0,0,2,12.5577,41.9098,-1,1,Autovettura privata,In marcia / fermata / arresto,Passeggero,F,Illeso,0,,Non accertato,,
3943957,13,03/08/2018 13:40:00,Strada Urbana,VIA DI PRATO CORNELIO,all'intersezione con,VIA CESARE MACCARI,VIA CESARE MACCARI,,,Scontro frontale/laterale DX fra veicoli in marcia,Incrocio,Una carreggiata a doppio senso,Asciutto,Asfaltata,Orizzontale,Sereno,Normale,Buona,Ore Diurne,1,0,0,1,12.3626,41.7738,-1,1,Autovettura privata,In marcia / fermata / arresto,Conducente,M,Rimandato,0,NON DECEDUTO,Non accertato,Inesploso,
3943957,13,03/08/2018 13:40:00,Strada Urbana,VIA DI PRATO CORNELIO,all'intersezione con,VIA CESARE MACCARI,VIA CESARE MACCARI,,,Scontro frontale/laterale DX fra veicoli in marcia,Incrocio,Una carreggiata a doppio senso,Asciutto,Asfaltata,Orizzontale,Sereno,Normale,Buona,Ore Diurne,1,0,0,1,12.3626,41.7738,-1,2,Autovettura privata,In marcia / fermata / arresto,Conducente,M,Illeso,0,,,,
3943958,20,03/08/2018 11:20:00,Strada Urbana,VIA DI VIGNA STELLUTI,in corrispondenza,,del civico n.,140,,Investimento di pedone,Rettilineo,Una carreggiata a doppio senso,Asciutto,Asfaltata,Verticale ed orizzontale,Sereno,Normale,Buona,Ore Diurne,0,0,0,3,12.4668,41.9473,-1,,,,Pedone,F,Illeso,0,,,,
3943958,20,03/08/2018 11:20:00,Strada Urbana,VIA DI VIGNA STELLUTI,in corrispondenza,,del civico n.,140,,Investimento di pedone,Rettilineo,Una carreggiata a doppio senso,Asciutto,Asfaltata,Verticale ed orizzontale,Sereno,Normale,Buona,Ore Diurne,0,0,0,3,12.4668,41.9473,-1,1,Autovettura privata,In marcia / fermata / arresto,Conducente,M,Illeso,0,,Non accertato,,
3943958,20,03/08/2018 11:20:00,Strada Urbana,VIA DI VIGNA STELLUTI,in corrispondenza,,del civico n.,140,,Investimento di pedone,Rettilineo,Una carreggiata a doppio senso,Asciutto,Asfaltata,Verticale ed orizzontale,Sereno,Normale,Buona,Ore Diurne,0,0,0,3,12.4668,41.9473,-1,1,Autovettura privata,In marcia / fermata / arresto,Passeggero,F,Illeso,0,,Non accertato,,
3943959,16,02/08/2018 19:00:00,Strada Urbana,VIALE DEI QUATTRO VENTI,in corrispondenza,,del civico n.,73/A,,Veicolo in marcia contro veicoli in sosta,Rettilineo,Una carreggiata a doppio senso,Asciutto,Asfaltata,Assente,Sereno,Normale,Buona,Ore Diurne,0,0,0,2,12.4589,41.8825,-1,1,Autovettura privata,In marcia / fermata / arresto,Conducente,M,Illeso,0,,Non accertato,Inesploso,
3943959,16,02/08/2018 19:00:00,Strada Urbana,VIALE DEI QUATTRO VENTI,in corrispondenza,,del civico n.,73/A,,Veicolo in marcia contro veicoli in sosta,Rettilineo,Una carreggiata a doppio senso,Asciutto,Asfaltata,Assente,Sereno,Normale,Buona,Ore Diurne,0,0,0,2,12.4589,41.8825,-1,1,Autovettura privata,In marcia / fermata / arresto,Passeggero,M,Illeso,0,,Non accertato,Inesploso,
3943966,8,03/08/2018 06:05:00,,VIA MODOLO,all'intersezione con,VIA BUSACHI,VIA BUSACHI,,,Scontro frontale/laterale SX fra veicoli in marcia,,,,,,,,,,0,0,0,3,,,0,1,Autocarro inferiore 35 q.,In marcia / fermata / arresto,Conducente,M,Illeso,0,,,,
3943966,8,03/08/2018 06:05:00,,VIA MODOLO,all'intersezione con,VIA BUSACHI,VIA BUSACHI,,,Scontro frontale/laterale SX fra veicoli in marcia,,,,,,,,,,0,0,0,3,,,0,2,Autovettura privata,In marcia / fermata / arresto,Conducente,F,Illeso,0,,,,
3943966,8,03/08/2018 06:05:00,,VIA MODOLO,all'intersezione con,VIA BUSACHI,VIA BUSACHI,,,Scontro frontale/laterale SX fra veicoli in marcia,,,,,,,,,,0,0,0,3,,,0,2,Autovettura privata,In marcia / fermata / arresto,Passeggero,F,Illeso,0,,,,
3943968,16,02/08/2018 19:15:00,Strada Urbana,VIA GIOVANNI BATTISTA CANOBI,all'intersezione con,VIA FERDINANDO VEROSPI,VIA FERDINANDO VEROSPI,,,Scontro frontale/laterale SX fra veicoli in marcia,Incrocio,Una carreggiata a senso unico di marcia,Asciutto,Asfaltata,Verticale ed orizzontale,Sereno,Normale,Buona,Ore Diurne,1,0,0,1,12.4483,41.8713,-1,1,Autovettura pubblica,In marcia / fermata / arresto,Conducente,M,Illeso,0,,Non accertato,Inesploso,
3943968,16,02/08/2018 19:15:00,Strada Urbana,VIA GIOVANNI BATTISTA CANOBI,all'intersezione con,VIA FERDINANDO VEROSPI,VIA FERDINANDO VEROSPI,,,Scontro frontale/laterale SX fra veicoli in marcia,Incrocio,Una carreggiata a senso unico di marcia,Asciutto,Asfaltata,Verticale ed orizzontale,Sereno,Normale,Buona,Ore Diurne,1,0,0,1,12.4483,41.8713,-1,2,Motociclo a solo,In marcia / fermata / arresto,Conducente,M,Rimandato,0,NON DECEDUTO,Non accertato,,
3943972,8,03/08/2018 15:00:00,Strada Urbana,VIA ACQUARONI,in prossimit�,,del civico n.,88,,Tamponamento,Rettilineo,Una carreggiata a doppio senso,Asciutto,Asfaltata,Verticale ed orizzontale,Nuvoloso,Normale,Buona,Ore Diurne,0,0,0,3,12.6445,41.8654,-1,1,Autovettura privata,In marcia / fermata / arresto,Conducente,M,Illeso,0,,Non accertato,Inesploso,
3943972,8,03/08/2018 15:00:00,Strada Urbana,VIA ACQUARONI,in prossimit�,,del civico n.,88,,Tamponamento,Rettilineo,Una carreggiata a doppio senso,Asciutto,Asfaltata,Verticale ed orizzontale,Nuvoloso,Normale,Buona,Ore Diurne,0,0,0,3,12.6445,41.8654,-1,1,Autovettura privata,In marcia / fermata / arresto,Passeggero,F,Illeso,0,,Non accertato,Inesploso,
3943972,8,03/08/2018 15:00:00,Strada Urbana,VIA ACQUARONI,in prossimit�,,del civico n.,88,,Tamponamento,Rettilineo,Una carreggiata a doppio senso,Asciutto,Asfaltata,Verticale ed orizzontale,Nuvoloso,Normale,Buona,Ore Diurne,0,0,0,3,12.6445,41.8654,-1,2,Autovettura privata,In marcia / fermata / arresto,Conducente,M,Illeso,0,,Non accertato,Inesploso,
3943979,8,03/08/2018 19:25:00,Strada Urbana,VIA DI TORRENOVA,in prossimit�,,del civico n.,8 C/D,,Scontro laterale fra veicoli in marcia,Rettilineo,Una carreggiata a senso unico di marcia,Asciutto,Asfaltata,Verticale ed orizzontale,Nuvoloso,Normale,Buona,Ore Diurne,0,0,0,4,12.6195,41.8634,-1,1,Autovettura privata,In marcia / fermata / arresto,Conducente,M,Illeso,0,,,,
3943979,8,03/08/2018 19:25:00,Strada Urbana,VIA DI TORRENOVA,in prossimit�,,del civico n.,8 C/D,,Scontro laterale fra veicoli in marcia,Rettilineo,Una carreggiata a senso unico di marcia,Asciutto,Asfaltata,Verticale ed orizzontale,Nuvoloso,Normale,Buona,Ore Diurne,0,0,0,4,12.6195,41.8634,-1,1,Autovettura privata,In marcia / fermata / arresto,Passeggero,M,Illeso,0,,,,
3943979,8,03/08/2018 19:25:00,Strada Urbana,VIA DI TORRENOVA,in prossimit�,,del civico n.,8 C/D,,Scontro laterale fra veicoli in marcia,Rettilineo,Una carreggiata a senso unico di marcia,Asciutto,Asfaltata,Verticale ed orizzontale,Nuvoloso,Normale,Buona,Ore Diurne,0,0,0,4,12.6195,41.8634,-1,1,Autovettura privata,In marcia / fermata / arresto,Passeggero,F,Illeso,0,,,,
3943979,8,03/08/2018 19:25:00,Strada Urbana,VIA DI TORRENOVA,in prossimit�,,del civico n.,8 C/D,,Scontro laterale fra veicoli in marcia,Rettilineo,Una carreggiata a senso unico di marcia,Asciutto,Asfaltata,Verticale ed orizzontale,Nuvoloso,Normale,Buona,Ore Diurne,0,0,0,4,12.6195,41.8634,-1,2,Autovettura privata,In marcia / fermata / arresto,Conducente,M,Illeso,0,,,,
3943980,16,03/08/2018 07:45:00,Strada Urbana,VIA BERNARDINO RAMAZZINI,in corrispondenza,,del civico n.,93,,Scontro frontale/laterale DX fra veicoli in marcia,Rettilineo,Una carreggiata a doppio senso,Asciutto,Asfaltata,Assente,Sereno,Normale,Buona,Ore Diurne,1,0,0,2,12.4509,41.8681,-1,1,Autovettura privata,In marcia / fermata / arresto,Conducente,F,Rifiuta cure immediate,0,NON DECEDUTO,Non accertato,Inesploso,
3943980,16,03/08/2018 07:45:00,Strada Urbana,VIA BERNARDINO RAMAZZINI,in corrispondenza,,del civico n.,93,,Scontro frontale/laterale DX fra veicoli in marcia,Rettilineo,Una carreggiata a doppio senso,Asciutto,Asfaltata,Assente,Sereno,Normale,Buona,Ore Diurne,1,0,0,2,12.4509,41.8681,-1,1,Autovettura privata,In marcia / fermata / arresto,Passeggero,F,Illeso,0,,Non accertato,Inesploso,
3943980,16,03/08/2018 07:45:00,Strada Urbana,VIA BERNARDINO RAMAZZINI,in corrispondenza,,del civico n.,93,,Scontro frontale/laterale DX fra veicoli in marcia,Rettilineo,Una carreggiata a doppio senso,Asciutto,Asfaltata,Assente,Sereno,Normale,Buona,Ore Diurne,1,0,0,2,12.4509,41.8681,-1,2,Autovettura pubblica,In marcia / fermata / arresto,Conducente,M,Illeso,0,,Non accertato,Inesploso,
3943981,8,03/08/2018 19:15:00,Strada Urbana,VIA GIORGIO GRAPPELLI,in prossimit�,,del palo luce n.,10,,Ribaltamento senza urto contro ostacolo fisso,Rettilineo,Una carreggiata a senso unico di marcia,Bagnato (pioggia),Asfaltata,Verticale ed orizzontale,Nuvoloso,Normale,Buona,Ore Diurne,1,0,0,0,12.6571,41.9118,-1,1,Autovettura privata,In marcia / fermata / arresto,Conducente,M,Rimandato,0,NON DECEDUTO,Non accertato,Inesploso,
3943987,8,03/08/2018 08:15:00,Strada Urbana,VIA DANIELE RANZONI,all'intersezione con,VIA NICCOLO' CANNICCI,VIA NICCOLO' CANNICCI,,,Scontro frontale/laterale SX fra veicoli in marcia,Intersezione non regolata/non segnalata,Una carreggiata a doppio senso,Asciutto,Asfaltata,Assente,Sereno,Normale,Buona,Ore Diurne,2,0,0,0,12.6616,41.8626,-1,1,Autovettura privata,In marcia / fermata / arresto,Conducente,M,Rimandato,0,NON DECEDUTO,Non accertato,Inesploso,