Protocollo,Gruppo,DataOraIncidente,Localizzazione1,STRADA1,Localizzazione2,STRADA2,Strada02,Chilometrica,DaSpecificare,NaturaIncidente,particolaritastrade,TipoStrada,FondoStradale,Pavimentazione,Segnaletica,CondizioneAtmosferica,Traffico,Visibilita,Illuminazione,NUM_FERITI,NUM_RISERVATA,NUM_MORTI,NUM_ILLESI,Longitudine,Latitudine,Confermato,Progressivo,TipoVeicolo,StatoVeicolo,TipoPersona,Sesso,Tipolesione,Deceduto,DecedutoDopo,CinturaCascoUtilizzato,Airbag,
3943987,8,03/08/2018 08:15:00,Strada Urbana,VIA DANIELE RANZONI,all'intersezione con,VIA NICCOLO' CANNICCI,VIA NICCOLO' CANNICCI,,,Scontro frontale/laterale SX fra veicoli in marcia,Intersezione non regolata/non segnalata,Una carreggiata a doppio senso,Asciutto,Asfaltata,Assente,Sereno,Normale,Buona,Ore Diurne,2,0,0,0,12.6616,41.8626,-1,2,Autovettura privata,In marcia / fermata / arresto,Conducente,M,Rifiuta cure immediate,0,NON DECEDUTO,Non accertato,Inesploso,
3943994,16,03/08/2018 11:45:00,,VIA ANTONIO TOSCANI,all'intersezione con,VIA FIORINO FIORINI,VIA FIORINO FIORINI,,,Veicolo in marcia contro ostacolo accidentale,,,,,,,,,,0,0,0,1,,,0,1,Autocarro inferiore 35 q.,In marcia / fermata / arresto,Conducente,M,Illeso,0,,,,
3944000,1,03/08/2018 17:15:00,Strada Urbana,VIA DELLA GRECA,in prossimit�,,del civico n.,5,,Veicolo in marcia contro veicoli in sosta,Rettilineo,Una carreggiata a senso unico di marcia,Asciutto,Asfaltata,Assente,Nebbia,Intenso,Buona,Sufficiente,0,0,0,1,12.482,41.8874,-1,1,Autovettura di polizia,In marcia / fermata / arresto,Conducente,F,Illeso,0,,,,
3944016,11,03/08/2018 10:55:00,Strada Urbana,VIA OSTIENSE,in corrispondenza,,del civico n.,71,,Scontro frontale/laterale SX fra veicoli in marcia,Rettilineo,Pi� di due carreggiate,Asciutto,Asfaltata,Verticale ed orizzontale,Sereno,Normale,Buona,Ore Diurne,3,0,0,5,12.4805,41.8727,-1,1,Autovettura privata,In marcia / fermata / arresto,Conducente,M,Illeso,0,,,,
3944016,11,03/08/2018 10:55:00,Strada Urbana,VIA OSTIENSE,in corrispondenza,,del civico n.,71,,Scontro frontale/laterale SX fra veicoli in marcia,Rettilineo,Pi� di due carreggiate,Asciutto,Asfaltata,Verticale ed orizzontale,Sereno,Normale,Buona,Ore Diurne,3,0,0,5,12.4805,41.8727,-1,1,Autovettura privata,In marcia / fermata / arresto,Passeggero,F,Illeso,0,,,,
3944016,11,03/08/2018 10:55:00,Strada Urbana,VIA OSTIENSE,in corrispondenza,,del civico n.,71,,Scontro frontale/laterale SX fra veicoli in marcia,Rettilineo,Pi� di due carreggiate,Asciutto,Asfaltata,Verticale ed orizzontale,Sereno,Normale,Buona,Ore Diurne,3,0,0,5,12.4805,41.8727,-1,1,Autovettura privata,In marcia / fermata / arresto,Passeggero,M,Illeso,0,,,,
3944016,11,03/08/2018 10:55:00,Strada Urbana,VIA OSTIENSE,in corrispondenza,,del civico n.,71,,Scontro frontale/laterale SX fra veicoli in marcia,Rettilineo,Pi� di due carreggiate,Asciutto,Asfaltata,Verticale ed orizzontale,Sereno,Normale,Buona,Ore Diurne,3,0,0,5,12.4805,41.8727,-1,1,Autovettura privata,In marcia / fermata / arresto,Passeggero,F,Illeso,0,,,,
3944016,11,03/08/2018 10:55:00,Strada Urbana,VIA OSTIENSE,in corrispondenza,,del civico n.,71,,Scontro frontale/laterale SX fra veicoli in marcia,Rettilineo,Pi� di due carreggiate,Asciutto,Asfaltata,Verticale ed orizzontale,Sereno,Normale,Buona,Ore Diurne,3,0,0,5,12.4805,41.8727,-1,1,Autovettura privata,In marcia / fermata / arresto,Passeggero,M,Illeso,0,,,,
3944016,11,03/08/2018 10:55:00,Strada Urbana,VIA OSTIENSE,in corrispondenza,,del civico n.,71,,Scontro frontale/laterale SX fra veicoli in marcia,Rettilineo,Pi� di due carreggiate,Asciutto,Asfaltata,Verticale ed orizzontale,Sereno,Normale,Buona,Ore Diurne,3,0,0,5,12.4805,41.8727,-1,2,Autoambulanza,In marcia / fermata / arresto,Conducente,M,Rimandato,0,NON DECEDUTO,,,
3944016,11,03/08/2018 10:55:00,Strada Urbana,VIA OSTIENSE,in corrispondenza,,del civico n.,71,,Scontro frontale/laterale SX fra veicoli in marcia,Rettilineo,Pi� di due carreggiate,Asciutto,Asfaltata,Verticale ed orizzontale,Sereno,Normale,Buona,Ore Diurne,3,0,0,5,12.4805,41.8727,-1,2,Autoambulanza,In marcia / fermata / arresto,Passeggero,M,Rimandato,0,NON DECEDUTO,,,
3944016,11,03/08/2018 10:55:00,Strada Urbana,VIA OSTIENSE,in corrispondenza,,del civico n.,71,,Scontro frontale/laterale SX fra veicoli in marcia,Rettilineo,Pi� di due carreggiate,Asciutto,Asfaltata,Verticale ed orizzontale,Sereno,Normale,Buona,Ore Diurne,3,0,0,5,12.4805,41.8727,-1,2,Autoambulanza,In marcia / fermata / arresto,Passeggero,M,Rimandato,0,NON DECEDUTO,,,
3944028,11,03/08/2018 19:00:00,Strada Urbana,LARGO MAESTRI DEL LAVORO,da specificare,,,,altezza via S.Sernesi,Scontro frontale fra veicoli in marcia,Rettilineo,Una carreggiata a doppio senso,Bagnato (pioggia),Asfaltata,Verticale ed orizzontale,Nuvoloso,Normale,Buona,Ore Diurne,1,0,0,1,12.4745,41.8493,0,1,Autovettura privata,In marcia / fermata / arresto,Conducente,M,Illeso,0,,Non accertato,,
3944028,11,03/08/2018 19:00:00,Strada Urbana,LARGO MAESTRI DEL LAVORO,da specificare,,,,altezza via S.Sernesi,Scontro frontale fra veicoli in marcia,Rettilineo,Una carreggiata a doppio senso,Bagnato (pioggia),Asfaltata,Verticale ed orizzontale,Nuvoloso,Normale,Buona,Ore Diurne,1,0,0,1,12.4745,41.8493,0,2,Ciclomotore,In marcia / fermata / arresto,Conducente,F,Rimandato,0,NON DECEDUTO,Non accertato,,
3944055,13,04/08/2018 01:00:00,Strada Urbana,VIA OSTIENSE,in corrispondenza,,del civico n.,1747,,Scontro laterale fra veicoli in marcia,Rettilineo,Una carreggiata a doppio senso,Asciutto,Asfaltata,Verticale ed orizzontale,Nuvoloso,Scarso,Buona,Sufficiente,0,0,0,2,12.3677,41.7861,-1,1,Autovettura privata,In marcia / fermata / arresto,Conducente,F,Illeso,0,,,,
3944055,13,04/08/2018 01:00:00,Strada Urbana,VIA OSTIENSE,in corrispondenza,,del civico n.,1747,,Scontro laterale fra veicoli in marcia,Rettilineo,Una carreggiata a doppio senso,Asciutto,Asfaltata,Verticale ed orizzontale,Nuvoloso,Scarso,Buona,Sufficiente,0,0,0,2,12.3677,41.7861,-1,2,Autovettura privata,In marcia / fermata / arresto,Conducente,M,Illeso,0,,Non accertato,Inesploso,
3944079,18,04/08/2018 06:30:00,Strada Urbana,CIRCONVALLAZIONE CORNELIA,all'intersezione semaforizzata con,PIAZZA DEI GIURECONSULTI,PIAZZA DEI GIURECONSULTI,,,Scontro laterale fra veicoli in marcia,Intersezione semaforizzata,Due carreggiate,Asciutto,Asfaltata,Verticale ed orizzontale,Sereno,Scarso,Buona,Ore Diurne,0,0,0,2,12.4258,41.902,-1,1,Autovettura privata,In marcia / fermata / arresto,Conducente,M,Illeso,0,,,,
3944079,18,04/08/2018 06:30:00,Strada Urbana,CIRCONVALLAZIONE CORNELIA,all'intersezione semaforizzata con,PIAZZA DEI GIURECONSULTI,PIAZZA DEI GIURECONSULTI,,,Scontro laterale fra veicoli in marcia,Intersezione semaforizzata,Due carreggiate,Asciutto,Asfaltata,Verticale ed orizzontale,Sereno,Scarso,Buona,Ore Diurne,0,0,0,2,12.4258,41.902,-1,2,Autovettura privata,In marcia / fermata / arresto,Conducente,F,Illeso,0,,,,
3944086,4,03/08/2018 07:20:00,Statale entro l'abitato,VIA SALARIA,da specificare,,,,prossimit� V. Grottazolina,Tamponamento Multiplo,Rettilineo,Due carreggiate,Asciutto,Asfaltata,Verticale ed orizzontale,Sereno,Normale,Buona,Ore Diurne,1,0,0,2,12.5116,41.9875,-1,1,Autovettura privata,In marcia / fermata / arresto,Conducente,M,Rifiuta cure immediate,0,NON DECEDUTO,,,
3944086,4,03/08/2018 07:20:00,Statale entro l'abitato,VIA SALARIA,da specificare,,,,prossimit� V. Grottazolina,Tamponamento Multiplo,Rettilineo,Due carreggiate,Asciutto,Asfaltata,Verticale ed orizzontale,Sereno,Normale,Buona,Ore Diurne,1,0,0,2,12.5116,41.9875,-1,2,Autovettura privata,In marcia / fermata / arresto,Conducente,M,Illeso,0,,,,
3944086,4,03/08/2018 07:20:00,Statale entro l'abitato,VIA SALARIA,da specificare,,,,prossimit� V. Grottazolina,Tamponamento Multiplo,Rettilineo,Due carreggiate,Asciutto,Asfaltata,Verticale ed orizzontale,Sereno,Normale,Buona,Ore Diurne,1,0,0,2,12.5116,41.9875,-1,3,Autovettura privata,In marcia / fermata / arresto,Conducente,M,Illeso,0,,,,
3944092,4,03/08/2018 07:00:00,Strada Urbana,PIAZZA GIUSEPPE PRIMOLI,all'intersezione con,VIA UGO OJETTI,VIA UGO OJETTI,,,Tamponamento Multiplo,Rotatoria,Due carreggiate,Asciutto,Asfaltata,Verticale ed orizzontale,Sereno,Scarso,Buona,Ore Diurne,1,0,0,5,12.5529,41.9452,-1,1,Autovettura privata,In marcia / fermata / arresto,Conducente,M,Illeso,0,,,,
3944092,4,03/08/2018 07:00:00,Strada Urbana,PIAZZA GIUSEPPE PRIMOLI,all'intersezione con,VIA UGO OJETTI,VIA UGO OJETTI,,,Tamponamento Multiplo,Rotatoria,Due carreggiate,Asciutto,Asfaltata,Verticale ed orizzontale,Sereno,Scarso,Buona,Ore Diurne,1,0,0,5,12.5529,41.9452,-1,1,Autovettura privata,In marcia / fermata / arresto,Passeggero,F,Illeso,0,,,,
3944092,4,03/08/2018 07:00:00,Strada Urbana,PIAZZA GIUSEPPE PRIMOLI,all'intersezione con,VIA UGO OJETTI,VIA UGO OJETTI,,,Tamponamento Multiplo,Rotatoria,Due carreggiate,Asciutto,Asfaltata,Verticale ed orizzontale,Sereno,Scarso,Buona,Ore Diurne,1,0,0,5,12.5529,41.9452,-1,1,Autovettura privata,In marcia / fermata / arresto,Passeggero,M,Rimandato,0,NON DECEDUTO,,,
3944092,4,03/08/2018 07:00:00,Strada Urbana,PIAZZA GIUSEPPE PRIMOLI,all'intersezione con,VIA UGO OJETTI,VIA UGO OJETTI,,,Tamponamento Multiplo,Rotatoria,Due carreggiate,Asciutto,Asfaltata,Verticale ed orizzontale,Sereno,Scarso,Buona,Ore Diurne,1,0,0,5,12.5529,41.9452,-1,1,Autovettura privata,In marcia / fermata / arresto,Passeggero,F,Illeso,0,,,,
3944092,4,03/08/2018 07:00:00,Strada Urbana,PIAZZA GIUSEPPE PRIMOLI,all'intersezione con,VIA UGO OJETTI,VIA UGO OJETTI,,,Tamponamento Multiplo,Rotatoria,Due carreggiate,Asciutto,Asfaltata,Verticale ed orizzontale,Sereno,Scarso,Buona,Ore Diurne,1,0,0,5,12.5529,41.9452,-1,2,Autovettura privata,In marcia / fermata / arresto,Conducente,M,Illeso,0,,,,
3944092,4,03/08/2018 07:00:00,Strada Urbana,PIAZZA GIUSEPPE PRIMOLI,all'intersezione con,VIA UGO OJETTI,VIA UGO OJETTI,,,Tamponamento Multiplo,Rotatoria,Due carreggiate,Asciutto,Asfaltata,Verticale ed orizzontale,Sereno,Scarso,Buona,Ore Diurne,1,0,0,5,12.5529,41.9452,-1,3,Autocarro inferiore 35 q.,In marcia / fermata / arresto,Conducente,M,Illeso,0,,,,
3944102,4,03/08/2018 08:10:00,Strada Urbana,VIA SALARIA,in corrispondenza,,del civico n.,1257,,Tamponamento,Rettilineo,Una carreggiata a senso unico di marcia,Asciutto,Asfaltata,Orizzontale,Sereno,Normale,Buona,Ore Diurne,0,0,0,3,12.5132,41.9932,-1,1,Autovettura privata,In marcia / fermata / arresto,Conducente,F,Illeso,0,,Non accertato,,
3944102,4,03/08/2018 08:10:00,Strada Urbana,VIA SALARIA,in corrispondenza,,del civico n.,1257,,Tamponamento,Rettilineo,Una carreggiata a senso unico di marcia,Asciutto,Asfaltata,Orizzontale,Sereno,Normale,Buona,Ore Diurne,0,0,0,3,12.5132,41.9932,-1,1,Autovettura privata,In marcia / fermata / arresto,Passeggero,M,Illeso,0,,Non accertato,,
3944102,4,03/08/2018 08:10:00,Strada Urbana,VIA SALARIA,in corrispondenza,,del civico n.,1257,,Tamponamento,Rettilineo,Una carreggiata a senso unico di marcia,Asciutto,Asfaltata,Orizzontale,Sereno,Normale,Buona,Ore Diurne,0,0,0,3,12.5132,41.9932,-1,2,Autovettura privata,In marcia / fermata / arresto,Conducente,F,Illeso,0,,Non accertato,,
3944128,4,03/08/2018 13:45:00,Statale,VIA SALARIA,all'intersezione con,AUTOSTRADA PER FIRENZE,AUTOSTRADA PER FIRENZE,,,Scontro laterale fra veicoli in marcia,Intersezione stradale segnalata,Due carreggiate,Asciutto,Asfaltata,Verticale ed orizzontale,Sereno,Normale,Buona,Ore Diurne,1,0,0,2,12.5116,41.9875,-1,1,Autocarro inferiore 35 q.,In marcia / fermata / arresto,Conducente,M,Illeso,0,,,,
3944128,4,03/08/2018 13:45:00,Statale,VIA SALARIA,all'intersezione con,AUTOSTRADA PER FIRENZE,AUTOSTRADA PER FIRENZE,,,Scontro laterale fra veicoli in marcia,Intersezione stradale segnalata,Due carreggiate,Asciutto,Asfaltata,Verticale ed orizzontale,Sereno,Normale,Buona,Ore Diurne,1,0,0,2,12.5116,41.9875,-1,1,Autocarro inferiore 35 q.,In marcia / fermata / arresto,Passeggero,F,Rifiuta cure immediate,0,NON DECEDUTO,,,
3944128,4,03/08/2018 13:45:00,Statale,VIA SALARIA,all'intersezione con,AUTOSTRADA PER FIRENZE,AUTOSTRADA PER FIRENZE,,,Scontro laterale fra veicoli in marcia,Intersezione stradale segnalata,Due carreggiate,Asciutto,Asfaltata,Verticale ed orizzontale,Sereno,Normale,Buona,Ore Diurne,1,0,0,2,12.5116,41.9875,-1,2,Autovettura privata,In marcia / fermata / arresto,Conducente,M,Illeso,0,,,,
3944139,4,03/08/2018 14:00:00,Provinciale,VIA NOMENTANA,in corrispondenza,,del civico n.,1551,,Veicolo in marcia contro ostacolo accidentale,Rettilineo,Una carreggiata a doppio senso,Asciutto,Asfaltata,Verticale,Nuvoloso,Normale,Buona,Ore Diurne,0,0,0,1,12.6045,41.9687,-1,1,Autovettura privata,In marcia / fermata / arresto,Conducente,F,Illeso,0,,Non accertato,,
3944150,4,03/08/2018 18:00:00,Strada Urbana,PIAZZA GIUSEPPE PRIMOLI,all'intersezione con,VIA UGO OJETTI,VIA UGO OJETTI,,,Scontro laterale fra veicoli in marcia,Intersezione semaforizzata,Due carreggiate,Bagnato (pioggia),Asfaltata,Verticale ed orizzontale,Pioggia in atto,Normale,Buona,Ore Diurne,0,0,0,3,12.5529,41.9452,-1,1,Autovettura privata,In marcia / fermata / arresto,Conducente,M,Illeso,0,,Non accertato,,
3944150,4,03/08/2018 18:00:00,Strada Urbana,PIAZZA GIUSEPPE PRIMOLI,all'intersezione con,VIA UGO OJETTI,VIA UGO OJETTI,,,Scontro laterale fra veicoli in marcia,Intersezione semaforizzata,Due carreggiate,Bagnato (pioggia),Asfaltata,Verticale ed orizzontale,Pioggia in atto,Normale,Buona,Ore Diurne,0,0,0,3,12.5529,41.9452,-1,2,Autovettura privata,In marcia / fermata / arresto,Conducente,F,Illeso,0,,Non accertato,Inesploso,
3944150,4,03/08/2018 18:00:00,Strada Urbana,PIAZZA GIUSEPPE PRIMOLI,all'intersezione con,VIA UGO OJETTI,VIA UGO OJETTI,,,Scontro laterale fra veicoli in marcia,Intersezione semaforizzata,Due carreggiate,Bagnato (pioggia),Asfaltata,Verticale ed orizzontale,Pioggia in atto,Normale,Buona,Ore Diurne,0,0,0,3,12.5529,41.9452,-1,2,Autovettura privata,In marcia / fermata / arresto,Passeggero,M,Illeso,0,,Non accertato,Inesploso,
3944155,4,04/08/2018 02:15:00,Strada Urbana,VIA MONTE URANO,in prossimit�,,del civico n.,88,,Veicolo in marcia contro ostacolo fisso,Rettilineo,Una carreggiata a senso unico di marcia,Asciutto,Asfaltata,Assente,Sereno,Scarso,Insufficiente,Insufficiente,0,1,0,0,12.5133,41.9815,0,1,Motociclo a solo,In marcia / fermata / arresto,Conducente,M,Prognosi riservata,0,NON DECEDUTO,Non accertato,,
3944395,12,03/08/2018 16:05:00,Provinciale,VIA ARDEATINA,in corrispondenza,,della chilometrica,18.7,,Scontro frontale fra veicoli in marcia,Rettilineo,Una carreggiata a doppio senso,Asciutto,Asfaltata,Verticale ed orizzontale,Nuvoloso,Normale,Buona,Ore Diurne,1,0,1,0,12.5778,41.7089,-1,1,Autovettura privata,In marcia / fermata / arresto,Conducente,M,Deceduto durante prime cure,-1,,,,
3944395,12,03/08/2018 16:05:00,Provinciale,VIA ARDEATINA,in corrispondenza,,della chilometrica,18.7,,Scontro frontale fra veicoli in marcia,Rettilineo,Una carreggiata a doppio senso,Asciutto,Asfaltata,Verticale ed orizzontale,Nuvoloso,Normale,Buona,Ore Diurne,1,0,1,0,12.5778,41.7089,-1,2,Autocarro superiore 35 q.,In marcia / fermata / arresto,Conducente,M,Rimandato,0,NON DECEDUTO,,,
3944475,15,03/08/2018 14:45:00,Strada Urbana,VIA PORTUENSE,da specificare,,,,fronte civico 483,Investimento di pedone,Rettilineo,Una carreggiata a doppio senso,Asciutto,Asfaltata,Orizzontale,Nuvoloso,Normale,Buona,Ore Diurne,1,0,0,1,12.414,41.847,-1,,,,Pedone,M,Rimandato,0,NON DECEDUTO,,,
3944475,15,03/08/2018 14:45:00,Strada Urbana,VIA PORTUENSE,da specificare,,,,fronte civico 483,Investimento di pedone,Rettilineo,Una carreggiata a doppio senso,Asciutto,Asfaltata,Orizzontale,Nuvoloso,Normale,Buona,Ore Diurne,1,0,0,1,12.414,41.847,-1,1,Autovettura privata,In marcia / fermata / arresto,Conducente,F,Illeso,0,,Utilizzato,,
3944497,15,04/08/2018 03:50:00,Strada Urbana,VIA DI MONTE CUCCO,da specificare,,,,fronte civico 151,Veicolo in marcia contro ostacolo fisso,Rettilineo,Una carreggiata a doppio senso,Asciutto,Asfaltata,Orizzontale,Sereno,Scarso,Sufficiente,Sufficiente,0,0,0,1,12.4391,41.8434,-1,1,Autovettura privata,In marcia / fermata / arresto,Conducente,M,Illeso,0,,,Esploso,
3944585,3,03/08/2018 14:45:00,Strada Urbana,VIA RODOLFO LANCIANI,all'intersezione con,LARGO RODOLFO LANCIANI,LARGO RODOLFO LANCIANI,,,Scontro laterale fra veicoli in marcia,Intersezione stradale segnalata,Pi� di due carreggiate,Asciutto,Asfaltata,Verticale ed orizzontale,Nuvoloso,Normale,Sufficiente,Ore Diurne,1,0,0,1,12.5223,41.9212,-1,1,Autovettura privata,In marcia / fermata / arresto,Conducente,M,Illeso,0,,Non accertato,Inesploso,
3944585,3,03/08/2018 14:45:00,Strada Urbana,VIA RODOLFO LANCIANI,all'intersezione con,LARGO RODOLFO LANCIANI,LARGO RODOLFO LANCIANI,,,Scontro laterale fra veicoli in marcia,Intersezione stradale segnalata,Pi� di due carreggiate,Asciutto,Asfaltata,Verticale ed orizzontale,Nuvoloso,Normale,Sufficiente,Ore Diurne,1,0,0,1,12.5223,41.9212,-1,2,Motociclo a solo,In marcia / fermata / arresto,Conducente,M,Rimandato,0,NON DECEDUTO,Non accertato,,
3944834,8,04/08/2018 12:20:00,,VIA DI ROCCA CENCIA,in corrispondenza,,del civico n.,78,,Veicolo in marcia contro veicolo in sosta,,,,,,,,,,0,0,0,1,,,0,1,Autovettura privata,In marcia / fermata / arresto,Conducente,M,Illeso,0,,,,
3944845,11,05/08/2018 01:00:00,Strada Urbana,VIA DEL SERAFICO,in prossimit�,,del palo luce n.,26,,Veicolo in marcia contro ostacolo fisso,Rettilineo,Una carreggiata a doppio senso,Asciutto,Asfaltata,Verticale ed orizzontale,Sereno,Scarso,Buona,Sufficiente,0,0,0,2,12.4871,41.8303,-1,1,Autovettura privata,In marcia / fermata / arresto,Conducente,F,Illeso,0,,Non accertato,,
3944845,11,05/08/2018 01:00:00,Strada Urbana,VIA DEL SERAFICO,in prossimit�,,del palo luce n.,26,,Veicolo in marcia contro ostacolo fisso,Rettilineo,Una carreggiata a doppio senso,Asciutto,Asfaltata,Verticale ed orizzontale,Sereno,Scarso,Buona,Sufficiente,0,0,0,2,12.4871,41.8303,-1,1,Autovettura privata,In marcia / fermata / arresto,Passeggero,F,Illeso,0,,Non accertato,,
3944863,23,05/08/2018 01:30:00,Comunale extraurbana,VIA CRISTOFORO COLOMBO,in corrispondenza,,della chilometrica,14.55,,Tamponamento,Rettilineo,Pi� di due carreggiate,Asciutto,Asfaltata,Verticale ed orizzontale,Nuvoloso,Scarso,Insufficiente,Insufficiente,1,0,0,1,12.4116,41.7858,-1,1,Autovettura privata,In marcia / fermata / arresto,Conducente,M,Illeso,0,,Non accertato,Inesploso,
3944863,23,05/08/2018 01:30:00,Comunale extraurbana,VIA CRISTOFORO COLOMBO,in corrispondenza,,della chilometrica,14.55,,Tamponamento,Rettilineo,Pi� di due carreggiate,Asciutto,Asfaltata,Verticale ed orizzontale,Nuvoloso,Scarso,Insufficiente,Insufficiente,1,0,0,1,12.4116,41.7858,-1,2,Motociclo a solo,In marcia / fermata / arresto,Conducente,M,Rimandato,0,NON DECEDUTO,Utilizzato,,
3944870,18,03/08/2018 19:00:00,Strada Urbana,VIA NAZARETH,in prossimit�,,del civico n.,212,,Scontro frontale fra veicoli in marcia,Curva senza visuale libera,Una carreggiata a doppio senso,Bagnato (pioggia),Asfaltata,Verticale ed orizzontale,Nuvoloso,Normale,Buona,Ore Diurne,3,0,0,3,12.4025,41.9051,-1,1,Autovettura privata,In marcia / fermata / arresto,Conducente,F,Illeso,0,,,,
3944870,18,03/08/2018 19:00:00,Strada Urbana,VIA NAZARETH,in prossimit�,,del civico n.,212,,Scontro frontale fra veicoli in marcia,Curva senza visuale libera,Una carreggiata a doppio senso,Bagnato (pioggia),Asfaltata,Verticale ed orizzontale,Nuvoloso,Normale,Buona,Ore Diurne,3,0,0,3,12.4025,41.9051,-1,1,Autovettura privata,In marcia / fermata / arresto,Passeggero,M,Illeso,0,,,,
3944870,18,03/08/2018 19:00:00,Strada Urbana,VIA NAZARETH,in prossimit�,,del civico n.,212,,Scontro frontale fra veicoli in marcia,Curva senza visuale libera,Una carreggiata a doppio senso,Bagnato (pioggia),Asfaltata,Verticale ed orizzontale,Nuvoloso,Normale,Buona,Ore Diurne,3,0,0,3,12.4025,41.9051,-1,1,Autovettura privata,In marcia / fermata / arresto,Passeggero,F,Illeso,0,,,,
3944870,18,03/08/2018 19:00:00,Strada Urbana,VIA NAZARETH,in prossimit�,,del civico n.,212,,Scontro frontale fra veicoli in marcia,Curva senza visuale libera,Una carreggiata a doppio senso,Bagnato (pioggia),Asfaltata,Verticale ed orizzontale,Nuvoloso,Normale,Buona,Ore Diurne,3,0,0,3,12.4025,41.9051,-1,2,Autovettura privata,In marcia / fermata / arresto,Conducente,M,Rifiuta cure immediate,0,NON DECEDUTO,,,
3944870,18,03/08/2018 19:00:00,Strada Urbana,VIA NAZARETH,in prossimit�,,del civico n.,212,,Scontro frontale fra veicoli in marcia,Curva senza visuale libera,Una carreggiata a doppio senso,Bagnato (pioggia),Asfaltata,Verticale ed orizzontale,Nuvoloso,Normale,Buona,Ore Diurne,3,0,0,3,12.4025,41.9051,-1,2,Autovettura privata,In marcia / fermata / arresto,Passeggero,M,Rifiuta cure immediate,0,NON DECEDUTO,,,
3944870,18,03/08/2018 19:00:00,Strada Urbana,VIA NAZARETH,in prossimit�,,del civico n.,212,,Scontro frontale fra veicoli in marcia,Curva senza visuale libera,Una carreggiata a doppio senso,Bagnato (pioggia),Asfaltata,Verticale ed orizzontale,Nuvoloso,Normale,Buona,Ore Diurne,3,0,0,3,12.4025,41.9051,-1,3,Autovettura privata,In marcia / fermata / arresto,Conducente,F,Ricoverato,0,NON DECEDUTO,,,
3944873,4,04/08/2018 11:40:00,Strada Urbana,VIA VAL D'AOSTA,da specificare,,,,Fronte via Val Policella,Scontro laterale fra veicoli in marcia,Rettilineo,Una carreggiata a senso unico di marcia,Asciutto,Asfaltata,Verticale ed orizzontale,Sereno,Scarso,Buona,Ore Diurne,1,0,0,2,12.5254,41.932,-1,1,Autovettura privata,In marcia / fermata / arresto,Conducente,F,Rifiuta cure immediate,0,NON DECEDUTO,Non accertato,,
3944873,4,04/08/2018 11:40:00,Strada Urbana,VIA VAL D'AOSTA,da specificare,,,,Fronte via Val Policella,Scontro laterale fra veicoli in marcia,Rettilineo,Una carreggiata a senso unico di marcia,Asciutto,Asfaltata,Verticale ed orizzontale,Sereno,Scarso,Buona,Ore Diurne,1,0,0,2,12.5254,41.932,-1,1,Autovettura privata,In marcia / fermata / arresto,Passeggero,M,Illeso,0,,Non accertato,,
3944873,4,04/08/2018 11:40:00,Strada Urbana,VIA VAL D'AOSTA,da specificare,,,,Fronte via Val Policella,Scontro laterale fra veicoli in marcia,Rettilineo,Una carreggiata a senso unico di marcia,Asciutto,Asfaltata,Verticale ed orizzontale,Sereno,Scarso,Buona,Ore Diurne,1,0,0,2,12.5254,41.932,-1,2,Autobus di linea,In marcia / fermata / arresto,Conducente,M,Illeso,0,,Esente,,
3944874,18,03/08/2018 15:00:00,Statale,VIA AURELIA,in corrispondenza,,del civico n.,21,,Scontro laterale fra veicoli in marcia,Rettilineo,Due carreggiate,Asciutto,Asfaltata,Verticale ed orizzontale,Nuvoloso,Normale,Buona,Ore Diurne,0,0,0,2,12.3755,41.8857,-1,1,Autovettura privata,In marcia / fermata / arresto,Conducente,M,Illeso,0,,,,
3944874,18,03/08/2018 15:00:00,Statale,VIA AURELIA,in corrispondenza,,del civico n.,21,,Scontro laterale fra veicoli in marcia,Rettilineo,Due carreggiate,Asciutto,Asfaltata,Verticale ed orizzontale,Nuvoloso,Normale,Buona,Ore Diurne,0,0,0,2,12.3755,41.8857,-1,2,Autovettura privata,In marcia / fermata / arresto,Conducente,M,Illeso,0,,,,
3944876,18,03/08/2018 13:30:00,Strada Urbana,VIA AURELIA,all'intersezione con,VIA DEI CASALI SANTOVETTI,VIA DEI CASALI SANTOVETTI,,,Scontro laterale fra veicoli in marcia,Intersezione stradale segnalata,Una carreggiata a doppio senso,Asciutto,Asfaltata,Verticale ed orizzontale,Sereno,Normale,Buona,Ore Diurne,0,0,0,2,12.4002,41.8857,-1,1,Autobus turistico,In marcia / fermata / arresto,Conducente,F,Illeso,0,,,,
3944876,18,03/08/2018 13:30:00,Strada Urbana,VIA AURELIA,all'intersezione con,VIA DEI CASALI SANTOVETTI,VIA DEI CASALI SANTOVETTI,,,Scontro laterale fra veicoli in marcia,Intersezione stradale segnalata,Una carreggiata a doppio senso,Asciutto,Asfaltata,Verticale ed orizzontale,Sereno,Normale,Buona,Ore Diurne,0,0,0,2,12.4002,41.8857,-1,2,Motociclo a solo,In marcia / fermata / arresto,Conducente,M,Illeso,0,,,,
3944880,6,03/08/2018 19:18:00,Strada Urbana,PIAZZA ROBERTO MALATESTA,in prossimit�,,del civico n.,64,,Veicolo in marcia contro veicolo in sosta,Curva a visuale libera,Una carreggiata a senso unico di marcia,Asciutto,Asfaltata,Verticale ed orizzontale,Nuvoloso,Scarso,Buona,Ore Diurne,0,0,0,1,12.5412,41.8877,-1,1,Autovettura privata,In marcia / fermata / arresto,Conducente,M,Illeso,0,,,,