Protocollo,Gruppo,DataOraIncidente,Localizzazione1,STRADA1,Localizzazione2,STRADA2,Strada02,Chilometrica,DaSpecificare,NaturaIncidente,particolaritastrade,TipoStrada,FondoStradale,Pavimentazione,Segnaletica,CondizioneAtmosferica,Traffico,Visibilita,Illuminazione,NUM_FERITI,NUM_RISERVATA,NUM_MORTI,NUM_ILLESI,Longitudine,Latitudine,Confermato,Progressivo,TipoVeicolo,StatoVeicolo,TipoPersona,Sesso,Tipolesione,Deceduto,DecedutoDopo,CinturaCascoUtilizzato,Airbag,
3944884,18,04/08/2018 12:00:00,Strada Urbana,PIAZZA PIO XI,da specificare,,,,IN PROX DEL FRONTE CIV. 53,Scontro frontale/laterale SX fra veicoli in marcia,Curva a visuale libera,Pi� di due carreggiate,Asciutto,Asfaltata,Verticale ed orizzontale,Sereno,Normale,Buona,Ore Diurne,1,0,0,3,12.4384,41.8951,-1,1,Autovettura privata,In marcia / fermata / arresto,Conducente,M,Rifiuta cure immediate,0,NON DECEDUTO,,,
3944884,18,04/08/2018 12:00:00,Strada Urbana,PIAZZA PIO XI,da specificare,,,,IN PROX DEL FRONTE CIV. 53,Scontro frontale/laterale SX fra veicoli in marcia,Curva a visuale libera,Pi� di due carreggiate,Asciutto,Asfaltata,Verticale ed orizzontale,Sereno,Normale,Buona,Ore Diurne,1,0,0,3,12.4384,41.8951,-1,1,Autovettura privata,In marcia / fermata / arresto,Passeggero,M,Illeso,0,,,,
3944884,18,04/08/2018 12:00:00,Strada Urbana,PIAZZA PIO XI,da specificare,,,,IN PROX DEL FRONTE CIV. 53,Scontro frontale/laterale SX fra veicoli in marcia,Curva a visuale libera,Pi� di due carreggiate,Asciutto,Asfaltata,Verticale ed orizzontale,Sereno,Normale,Buona,Ore Diurne,1,0,0,3,12.4384,41.8951,-1,1,Autovettura privata,In marcia / fermata / arresto,Passeggero,M,Illeso,0,,,,
3944884,18,04/08/2018 12:00:00,Strada Urbana,PIAZZA PIO XI,da specificare,,,,IN PROX DEL FRONTE CIV. 53,Scontro frontale/laterale SX fra veicoli in marcia,Curva a visuale libera,Pi� di due carreggiate,Asciutto,Asfaltata,Verticale ed orizzontale,Sereno,Normale,Buona,Ore Diurne,1,0,0,3,12.4384,41.8951,-1,2,Autovettura privata,In marcia / fermata / arresto,Conducente,F,Illeso,0,,,,
3944889,4,04/08/2018 19:30:00,Strada Urbana,VIA DELLA TENUTA REDICICOLI,da specificare,,,,in prossimit� via Casale Redicicoli,Tamponamento,Curva a visuale libera,Due carreggiate,Bagnato (umidit� in atto),Asfaltata,Verticale ed orizzontale,Nuvoloso,Normale,Buona,Sufficiente,0,0,0,5,12.5355,41.9805,-1,1,Autovettura privata,In marcia / fermata / arresto,Conducente,M,Illeso,0,,Non accertato,Inesploso,
3944889,4,04/08/2018 19:30:00,Strada Urbana,VIA DELLA TENUTA REDICICOLI,da specificare,,,,in prossimit� via Casale Redicicoli,Tamponamento,Curva a visuale libera,Due carreggiate,Bagnato (umidit� in atto),Asfaltata,Verticale ed orizzontale,Nuvoloso,Normale,Buona,Sufficiente,0,0,0,5,12.5355,41.9805,-1,1,Autovettura privata,In marcia / fermata / arresto,Passeggero,F,Illeso,0,,,,
3944889,4,04/08/2018 19:30:00,Strada Urbana,VIA DELLA TENUTA REDICICOLI,da specificare,,,,in prossimit� via Casale Redicicoli,Tamponamento,Curva a visuale libera,Due carreggiate,Bagnato (umidit� in atto),Asfaltata,Verticale ed orizzontale,Nuvoloso,Normale,Buona,Sufficiente,0,0,0,5,12.5355,41.9805,-1,1,Autovettura privata,In marcia / fermata / arresto,Passeggero,F,Illeso,0,,,,
3944889,4,04/08/2018 19:30:00,Strada Urbana,VIA DELLA TENUTA REDICICOLI,da specificare,,,,in prossimit� via Casale Redicicoli,Tamponamento,Curva a visuale libera,Due carreggiate,Bagnato (umidit� in atto),Asfaltata,Verticale ed orizzontale,Nuvoloso,Normale,Buona,Sufficiente,0,0,0,5,12.5355,41.9805,-1,1,Autovettura privata,In marcia / fermata / arresto,Passeggero,M,Illeso,0,,,,
3944889,4,04/08/2018 19:30:00,Strada Urbana,VIA DELLA TENUTA REDICICOLI,da specificare,,,,in prossimit� via Casale Redicicoli,Tamponamento,Curva a visuale libera,Due carreggiate,Bagnato (umidit� in atto),Asfaltata,Verticale ed orizzontale,Nuvoloso,Normale,Buona,Sufficiente,0,0,0,5,12.5355,41.9805,-1,2,Autovettura privata,In marcia / fermata / arresto,Conducente,F,Illeso,0,,Non accertato,,
3944903,10,03/08/2018 19:30:00,Strada Urbana,VIA DEI SETTE METRI,in prossimit�,,del civico n.,68,,Scontro frontale/laterale SX fra veicoli in marcia,Rettilineo,Una carreggiata a senso unico di marcia,Bagnato (pioggia),Asfaltata,Verticale,Nuvoloso,Normale,Sufficiente,Ore Diurne,1,0,0,2,12.6062,41.8147,-1,1,Autovettura privata,In marcia / fermata / arresto,Conducente,M,Illeso,0,,Non accertato,Inesploso,
3944903,10,03/08/2018 19:30:00,Strada Urbana,VIA DEI SETTE METRI,in prossimit�,,del civico n.,68,,Scontro frontale/laterale SX fra veicoli in marcia,Rettilineo,Una carreggiata a senso unico di marcia,Bagnato (pioggia),Asfaltata,Verticale,Nuvoloso,Normale,Sufficiente,Ore Diurne,1,0,0,2,12.6062,41.8147,-1,1,Autovettura privata,In marcia / fermata / arresto,Passeggero,F,Illeso,0,,Non accertato,Inesploso,
3944903,10,03/08/2018 19:30:00,Strada Urbana,VIA DEI SETTE METRI,in prossimit�,,del civico n.,68,,Scontro frontale/laterale SX fra veicoli in marcia,Rettilineo,Una carreggiata a senso unico di marcia,Bagnato (pioggia),Asfaltata,Verticale,Nuvoloso,Normale,Sufficiente,Ore Diurne,1,0,0,2,12.6062,41.8147,-1,2,Motociclo a solo,In marcia / fermata / arresto,Conducente,M,Rimandato,0,NON DECEDUTO,Non accertato,,
3944904,4,05/08/2018 03:50:00,Strada Urbana,VIA GIOVANNI CONTI,da specificare,,,,all'intersezione rotonda Via Delle Vigne Nuove,Ribaltamento senza urto contro ostacolo fisso,Curva a visuale libera,Due carreggiate,Asciutto,Asfaltata,Verticale ed orizzontale,Sereno,Normale,Buona,Sufficiente,1,0,0,0,12.5321,41.9553,-1,1,Autovettura privata,In marcia / fermata / arresto,Conducente,M,Rimandato,0,NON DECEDUTO,Non accertato,Esploso,
3944916,10,04/08/2018 09:20:00,Strada Urbana,VIA TUSCOLANA,all'intersezione con,VIA CURZIO RUFO,VIA CURZIO RUFO,,,Veicolo in marcia contro ostacolo fisso,Incrocio,Due carreggiate,Asciutto,Asfaltata,Verticale ed orizzontale,Sereno,Normale,Buona,Ore Diurne,1,0,0,1,12.5607,41.8576,-1,1,Autovettura privata,In marcia / fermata / arresto,Conducente,M,Rimandato,0,NON DECEDUTO,Non accertato,Inesploso,
3944916,10,04/08/2018 09:20:00,Strada Urbana,VIA TUSCOLANA,all'intersezione con,VIA CURZIO RUFO,VIA CURZIO RUFO,,,Veicolo in marcia contro ostacolo fisso,Incrocio,Due carreggiate,Asciutto,Asfaltata,Verticale ed orizzontale,Sereno,Normale,Buona,Ore Diurne,1,0,0,1,12.5607,41.8576,-1,1,Autovettura privata,In marcia / fermata / arresto,Passeggero,M,Illeso,0,,Non accertato,Inesploso,
3944927,10,04/08/2018 12:10:00,Strada Urbana,VIA TUSCOLANA,in prossimit�,,del civico n.,860,,Scontro laterale fra veicoli in marcia,Rettilineo,Due carreggiate,Asciutto,Asfaltata,Verticale ed orizzontale,Sereno,Scarso,Buona,Ore Diurne,0,0,0,2,12.5497,41.8633,-1,1,Autovettura privata,In marcia / fermata / arresto,Conducente,M,Illeso,0,,Non accertato,Inesploso,
3944927,10,04/08/2018 12:10:00,Strada Urbana,VIA TUSCOLANA,in prossimit�,,del civico n.,860,,Scontro laterale fra veicoli in marcia,Rettilineo,Due carreggiate,Asciutto,Asfaltata,Verticale ed orizzontale,Sereno,Scarso,Buona,Ore Diurne,0,0,0,2,12.5497,41.8633,-1,2,Autovettura privata,In marcia / fermata / arresto,Conducente,F,Illeso,0,,Non accertato,Inesploso,
3944934,10,04/08/2018 17:50:00,Strada Urbana,VIALE S. GIOVANNI BOSCO,all'intersezione semaforizzata con,VIA CALPURNIO FIAMMA,VIA CALPURNIO FIAMMA,,,Scontro frontale/laterale DX fra veicoli in marcia,Intersezione semaforizzata,Due carreggiate,Bagnato (pioggia),Asfaltata,Verticale ed orizzontale,Pioggia in atto,Normale,Buona,Ore Diurne,1,0,0,1,12.5609,41.8608,-1,1,Autovettura privata,In marcia / fermata / arresto,Conducente,F,Rifiuta cure immediate,0,NON DECEDUTO,Non accertato,Inesploso,
3944934,10,04/08/2018 17:50:00,Strada Urbana,VIALE S. GIOVANNI BOSCO,all'intersezione semaforizzata con,VIA CALPURNIO FIAMMA,VIA CALPURNIO FIAMMA,,,Scontro frontale/laterale DX fra veicoli in marcia,Intersezione semaforizzata,Due carreggiate,Bagnato (pioggia),Asfaltata,Verticale ed orizzontale,Pioggia in atto,Normale,Buona,Ore Diurne,1,0,0,1,12.5609,41.8608,-1,2,Autovettura privata,Allontanatosi,Conducente,M,Illeso,0,,Non accertato,Inesploso,
3944941,10,04/08/2018 23:00:00,Strada Urbana,VIA CALPURNIO FIAMMA,all'intersezione con,VIA FLAVIO STILICONE,VIA FLAVIO STILICONE,,,Scontro frontale/laterale DX fra veicoli in marcia,Incrocio,Due carreggiate,Asciutto,Asfaltata,Verticale ed orizzontale,Sereno,Scarso,Buona,Sufficiente,0,0,0,5,12.5601,41.8596,-1,1,Autovettura privata,In marcia / fermata / arresto,Conducente,M,Illeso,0,,Non accertato,Inesploso,
3944941,10,04/08/2018 23:00:00,Strada Urbana,VIA CALPURNIO FIAMMA,all'intersezione con,VIA FLAVIO STILICONE,VIA FLAVIO STILICONE,,,Scontro frontale/laterale DX fra veicoli in marcia,Incrocio,Due carreggiate,Asciutto,Asfaltata,Verticale ed orizzontale,Sereno,Scarso,Buona,Sufficiente,0,0,0,5,12.5601,41.8596,-1,1,Autovettura privata,In marcia / fermata / arresto,Passeggero,M,Illeso,0,,Non accertato,Inesploso,
3944941,10,04/08/2018 23:00:00,Strada Urbana,VIA CALPURNIO FIAMMA,all'intersezione con,VIA FLAVIO STILICONE,VIA FLAVIO STILICONE,,,Scontro frontale/laterale DX fra veicoli in marcia,Incrocio,Due carreggiate,Asciutto,Asfaltata,Verticale ed orizzontale,Sereno,Scarso,Buona,Sufficiente,0,0,0,5,12.5601,41.8596,-1,1,Autovettura privata,In marcia / fermata / arresto,Passeggero,F,Illeso,0,,Non accertato,Inesploso,
3944941,10,04/08/2018 23:00:00,Strada Urbana,VIA CALPURNIO FIAMMA,all'intersezione con,VIA FLAVIO STILICONE,VIA FLAVIO STILICONE,,,Scontro frontale/laterale DX fra veicoli in marcia,Incrocio,Due carreggiate,Asciutto,Asfaltata,Verticale ed orizzontale,Sereno,Scarso,Buona,Sufficiente,0,0,0,5,12.5601,41.8596,-1,1,Autovettura privata,In marcia / fermata / arresto,Passeggero,F,Illeso,0,,Non accertato,Inesploso,
3944941,10,04/08/2018 23:00:00,Strada Urbana,VIA CALPURNIO FIAMMA,all'intersezione con,VIA FLAVIO STILICONE,VIA FLAVIO STILICONE,,,Scontro frontale/laterale DX fra veicoli in marcia,Incrocio,Due carreggiate,Asciutto,Asfaltata,Verticale ed orizzontale,Sereno,Scarso,Buona,Sufficiente,0,0,0,5,12.5601,41.8596,-1,2,Autovettura privata,In marcia / fermata / arresto,Conducente,M,Illeso,0,,Non accertato,Inesploso,
3944977,2,05/08/2018 08:40:00,Strada Urbana,VIA CHIANA,all'intersezione con,VIA BENACO,VIA BENACO,,,Scontro frontale/laterale SX fra veicoli in marcia,Incrocio,Una carreggiata a senso unico di marcia,Asciutto,Asfaltata,Verticale ed orizzontale,Sereno,Scarso,Buona,Ore Diurne,0,0,0,4,12.5055,41.9217,-1,1,Autovettura privata,In marcia / fermata / arresto,Conducente,M,Illeso,0,,Non accertato,Inesploso,
3944977,2,05/08/2018 08:40:00,Strada Urbana,VIA CHIANA,all'intersezione con,VIA BENACO,VIA BENACO,,,Scontro frontale/laterale SX fra veicoli in marcia,Incrocio,Una carreggiata a senso unico di marcia,Asciutto,Asfaltata,Verticale ed orizzontale,Sereno,Scarso,Buona,Ore Diurne,0,0,0,4,12.5055,41.9217,-1,1,Autovettura privata,In marcia / fermata / arresto,Passeggero,F,Illeso,0,,Non accertato,Inesploso,
3944977,2,05/08/2018 08:40:00,Strada Urbana,VIA CHIANA,all'intersezione con,VIA BENACO,VIA BENACO,,,Scontro frontale/laterale SX fra veicoli in marcia,Incrocio,Una carreggiata a senso unico di marcia,Asciutto,Asfaltata,Verticale ed orizzontale,Sereno,Scarso,Buona,Ore Diurne,0,0,0,4,12.5055,41.9217,-1,1,Autovettura privata,In marcia / fermata / arresto,Passeggero,M,Illeso,0,,Non accertato,Inesploso,
3944977,2,05/08/2018 08:40:00,Strada Urbana,VIA CHIANA,all'intersezione con,VIA BENACO,VIA BENACO,,,Scontro frontale/laterale SX fra veicoli in marcia,Incrocio,Una carreggiata a senso unico di marcia,Asciutto,Asfaltata,Verticale ed orizzontale,Sereno,Scarso,Buona,Ore Diurne,0,0,0,4,12.5055,41.9217,-1,2,Motociclo a solo,In marcia / fermata / arresto,Conducente,M,Illeso,0,,Non accertato,,
3945013,2,03/08/2018 16:00:00,Strada Urbana,VIA SALARIA,da specificare,,,,altezza Via Arbia ,Tamponamento,Rettilineo,Una carreggiata a senso unico di marcia,Bagnato (pioggia),Asfaltata,Verticale ed orizzontale,Pioggia in atto,Normale,Buona,Ore Diurne,0,0,0,2,12.6805,42.1556,-1,1,Autovettura privata,In marcia / fermata / arresto,Conducente,M,Illeso,0,,Non accertato,Inesploso,
3945013,2,03/08/2018 16:00:00,Strada Urbana,VIA SALARIA,da specificare,,,,altezza Via Arbia ,Tamponamento,Rettilineo,Una carreggiata a senso unico di marcia,Bagnato (pioggia),Asfaltata,Verticale ed orizzontale,Pioggia in atto,Normale,Buona,Ore Diurne,0,0,0,2,12.6805,42.1556,-1,2,Autovettura pubblica,In marcia / fermata / arresto,Conducente,M,Illeso,0,,Non accertato,Inesploso,
3945015,6,05/08/2018 12:00:00,Strada Urbana,VIA DI ACQUA BULLICANTE,all'intersezione semaforizzata con,VIA POLICASTRO,VIA POLICASTRO,,,Veicolo in marcia contro veicolo fermo,Intersezione semaforizzata,Una carreggiata a doppio senso,Asciutto,Asfaltata,Verticale ed orizzontale,Sereno,Normale,Buona,Ore Diurne,1,0,0,1,12.5433,41.8827,-1,1,Autovettura privata,In marcia / fermata / arresto,Conducente,F,Illeso,0,,Non accertato,Inesploso,
3945015,6,05/08/2018 12:00:00,Strada Urbana,VIA DI ACQUA BULLICANTE,all'intersezione semaforizzata con,VIA POLICASTRO,VIA POLICASTRO,,,Veicolo in marcia contro veicolo fermo,Intersezione semaforizzata,Una carreggiata a doppio senso,Asciutto,Asfaltata,Verticale ed orizzontale,Sereno,Normale,Buona,Ore Diurne,1,0,0,1,12.5433,41.8827,-1,2,Velocipede,In marcia / fermata / arresto,Conducente,M,Rimandato,0,NON DECEDUTO,Esente,,
3945033,2,03/08/2018 09:25:00,Strada Urbana,VIA TRIPOLI,in prossimit�,,del civico n.,141,,Veicolo in marcia contro veicolo in sosta,Rettilineo,Una carreggiata a doppio senso,Asciutto,Asfaltata,Verticale ed orizzontale,Sereno,Scarso,Buona,Ore Diurne,0,0,0,1,12.5191,41.9285,-1,1,Autovettura privata,In marcia / fermata / arresto,Conducente,M,Illeso,0,,,,
3945042,10,05/08/2018 10:20:00,Strada Urbana,VIA BERNARDINO ALIMENA,da specificare,,,,rotatoria con VIA EMANUELE CARNEVALE,Scontro frontale/laterale SX fra veicoli in marcia,Rotatoria,Due carreggiate,Asciutto,Asfaltata,Verticale ed orizzontale,Sereno,Normale,Buona,Ore Diurne,1,0,0,2,12.606,41.847,-1,1,Autobus urbano,In marcia / fermata / arresto,Conducente,M,Illeso,0,,Non accertato,Inesploso,
3945042,10,05/08/2018 10:20:00,Strada Urbana,VIA BERNARDINO ALIMENA,da specificare,,,,rotatoria con VIA EMANUELE CARNEVALE,Scontro frontale/laterale SX fra veicoli in marcia,Rotatoria,Due carreggiate,Asciutto,Asfaltata,Verticale ed orizzontale,Sereno,Normale,Buona,Ore Diurne,1,0,0,2,12.606,41.847,-1,1,Autobus urbano,In marcia / fermata / arresto,Passeggero,M,Rimandato,0,NON DECEDUTO,Non accertato,Inesploso,
3945042,10,05/08/2018 10:20:00,Strada Urbana,VIA BERNARDINO ALIMENA,da specificare,,,,rotatoria con VIA EMANUELE CARNEVALE,Scontro frontale/laterale SX fra veicoli in marcia,Rotatoria,Due carreggiate,Asciutto,Asfaltata,Verticale ed orizzontale,Sereno,Normale,Buona,Ore Diurne,1,0,0,2,12.606,41.847,-1,2,Autovettura privata,In marcia / fermata / arresto,Conducente,F,Illeso,0,,Non accertato,Inesploso,
3945061,2,03/08/2018 10:15:00,Strada Urbana,VIA DI VILLA RUFFO,da specificare,,,,altezza Via Alberto Ferrero,Veicolo in marcia contro veicolo arresto,Curva senza visuale libera,Una carreggiata a senso unico di marcia,Asciutto,Asfaltata,Verticale,Sereno,Scarso,Buona,Ore Diurne,0,0,0,3,12.4767,41.913,0,1,Autocarro inferiore 35 q.,In marcia / fermata / arresto,Conducente,M,Illeso,0,,,,
3945061,2,03/08/2018 10:15:00,Strada Urbana,VIA DI VILLA RUFFO,da specificare,,,,altezza Via Alberto Ferrero,Veicolo in marcia contro veicolo arresto,Curva senza visuale libera,Una carreggiata a senso unico di marcia,Asciutto,Asfaltata,Verticale,Sereno,Scarso,Buona,Ore Diurne,0,0,0,3,12.4767,41.913,0,1,Autocarro inferiore 35 q.,In marcia / fermata / arresto,Passeggero,M,Illeso,0,,,,
3945061,2,03/08/2018 10:15:00,Strada Urbana,VIA DI VILLA RUFFO,da specificare,,,,altezza Via Alberto Ferrero,Veicolo in marcia contro veicolo arresto,Curva senza visuale libera,Una carreggiata a senso unico di marcia,Asciutto,Asfaltata,Verticale,Sereno,Scarso,Buona,Ore Diurne,0,0,0,3,12.4767,41.913,0,2,Autovettura privata,In marcia / fermata / arresto,Conducente,M,Illeso,0,,,,
3945157,13,04/08/2018 09:40:00,Strada Urbana,LUNGOMARE PAOLO TOSCANELLI,in corrispondenza,,del civico n.,117,,Tamponamento Multiplo,Rettilineo,Due carreggiate,Asciutto,Asfaltata,Orizzontale,Sereno,Normale,Buona,Ore Diurne,1,0,0,4,12.2736,41.7305,-1,1,Autovettura privata,In marcia / fermata / arresto,Conducente,F,Illeso,0,,Non accertato,Inesploso,
3945157,13,04/08/2018 09:40:00,Strada Urbana,LUNGOMARE PAOLO TOSCANELLI,in corrispondenza,,del civico n.,117,,Tamponamento Multiplo,Rettilineo,Due carreggiate,Asciutto,Asfaltata,Orizzontale,Sereno,Normale,Buona,Ore Diurne,1,0,0,4,12.2736,41.7305,-1,1,Autovettura privata,In marcia / fermata / arresto,Passeggero,F,Illeso,0,,Non accertato,Inesploso,
3945157,13,04/08/2018 09:40:00,Strada Urbana,LUNGOMARE PAOLO TOSCANELLI,in corrispondenza,,del civico n.,117,,Tamponamento Multiplo,Rettilineo,Due carreggiate,Asciutto,Asfaltata,Orizzontale,Sereno,Normale,Buona,Ore Diurne,1,0,0,4,12.2736,41.7305,-1,2,Autovettura privata,In marcia / fermata / arresto,Conducente,M,Illeso,0,,Non accertato,Inesploso,
3945157,13,04/08/2018 09:40:00,Strada Urbana,LUNGOMARE PAOLO TOSCANELLI,in corrispondenza,,del civico n.,117,,Tamponamento Multiplo,Rettilineo,Due carreggiate,Asciutto,Asfaltata,Orizzontale,Sereno,Normale,Buona,Ore Diurne,1,0,0,4,12.2736,41.7305,-1,2,Autovettura privata,In marcia / fermata / arresto,Passeggero,F,Illeso,0,,Non accertato,Inesploso,
3945157,13,04/08/2018 09:40:00,Strada Urbana,LUNGOMARE PAOLO TOSCANELLI,in corrispondenza,,del civico n.,117,,Tamponamento Multiplo,Rettilineo,Due carreggiate,Asciutto,Asfaltata,Orizzontale,Sereno,Normale,Buona,Ore Diurne,1,0,0,4,12.2736,41.7305,-1,3,Autovettura privata,In marcia / fermata / arresto,Conducente,F,Rimandato,0,NON DECEDUTO,Non accertato,Esploso,
3945162,20,04/08/2018 16:40:00,Strada Urbana,VIA FLAMINIA,da specificare,,,,altezza sottopasso Euclide direzione Centro,Fuoriuscita dalla sede stradale,Sottopasso illuminato,Una carreggiata a senso unico di marcia,Bagnato (pioggia),Asfaltata,Verticale ed orizzontale,Pioggia in atto,Scarso,Buona,Ore Diurne,0,0,0,2,12.4718,41.9419,-1,1,Motociclo con passeggero,In marcia / fermata / arresto,Conducente,M,Illeso,0,,Non accertato,,
3945162,20,04/08/2018 16:40:00,Strada Urbana,VIA FLAMINIA,da specificare,,,,altezza sottopasso Euclide direzione Centro,Fuoriuscita dalla sede stradale,Sottopasso illuminato,Una carreggiata a senso unico di marcia,Bagnato (pioggia),Asfaltata,Verticale ed orizzontale,Pioggia in atto,Scarso,Buona,Ore Diurne,0,0,0,2,12.4718,41.9419,-1,1,Motociclo con passeggero,In marcia / fermata / arresto,Passeggero,F,Illeso,0,,Non accertato,,
3945166,19,04/08/2018 18:45:00,Strada Urbana,VIA DI BOCCEA,in prossimit�,,del civico n.,1451,,Scontro frontale/laterale SX fra veicoli in marcia,Rettilineo,Una carreggiata a doppio senso,Bagnato (pioggia),Asfaltata,Verticale ed orizzontale,Nuvoloso,Normale,Buona,Ore Diurne,1,2,0,0,12.3135,41.9599,-1,1,Autovettura privata,In marcia / fermata / arresto,Conducente,M,Ricoverato,0,NON DECEDUTO,Non accertato,Esploso,
3945166,19,04/08/2018 18:45:00,Strada Urbana,VIA DI BOCCEA,in prossimit�,,del civico n.,1451,,Scontro frontale/laterale SX fra veicoli in marcia,Rettilineo,Una carreggiata a doppio senso,Bagnato (pioggia),Asfaltata,Verticale ed orizzontale,Nuvoloso,Normale,Buona,Ore Diurne,1,2,0,0,12.3135,41.9599,-1,2,Motociclo con passeggero,In marcia / fermata / arresto,Conducente,M,Prognosi riservata,0,NON DECEDUTO,Non accertato,,
3945166,19,04/08/2018 18:45:00,Strada Urbana,VIA DI BOCCEA,in prossimit�,,del civico n.,1451,,Scontro frontale/laterale SX fra veicoli in marcia,Rettilineo,Una carreggiata a doppio senso,Bagnato (pioggia),Asfaltata,Verticale ed orizzontale,Nuvoloso,Normale,Buona,Ore Diurne,1,2,0,0,12.3135,41.9599,-1,2,Motociclo con passeggero,In marcia / fermata / arresto,Passeggero,F,Prognosi riservata,0,NON DECEDUTO,Non accertato,,
3945179,20,04/08/2018 18:09:00,Strada Urbana,VIA DELLA CAMILLUCCIA,in prossimit�,,del civico n.,418,,Scontro frontale/laterale SX fra veicoli in marcia,Rettilineo,Una carreggiata a doppio senso,Bagnato (umidit� in atto),Asfaltata,Verticale ed orizzontale,Pioggia in atto,Normale,Sufficiente,Ore Diurne,1,0,0,1,12.4453,41.9411,-1,1,Autovettura privata,In marcia / fermata / arresto,Conducente,M,Illeso,0,,Non accertato,Inesploso,
3945179,20,04/08/2018 18:09:00,Strada Urbana,VIA DELLA CAMILLUCCIA,in prossimit�,,del civico n.,418,,Scontro frontale/laterale SX fra veicoli in marcia,Rettilineo,Una carreggiata a doppio senso,Bagnato (umidit� in atto),Asfaltata,Verticale ed orizzontale,Pioggia in atto,Normale,Sufficiente,Ore Diurne,1,0,0,1,12.4453,41.9411,-1,2,Autovettura privata,In marcia / fermata / arresto,Conducente,M,Rifiuta cure immediate,0,NON DECEDUTO,Non accertato,Inesploso,
3945198,20,04/08/2018 18:30:00,Provinciale,VIA BRACCIANENSE,da specificare,,,,in prossimit� di VIA SIGNORELLI,Tamponamento,Curva senza visuale libera,Una carreggiata a doppio senso,Bagnato (pioggia),Asfaltata,Orizzontale,Pioggia in atto,Scarso,Buona,Ore Diurne,0,0,0,3,12.3654,42.0132,-1,1,Autocarro inferiore 35 q.,In marcia / fermata / arresto,Conducente,M,Illeso,0,,Non accertato,Inesploso,
3945198,20,04/08/2018 18:30:00,Provinciale,VIA BRACCIANENSE,da specificare,,,,in prossimit� di VIA SIGNORELLI,Tamponamento,Curva senza visuale libera,Una carreggiata a doppio senso,Bagnato (pioggia),Asfaltata,Orizzontale,Pioggia in atto,Scarso,Buona,Ore Diurne,0,0,0,3,12.3654,42.0132,-1,2,Autovettura privata,In marcia / fermata / arresto,Conducente,M,Illeso,0,,Non accertato,Inesploso,
3945198,20,04/08/2018 18:30:00,Provinciale,VIA BRACCIANENSE,da specificare,,,,in prossimit� di VIA SIGNORELLI,Tamponamento,Curva senza visuale libera,Una carreggiata a doppio senso,Bagnato (pioggia),Asfaltata,Orizzontale,Pioggia in atto,Scarso,Buona,Ore Diurne,0,0,0,3,12.3654,42.0132,-1,2,Autovettura privata,In marcia / fermata / arresto,Passeggero,F,Illeso,0,,Non accertato,Inesploso,
3945221,20,04/08/2018 20:40:00,Strada Urbana,VIA DI GROTTAROSSA,in prossimit�,,del civico n.,997,,Veicolo in marcia contro ostacolo accidentale,Rettilineo,Una carreggiata a doppio senso,Bagnato (pioggia),Asfaltata,Verticale,Nuvoloso,Scarso,Insufficiente,Inesistente,0,0,0,1,12.4682,41.981,-1,1,Motociclo a solo,In marcia / fermata / arresto,Conducente,M,Illeso,0,,Utilizzato,,
3945223,13,05/08/2018 11:30:00,Strada Urbana,LUNGOMARE AMERIGO VESPUCCI,in prossimit�,,del civico n.,56,,Scontro laterale fra veicoli in marcia,Rettilineo,Una carreggiata a doppio senso,Asciutto,Asfaltata,Orizzontale,Sereno,Normale,Buona,Ore Diurne,1,0,0,1,12.3292,41.7094,-1,1,Autovettura privata,In marcia / fermata / arresto,Conducente,F,Illeso,0,,Non accertato,Inesploso,
3945223,13,05/08/2018 11:30:00,Strada Urbana,LUNGOMARE AMERIGO VESPUCCI,in prossimit�,,del civico n.,56,,Scontro laterale fra veicoli in marcia,Rettilineo,Una carreggiata a doppio senso,Asciutto,Asfaltata,Orizzontale,Sereno,Normale,Buona,Ore Diurne,1,0,0,1,12.3292,41.7094,-1,2,Motociclo a solo,In marcia / fermata / arresto,Conducente,M,Rimandato,0,NON DECEDUTO,Non accertato,,
3945230,20,05/08/2018 00:45:00,Strada Urbana,LARGO FERRARIS IV,all'intersezione semaforizzata con,VIA DEI MONTI DELLA FARNESINA,VIA DEI MONTI DELLA FARNESINA,,,Scontro laterale fra veicoli in marcia,Intersezione semaforizzata,Una carreggiata a senso unico di marcia,Asciutto,Asfaltata,Verticale ed orizzontale,Sereno,Normale,Buona,Sufficiente,0,0,0,2,12.4551,41.9358,-1,1,Autovettura privata,In marcia / fermata / arresto,Conducente,M,Illeso,0,,Non accertato,Inesploso,