Protocollo,Gruppo,DataOraIncidente,Localizzazione1,STRADA1,Localizzazione2,STRADA2,Strada02,Chilometrica,DaSpecificare,NaturaIncidente,particolaritastrade,TipoStrada,FondoStradale,Pavimentazione,Segnaletica,CondizioneAtmosferica,Traffico,Visibilita,Illuminazione,NUM_FERITI,NUM_RISERVATA,NUM_MORTI,NUM_ILLESI,Longitudine,Latitudine,Confermato,Progressivo,TipoVeicolo,StatoVeicolo,TipoPersona,Sesso,Tipolesione,Deceduto,DecedutoDopo,CinturaCascoUtilizzato,Airbag,
3945230,20,05/08/2018 00:45:00,Strada Urbana,LARGO FERRARIS IV,all'intersezione semaforizzata con,VIA DEI MONTI DELLA FARNESINA,VIA DEI MONTI DELLA FARNESINA,,,Scontro laterale fra veicoli in marcia,Intersezione semaforizzata,Una carreggiata a senso unico di marcia,Asciutto,Asfaltata,Verticale ed orizzontale,Sereno,Normale,Buona,Sufficiente,0,0,0,2,12.4551,41.9358,-1,2,Ciclomotore,In marcia / fermata / arresto,Conducente,F,Illeso,0,,Non accertato,,
3945248,7,03/08/2018 15:20:00,Strada Urbana,VIA PRENESTINA,all'intersezione con,RAMPA USCITA G.R.A. CARREGGIATA INTERNA,RAMPA USCITA G.R.A. CARREGGIATA INTERNA,,,Scontro frontale/laterale SX fra veicoli in marcia,Incrocio,Una carreggiata a doppio senso,Asciutto,Asfaltata,Verticale ed orizzontale,Sereno,Normale,Buona,Ore Diurne,0,0,0,2,12.6153,41.8933,-1,1,Autovettura privata,In marcia / fermata / arresto,Conducente,M,Illeso,0,,Non accertato,Inesploso,
3945248,7,03/08/2018 15:20:00,Strada Urbana,VIA PRENESTINA,all'intersezione con,RAMPA USCITA G.R.A. CARREGGIATA INTERNA,RAMPA USCITA G.R.A. CARREGGIATA INTERNA,,,Scontro frontale/laterale SX fra veicoli in marcia,Incrocio,Una carreggiata a doppio senso,Asciutto,Asfaltata,Verticale ed orizzontale,Sereno,Normale,Buona,Ore Diurne,0,0,0,2,12.6153,41.8933,-1,2,Autogru,In marcia / fermata / arresto,Conducente,M,Illeso,0,,Non accertato,Inesploso,
3945256,2,04/08/2018 10:20:00,Strada Urbana,VIA TIRSO,all'intersezione con,VIA METAURO,VIA METAURO,,,Investimento di pedone,Incrocio,Una carreggiata a senso unico di marcia,Asciutto,Asfaltata,Verticale ed orizzontale,Sereno,Scarso,Buona,Ore Diurne,1,0,0,1,12.4995,41.9177,-1,,,,Pedone,F,Rimandato,0,NON DECEDUTO,,,
3945256,2,04/08/2018 10:20:00,Strada Urbana,VIA TIRSO,all'intersezione con,VIA METAURO,VIA METAURO,,,Investimento di pedone,Incrocio,Una carreggiata a senso unico di marcia,Asciutto,Asfaltata,Verticale ed orizzontale,Sereno,Scarso,Buona,Ore Diurne,1,0,0,1,12.4995,41.9177,-1,1,Autovettura privata,In marcia / fermata / arresto,Conducente,M,Illeso,0,,Non accertato,Inesploso,
3945260,2,04/08/2018 18:40:00,Strada Urbana,PIAZZA UNGHERIA,all'intersezione semaforizzata con,VIALE PARIOLI,VIALE PARIOLI,,,Scontro frontale/laterale DX fra veicoli in marcia,Intersezione semaforizzata,Una carreggiata a doppio senso,Bagnato (pioggia),Asfaltata,Verticale ed orizzontale,Pioggia in atto,Scarso,Buona,Ore Diurne,0,0,0,2,12.4927,41.9225,-1,1,Autovettura privata,In marcia / fermata / arresto,Conducente,F,Illeso,0,,Non accertato,Inesploso,
3945260,2,04/08/2018 18:40:00,Strada Urbana,PIAZZA UNGHERIA,all'intersezione semaforizzata con,VIALE PARIOLI,VIALE PARIOLI,,,Scontro frontale/laterale DX fra veicoli in marcia,Intersezione semaforizzata,Una carreggiata a doppio senso,Bagnato (pioggia),Asfaltata,Verticale ed orizzontale,Pioggia in atto,Scarso,Buona,Ore Diurne,0,0,0,2,12.4927,41.9225,-1,2,Autovettura privata,In marcia / fermata / arresto,Conducente,M,Illeso,0,,Non accertato,Inesploso,
3945262,7,03/08/2018 19:15:00,Strada Urbana,VIA DEL FOSSO DI TOR TRE TESTE,da specificare,,,,IN PROSSIMITA' DI VIA DELLA VACCHERIA GIANNI,Investimento di pedone,Rettilineo,Una carreggiata a doppio senso,Bagnato (pioggia),Asfaltata,Orizzontale,Nuvoloso,Scarso,Buona,Ore Diurne,1,0,0,3,12.6062,41.8863,-1,,,,Pedone,M,Rimandato,0,NON DECEDUTO,,,
3945262,7,03/08/2018 19:15:00,Strada Urbana,VIA DEL FOSSO DI TOR TRE TESTE,da specificare,,,,IN PROSSIMITA' DI VIA DELLA VACCHERIA GIANNI,Investimento di pedone,Rettilineo,Una carreggiata a doppio senso,Bagnato (pioggia),Asfaltata,Orizzontale,Nuvoloso,Scarso,Buona,Ore Diurne,1,0,0,3,12.6062,41.8863,-1,1,Autovettura privata,In marcia / fermata / arresto,Conducente,M,Illeso,0,,Non accertato,Inesploso,
3945262,7,03/08/2018 19:15:00,Strada Urbana,VIA DEL FOSSO DI TOR TRE TESTE,da specificare,,,,IN PROSSIMITA' DI VIA DELLA VACCHERIA GIANNI,Investimento di pedone,Rettilineo,Una carreggiata a doppio senso,Bagnato (pioggia),Asfaltata,Orizzontale,Nuvoloso,Scarso,Buona,Ore Diurne,1,0,0,3,12.6062,41.8863,-1,1,Autovettura privata,In marcia / fermata / arresto,Passeggero,F,Illeso,0,,Non accertato,Inesploso,
3945262,7,03/08/2018 19:15:00,Strada Urbana,VIA DEL FOSSO DI TOR TRE TESTE,da specificare,,,,IN PROSSIMITA' DI VIA DELLA VACCHERIA GIANNI,Investimento di pedone,Rettilineo,Una carreggiata a doppio senso,Bagnato (pioggia),Asfaltata,Orizzontale,Nuvoloso,Scarso,Buona,Ore Diurne,1,0,0,3,12.6062,41.8863,-1,1,Autovettura privata,In marcia / fermata / arresto,Passeggero,F,Illeso,0,,Non accertato,Inesploso,
3945280,7,05/08/2018 14:05:00,Strada Urbana,VIA DEI CASTANI,all'intersezione con,VIA DELLE ROBINIE,VIA DELLE ROBINIE,,,Scontro frontale/laterale DX fra veicoli in marcia,Incrocio,Una carreggiata a doppio senso,Asciutto,Asfaltata,Verticale ed orizzontale,Sereno,Normale,Sufficiente,Ore Diurne,0,0,0,5,12.5668,41.8827,-1,1,Autovettura privata,In marcia / fermata / arresto,Conducente,M,Illeso,0,,Non accertato,Inesploso,
3945280,7,05/08/2018 14:05:00,Strada Urbana,VIA DEI CASTANI,all'intersezione con,VIA DELLE ROBINIE,VIA DELLE ROBINIE,,,Scontro frontale/laterale DX fra veicoli in marcia,Incrocio,Una carreggiata a doppio senso,Asciutto,Asfaltata,Verticale ed orizzontale,Sereno,Normale,Sufficiente,Ore Diurne,0,0,0,5,12.5668,41.8827,-1,1,Autovettura privata,In marcia / fermata / arresto,Passeggero,M,Illeso,0,,Non accertato,Inesploso,
3945280,7,05/08/2018 14:05:00,Strada Urbana,VIA DEI CASTANI,all'intersezione con,VIA DELLE ROBINIE,VIA DELLE ROBINIE,,,Scontro frontale/laterale DX fra veicoli in marcia,Incrocio,Una carreggiata a doppio senso,Asciutto,Asfaltata,Verticale ed orizzontale,Sereno,Normale,Sufficiente,Ore Diurne,0,0,0,5,12.5668,41.8827,-1,1,Autovettura privata,In marcia / fermata / arresto,Passeggero,F,Illeso,0,,Non accertato,Inesploso,
3945280,7,05/08/2018 14:05:00,Strada Urbana,VIA DEI CASTANI,all'intersezione con,VIA DELLE ROBINIE,VIA DELLE ROBINIE,,,Scontro frontale/laterale DX fra veicoli in marcia,Incrocio,Una carreggiata a doppio senso,Asciutto,Asfaltata,Verticale ed orizzontale,Sereno,Normale,Sufficiente,Ore Diurne,0,0,0,5,12.5668,41.8827,-1,1,Autovettura privata,In marcia / fermata / arresto,Passeggero,F,Illeso,0,,Non accertato,Inesploso,
3945280,7,05/08/2018 14:05:00,Strada Urbana,VIA DEI CASTANI,all'intersezione con,VIA DELLE ROBINIE,VIA DELLE ROBINIE,,,Scontro frontale/laterale DX fra veicoli in marcia,Incrocio,Una carreggiata a doppio senso,Asciutto,Asfaltata,Verticale ed orizzontale,Sereno,Normale,Sufficiente,Ore Diurne,0,0,0,5,12.5668,41.8827,-1,2,Autovettura privata,In marcia / fermata / arresto,Conducente,M,Illeso,0,,Non accertato,Inesploso,
3945283,7,05/08/2018 17:00:00,Strada Urbana,VIA PRENESTINA,da specificare,,,,IN PROSSIMITA' DI VIA ENZO FERRARI,Scontro frontale/laterale DX fra veicoli in marcia,Rotatoria,Una carreggiata a doppio senso,Asciutto,Asfaltata,Verticale ed orizzontale,Sereno,Normale,Buona,Ore Diurne,0,0,0,3,12.6032,41.8929,-1,1,Autovettura privata,In marcia / fermata / arresto,Conducente,M,Illeso,0,,Non accertato,Inesploso,
3945283,7,05/08/2018 17:00:00,Strada Urbana,VIA PRENESTINA,da specificare,,,,IN PROSSIMITA' DI VIA ENZO FERRARI,Scontro frontale/laterale DX fra veicoli in marcia,Rotatoria,Una carreggiata a doppio senso,Asciutto,Asfaltata,Verticale ed orizzontale,Sereno,Normale,Buona,Ore Diurne,0,0,0,3,12.6032,41.8929,-1,2,Autovettura privata,In marcia / fermata / arresto,Conducente,M,Illeso,0,,Non accertato,Inesploso,
3945283,7,05/08/2018 17:00:00,Strada Urbana,VIA PRENESTINA,da specificare,,,,IN PROSSIMITA' DI VIA ENZO FERRARI,Scontro frontale/laterale DX fra veicoli in marcia,Rotatoria,Una carreggiata a doppio senso,Asciutto,Asfaltata,Verticale ed orizzontale,Sereno,Normale,Buona,Ore Diurne,0,0,0,3,12.6032,41.8929,-1,2,Autovettura privata,In marcia / fermata / arresto,Passeggero,F,Illeso,0,,Non accertato,Inesploso,
3945485,10,04/08/2018 23:25:00,Strada Urbana,PIAZZA DEI CONSOLI,all'intersezione con,VIA DELL'AEROPORTO,VIA DELL'AEROPORTO,,,Scontro laterale fra veicoli in marcia,Incrocio,Una carreggiata a senso unico di marcia,Asciutto,Asfaltata,Verticale ed orizzontale,Sereno,Scarso,Buona,Sufficiente,1,0,0,1,12.5564,41.8628,-1,1,Autovettura privata,In marcia / fermata / arresto,Conducente,F,Illeso,0,,Non accertato,Inesploso,
3945485,10,04/08/2018 23:25:00,Strada Urbana,PIAZZA DEI CONSOLI,all'intersezione con,VIA DELL'AEROPORTO,VIA DELL'AEROPORTO,,,Scontro laterale fra veicoli in marcia,Incrocio,Una carreggiata a senso unico di marcia,Asciutto,Asfaltata,Verticale ed orizzontale,Sereno,Scarso,Buona,Sufficiente,1,0,0,1,12.5564,41.8628,-1,2,Motociclo a solo,In marcia / fermata / arresto,Conducente,M,Rimandato,0,NON DECEDUTO,Non accertato,,
3945494,11,04/08/2018 13:00:00,Strada Urbana,VIA GALLIENO,all'intersezione con,VIA SETTIMIO SEVERO,VIA SETTIMIO SEVERO,,,Scontro frontale/laterale SX fra veicoli in marcia,Incrocio,Una carreggiata a doppio senso,Asciutto,Asfaltata,Verticale ed orizzontale,Sereno,Scarso,Buona,Ore Diurne,2,0,0,2,12.4814,41.8554,-1,1,Autovettura privata,In marcia / fermata / arresto,Conducente,M,Rimandato,0,NON DECEDUTO,Non accertato,,
3945494,11,04/08/2018 13:00:00,Strada Urbana,VIA GALLIENO,all'intersezione con,VIA SETTIMIO SEVERO,VIA SETTIMIO SEVERO,,,Scontro frontale/laterale SX fra veicoli in marcia,Incrocio,Una carreggiata a doppio senso,Asciutto,Asfaltata,Verticale ed orizzontale,Sereno,Scarso,Buona,Ore Diurne,2,0,0,2,12.4814,41.8554,-1,1,Autovettura privata,In marcia / fermata / arresto,Passeggero,F,Illeso,0,,,,
3945494,11,04/08/2018 13:00:00,Strada Urbana,VIA GALLIENO,all'intersezione con,VIA SETTIMIO SEVERO,VIA SETTIMIO SEVERO,,,Scontro frontale/laterale SX fra veicoli in marcia,Incrocio,Una carreggiata a doppio senso,Asciutto,Asfaltata,Verticale ed orizzontale,Sereno,Scarso,Buona,Ore Diurne,2,0,0,2,12.4814,41.8554,-1,1,Autovettura privata,In marcia / fermata / arresto,Passeggero,F,Illeso,0,,,,
3945494,11,04/08/2018 13:00:00,Strada Urbana,VIA GALLIENO,all'intersezione con,VIA SETTIMIO SEVERO,VIA SETTIMIO SEVERO,,,Scontro frontale/laterale SX fra veicoli in marcia,Incrocio,Una carreggiata a doppio senso,Asciutto,Asfaltata,Verticale ed orizzontale,Sereno,Scarso,Buona,Ore Diurne,2,0,0,2,12.4814,41.8554,-1,2,Autovettura privata,In marcia / fermata / arresto,Conducente,M,Rimandato,0,NON DECEDUTO,Non accertato,,
3945495,10,05/08/2018 15:45:00,Strada Urbana,VIA DELL'AEROPORTO,all'intersezione con,VIA LICINIO MURENA,VIA LICINIO MURENA,,,Scontro frontale/laterale DX fra veicoli in marcia,Incrocio,Due carreggiate,Asciutto,Asfaltata,Verticale,Sereno,Scarso,Buona,Ore Diurne,0,0,0,2,12.5556,41.8618,-1,1,Autovettura privata,In marcia / fermata / arresto,Conducente,M,Illeso,0,,Non accertato,Inesploso,
3945495,10,05/08/2018 15:45:00,Strada Urbana,VIA DELL'AEROPORTO,all'intersezione con,VIA LICINIO MURENA,VIA LICINIO MURENA,,,Scontro frontale/laterale DX fra veicoli in marcia,Incrocio,Due carreggiate,Asciutto,Asfaltata,Verticale,Sereno,Scarso,Buona,Ore Diurne,0,0,0,2,12.5556,41.8618,-1,2,Autovettura privata,In marcia / fermata / arresto,Conducente,F,Illeso,0,,Non accertato,Inesploso,
3945498,13,05/08/2018 13:50:00,Strada Urbana,VIA ERNESTO BOEZI,in corrispondenza,,del civico n.,130,,Scontro frontale/laterale DX fra veicoli in marcia,Rettilineo,Una carreggiata a doppio senso,Asciutto,Asfaltata,Orizzontale,Sereno,Scarso,Buona,Ore Diurne,0,0,0,3,12.3701,41.7402,-1,1,Autovettura privata,In marcia / fermata / arresto,Conducente,M,Illeso,0,,Non accertato,Inesploso,
3945498,13,05/08/2018 13:50:00,Strada Urbana,VIA ERNESTO BOEZI,in corrispondenza,,del civico n.,130,,Scontro frontale/laterale DX fra veicoli in marcia,Rettilineo,Una carreggiata a doppio senso,Asciutto,Asfaltata,Orizzontale,Sereno,Scarso,Buona,Ore Diurne,0,0,0,3,12.3701,41.7402,-1,1,Autovettura privata,In marcia / fermata / arresto,Passeggero,F,Illeso,0,,,,
3945498,13,05/08/2018 13:50:00,Strada Urbana,VIA ERNESTO BOEZI,in corrispondenza,,del civico n.,130,,Scontro frontale/laterale DX fra veicoli in marcia,Rettilineo,Una carreggiata a doppio senso,Asciutto,Asfaltata,Orizzontale,Sereno,Scarso,Buona,Ore Diurne,0,0,0,3,12.3701,41.7402,-1,2,Autovettura privata,In marcia / fermata / arresto,Conducente,F,Illeso,0,,Non accertato,Inesploso,
3945501,12,05/08/2018 11:50:00,Strada Urbana,VIA DEL PONTE DI PISCINA CUPA,all'intersezione con,VIA DEL FOSSO DELLA SANTOLA,VIA DEL FOSSO DELLA SANTOLA,,,Scontro laterale fra veicoli in marcia,Incrocio,Una carreggiata a doppio senso,Asciutto,Asfaltata,Verticale ed orizzontale,Sereno,Normale,Buona,Ore Diurne,0,0,0,3,12.4417,41.7131,-1,1,Autovettura privata,In marcia / fermata / arresto,Conducente,F,Illeso,0,,Non accertato,Inesploso,
3945501,12,05/08/2018 11:50:00,Strada Urbana,VIA DEL PONTE DI PISCINA CUPA,all'intersezione con,VIA DEL FOSSO DELLA SANTOLA,VIA DEL FOSSO DELLA SANTOLA,,,Scontro laterale fra veicoli in marcia,Incrocio,Una carreggiata a doppio senso,Asciutto,Asfaltata,Verticale ed orizzontale,Sereno,Normale,Buona,Ore Diurne,0,0,0,3,12.4417,41.7131,-1,2,Autovettura privata,In marcia / fermata / arresto,Conducente,M,Illeso,0,,Non accertato,,
3945501,12,05/08/2018 11:50:00,Strada Urbana,VIA DEL PONTE DI PISCINA CUPA,all'intersezione con,VIA DEL FOSSO DELLA SANTOLA,VIA DEL FOSSO DELLA SANTOLA,,,Scontro laterale fra veicoli in marcia,Incrocio,Una carreggiata a doppio senso,Asciutto,Asfaltata,Verticale ed orizzontale,Sereno,Normale,Buona,Ore Diurne,0,0,0,3,12.4417,41.7131,-1,2,Autovettura privata,In marcia / fermata / arresto,Passeggero,F,Illeso,0,,Non accertato,,
3945503,13,05/08/2018 17:00:00,Strada Urbana,VIA DELLE SIRENE,all'intersezione con,VIA CLIMENE,VIA CLIMENE,,,Scontro frontale/laterale SX fra veicoli in marcia,Incrocio,Due carreggiate,Asciutto,Asfaltata,Verticale,Sereno,Normale,Buona,Ore Diurne,0,0,0,3,12.2708,41.7329,-1,1,Autovettura privata,In marcia / fermata / arresto,Conducente,M,Illeso,0,,Non accertato,Inesploso,
3945503,13,05/08/2018 17:00:00,Strada Urbana,VIA DELLE SIRENE,all'intersezione con,VIA CLIMENE,VIA CLIMENE,,,Scontro frontale/laterale SX fra veicoli in marcia,Incrocio,Due carreggiate,Asciutto,Asfaltata,Verticale,Sereno,Normale,Buona,Ore Diurne,0,0,0,3,12.2708,41.7329,-1,2,Autovettura privata,In marcia / fermata / arresto,Conducente,M,Illeso,0,,Non accertato,Inesploso,
3945503,13,05/08/2018 17:00:00,Strada Urbana,VIA DELLE SIRENE,all'intersezione con,VIA CLIMENE,VIA CLIMENE,,,Scontro frontale/laterale SX fra veicoli in marcia,Incrocio,Due carreggiate,Asciutto,Asfaltata,Verticale,Sereno,Normale,Buona,Ore Diurne,0,0,0,3,12.2708,41.7329,-1,2,Autovettura privata,In marcia / fermata / arresto,Passeggero,F,Illeso,0,,Non accertato,Inesploso,
3945506,9,05/08/2018 11:05:00,Strada Urbana,VIA LATINA,da specificare,,,,altezza VIA BARTOLONI,Veicolo in marcia contro veicolo fermo,Rettilineo,Una carreggiata a doppio senso,Asciutto,Asfaltata,Orizzontale,Sereno,Scarso,Buona,Ore Diurne,0,0,0,6,12.5167,41.8722,-1,1,Autovettura privata,In marcia / fermata / arresto,Conducente,M,Illeso,0,,Non accertato,Inesploso,
3945506,9,05/08/2018 11:05:00,Strada Urbana,VIA LATINA,da specificare,,,,altezza VIA BARTOLONI,Veicolo in marcia contro veicolo fermo,Rettilineo,Una carreggiata a doppio senso,Asciutto,Asfaltata,Orizzontale,Sereno,Scarso,Buona,Ore Diurne,0,0,0,6,12.5167,41.8722,-1,1,Autovettura privata,In marcia / fermata / arresto,Passeggero,F,Illeso,0,,Non accertato,Inesploso,
3945506,9,05/08/2018 11:05:00,Strada Urbana,VIA LATINA,da specificare,,,,altezza VIA BARTOLONI,Veicolo in marcia contro veicolo fermo,Rettilineo,Una carreggiata a doppio senso,Asciutto,Asfaltata,Orizzontale,Sereno,Scarso,Buona,Ore Diurne,0,0,0,6,12.5167,41.8722,-1,1,Autovettura privata,In marcia / fermata / arresto,Passeggero,M,Illeso,0,,Non accertato,Inesploso,
3945506,9,05/08/2018 11:05:00,Strada Urbana,VIA LATINA,da specificare,,,,altezza VIA BARTOLONI,Veicolo in marcia contro veicolo fermo,Rettilineo,Una carreggiata a doppio senso,Asciutto,Asfaltata,Orizzontale,Sereno,Scarso,Buona,Ore Diurne,0,0,0,6,12.5167,41.8722,-1,1,Autovettura privata,In marcia / fermata / arresto,Passeggero,M,Illeso,0,,Non accertato,Inesploso,
3945506,9,05/08/2018 11:05:00,Strada Urbana,VIA LATINA,da specificare,,,,altezza VIA BARTOLONI,Veicolo in marcia contro veicolo fermo,Rettilineo,Una carreggiata a doppio senso,Asciutto,Asfaltata,Orizzontale,Sereno,Scarso,Buona,Ore Diurne,0,0,0,6,12.5167,41.8722,-1,2,Autovettura privata,In marcia / fermata / arresto,Conducente,M,Illeso,0,,Non accertato,Inesploso,
3945506,9,05/08/2018 11:05:00,Strada Urbana,VIA LATINA,da specificare,,,,altezza VIA BARTOLONI,Veicolo in marcia contro veicolo fermo,Rettilineo,Una carreggiata a doppio senso,Asciutto,Asfaltata,Orizzontale,Sereno,Scarso,Buona,Ore Diurne,0,0,0,6,12.5167,41.8722,-1,2,Autovettura privata,In marcia / fermata / arresto,Passeggero,F,Illeso,0,,Non accertato,Inesploso,
3945507,13,05/08/2018 20:50:00,Strada Urbana,VIA DELLA MARTINICA,all'intersezione con,VIA DELLE EBRIDI,VIA DELLE EBRIDI,,,Scontro laterale fra veicoli in marcia,Rotatoria,Una carreggiata a senso unico di marcia,Asciutto,Asfaltata,Orizzontale,Sereno,Normale,Buona,Ore Diurne,0,0,0,3,12.2613,41.7404,-1,1,Autovettura privata,In marcia / fermata / arresto,Conducente,M,Illeso,0,,Non accertato,Inesploso,
3945507,13,05/08/2018 20:50:00,Strada Urbana,VIA DELLA MARTINICA,all'intersezione con,VIA DELLE EBRIDI,VIA DELLE EBRIDI,,,Scontro laterale fra veicoli in marcia,Rotatoria,Una carreggiata a senso unico di marcia,Asciutto,Asfaltata,Orizzontale,Sereno,Normale,Buona,Ore Diurne,0,0,0,3,12.2613,41.7404,-1,1,Autovettura privata,In marcia / fermata / arresto,Passeggero,M,Illeso,0,,Non accertato,Inesploso,
3945507,13,05/08/2018 20:50:00,Strada Urbana,VIA DELLA MARTINICA,all'intersezione con,VIA DELLE EBRIDI,VIA DELLE EBRIDI,,,Scontro laterale fra veicoli in marcia,Rotatoria,Una carreggiata a senso unico di marcia,Asciutto,Asfaltata,Orizzontale,Sereno,Normale,Buona,Ore Diurne,0,0,0,3,12.2613,41.7404,-1,2,Autovettura privata,In marcia / fermata / arresto,Conducente,M,Illeso,0,,Non accertato,Inesploso,
3945511,10,05/08/2018 19:20:00,Strada Urbana,VIALE GIULIO AGRICOLA,all'intersezione con,VIA CAIO CANULEIO,VIA CAIO CANULEIO,,,Scontro frontale/laterale DX fra veicoli in marcia,Incrocio,Una carreggiata a senso unico di marcia,Asciutto,Asfaltata,Verticale ed orizzontale,Sereno,Normale,Buona,Ore Diurne,0,0,0,2,12.5595,41.8537,-1,1,Autovettura privata,In marcia / fermata / arresto,Conducente,M,Illeso,0,,Non accertato,Inesploso,
3945511,10,05/08/2018 19:20:00,Strada Urbana,VIALE GIULIO AGRICOLA,all'intersezione con,VIA CAIO CANULEIO,VIA CAIO CANULEIO,,,Scontro frontale/laterale DX fra veicoli in marcia,Incrocio,Una carreggiata a senso unico di marcia,Asciutto,Asfaltata,Verticale ed orizzontale,Sereno,Normale,Buona,Ore Diurne,0,0,0,2,12.5595,41.8537,-1,2,Autovettura privata,In marcia / fermata / arresto,Conducente,M,Illeso,0,,Non accertato,Inesploso,
3945516,9,04/08/2018 00:20:00,,VIA TUSCOLANA,da specificare,,,,PROSS. CIV. 590,Tamponamento,,,,,,,,,,0,0,0,2,12.5923,41.8396,0,1,Autovettura privata,In marcia / fermata / arresto,Conducente,M,Illeso,0,,,,
3945516,9,04/08/2018 00:20:00,,VIA TUSCOLANA,da specificare,,,,PROSS. CIV. 590,Tamponamento,,,,,,,,,,0,0,0,2,12.5923,41.8396,0,2,Autovettura privata,In marcia / fermata / arresto,Conducente,M,Illeso,0,,,,
3945520,11,05/08/2018 18:45:00,Strada Urbana,VIALE PICO DELLA MIRANDOLA,all'intersezione con,VIA AUGUSTO VERA,VIA AUGUSTO VERA,,,Tamponamento,Incrocio,Due carreggiate,Asciutto,Asfaltata,Verticale ed orizzontale,Sereno,Normale,Buona,Ore Diurne,0,0,0,5,12.4863,41.8462,-1,1,Autovettura privata,In marcia / fermata / arresto,Conducente,M,Illeso,0,,Non accertato,Inesploso,
3945520,11,05/08/2018 18:45:00,Strada Urbana,VIALE PICO DELLA MIRANDOLA,all'intersezione con,VIA AUGUSTO VERA,VIA AUGUSTO VERA,,,Tamponamento,Incrocio,Due carreggiate,Asciutto,Asfaltata,Verticale ed orizzontale,Sereno,Normale,Buona,Ore Diurne,0,0,0,5,12.4863,41.8462,-1,1,Autovettura privata,In marcia / fermata / arresto,Passeggero,F,Illeso,0,,Non accertato,,
3945520,11,05/08/2018 18:45:00,Strada Urbana,VIALE PICO DELLA MIRANDOLA,all'intersezione con,VIA AUGUSTO VERA,VIA AUGUSTO VERA,,,Tamponamento,Incrocio,Due carreggiate,Asciutto,Asfaltata,Verticale ed orizzontale,Sereno,Normale,Buona,Ore Diurne,0,0,0,5,12.4863,41.8462,-1,1,Autovettura privata,In marcia / fermata / arresto,Passeggero,F,Illeso,0,,Non accertato,,
3945520,11,05/08/2018 18:45:00,Strada Urbana,VIALE PICO DELLA MIRANDOLA,all'intersezione con,VIA AUGUSTO VERA,VIA AUGUSTO VERA,,,Tamponamento,Incrocio,Due carreggiate,Asciutto,Asfaltata,Verticale ed orizzontale,Sereno,Normale,Buona,Ore Diurne,0,0,0,5,12.4863,41.8462,-1,2,Autovettura privata,In marcia / fermata / arresto,Conducente,M,Illeso,0,,Non accertato,Inesploso,
3945520,11,05/08/2018 18:45:00,Strada Urbana,VIALE PICO DELLA MIRANDOLA,all'intersezione con,VIA AUGUSTO VERA,VIA AUGUSTO VERA,,,Tamponamento,Incrocio,Due carreggiate,Asciutto,Asfaltata,Verticale ed orizzontale,Sereno,Normale,Buona,Ore Diurne,0,0,0,5,12.4863,41.8462,-1,2,Autovettura privata,In marcia / fermata / arresto,Passeggero,M,Illeso,0,,Non accertato,,
3945522,10,05/08/2018 20:30:00,Strada Urbana,VIA TUSCOLANA,da specificare,,,,altezza via Gasperina direzione Frascati,Tamponamento,Rettilineo,Una carreggiata a senso unico di marcia,Asciutto,Asfaltata,Verticale ed orizzontale,Sereno,Normale,Buona,Ore Diurne,0,0,0,3,12.6024,41.8359,-1,1,Autovettura privata,In marcia / fermata / arresto,Conducente,M,Illeso,0,,Non accertato,Inesploso,
3945522,10,05/08/2018 20:30:00,Strada Urbana,VIA TUSCOLANA,da specificare,,,,altezza via Gasperina direzione Frascati,Tamponamento,Rettilineo,Una carreggiata a senso unico di marcia,Asciutto,Asfaltata,Verticale ed orizzontale,Sereno,Normale,Buona,Ore Diurne,0,0,0,3,12.6024,41.8359,-1,1,Autovettura privata,In marcia / fermata / arresto,Passeggero,F,Illeso,0,,Non accertato,Inesploso,
3945522,10,05/08/2018 20:30:00,Strada Urbana,VIA TUSCOLANA,da specificare,,,,altezza via Gasperina direzione Frascati,Tamponamento,Rettilineo,Una carreggiata a senso unico di marcia,Asciutto,Asfaltata,Verticale ed orizzontale,Sereno,Normale,Buona,Ore Diurne,0,0,0,3,12.6024,41.8359,-1,2,Autovettura privata,In marcia / fermata / arresto,Conducente,F,Illeso,0,,Non accertato,Inesploso,
3945523,9,03/08/2018 19:20:00,Strada Urbana,VIA APPIA NUOVA,da specificare,,,,FR. CIV. 520,Tamponamento,Rettilineo,Due carreggiate,Bagnato (pioggia),Asfaltata,Verticale ed orizzontale,Pioggia in atto,Normale,Buona,Ore Diurne,0,0,0,4,12.5599,41.8264,-1,1,Autovettura privata,In marcia / fermata / arresto,Conducente,M,Illeso,0,,Non accertato,Inesploso,
3945523,9,03/08/2018 19:20:00,Strada Urbana,VIA APPIA NUOVA,da specificare,,,,FR. CIV. 520,Tamponamento,Rettilineo,Due carreggiate,Bagnato (pioggia),Asfaltata,Verticale ed orizzontale,Pioggia in atto,Normale,Buona,Ore Diurne,0,0,0,4,12.5599,41.8264,-1,1,Autovettura privata,In marcia / fermata / arresto,Passeggero,M,Illeso,0,,Non accertato,Inesploso,
3945523,9,03/08/2018 19:20:00,Strada Urbana,VIA APPIA NUOVA,da specificare,,,,FR. CIV. 520,Tamponamento,Rettilineo,Due carreggiate,Bagnato (pioggia),Asfaltata,Verticale ed orizzontale,Pioggia in atto,Normale,Buona,Ore Diurne,0,0,0,4,12.5599,41.8264,-1,1,Autovettura privata,In marcia / fermata / arresto,Passeggero,M,Illeso,0,,Non accertato,Inesploso,