Protocollo,Gruppo,DataOraIncidente,Localizzazione1,STRADA1,Localizzazione2,STRADA2,Strada02,Chilometrica,DaSpecificare,NaturaIncidente,particolaritastrade,TipoStrada,FondoStradale,Pavimentazione,Segnaletica,CondizioneAtmosferica,Traffico,Visibilita,Illuminazione,NUM_FERITI,NUM_RISERVATA,NUM_MORTI,NUM_ILLESI,Longitudine,Latitudine,Confermato,Progressivo,TipoVeicolo,StatoVeicolo,TipoPersona,Sesso,Tipolesione,Deceduto,DecedutoDopo,CinturaCascoUtilizzato,Airbag,
3945523,9,03/08/2018 19:20:00,Strada Urbana,VIA APPIA NUOVA,da specificare,,,,FR. CIV. 520,Tamponamento,Rettilineo,Due carreggiate,Bagnato (pioggia),Asfaltata,Verticale ed orizzontale,Pioggia in atto,Normale,Buona,Ore Diurne,0,0,0,4,12.5599,41.8264,-1,2,Autovettura di polizia,In marcia / fermata / arresto,Conducente,M,Illeso,0,,Non accertato,Inesploso,
3945527,6,06/08/2018 01:00:00,Strada Urbana,VIA CAIANELLO,all'intersezione con,VIA PORTICI,VIA PORTICI,,,Veicolo in marcia contro veicoli in sosta,Incrocio,Due carreggiate,Asciutto,Asfaltata,Orizzontale,Sereno,Scarso,Buona,Sufficiente,0,0,0,1,12.5437,41.8874,-1,1,Autovettura privata,In marcia / fermata / arresto,Conducente,M,Illeso,0,,Non accertato,Inesploso,
3945530,15,04/08/2018 23:50:00,Strada Urbana,VIA DI S. PANTALEO CAMPANO,in prossimit�,,del civico n.,11,,Veicolo in marcia contro veicoli in sosta,Rettilineo,Una carreggiata a senso unico di marcia,Asciutto,Asfaltata,Orizzontale,Sereno,Scarso,Buona,Sufficiente,0,0,0,2,12.437,41.853,-1,1,Macchina operatrice,In marcia / fermata / arresto,Conducente,F,Illeso,0,,Non accertato,Inesploso,
3945530,15,04/08/2018 23:50:00,Strada Urbana,VIA DI S. PANTALEO CAMPANO,in prossimit�,,del civico n.,11,,Veicolo in marcia contro veicoli in sosta,Rettilineo,Una carreggiata a senso unico di marcia,Asciutto,Asfaltata,Orizzontale,Sereno,Scarso,Buona,Sufficiente,0,0,0,2,12.437,41.853,-1,1,Macchina operatrice,In marcia / fermata / arresto,Passeggero,M,Illeso,0,,Non accertato,Inesploso,
3945531,11,05/08/2018 23:10:00,Strada Urbana,LARGO LEONARDO DA VINCI,in prossimit�,,del civico n.,19,,Investimento di pedone,Rettilineo,Una carreggiata a senso unico di marcia,Asciutto,Asfaltata,Verticale ed orizzontale,Sereno,Scarso,Buona,Sufficiente,3,0,0,1,12.4808,41.8568,-1,,,,Pedone,M,Rimandato,0,NON DECEDUTO,,,
3945531,11,05/08/2018 23:10:00,Strada Urbana,LARGO LEONARDO DA VINCI,in prossimit�,,del civico n.,19,,Investimento di pedone,Rettilineo,Una carreggiata a senso unico di marcia,Asciutto,Asfaltata,Verticale ed orizzontale,Sereno,Scarso,Buona,Sufficiente,3,0,0,1,12.4808,41.8568,-1,,,,Pedone,F,Rimandato,0,NON DECEDUTO,,,
3945531,11,05/08/2018 23:10:00,Strada Urbana,LARGO LEONARDO DA VINCI,in prossimit�,,del civico n.,19,,Investimento di pedone,Rettilineo,Una carreggiata a senso unico di marcia,Asciutto,Asfaltata,Verticale ed orizzontale,Sereno,Scarso,Buona,Sufficiente,3,0,0,1,12.4808,41.8568,-1,1,Autovettura privata,In marcia / fermata / arresto,Conducente,M,Illeso,0,,Non accertato,,
3945531,11,05/08/2018 23:10:00,Strada Urbana,LARGO LEONARDO DA VINCI,in prossimit�,,del civico n.,19,,Investimento di pedone,Rettilineo,Una carreggiata a senso unico di marcia,Asciutto,Asfaltata,Verticale ed orizzontale,Sereno,Scarso,Buona,Sufficiente,3,0,0,1,12.4808,41.8568,-1,1,Autovettura privata,In marcia / fermata / arresto,Passeggero,F,Rifiuta cure immediate,0,NON DECEDUTO,,,
3945536,10,06/08/2018 02:45:00,Strada Urbana,VIA DEL QUADRARO,all'intersezione semaforizzata con,VIA APPIA NUOVA,VIA APPIA NUOVA,,,Veicolo in marcia contro ostacolo fisso,Incrocio,Una carreggiata a senso unico di marcia,Asciutto,Asfaltata,Verticale ed orizzontale,Sereno,Scarso,Buona,Sufficiente,4,0,0,0,12.5495,41.8506,-1,1,Autovettura privata,In marcia / fermata / arresto,Conducente,F,Rifiuta cure immediate,0,NON DECEDUTO,Non accertato,Inesploso,
3945536,10,06/08/2018 02:45:00,Strada Urbana,VIA DEL QUADRARO,all'intersezione semaforizzata con,VIA APPIA NUOVA,VIA APPIA NUOVA,,,Veicolo in marcia contro ostacolo fisso,Incrocio,Una carreggiata a senso unico di marcia,Asciutto,Asfaltata,Verticale ed orizzontale,Sereno,Scarso,Buona,Sufficiente,4,0,0,0,12.5495,41.8506,-1,1,Autovettura privata,In marcia / fermata / arresto,Passeggero,F,Rifiuta cure immediate,0,NON DECEDUTO,Non accertato,Inesploso,
3945536,10,06/08/2018 02:45:00,Strada Urbana,VIA DEL QUADRARO,all'intersezione semaforizzata con,VIA APPIA NUOVA,VIA APPIA NUOVA,,,Veicolo in marcia contro ostacolo fisso,Incrocio,Una carreggiata a senso unico di marcia,Asciutto,Asfaltata,Verticale ed orizzontale,Sereno,Scarso,Buona,Sufficiente,4,0,0,0,12.5495,41.8506,-1,1,Autovettura privata,In marcia / fermata / arresto,Passeggero,M,Rifiuta cure immediate,0,NON DECEDUTO,Non accertato,Inesploso,
3945536,10,06/08/2018 02:45:00,Strada Urbana,VIA DEL QUADRARO,all'intersezione semaforizzata con,VIA APPIA NUOVA,VIA APPIA NUOVA,,,Veicolo in marcia contro ostacolo fisso,Incrocio,Una carreggiata a senso unico di marcia,Asciutto,Asfaltata,Verticale ed orizzontale,Sereno,Scarso,Buona,Sufficiente,4,0,0,0,12.5495,41.8506,-1,1,Autovettura privata,In marcia / fermata / arresto,Passeggero,M,Rifiuta cure immediate,0,NON DECEDUTO,Non accertato,Inesploso,
3945537,9,03/08/2018 18:40:00,,VIA APPIA NUOVA,da specificare,,,,FR. CIV. 76,Veicolo in marcia contro veicolo in sosta,,,,,,,,,,0,0,0,1,12.5599,41.8264,0,1,Autovettura privata,In marcia / fermata / arresto,Conducente,F,Illeso,0,,,,
3945541,7,04/08/2018 06:35:00,Strada Urbana,VIALE PALMIRO TOGLIATTI,all'intersezione semaforizzata con,VIA DEI MELI,VIA DEI MELI,,,Scontro frontale/laterale SX fra veicoli in marcia,Intersezione semaforizzata,Due carreggiate,Asciutto,Asfaltata,Verticale ed orizzontale,Sereno,Normale,Buona,Ore Diurne,1,0,0,1,12.5733,41.8808,-1,1,Autocarro inferiore 35 q.,In marcia / fermata / arresto,Conducente,M,Illeso,0,,Non accertato,Inesploso,
3945541,7,04/08/2018 06:35:00,Strada Urbana,VIALE PALMIRO TOGLIATTI,all'intersezione semaforizzata con,VIA DEI MELI,VIA DEI MELI,,,Scontro frontale/laterale SX fra veicoli in marcia,Intersezione semaforizzata,Due carreggiate,Asciutto,Asfaltata,Verticale ed orizzontale,Sereno,Normale,Buona,Ore Diurne,1,0,0,1,12.5733,41.8808,-1,2,Autovettura privata,In marcia / fermata / arresto,Conducente,M,Rimandato,0,NON DECEDUTO,Non accertato,Inesploso,
3945571,9,05/08/2018 11:55:00,Strada Urbana,VIA TERNI,all'intersezione con,VIA ORVIETO,VIA ORVIETO,,,Scontro frontale/laterale DX fra veicoli in marcia,Incrocio,Una carreggiata a doppio senso,Asciutto,Asfaltata,Verticale,Sereno,Scarso,Buona,Ore Diurne,0,0,0,2,12.5187,41.8852,-1,1,Autovettura privata,In marcia / fermata / arresto,Conducente,M,Illeso,0,,Non accertato,Inesploso,
3945571,9,05/08/2018 11:55:00,Strada Urbana,VIA TERNI,all'intersezione con,VIA ORVIETO,VIA ORVIETO,,,Scontro frontale/laterale DX fra veicoli in marcia,Incrocio,Una carreggiata a doppio senso,Asciutto,Asfaltata,Verticale,Sereno,Scarso,Buona,Ore Diurne,0,0,0,2,12.5187,41.8852,-1,2,Autovettura privata,In marcia / fermata / arresto,Conducente,M,Illeso,0,,Non accertato,Inesploso,
3945572,15,04/08/2018 23:10:00,Strada Urbana,VIA ENRICO FERMI,all'intersezione semaforizzata con,VIA FRANCESCO GRIMALDI,VIA FRANCESCO GRIMALDI,,,Scontro frontale/laterale DX fra veicoli in marcia,Incrocio,Una carreggiata a senso unico di marcia,Asciutto,Asfaltata,Verticale ed orizzontale,Sereno,Scarso,Buona,Sufficiente,0,0,0,4,12.4725,41.8648,-1,1,Autoambulanza,In marcia / fermata / arresto,Conducente,M,Illeso,0,,Non accertato,,
3945572,15,04/08/2018 23:10:00,Strada Urbana,VIA ENRICO FERMI,all'intersezione semaforizzata con,VIA FRANCESCO GRIMALDI,VIA FRANCESCO GRIMALDI,,,Scontro frontale/laterale DX fra veicoli in marcia,Incrocio,Una carreggiata a senso unico di marcia,Asciutto,Asfaltata,Verticale ed orizzontale,Sereno,Scarso,Buona,Sufficiente,0,0,0,4,12.4725,41.8648,-1,1,Autoambulanza,In marcia / fermata / arresto,Passeggero,M,Illeso,0,,Non accertato,,
3945572,15,04/08/2018 23:10:00,Strada Urbana,VIA ENRICO FERMI,all'intersezione semaforizzata con,VIA FRANCESCO GRIMALDI,VIA FRANCESCO GRIMALDI,,,Scontro frontale/laterale DX fra veicoli in marcia,Incrocio,Una carreggiata a senso unico di marcia,Asciutto,Asfaltata,Verticale ed orizzontale,Sereno,Scarso,Buona,Sufficiente,0,0,0,4,12.4725,41.8648,-1,1,Autoambulanza,In marcia / fermata / arresto,Passeggero,M,Illeso,0,,Non accertato,,
3945572,15,04/08/2018 23:10:00,Strada Urbana,VIA ENRICO FERMI,all'intersezione semaforizzata con,VIA FRANCESCO GRIMALDI,VIA FRANCESCO GRIMALDI,,,Scontro frontale/laterale DX fra veicoli in marcia,Incrocio,Una carreggiata a senso unico di marcia,Asciutto,Asfaltata,Verticale ed orizzontale,Sereno,Scarso,Buona,Sufficiente,0,0,0,4,12.4725,41.8648,-1,1,Autoambulanza,In marcia / fermata / arresto,Passeggero,F,Illeso,0,,Non accertato,,
3945582,15,04/08/2018 09:15:00,Strada Urbana,LARGO CASTEL DEL PIANO,da specificare,,,,fronte civ. 13,Scontro frontale/laterale SX fra veicoli in marcia,Rettilineo,Una carreggiata a doppio senso,Asciutto,Asfaltata,Orizzontale,Sereno,Normale,Buona,Ore Diurne,0,0,0,2,12.4629,41.8482,-1,1,Autocarro inferiore 35 q.,In marcia / fermata / arresto,Conducente,M,Illeso,0,,Utilizzato,Inesploso,
3945582,15,04/08/2018 09:15:00,Strada Urbana,LARGO CASTEL DEL PIANO,da specificare,,,,fronte civ. 13,Scontro frontale/laterale SX fra veicoli in marcia,Rettilineo,Una carreggiata a doppio senso,Asciutto,Asfaltata,Orizzontale,Sereno,Normale,Buona,Ore Diurne,0,0,0,2,12.4629,41.8482,-1,2,Autovettura privata,In marcia / fermata / arresto,Conducente,M,Illeso,0,,Utilizzato,Inesploso,
3945587,5,03/08/2018 18:30:00,Strada Urbana,VIA DEI MONTI TIBURTINI,da specificare,,,,f.c. 560,Tamponamento,Rettilineo,Due carreggiate,Bagnato (pioggia),Asfaltata,Orizzontale,Pioggia in atto,Normale,Buona,Ore Diurne,0,0,0,3,12.5462,41.9159,-1,1,Autovettura privata,In marcia / fermata / arresto,Conducente,F,Illeso,0,,Non accertato,Inesploso,
3945587,5,03/08/2018 18:30:00,Strada Urbana,VIA DEI MONTI TIBURTINI,da specificare,,,,f.c. 560,Tamponamento,Rettilineo,Due carreggiate,Bagnato (pioggia),Asfaltata,Orizzontale,Pioggia in atto,Normale,Buona,Ore Diurne,0,0,0,3,12.5462,41.9159,-1,1,Autovettura privata,In marcia / fermata / arresto,Passeggero,F,Illeso,0,,Non accertato,Inesploso,
3945587,5,03/08/2018 18:30:00,Strada Urbana,VIA DEI MONTI TIBURTINI,da specificare,,,,f.c. 560,Tamponamento,Rettilineo,Due carreggiate,Bagnato (pioggia),Asfaltata,Orizzontale,Pioggia in atto,Normale,Buona,Ore Diurne,0,0,0,3,12.5462,41.9159,-1,2,Autovettura privata,In marcia / fermata / arresto,Conducente,M,Illeso,0,,Non accertato,Inesploso,
3945590,8,05/08/2018 17:40:00,Strada Urbana,VIA COLLATINA,da specificare,,,,interno area parcheggio CC.  Roma est,Scontro frontale/laterale DX fra veicoli in marcia,Rettilineo,Una carreggiata a senso unico di marcia,Asciutto,Asfaltata,Verticale ed orizzontale,Sereno,Normale,Buona,Ore Diurne,0,0,0,6,12.6661,41.9223,-1,1,Autovettura privata,In marcia / fermata / arresto,Conducente,F,Illeso,0,,,,
3945590,8,05/08/2018 17:40:00,Strada Urbana,VIA COLLATINA,da specificare,,,,interno area parcheggio CC.  Roma est,Scontro frontale/laterale DX fra veicoli in marcia,Rettilineo,Una carreggiata a senso unico di marcia,Asciutto,Asfaltata,Verticale ed orizzontale,Sereno,Normale,Buona,Ore Diurne,0,0,0,6,12.6661,41.9223,-1,1,Autovettura privata,In marcia / fermata / arresto,Passeggero,F,Illeso,0,,,,
3945590,8,05/08/2018 17:40:00,Strada Urbana,VIA COLLATINA,da specificare,,,,interno area parcheggio CC.  Roma est,Scontro frontale/laterale DX fra veicoli in marcia,Rettilineo,Una carreggiata a senso unico di marcia,Asciutto,Asfaltata,Verticale ed orizzontale,Sereno,Normale,Buona,Ore Diurne,0,0,0,6,12.6661,41.9223,-1,1,Autovettura privata,In marcia / fermata / arresto,Passeggero,M,Illeso,0,,,,
3945590,8,05/08/2018 17:40:00,Strada Urbana,VIA COLLATINA,da specificare,,,,interno area parcheggio CC.  Roma est,Scontro frontale/laterale DX fra veicoli in marcia,Rettilineo,Una carreggiata a senso unico di marcia,Asciutto,Asfaltata,Verticale ed orizzontale,Sereno,Normale,Buona,Ore Diurne,0,0,0,6,12.6661,41.9223,-1,2,Autovettura privata,In marcia / fermata / arresto,Conducente,F,Illeso,0,,,,
3945590,8,05/08/2018 17:40:00,Strada Urbana,VIA COLLATINA,da specificare,,,,interno area parcheggio CC.  Roma est,Scontro frontale/laterale DX fra veicoli in marcia,Rettilineo,Una carreggiata a senso unico di marcia,Asciutto,Asfaltata,Verticale ed orizzontale,Sereno,Normale,Buona,Ore Diurne,0,0,0,6,12.6661,41.9223,-1,2,Autovettura privata,In marcia / fermata / arresto,Passeggero,F,Illeso,0,,,,
3945590,8,05/08/2018 17:40:00,Strada Urbana,VIA COLLATINA,da specificare,,,,interno area parcheggio CC.  Roma est,Scontro frontale/laterale DX fra veicoli in marcia,Rettilineo,Una carreggiata a senso unico di marcia,Asciutto,Asfaltata,Verticale ed orizzontale,Sereno,Normale,Buona,Ore Diurne,0,0,0,6,12.6661,41.9223,-1,2,Autovettura privata,In marcia / fermata / arresto,Passeggero,F,Illeso,0,,,,
3945591,9,05/08/2018 16:25:00,Strada Urbana,VIA TOMMASO FORTIFIOCCA,all'intersezione con,VIA CARLO DENINA,VIA CARLO DENINA,,,Scontro frontale/laterale SX fra veicoli in marcia,Incrocio,Una carreggiata a doppio senso,Asciutto,Asfaltata,Verticale,Sereno,Scarso,Buona,Ore Diurne,1,0,0,4,12.5233,41.8701,-1,1,Autovettura privata,In marcia / fermata / arresto,Conducente,M,Illeso,0,,Non accertato,Inesploso,
3945591,9,05/08/2018 16:25:00,Strada Urbana,VIA TOMMASO FORTIFIOCCA,all'intersezione con,VIA CARLO DENINA,VIA CARLO DENINA,,,Scontro frontale/laterale SX fra veicoli in marcia,Incrocio,Una carreggiata a doppio senso,Asciutto,Asfaltata,Verticale,Sereno,Scarso,Buona,Ore Diurne,1,0,0,4,12.5233,41.8701,-1,1,Autovettura privata,In marcia / fermata / arresto,Passeggero,F,Illeso,0,,Non accertato,Inesploso,
3945591,9,05/08/2018 16:25:00,Strada Urbana,VIA TOMMASO FORTIFIOCCA,all'intersezione con,VIA CARLO DENINA,VIA CARLO DENINA,,,Scontro frontale/laterale SX fra veicoli in marcia,Incrocio,Una carreggiata a doppio senso,Asciutto,Asfaltata,Verticale,Sereno,Scarso,Buona,Ore Diurne,1,0,0,4,12.5233,41.8701,-1,2,Autovettura privata,In marcia / fermata / arresto,Conducente,M,Illeso,0,,Non accertato,Inesploso,
3945591,9,05/08/2018 16:25:00,Strada Urbana,VIA TOMMASO FORTIFIOCCA,all'intersezione con,VIA CARLO DENINA,VIA CARLO DENINA,,,Scontro frontale/laterale SX fra veicoli in marcia,Incrocio,Una carreggiata a doppio senso,Asciutto,Asfaltata,Verticale,Sereno,Scarso,Buona,Ore Diurne,1,0,0,4,12.5233,41.8701,-1,2,Autovettura privata,In marcia / fermata / arresto,Passeggero,F,Illeso,0,,Non accertato,Inesploso,
3945591,9,05/08/2018 16:25:00,Strada Urbana,VIA TOMMASO FORTIFIOCCA,all'intersezione con,VIA CARLO DENINA,VIA CARLO DENINA,,,Scontro frontale/laterale SX fra veicoli in marcia,Incrocio,Una carreggiata a doppio senso,Asciutto,Asfaltata,Verticale,Sereno,Scarso,Buona,Ore Diurne,1,0,0,4,12.5233,41.8701,-1,2,Autovettura privata,In marcia / fermata / arresto,Passeggero,F,Rimandato,0,NON DECEDUTO,Non accertato,Inesploso,
3945594,8,05/08/2018 15:40:00,Statale entro l'abitato,VIA CASILINA,all'intersezione con,VIA SICULIANA,VIA SICULIANA,,,Scontro laterale fra veicoli in marcia,Incrocio,Una carreggiata a doppio senso,Asciutto,Asfaltata,Verticale ed orizzontale,Sereno,Normale,Buona,Ore Diurne,0,0,0,4,12.6617,41.8644,-1,1,Autovettura privata,In marcia / fermata / arresto,Conducente,M,Illeso,0,,Non accertato,Inesploso,
3945594,8,05/08/2018 15:40:00,Statale entro l'abitato,VIA CASILINA,all'intersezione con,VIA SICULIANA,VIA SICULIANA,,,Scontro laterale fra veicoli in marcia,Incrocio,Una carreggiata a doppio senso,Asciutto,Asfaltata,Verticale ed orizzontale,Sereno,Normale,Buona,Ore Diurne,0,0,0,4,12.6617,41.8644,-1,1,Autovettura privata,In marcia / fermata / arresto,Passeggero,F,Illeso,0,,Non accertato,Inesploso,
3945594,8,05/08/2018 15:40:00,Statale entro l'abitato,VIA CASILINA,all'intersezione con,VIA SICULIANA,VIA SICULIANA,,,Scontro laterale fra veicoli in marcia,Incrocio,Una carreggiata a doppio senso,Asciutto,Asfaltata,Verticale ed orizzontale,Sereno,Normale,Buona,Ore Diurne,0,0,0,4,12.6617,41.8644,-1,2,Autovettura privata,In marcia / fermata / arresto,Conducente,M,Illeso,0,,Non accertato,Inesploso,
3945594,8,05/08/2018 15:40:00,Statale entro l'abitato,VIA CASILINA,all'intersezione con,VIA SICULIANA,VIA SICULIANA,,,Scontro laterale fra veicoli in marcia,Incrocio,Una carreggiata a doppio senso,Asciutto,Asfaltata,Verticale ed orizzontale,Sereno,Normale,Buona,Ore Diurne,0,0,0,4,12.6617,41.8644,-1,2,Autovettura privata,In marcia / fermata / arresto,Passeggero,M,Illeso,0,,Non accertato,Inesploso,
3945595,7,04/08/2018 15:55:00,Strada Urbana,VIA PRENESTINA,all'intersezione con,RAMPA G.R.A. CARREGGIATA ESTERNA,RAMPA G.R.A. CARREGGIATA ESTERNA,,,Scontro frontale/laterale SX fra veicoli in marcia,Incrocio,Una carreggiata a doppio senso,Bagnato (pioggia),Asfaltata,Verticale ed orizzontale,Pioggia in atto,Normale,Sufficiente,Ore Diurne,1,0,0,2,12.6153,41.8933,-1,1,Motociclo a solo,In marcia / fermata / arresto,Conducente,M,Rimandato,0,NON DECEDUTO,Non accertato,,
3945595,7,04/08/2018 15:55:00,Strada Urbana,VIA PRENESTINA,all'intersezione con,RAMPA G.R.A. CARREGGIATA ESTERNA,RAMPA G.R.A. CARREGGIATA ESTERNA,,,Scontro frontale/laterale SX fra veicoli in marcia,Incrocio,Una carreggiata a doppio senso,Bagnato (pioggia),Asfaltata,Verticale ed orizzontale,Pioggia in atto,Normale,Sufficiente,Ore Diurne,1,0,0,2,12.6153,41.8933,-1,2,Autovettura privata,In marcia / fermata / arresto,Conducente,M,Illeso,0,,Non accertato,Inesploso,
3945595,7,04/08/2018 15:55:00,Strada Urbana,VIA PRENESTINA,all'intersezione con,RAMPA G.R.A. CARREGGIATA ESTERNA,RAMPA G.R.A. CARREGGIATA ESTERNA,,,Scontro frontale/laterale SX fra veicoli in marcia,Incrocio,Una carreggiata a doppio senso,Bagnato (pioggia),Asfaltata,Verticale ed orizzontale,Pioggia in atto,Normale,Sufficiente,Ore Diurne,1,0,0,2,12.6153,41.8933,-1,2,Autovettura privata,In marcia / fermata / arresto,Passeggero,F,Illeso,0,,Non accertato,Inesploso,
3945596,15,04/08/2018 18:00:00,Strada Urbana,VIA PORTUENSE,da specificare,,,,cavalcavia alt. V.le Newton dir. Fiumicino,Scontro laterale fra veicoli in marcia,Rettilineo,Una carreggiata a senso unico di marcia,Asciutto,Asfaltata,Orizzontale,Nuvoloso,Scarso,Sufficiente,Ore Diurne,1,0,0,1,12.414,41.847,0,1,Autovettura privata,In marcia / fermata / arresto,Conducente,M,Illeso,0,,Utilizzato,Inesploso,
3945596,15,04/08/2018 18:00:00,Strada Urbana,VIA PORTUENSE,da specificare,,,,cavalcavia alt. V.le Newton dir. Fiumicino,Scontro laterale fra veicoli in marcia,Rettilineo,Una carreggiata a senso unico di marcia,Asciutto,Asfaltata,Orizzontale,Nuvoloso,Scarso,Sufficiente,Ore Diurne,1,0,0,1,12.414,41.847,0,2,Autovettura privata,In marcia / fermata / arresto,Conducente,M,Rifiuta cure immediate,0,NON DECEDUTO,,,
3945597,5,04/08/2018 14:40:00,Strada Urbana,VIALE ALTIERO SPINELLI,da specificare,,,,prossimit� Civ. 35,Scontro frontale/laterale SX fra veicoli in marcia,Rettilineo,Due carreggiate,Asciutto,Asfaltata,Verticale ed orizzontale,Nuvoloso,Scarso,Buona,Ore Diurne,0,0,0,3,12.5331,41.9105,-1,1,Autovettura privata,In marcia / fermata / arresto,Conducente,M,Illeso,0,,Non accertato,,
3945597,5,04/08/2018 14:40:00,Strada Urbana,VIALE ALTIERO SPINELLI,da specificare,,,,prossimit� Civ. 35,Scontro frontale/laterale SX fra veicoli in marcia,Rettilineo,Due carreggiate,Asciutto,Asfaltata,Verticale ed orizzontale,Nuvoloso,Scarso,Buona,Ore Diurne,0,0,0,3,12.5331,41.9105,-1,1,Autovettura privata,In marcia / fermata / arresto,Passeggero,F,Illeso,0,,Non accertato,,
3945597,5,04/08/2018 14:40:00,Strada Urbana,VIALE ALTIERO SPINELLI,da specificare,,,,prossimit� Civ. 35,Scontro frontale/laterale SX fra veicoli in marcia,Rettilineo,Due carreggiate,Asciutto,Asfaltata,Verticale ed orizzontale,Nuvoloso,Scarso,Buona,Ore Diurne,0,0,0,3,12.5331,41.9105,-1,2,Autovettura privata,In marcia / fermata / arresto,Conducente,M,Illeso,0,,Non accertato,,
3945603,17,02/08/2018 13:10:00,Strada Urbana,VIA DEGLI SCIPIONI,all'intersezione con,VIA DUILIO,VIA DUILIO,,,Scontro frontale/laterale DX fra veicoli in marcia,Intersezione stradale segnalata,Una carreggiata a senso unico di marcia,Asciutto,Asfaltata,Verticale ed orizzontale,Sereno,Scarso,Buona,Ore Diurne,1,0,0,6,12.4642,41.9101,-1,1,Autovettura privata,In marcia / fermata / arresto,Conducente,M,Illeso,0,,,,
3945603,17,02/08/2018 13:10:00,Strada Urbana,VIA DEGLI SCIPIONI,all'intersezione con,VIA DUILIO,VIA DUILIO,,,Scontro frontale/laterale DX fra veicoli in marcia,Intersezione stradale segnalata,Una carreggiata a senso unico di marcia,Asciutto,Asfaltata,Verticale ed orizzontale,Sereno,Scarso,Buona,Ore Diurne,1,0,0,6,12.4642,41.9101,-1,1,Autovettura privata,In marcia / fermata / arresto,Passeggero,M,Illeso,0,,,,
3945603,17,02/08/2018 13:10:00,Strada Urbana,VIA DEGLI SCIPIONI,all'intersezione con,VIA DUILIO,VIA DUILIO,,,Scontro frontale/laterale DX fra veicoli in marcia,Intersezione stradale segnalata,Una carreggiata a senso unico di marcia,Asciutto,Asfaltata,Verticale ed orizzontale,Sereno,Scarso,Buona,Ore Diurne,1,0,0,6,12.4642,41.9101,-1,2,Autovettura pubblica,In marcia / fermata / arresto,Conducente,M,Illeso,0,,,,
3945603,17,02/08/2018 13:10:00,Strada Urbana,VIA DEGLI SCIPIONI,all'intersezione con,VIA DUILIO,VIA DUILIO,,,Scontro frontale/laterale DX fra veicoli in marcia,Intersezione stradale segnalata,Una carreggiata a senso unico di marcia,Asciutto,Asfaltata,Verticale ed orizzontale,Sereno,Scarso,Buona,Ore Diurne,1,0,0,6,12.4642,41.9101,-1,2,Autovettura pubblica,In marcia / fermata / arresto,Passeggero,M,Illeso,0,,,,
3945603,17,02/08/2018 13:10:00,Strada Urbana,VIA DEGLI SCIPIONI,all'intersezione con,VIA DUILIO,VIA DUILIO,,,Scontro frontale/laterale DX fra veicoli in marcia,Intersezione stradale segnalata,Una carreggiata a senso unico di marcia,Asciutto,Asfaltata,Verticale ed orizzontale,Sereno,Scarso,Buona,Ore Diurne,1,0,0,6,12.4642,41.9101,-1,2,Autovettura pubblica,In marcia / fermata / arresto,Passeggero,F,Illeso,0,,,,
3945603,17,02/08/2018 13:10:00,Strada Urbana,VIA DEGLI SCIPIONI,all'intersezione con,VIA DUILIO,VIA DUILIO,,,Scontro frontale/laterale DX fra veicoli in marcia,Intersezione stradale segnalata,Una carreggiata a senso unico di marcia,Asciutto,Asfaltata,Verticale ed orizzontale,Sereno,Scarso,Buona,Ore Diurne,1,0,0,6,12.4642,41.9101,-1,2,Autovettura pubblica,In marcia / fermata / arresto,Passeggero,M,Illeso,0,,,,
3945603,17,02/08/2018 13:10:00,Strada Urbana,VIA DEGLI SCIPIONI,all'intersezione con,VIA DUILIO,VIA DUILIO,,,Scontro frontale/laterale DX fra veicoli in marcia,Intersezione stradale segnalata,Una carreggiata a senso unico di marcia,Asciutto,Asfaltata,Verticale ed orizzontale,Sereno,Scarso,Buona,Ore Diurne,1,0,0,6,12.4642,41.9101,-1,2,Autovettura pubblica,In marcia / fermata / arresto,Passeggero,M,Rimandato,0,NON DECEDUTO,,,
3945607,9,05/08/2018 22:00:00,Strada Urbana,PIAZZA DI PONTE LUNGO,da specificare,,,,prossimit� distributore ERG,Scontro laterale fra veicoli in marcia,Rettilineo,Pi� di due carreggiate,Asciutto,Asfaltata,Verticale ed orizzontale,Sereno,Scarso,Buona,Sufficiente,0,0,0,3,12.5189,41.8776,-1,1,Autovettura di polizia,In marcia / fermata / arresto,Conducente,F,Illeso,0,,Non accertato,Inesploso,
3945607,9,05/08/2018 22:00:00,Strada Urbana,PIAZZA DI PONTE LUNGO,da specificare,,,,prossimit� distributore ERG,Scontro laterale fra veicoli in marcia,Rettilineo,Pi� di due carreggiate,Asciutto,Asfaltata,Verticale ed orizzontale,Sereno,Scarso,Buona,Sufficiente,0,0,0,3,12.5189,41.8776,-1,1,Autovettura di polizia,In marcia / fermata / arresto,Passeggero,M,Illeso,0,,Non accertato,Inesploso,
3945607,9,05/08/2018 22:00:00,Strada Urbana,PIAZZA DI PONTE LUNGO,da specificare,,,,prossimit� distributore ERG,Scontro laterale fra veicoli in marcia,Rettilineo,Pi� di due carreggiate,Asciutto,Asfaltata,Verticale ed orizzontale,Sereno,Scarso,Buona,Sufficiente,0,0,0,3,12.5189,41.8776,-1,2,Autovettura privata,In marcia / fermata / arresto,Conducente,M,Illeso,0,,Non accertato,Inesploso,