Protocollo,Gruppo,DataOraIncidente,Localizzazione1,STRADA1,Localizzazione2,STRADA2,Strada02,Chilometrica,DaSpecificare,NaturaIncidente,particolaritastrade,TipoStrada,FondoStradale,Pavimentazione,Segnaletica,CondizioneAtmosferica,Traffico,Visibilita,Illuminazione,NUM_FERITI,NUM_RISERVATA,NUM_MORTI,NUM_ILLESI,Longitudine,Latitudine,Confermato,Progressivo,TipoVeicolo,StatoVeicolo,TipoPersona,Sesso,Tipolesione,Deceduto,DecedutoDopo,CinturaCascoUtilizzato,Airbag,
3945614,19,03/08/2018 15:30:00,Strada Urbana,VIA TORRESINA,all'intersezione con,VIA DEL PODERE FIUME,VIA DEL PODERE FIUME,,,Scontro frontale/laterale DX fra veicoli in marcia,Incrocio,Una carreggiata a doppio senso,Bagnato (pioggia),Asfaltata,Verticale ed orizzontale,Pioggia in atto,Normale,Buona,Ore Diurne,0,0,0,2,12.4017,41.9313,-1,1,Motociclo a solo,In marcia / fermata / arresto,Conducente,M,Illeso,0,,Non accertato,,
3945614,19,03/08/2018 15:30:00,Strada Urbana,VIA TORRESINA,all'intersezione con,VIA DEL PODERE FIUME,VIA DEL PODERE FIUME,,,Scontro frontale/laterale DX fra veicoli in marcia,Incrocio,Una carreggiata a doppio senso,Bagnato (pioggia),Asfaltata,Verticale ed orizzontale,Pioggia in atto,Normale,Buona,Ore Diurne,0,0,0,2,12.4017,41.9313,-1,2,Autovettura privata,In marcia / fermata / arresto,Conducente,F,Illeso,0,,Non accertato,Inesploso,
3945621,5,04/08/2018 18:15:00,Strada Urbana,VIA NOMENTUM,all'intersezione con,VIA CRUSTUMERIUM,VIA CRUSTUMERIUM,,,Scontro frontale/laterale SX fra veicoli in marcia,Incrocio,Una carreggiata a doppio senso,Asciutto,Asfaltata,Verticale ed orizzontale,Nuvoloso,Scarso,Buona,Ore Diurne,0,0,0,3,12.5999,41.9425,-1,1,Autovettura privata,In marcia / fermata / arresto,Conducente,F,Illeso,0,,Non accertato,Inesploso,
3945621,5,04/08/2018 18:15:00,Strada Urbana,VIA NOMENTUM,all'intersezione con,VIA CRUSTUMERIUM,VIA CRUSTUMERIUM,,,Scontro frontale/laterale SX fra veicoli in marcia,Incrocio,Una carreggiata a doppio senso,Asciutto,Asfaltata,Verticale ed orizzontale,Nuvoloso,Scarso,Buona,Ore Diurne,0,0,0,3,12.5999,41.9425,-1,1,Autovettura privata,In marcia / fermata / arresto,Passeggero,F,Illeso,0,,Non accertato,Inesploso,
3945621,5,04/08/2018 18:15:00,Strada Urbana,VIA NOMENTUM,all'intersezione con,VIA CRUSTUMERIUM,VIA CRUSTUMERIUM,,,Scontro frontale/laterale SX fra veicoli in marcia,Incrocio,Una carreggiata a doppio senso,Asciutto,Asfaltata,Verticale ed orizzontale,Nuvoloso,Scarso,Buona,Ore Diurne,0,0,0,3,12.5999,41.9425,-1,2,Autovettura privata,In marcia / fermata / arresto,Conducente,M,Illeso,0,,Non accertato,Inesploso,
3945631,5,04/08/2018 19:10:00,Strada Urbana,VIA DI CASAL BIANCO,in prossimit�,,del civico n.,86/88,,Investimento di pedone,Rettilineo,Una carreggiata a doppio senso,Bagnato (pioggia),Asfaltata,Verticale ed orizzontale,Nuvoloso,Normale,Buona,Ore Diurne,0,0,0,2,12.6253,41.9395,-1,,,,Pedone,M,Illeso,0,,,,
3945631,5,04/08/2018 19:10:00,Strada Urbana,VIA DI CASAL BIANCO,in prossimit�,,del civico n.,86/88,,Investimento di pedone,Rettilineo,Una carreggiata a doppio senso,Bagnato (pioggia),Asfaltata,Verticale ed orizzontale,Nuvoloso,Normale,Buona,Ore Diurne,0,0,0,2,12.6253,41.9395,-1,1,Autovettura privata,In marcia / fermata / arresto,Conducente,M,Illeso,0,,Non accertato,Inesploso,
3945641,2,05/08/2018 17:50:00,Strada Urbana,VIALE LIBIA,in prossimit�,,del civico n.,5,,Veicolo in marcia contro veicolo fermo,Rettilineo,Una carreggiata a senso unico di marcia,Asciutto,Asfaltata,Verticale ed orizzontale,Sereno,Normale,Buona,Ore Diurne,0,0,0,2,12.5163,41.9296,-1,1,Autovettura privata,In marcia / fermata / arresto,Conducente,F,Illeso,0,,Non accertato,Inesploso,
3945641,2,05/08/2018 17:50:00,Strada Urbana,VIALE LIBIA,in prossimit�,,del civico n.,5,,Veicolo in marcia contro veicolo fermo,Rettilineo,Una carreggiata a senso unico di marcia,Asciutto,Asfaltata,Verticale ed orizzontale,Sereno,Normale,Buona,Ore Diurne,0,0,0,2,12.5163,41.9296,-1,1,Autovettura privata,In marcia / fermata / arresto,Passeggero,F,Illeso,0,,Non accertato,Inesploso,
3945642,5,05/08/2018 04:05:00,Strada Urbana,VIA TIBURTINA,in prossimit�,,del civico n.,1322,,Tamponamento Multiplo,Rettilineo,Due carreggiate,Asciutto,Asfaltata,Verticale ed orizzontale,Sereno,Scarso,Sufficiente,Sufficiente,0,0,0,8,12.616,41.9366,-1,1,Autovettura privata,In marcia / fermata / arresto,Conducente,M,Illeso,0,,Non accertato,,
3945642,5,05/08/2018 04:05:00,Strada Urbana,VIA TIBURTINA,in prossimit�,,del civico n.,1322,,Tamponamento Multiplo,Rettilineo,Due carreggiate,Asciutto,Asfaltata,Verticale ed orizzontale,Sereno,Scarso,Sufficiente,Sufficiente,0,0,0,8,12.616,41.9366,-1,2,Autovettura privata,In marcia / fermata / arresto,Conducente,M,Illeso,0,,Non accertato,,
3945642,5,05/08/2018 04:05:00,Strada Urbana,VIA TIBURTINA,in prossimit�,,del civico n.,1322,,Tamponamento Multiplo,Rettilineo,Due carreggiate,Asciutto,Asfaltata,Verticale ed orizzontale,Sereno,Scarso,Sufficiente,Sufficiente,0,0,0,8,12.616,41.9366,-1,3,Autovettura privata,In marcia / fermata / arresto,Conducente,M,Illeso,0,,Non accertato,,
3945642,5,05/08/2018 04:05:00,Strada Urbana,VIA TIBURTINA,in prossimit�,,del civico n.,1322,,Tamponamento Multiplo,Rettilineo,Due carreggiate,Asciutto,Asfaltata,Verticale ed orizzontale,Sereno,Scarso,Sufficiente,Sufficiente,0,0,0,8,12.616,41.9366,-1,3,Autovettura privata,In marcia / fermata / arresto,Passeggero,M,Illeso,0,,Non accertato,,
3945642,5,05/08/2018 04:05:00,Strada Urbana,VIA TIBURTINA,in prossimit�,,del civico n.,1322,,Tamponamento Multiplo,Rettilineo,Due carreggiate,Asciutto,Asfaltata,Verticale ed orizzontale,Sereno,Scarso,Sufficiente,Sufficiente,0,0,0,8,12.616,41.9366,-1,4,Autovettura privata,In marcia / fermata / arresto,Conducente,M,Illeso,0,,Non accertato,,
3945642,5,05/08/2018 04:05:00,Strada Urbana,VIA TIBURTINA,in prossimit�,,del civico n.,1322,,Tamponamento Multiplo,Rettilineo,Due carreggiate,Asciutto,Asfaltata,Verticale ed orizzontale,Sereno,Scarso,Sufficiente,Sufficiente,0,0,0,8,12.616,41.9366,-1,5,Autovettura privata,In marcia / fermata / arresto,Conducente,M,Illeso,0,,Non accertato,,
3945642,5,05/08/2018 04:05:00,Strada Urbana,VIA TIBURTINA,in prossimit�,,del civico n.,1322,,Tamponamento Multiplo,Rettilineo,Due carreggiate,Asciutto,Asfaltata,Verticale ed orizzontale,Sereno,Scarso,Sufficiente,Sufficiente,0,0,0,8,12.616,41.9366,-1,5,Autovettura privata,In marcia / fermata / arresto,Passeggero,F,Illeso,0,,Non accertato,,
3945642,5,05/08/2018 04:05:00,Strada Urbana,VIA TIBURTINA,in prossimit�,,del civico n.,1322,,Tamponamento Multiplo,Rettilineo,Due carreggiate,Asciutto,Asfaltata,Verticale ed orizzontale,Sereno,Scarso,Sufficiente,Sufficiente,0,0,0,8,12.616,41.9366,-1,5,Autovettura privata,In marcia / fermata / arresto,Passeggero,M,Illeso,0,,Non accertato,,
3945643,17,05/08/2018 14:00:00,Strada Urbana,VIA CRESCENZIO,da specificare,,,,in prossimit� di piazza del Risorgimento,Tamponamento Multiplo,Rettilineo,Una carreggiata a doppio senso,Asciutto,In cubetti di porfido,Verticale ed orizzontale,Sereno,Scarso,Buona,Ore Diurne,0,0,0,4,12.4591,41.9061,-1,1,Autovettura privata,In marcia / fermata / arresto,Conducente,M,Illeso,0,,,,
3945643,17,05/08/2018 14:00:00,Strada Urbana,VIA CRESCENZIO,da specificare,,,,in prossimit� di piazza del Risorgimento,Tamponamento Multiplo,Rettilineo,Una carreggiata a doppio senso,Asciutto,In cubetti di porfido,Verticale ed orizzontale,Sereno,Scarso,Buona,Ore Diurne,0,0,0,4,12.4591,41.9061,-1,1,Autovettura privata,In marcia / fermata / arresto,Passeggero,F,Illeso,0,,,,
3945643,17,05/08/2018 14:00:00,Strada Urbana,VIA CRESCENZIO,da specificare,,,,in prossimit� di piazza del Risorgimento,Tamponamento Multiplo,Rettilineo,Una carreggiata a doppio senso,Asciutto,In cubetti di porfido,Verticale ed orizzontale,Sereno,Scarso,Buona,Ore Diurne,0,0,0,4,12.4591,41.9061,-1,2,Autovettura privata,In marcia / fermata / arresto,Conducente,M,Illeso,0,,,,
3945643,17,05/08/2018 14:00:00,Strada Urbana,VIA CRESCENZIO,da specificare,,,,in prossimit� di piazza del Risorgimento,Tamponamento Multiplo,Rettilineo,Una carreggiata a doppio senso,Asciutto,In cubetti di porfido,Verticale ed orizzontale,Sereno,Scarso,Buona,Ore Diurne,0,0,0,4,12.4591,41.9061,-1,3,Autovettura privata,In marcia / fermata / arresto,Conducente,F,Illeso,0,,,,
3945647,19,03/08/2018 17:10:00,Strada Urbana,VIA DELLA STORTA,in corrispondenza,,del civico n.,34/36,,Veicolo in marcia contro ostacolo accidentale,Rettilineo,Una carreggiata a doppio senso,Bagnato (pioggia),Asfaltata,Orizzontale,Pioggia in atto,Normale,Buona,Ore Diurne,0,0,0,1,12.3516,41.931,-1,1,Autovettura privata,In marcia / fermata / arresto,Conducente,M,Illeso,0,,Non accertato,Inesploso,
3945649,5,05/08/2018 12:00:00,,VIA FABRIANO,da specificare,,,,pross. Via Del Casale Di S. Basilio,Tamponamento,,,,,,,,,,0,0,0,1,12.5808,41.9374,0,1,Autovettura privata,In marcia / fermata / arresto,Conducente,F,Illeso,0,,,,
3945652,4,05/08/2018 10:15:00,Statale entro l'abitato,VIA SALARIA,all'intersezione con,RACCORDO SALARIO SETTEBAGNI,RACCORDO SALARIO SETTEBAGNI,,,Scontro laterale fra veicoli in marcia,Incrocio,Una carreggiata a senso unico di marcia,Asciutto,Asfaltata,Verticale ed orizzontale,Sereno,Scarso,Buona,Ore Diurne,0,0,0,2,12.6805,42.1556,-1,1,Autovettura privata,In marcia / fermata / arresto,Conducente,M,Illeso,0,,,,
3945652,4,05/08/2018 10:15:00,Statale entro l'abitato,VIA SALARIA,all'intersezione con,RACCORDO SALARIO SETTEBAGNI,RACCORDO SALARIO SETTEBAGNI,,,Scontro laterale fra veicoli in marcia,Incrocio,Una carreggiata a senso unico di marcia,Asciutto,Asfaltata,Verticale ed orizzontale,Sereno,Scarso,Buona,Ore Diurne,0,0,0,2,12.6805,42.1556,-1,2,Autovettura privata,In marcia / fermata / arresto,Conducente,M,Illeso,0,,,,
3945653,7,04/08/2018 21:20:00,Strada Urbana,VIA COLLATINA,da specificare,,,,IN PROSSIMITA' CON VIA BIROLLI,Tamponamento,Rettilineo,Una carreggiata a doppio senso,Asciutto,Asfaltata,Assente,Sereno,Normale,Buona,Sufficiente,0,0,0,4,12.5984,41.9049,-1,1,Autovettura privata,In marcia / fermata / arresto,Conducente,F,Illeso,0,,Non accertato,Inesploso,
3945653,7,04/08/2018 21:20:00,Strada Urbana,VIA COLLATINA,da specificare,,,,IN PROSSIMITA' CON VIA BIROLLI,Tamponamento,Rettilineo,Una carreggiata a doppio senso,Asciutto,Asfaltata,Assente,Sereno,Normale,Buona,Sufficiente,0,0,0,4,12.5984,41.9049,-1,1,Autovettura privata,In marcia / fermata / arresto,Passeggero,F,Illeso,0,,Non accertato,Inesploso,
3945653,7,04/08/2018 21:20:00,Strada Urbana,VIA COLLATINA,da specificare,,,,IN PROSSIMITA' CON VIA BIROLLI,Tamponamento,Rettilineo,Una carreggiata a doppio senso,Asciutto,Asfaltata,Assente,Sereno,Normale,Buona,Sufficiente,0,0,0,4,12.5984,41.9049,-1,1,Autovettura privata,In marcia / fermata / arresto,Passeggero,F,Illeso,0,,Non accertato,Inesploso,
3945653,7,04/08/2018 21:20:00,Strada Urbana,VIA COLLATINA,da specificare,,,,IN PROSSIMITA' CON VIA BIROLLI,Tamponamento,Rettilineo,Una carreggiata a doppio senso,Asciutto,Asfaltata,Assente,Sereno,Normale,Buona,Sufficiente,0,0,0,4,12.5984,41.9049,-1,2,Autovettura privata,In marcia / fermata / arresto,Conducente,F,Illeso,0,,Non accertato,Inesploso,
3945656,5,05/08/2018 02:30:00,Strada Urbana,VIA EMILIO TREVES,in prossimit�,,del civico n.,19,,Veicolo in marcia contro veicoli in sosta,Rettilineo,Una carreggiata a senso unico di marcia,Asciutto,Asfaltata,Verticale,Sereno,Scarso,Sufficiente,Sufficiente,0,0,0,1,12.5673,41.9333,-1,2,Autovettura privata,In marcia / fermata / arresto,Conducente,M,Illeso,0,,Non accertato,Inesploso,
3945663,19,04/08/2018 16:30:00,Strada Urbana,VIA VIVI GIOI,all'intersezione con,VIALE ESPERIA SPERANI,VIALE ESPERIA SPERANI,,,Scontro frontale/laterale DX fra veicoli in marcia,Rotatoria,Una carreggiata a doppio senso,Bagnato (pioggia),Asfaltata,Verticale ed orizzontale,Nuvoloso,Normale,Buona,Ore Diurne,1,0,0,3,12.3995,41.9638,-1,1,Autovettura privata,In marcia / fermata / arresto,Conducente,M,Illeso,0,,Non accertato,Inesploso,
3945663,19,04/08/2018 16:30:00,Strada Urbana,VIA VIVI GIOI,all'intersezione con,VIALE ESPERIA SPERANI,VIALE ESPERIA SPERANI,,,Scontro frontale/laterale DX fra veicoli in marcia,Rotatoria,Una carreggiata a doppio senso,Bagnato (pioggia),Asfaltata,Verticale ed orizzontale,Nuvoloso,Normale,Buona,Ore Diurne,1,0,0,3,12.3995,41.9638,-1,1,Autovettura privata,In marcia / fermata / arresto,Passeggero,F,Illeso,0,,Non accertato,Inesploso,
3945663,19,04/08/2018 16:30:00,Strada Urbana,VIA VIVI GIOI,all'intersezione con,VIALE ESPERIA SPERANI,VIALE ESPERIA SPERANI,,,Scontro frontale/laterale DX fra veicoli in marcia,Rotatoria,Una carreggiata a doppio senso,Bagnato (pioggia),Asfaltata,Verticale ed orizzontale,Nuvoloso,Normale,Buona,Ore Diurne,1,0,0,3,12.3995,41.9638,-1,1,Autovettura privata,In marcia / fermata / arresto,Passeggero,F,Illeso,0,,Non accertato,Inesploso,
3945663,19,04/08/2018 16:30:00,Strada Urbana,VIA VIVI GIOI,all'intersezione con,VIALE ESPERIA SPERANI,VIALE ESPERIA SPERANI,,,Scontro frontale/laterale DX fra veicoli in marcia,Rotatoria,Una carreggiata a doppio senso,Bagnato (pioggia),Asfaltata,Verticale ed orizzontale,Nuvoloso,Normale,Buona,Ore Diurne,1,0,0,3,12.3995,41.9638,-1,2,Autovettura privata,In marcia / fermata / arresto,Conducente,F,Rimandato,0,NON DECEDUTO,Non accertato,Inesploso,
3945676,15,05/08/2018 04:40:00,Comunale extraurbana,VIA DELLA MAGLIANA,in prossimit�,,del civico n.,349,,Veicolo in marcia contro ostacolo fisso,Rettilineo,Pi� di due carreggiate,Asciutto,Asfaltata,Verticale ed orizzontale,Sereno,Scarso,Buona,Insufficiente,0,0,0,1,12.4529,41.8388,-1,1,Autocarro inferiore 35 q.,In marcia / fermata / arresto,Conducente,M,Illeso,0,,Utilizzato,Inesploso,
3945679,2,04/08/2018 16:25:00,Strada Urbana,VIALE ETIOPIA,all'intersezione con,VIA TEMBIEN,VIA TEMBIEN,,,Tamponamento,Incrocio,Una carreggiata a doppio senso,Asciutto,Asfaltata,Assente,Nuvoloso,Scarso,Buona,Ore Diurne,0,0,0,3,12.5235,41.9315,-1,1,Autovettura privata,In marcia / fermata / arresto,Conducente,M,Illeso,0,,Non accertato,Inesploso,
3945679,2,04/08/2018 16:25:00,Strada Urbana,VIALE ETIOPIA,all'intersezione con,VIA TEMBIEN,VIA TEMBIEN,,,Tamponamento,Incrocio,Una carreggiata a doppio senso,Asciutto,Asfaltata,Assente,Nuvoloso,Scarso,Buona,Ore Diurne,0,0,0,3,12.5235,41.9315,-1,2,Autovettura privata,In marcia / fermata / arresto,Conducente,M,Illeso,0,,Non accertato,Inesploso,
3945679,2,04/08/2018 16:25:00,Strada Urbana,VIALE ETIOPIA,all'intersezione con,VIA TEMBIEN,VIA TEMBIEN,,,Tamponamento,Incrocio,Una carreggiata a doppio senso,Asciutto,Asfaltata,Assente,Nuvoloso,Scarso,Buona,Ore Diurne,0,0,0,3,12.5235,41.9315,-1,2,Autovettura privata,In marcia / fermata / arresto,Passeggero,F,Illeso,0,,Non accertato,Inesploso,
3945685,2,03/08/2018 18:53:00,Strada Urbana,PIAZZALE DI PONTE MILVIO,in corrispondenza,,del civico n.,24,,Scontro laterale fra veicoli in marcia,Curva a visuale libera,Una carreggiata a doppio senso,Bagnato (umidit� in atto),Asfaltata,Verticale ed orizzontale,Nuvoloso,Normale,Sufficiente,Ore Diurne,1,0,0,3,12.4659,41.9379,-1,1,Motociclo a solo,In marcia / fermata / arresto,Conducente,M,Rimandato,0,NON DECEDUTO,Non accertato,,
3945685,2,03/08/2018 18:53:00,Strada Urbana,PIAZZALE DI PONTE MILVIO,in corrispondenza,,del civico n.,24,,Scontro laterale fra veicoli in marcia,Curva a visuale libera,Una carreggiata a doppio senso,Bagnato (umidit� in atto),Asfaltata,Verticale ed orizzontale,Nuvoloso,Normale,Sufficiente,Ore Diurne,1,0,0,3,12.4659,41.9379,-1,2,Autovettura privata,In marcia / fermata / arresto,Conducente,M,Illeso,0,,Non accertato,Inesploso,
3945685,2,03/08/2018 18:53:00,Strada Urbana,PIAZZALE DI PONTE MILVIO,in corrispondenza,,del civico n.,24,,Scontro laterale fra veicoli in marcia,Curva a visuale libera,Una carreggiata a doppio senso,Bagnato (umidit� in atto),Asfaltata,Verticale ed orizzontale,Nuvoloso,Normale,Sufficiente,Ore Diurne,1,0,0,3,12.4659,41.9379,-1,2,Autovettura privata,In marcia / fermata / arresto,Passeggero,F,Illeso,0,,Non accertato,Inesploso,
3945685,2,03/08/2018 18:53:00,Strada Urbana,PIAZZALE DI PONTE MILVIO,in corrispondenza,,del civico n.,24,,Scontro laterale fra veicoli in marcia,Curva a visuale libera,Una carreggiata a doppio senso,Bagnato (umidit� in atto),Asfaltata,Verticale ed orizzontale,Nuvoloso,Normale,Sufficiente,Ore Diurne,1,0,0,3,12.4659,41.9379,-1,2,Autovettura privata,In marcia / fermata / arresto,Passeggero,F,Illeso,0,,Non accertato,Inesploso,
3945698,19,06/08/2018 02:30:00,Strada Urbana,VIA PIETRO MAFFI,in corrispondenza,,del civico n.,10c,,Veicolo in marcia contro veicolo in sosta,Rettilineo,Una carreggiata a doppio senso,Asciutto,Asfaltata,Orizzontale,Sereno,Scarso,Buona,Sufficiente,0,0,0,1,12.4169,41.9213,-1,1,Autovettura privata,In marcia / fermata / arresto,Conducente,M,Illeso,0,,Non accertato,Inesploso,
3945707,12,05/08/2018 00:20:00,Strada Urbana,VIALE UMBERTO TUPINI,da specificare,,,,fronte palo ACEA n�28,Veicolo in marcia contro veicoli in sosta,Curva a visuale libera,Una carreggiata a doppio senso,Asciutto,Lastricata,Verticale ed orizzontale,Sereno,Scarso,Sufficiente,Sufficiente,1,0,0,1,12.4608,41.8302,-1,1,Autovettura privata,In marcia / fermata / arresto,Conducente,M,Illeso,0,,Non accertato,Inesploso,
3945707,12,05/08/2018 00:20:00,Strada Urbana,VIALE UMBERTO TUPINI,da specificare,,,,fronte palo ACEA n�28,Veicolo in marcia contro veicoli in sosta,Curva a visuale libera,Una carreggiata a doppio senso,Asciutto,Lastricata,Verticale ed orizzontale,Sereno,Scarso,Sufficiente,Sufficiente,1,0,0,1,12.4608,41.8302,-1,2,Autovettura privata,In marcia / fermata / arresto,Conducente,M,Rimandato,0,NON DECEDUTO,,,
3945708,15,05/08/2018 22:30:00,Strada Urbana,VIA DEL TRULLO,all'intersezione semaforizzata con,VIA DEL MONTE DELLE CAPRE,VIA DEL MONTE DELLE CAPRE,,,Scontro frontale/laterale DX fra veicoli in marcia,Intersezione semaforizzata,Una carreggiata a senso unico di marcia,Asciutto,Asfaltata,Verticale ed orizzontale,Nuvoloso,Scarso,Buona,Ore Diurne,0,0,0,3,12.4368,41.843,-1,1,Autovettura privata,In marcia / fermata / arresto,Conducente,M,Illeso,0,,Utilizzato,Inesploso,
3945708,15,05/08/2018 22:30:00,Strada Urbana,VIA DEL TRULLO,all'intersezione semaforizzata con,VIA DEL MONTE DELLE CAPRE,VIA DEL MONTE DELLE CAPRE,,,Scontro frontale/laterale DX fra veicoli in marcia,Intersezione semaforizzata,Una carreggiata a senso unico di marcia,Asciutto,Asfaltata,Verticale ed orizzontale,Nuvoloso,Scarso,Buona,Ore Diurne,0,0,0,3,12.4368,41.843,-1,2,Autovettura privata,In marcia / fermata / arresto,Conducente,F,Illeso,0,,Utilizzato,Inesploso,
3945708,15,05/08/2018 22:30:00,Strada Urbana,VIA DEL TRULLO,all'intersezione semaforizzata con,VIA DEL MONTE DELLE CAPRE,VIA DEL MONTE DELLE CAPRE,,,Scontro frontale/laterale DX fra veicoli in marcia,Intersezione semaforizzata,Una carreggiata a senso unico di marcia,Asciutto,Asfaltata,Verticale ed orizzontale,Nuvoloso,Scarso,Buona,Ore Diurne,0,0,0,3,12.4368,41.843,-1,2,Autovettura privata,In marcia / fermata / arresto,Passeggero,M,Illeso,0,,,Inesploso,
3945710,20,03/08/2018 09:15:00,Strada Urbana,VIALE DI TOR DI QUINTO,da specificare,,,,altezza area ex-granteatro direzione fuori,Ribaltamento senza urto contro ostacolo fisso,Rettilineo,Due carreggiate,Asciutto,Asfaltata,Verticale ed orizzontale,Sereno,Normale,Buona,Ore Diurne,1,0,0,0,12.478,41.9436,-1,1,Motociclo a solo,In marcia / fermata / arresto,Conducente,M,Rimandato,0,NON DECEDUTO,Non accertato,,
3945715,15,05/08/2018 18:25:00,Strada Urbana,VIA DELLA CASETTA MATTEI,da specificare,,,,prox fronte civ. 267,Scontro frontale/laterale SX fra veicoli in marcia,Rettilineo,Una carreggiata a doppio senso,Asciutto,Asfaltata,Verticale ed orizzontale,Nuvoloso,Scarso,Buona,Ore Diurne,1,0,0,2,12.4196,41.8579,-1,1,Motociclo con passeggero,In marcia / fermata / arresto,Conducente,M,Rimandato,0,NON DECEDUTO,Utilizzato,,
3945715,15,05/08/2018 18:25:00,Strada Urbana,VIA DELLA CASETTA MATTEI,da specificare,,,,prox fronte civ. 267,Scontro frontale/laterale SX fra veicoli in marcia,Rettilineo,Una carreggiata a doppio senso,Asciutto,Asfaltata,Verticale ed orizzontale,Nuvoloso,Scarso,Buona,Ore Diurne,1,0,0,2,12.4196,41.8579,-1,1,Motociclo con passeggero,In marcia / fermata / arresto,Passeggero,F,Illeso,0,,Utilizzato,,
3945715,15,05/08/2018 18:25:00,Strada Urbana,VIA DELLA CASETTA MATTEI,da specificare,,,,prox fronte civ. 267,Scontro frontale/laterale SX fra veicoli in marcia,Rettilineo,Una carreggiata a doppio senso,Asciutto,Asfaltata,Verticale ed orizzontale,Nuvoloso,Scarso,Buona,Ore Diurne,1,0,0,2,12.4196,41.8579,-1,2,Autovettura privata,In marcia / fermata / arresto,Conducente,M,Illeso,0,,Utilizzato,,
3945732,6,06/08/2018 09:10:00,Strada Urbana,VIA CASILINA,all'intersezione con,VIA GIOVANNI DE AGOSTINI,VIA GIOVANNI DE AGOSTINI,,,Scontro frontale/laterale DX fra veicoli in marcia,Incrocio,Due carreggiate,Asciutto,Asfaltata,Temporanea di cantiere,Sereno,Intenso,Buona,Ore Diurne,1,0,0,2,12.5291,41.8854,-1,1,Autovettura privata,In marcia / fermata / arresto,Conducente,M,Illeso,0,,Non accertato,Inesploso,
3945732,6,06/08/2018 09:10:00,Strada Urbana,VIA CASILINA,all'intersezione con,VIA GIOVANNI DE AGOSTINI,VIA GIOVANNI DE AGOSTINI,,,Scontro frontale/laterale DX fra veicoli in marcia,Incrocio,Due carreggiate,Asciutto,Asfaltata,Temporanea di cantiere,Sereno,Intenso,Buona,Ore Diurne,1,0,0,2,12.5291,41.8854,-1,1,Autovettura privata,In marcia / fermata / arresto,Passeggero,F,Illeso,0,,,,
3945732,6,06/08/2018 09:10:00,Strada Urbana,VIA CASILINA,all'intersezione con,VIA GIOVANNI DE AGOSTINI,VIA GIOVANNI DE AGOSTINI,,,Scontro frontale/laterale DX fra veicoli in marcia,Incrocio,Due carreggiate,Asciutto,Asfaltata,Temporanea di cantiere,Sereno,Intenso,Buona,Ore Diurne,1,0,0,2,12.5291,41.8854,-1,2,Motociclo a solo,In marcia / fermata / arresto,Conducente,M,Rimandato,0,NON DECEDUTO,Non accertato,,
3945747,4,05/08/2018 21:45:00,Statale entro l'abitato,VIA SALARIA,in prossimit�,,della chilometrica,20,,Veicolo in marcia contro ostacolo accidentale,Rettilineo,Una carreggiata a doppio senso,Bagnato (umidit� in atto),Asfaltata,Orizzontale,Sereno,Normale,Sufficiente,Sufficiente,0,0,0,3,12.514,41.9921,-1,1,Autovettura privata,In marcia / fermata / arresto,Conducente,M,Illeso,0,,,,
3945747,4,05/08/2018 21:45:00,Statale entro l'abitato,VIA SALARIA,in prossimit�,,della chilometrica,20,,Veicolo in marcia contro ostacolo accidentale,Rettilineo,Una carreggiata a doppio senso,Bagnato (umidit� in atto),Asfaltata,Orizzontale,Sereno,Normale,Sufficiente,Sufficiente,0,0,0,3,12.514,41.9921,-1,1,Autovettura privata,In marcia / fermata / arresto,Passeggero,F,Illeso,0,,,,
3945747,4,05/08/2018 21:45:00,Statale entro l'abitato,VIA SALARIA,in prossimit�,,della chilometrica,20,,Veicolo in marcia contro ostacolo accidentale,Rettilineo,Una carreggiata a doppio senso,Bagnato (umidit� in atto),Asfaltata,Orizzontale,Sereno,Normale,Sufficiente,Sufficiente,0,0,0,3,12.514,41.9921,-1,1,Autovettura privata,In marcia / fermata / arresto,Passeggero,M,Illeso,0,,,,
3945759,12,03/08/2018 09:35:00,Regionale,VIA PONTINA,in prossimit�,,della chilometrica,12.9,,Veicolo in marcia contro veicolo arresto,Rettilineo,Due carreggiate,Asciutto,Asfaltata,Verticale ed orizzontale,Sereno,Normale,Buona,Ore Diurne,0,0,0,2,12.452,41.7932,-1,1,Autocarro inferiore 35 q.,In marcia / fermata / arresto,Conducente,F,Illeso,0,,Non accertato,Inesploso,
3945759,12,03/08/2018 09:35:00,Regionale,VIA PONTINA,in prossimit�,,della chilometrica,12.9,,Veicolo in marcia contro veicolo arresto,Rettilineo,Due carreggiate,Asciutto,Asfaltata,Verticale ed orizzontale,Sereno,Normale,Buona,Ore Diurne,0,0,0,2,12.452,41.7932,-1,2,Autovettura privata,In marcia / fermata / arresto,Conducente,M,Illeso,0,,Non accertato,Inesploso,