Protocollo,Gruppo,DataOraIncidente,Localizzazione1,STRADA1,Localizzazione2,STRADA2,Strada02,Chilometrica,DaSpecificare,NaturaIncidente,particolaritastrade,TipoStrada,FondoStradale,Pavimentazione,Segnaletica,CondizioneAtmosferica,Traffico,Visibilita,Illuminazione,NUM_FERITI,NUM_RISERVATA,NUM_MORTI,NUM_ILLESI,Longitudine,Latitudine,Confermato,Progressivo,TipoVeicolo,StatoVeicolo,TipoPersona,Sesso,Tipolesione,Deceduto,DecedutoDopo,CinturaCascoUtilizzato,Airbag,
3945797,7,05/08/2018 21:15:00,Strada Urbana,VIA DEI GELSI,all'intersezione con,VIA DEI CICLAMINI,VIA DEI CICLAMINI,,,Scontro frontale/laterale SX fra veicoli in marcia,Incrocio,Una carreggiata a doppio senso,Asciutto,Asfaltata,Verticale ed orizzontale,Sereno,Scarso,Buona,Sufficiente,0,0,0,3,12.5673,41.8889,-1,1,Autovettura privata,In marcia / fermata / arresto,Conducente,M,Illeso,0,,Non accertato,Inesploso,
3945797,7,05/08/2018 21:15:00,Strada Urbana,VIA DEI GELSI,all'intersezione con,VIA DEI CICLAMINI,VIA DEI CICLAMINI,,,Scontro frontale/laterale SX fra veicoli in marcia,Incrocio,Una carreggiata a doppio senso,Asciutto,Asfaltata,Verticale ed orizzontale,Sereno,Scarso,Buona,Sufficiente,0,0,0,3,12.5673,41.8889,-1,2,Autovettura privata,In marcia / fermata / arresto,Conducente,F,Illeso,0,,Non accertato,Inesploso,
3945797,7,05/08/2018 21:15:00,Strada Urbana,VIA DEI GELSI,all'intersezione con,VIA DEI CICLAMINI,VIA DEI CICLAMINI,,,Scontro frontale/laterale SX fra veicoli in marcia,Incrocio,Una carreggiata a doppio senso,Asciutto,Asfaltata,Verticale ed orizzontale,Sereno,Scarso,Buona,Sufficiente,0,0,0,3,12.5673,41.8889,-1,2,Autovettura privata,In marcia / fermata / arresto,Passeggero,M,Illeso,0,,Non accertato,Inesploso,
3945820,12,04/08/2018 04:30:00,Provinciale,VIA OSTIENSE,da specificare,,,,altezza svincolo Mezzocammino Vitinia,Tamponamento,Rettilineo,Una carreggiata a senso unico di marcia,Asciutto,Asfaltata,Verticale,Sereno,Scarso,Buona,Sufficiente,1,0,0,1,12.4112,41.809,-1,1,Autovettura privata,In marcia / fermata / arresto,Conducente,M,Illeso,0,,Utilizzato,Esploso,
3945820,12,04/08/2018 04:30:00,Provinciale,VIA OSTIENSE,da specificare,,,,altezza svincolo Mezzocammino Vitinia,Tamponamento,Rettilineo,Una carreggiata a senso unico di marcia,Asciutto,Asfaltata,Verticale,Sereno,Scarso,Buona,Sufficiente,1,0,0,1,12.4112,41.809,-1,2,Motociclo a solo,In marcia / fermata / arresto,Conducente,M,Rimandato,0,NON DECEDUTO,Utilizzato,,
3945836,6,06/08/2018 10:40:00,Strada Urbana,VIALE PARTENOPE,in corrispondenza,,del civico n.,26,,Scontro laterale fra veicoli in marcia,Rettilineo,Due carreggiate,Asciutto,Asfaltata,Orizzontale,Sereno,Scarso,Buona,Ore Diurne,1,0,0,2,12.5511,41.8925,-1,1,Autovettura privata,In marcia / fermata / arresto,Conducente,M,Rifiuta cure immediate,0,NON DECEDUTO,Non accertato,Inesploso,
3945836,6,06/08/2018 10:40:00,Strada Urbana,VIALE PARTENOPE,in corrispondenza,,del civico n.,26,,Scontro laterale fra veicoli in marcia,Rettilineo,Due carreggiate,Asciutto,Asfaltata,Orizzontale,Sereno,Scarso,Buona,Ore Diurne,1,0,0,2,12.5511,41.8925,-1,2,Autovettura privata,In marcia / fermata / arresto,Conducente,M,Illeso,0,,Non accertato,Inesploso,
3945836,6,06/08/2018 10:40:00,Strada Urbana,VIALE PARTENOPE,in corrispondenza,,del civico n.,26,,Scontro laterale fra veicoli in marcia,Rettilineo,Due carreggiate,Asciutto,Asfaltata,Orizzontale,Sereno,Scarso,Buona,Ore Diurne,1,0,0,2,12.5511,41.8925,-1,2,Autovettura privata,In marcia / fermata / arresto,Passeggero,F,Illeso,0,,Non accertato,Inesploso,
3945844,17,06/08/2018 08:30:00,Strada Urbana,VIA TERENZIO,all'intersezione con,VIA BOEZIO,VIA BOEZIO,,,Scontro laterale fra veicoli in marcia,Intersezione stradale segnalata,Una carreggiata a senso unico di marcia,Asciutto,Asfaltata,Verticale ed orizzontale,Sereno,Normale,Buona,Ore Diurne,0,0,0,2,12.4631,41.9066,-1,1,Autocarro inferiore 35 q.,In marcia / fermata / arresto,Conducente,M,Illeso,0,,Non accertato,Inesploso,
3945844,17,06/08/2018 08:30:00,Strada Urbana,VIA TERENZIO,all'intersezione con,VIA BOEZIO,VIA BOEZIO,,,Scontro laterale fra veicoli in marcia,Intersezione stradale segnalata,Una carreggiata a senso unico di marcia,Asciutto,Asfaltata,Verticale ed orizzontale,Sereno,Normale,Buona,Ore Diurne,0,0,0,2,12.4631,41.9066,-1,2,Motociclo a solo,In marcia / fermata / arresto,Conducente,M,Illeso,0,,Non accertato,,
3945845,20,06/08/2018 10:00:00,Strada Urbana,VIA DI GROTTAROSSA,da specificare,,,,area parcheggio osp. S. Andrea civ.1035,Veicolo in marcia contro veicolo in sosta,Rettilineo,Una carreggiata a doppio senso,Asciutto,Acciotolata,Orizzontale,Sereno,Normale,Buona,Ore Diurne,0,0,0,1,12.4694,41.9827,-1,1,Autovettura privata,In marcia / fermata / arresto,Conducente,M,Illeso,0,,Non accertato,Inesploso,
3945872,18,06/08/2018 10:25:00,Strada Urbana,VIA DI BOCCEA,all'intersezione con,VIA DI TORREVECCHIA,VIA DI TORREVECCHIA,,,Scontro laterale fra veicoli in marcia,Intersezione semaforizzata,Una carreggiata a senso unico di marcia,Asciutto,Asfaltata,Verticale ed orizzontale,Sereno,Normale,Buona,Ore Diurne,1,0,0,1,12.3991,41.911,-1,1,Autovettura pubblica,In marcia / fermata / arresto,Conducente,M,Illeso,0,,Non accertato,Inesploso,
3945872,18,06/08/2018 10:25:00,Strada Urbana,VIA DI BOCCEA,all'intersezione con,VIA DI TORREVECCHIA,VIA DI TORREVECCHIA,,,Scontro laterale fra veicoli in marcia,Intersezione semaforizzata,Una carreggiata a senso unico di marcia,Asciutto,Asfaltata,Verticale ed orizzontale,Sereno,Normale,Buona,Ore Diurne,1,0,0,1,12.3991,41.911,-1,2,Motociclo a solo,In marcia / fermata / arresto,Conducente,M,Rifiuta cure immediate,0,NON DECEDUTO,Non accertato,,
3945882,17,03/08/2018 11:45:00,Strada Urbana,LUNGOTEVERE VATICANO,da specificare,,,,0,Scontro laterale fra veicoli in marcia,Rettilineo,Una carreggiata a senso unico di marcia,Asciutto,In cubetti di porfido,Verticale ed orizzontale,Sereno,Normale,Buona,Ore Diurne,0,0,0,2,12.4643,41.902,-1,1,Autovettura privata,In marcia / fermata / arresto,Conducente,M,Illeso,0,,,,
3945882,17,03/08/2018 11:45:00,Strada Urbana,LUNGOTEVERE VATICANO,da specificare,,,,0,Scontro laterale fra veicoli in marcia,Rettilineo,Una carreggiata a senso unico di marcia,Asciutto,In cubetti di porfido,Verticale ed orizzontale,Sereno,Normale,Buona,Ore Diurne,0,0,0,2,12.4643,41.902,-1,2,Veicolo speciale,In marcia / fermata / arresto,Conducente,M,Illeso,0,,,,
3945890,1,02/08/2018 01:35:00,Strada Urbana,VIA DELLA LUNGARA,in prossimit�,,del civico n.,76,,Veicolo in marcia contro ostacolo accidentale,,,,,,,,,,0,0,0,2,,,0,1,Motociclo con passeggero,In marcia / fermata / arresto,Conducente,M,Illeso,0,,Non accertato,,
3945890,1,02/08/2018 01:35:00,Strada Urbana,VIA DELLA LUNGARA,in prossimit�,,del civico n.,76,,Veicolo in marcia contro ostacolo accidentale,,,,,,,,,,0,0,0,2,,,0,1,Motociclo con passeggero,In marcia / fermata / arresto,Passeggero,F,Illeso,0,,,,
3945901,1,01/08/2018 13:45:00,Strada Urbana,VIA GINORI,all'intersezione con,VIA ALESSANDRO VOLTA,VIA ALESSANDRO VOLTA,,,Scontro frontale/laterale DX fra veicoli in marcia,Intersezione stradale segnalata,Una carreggiata a senso unico di marcia,Asciutto,Asfaltata,Verticale ed orizzontale,Sereno,Scarso,Buona,Ore Diurne,2,0,0,0,12.4764,41.8783,-1,1,Autovettura privata,In marcia / fermata / arresto,Conducente,M,Rifiuta cure immediate,0,NON DECEDUTO,Non accertato,Inesploso,
3945901,1,01/08/2018 13:45:00,Strada Urbana,VIA GINORI,all'intersezione con,VIA ALESSANDRO VOLTA,VIA ALESSANDRO VOLTA,,,Scontro frontale/laterale DX fra veicoli in marcia,Intersezione stradale segnalata,Una carreggiata a senso unico di marcia,Asciutto,Asfaltata,Verticale ed orizzontale,Sereno,Scarso,Buona,Ore Diurne,2,0,0,0,12.4764,41.8783,-1,2,Autovettura privata,In marcia / fermata / arresto,Conducente,F,Rifiuta cure immediate,0,NON DECEDUTO,Non accertato,Inesploso,
3945904,13,02/08/2018 12:30:00,,VIA DELLE BALENIERE,da specificare,,,,fronte INPS,Investimento di pedone,,,,,,,,,,0,0,0,1,,,0,,,,Pedone,F,Illeso,0,,,,
3945923,1,02/08/2018 18:25:00,Strada Urbana,VIA DEI SERPENTI,in prossimit�,,del civico n.,137,,Veicolo in marcia contro veicolo arresto,Rettilineo,Una carreggiata a senso unico di marcia,Asciutto,Asfaltata,Verticale ed orizzontale,Sereno,Normale,Buona,Ore Diurne,0,0,0,3,12.4904,41.8957,-1,1,Autovettura privata,In marcia / fermata / arresto,Conducente,F,Illeso,0,,Non accertato,Inesploso,
3945923,1,02/08/2018 18:25:00,Strada Urbana,VIA DEI SERPENTI,in prossimit�,,del civico n.,137,,Veicolo in marcia contro veicolo arresto,Rettilineo,Una carreggiata a senso unico di marcia,Asciutto,Asfaltata,Verticale ed orizzontale,Sereno,Normale,Buona,Ore Diurne,0,0,0,3,12.4904,41.8957,-1,1,Autovettura privata,In marcia / fermata / arresto,Passeggero,M,Illeso,0,,Non accertato,Inesploso,
3945923,1,02/08/2018 18:25:00,Strada Urbana,VIA DEI SERPENTI,in prossimit�,,del civico n.,137,,Veicolo in marcia contro veicolo arresto,Rettilineo,Una carreggiata a senso unico di marcia,Asciutto,Asfaltata,Verticale ed orizzontale,Sereno,Normale,Buona,Ore Diurne,0,0,0,3,12.4904,41.8957,-1,2,Autovettura privata,In marcia / fermata / arresto,Conducente,F,Illeso,0,,Non accertato,Inesploso,
3945932,10,06/08/2018 10:15:00,Strada Urbana,VIA CALPURNIO FIAMMA,in corrispondenza,,del civico n.,60,,Veicolo in marcia contro veicolo in sosta,Rettilineo,Una carreggiata a senso unico di marcia,Asciutto,Asfaltata,Assente,Sereno,Normale,Sufficiente,Ore Diurne,0,0,0,1,12.5606,41.8602,-1,1,Autovettura privata,In marcia / fermata / arresto,Conducente,M,Illeso,0,,Non accertato,Inesploso,
3945966,1,03/08/2018 18:50:00,Strada Urbana,VIA DI S. STEFANO ROTONDO,in prossimit�,,del civico n.,5/A,,Veicolo in marcia contro ostacolo accidentale,Rettilineo,Una carreggiata a senso unico di marcia,Asciutto,In cubetti di porfido,Assente,Nuvoloso,Normale,Buona,Ore Diurne,0,0,0,1,,,0,1,Motociclo a solo,In marcia / fermata / arresto,Conducente,F,Illeso,0,,Non accertato,,
3945973,7,05/08/2018 10:00:00,Strada Urbana,VIA CARLO DE' MARCHESETTI,da specificare,,,,alt. civ. 1013 Via Casilina,Scontro frontale/laterale DX fra veicoli in marcia,Rettilineo,Una carreggiata a doppio senso,Asciutto,Asfaltata,Verticale ed orizzontale,Sereno,Normale,Buona,Ore Diurne,0,0,0,1,12.5842,41.8707,-1,1,Autovettura privata,In marcia / fermata / arresto,Conducente,M,Illeso,0,,Non accertato,Inesploso,
3945977,1,03/08/2018 19:00:00,Strada Urbana,VIA DI S. STEFANO ROTONDO,in prossimit�,,del civico n.,5/A,,Veicolo in marcia contro ostacolo accidentale,Rettilineo,Una carreggiata a senso unico di marcia,Asciutto,In cubetti di porfido,Verticale ed orizzontale,Nuvoloso,Scarso,Buona,Ore Diurne,0,0,0,1,12.4986,41.8854,-1,1,Motociclo a solo,In marcia / fermata / arresto,Conducente,M,Illeso,0,,Non accertato,,
3945993,1,02/08/2018 21:20:00,Strada Urbana,PIAZZA DELLA REPUBBLICA,da specificare,,,,fronte palo Acea 10,Scontro laterale fra veicoli in marcia,Rotatoria,Una carreggiata a senso unico di marcia,Asciutto,Acciotolata,Verticale ed orizzontale,Sereno,Normale,Buona,Sufficiente,0,0,0,2,12.496,41.9027,-1,1,Autovettura privata,In marcia / fermata / arresto,Conducente,M,Illeso,0,,Non accertato,Inesploso,
3945993,1,02/08/2018 21:20:00,Strada Urbana,PIAZZA DELLA REPUBBLICA,da specificare,,,,fronte palo Acea 10,Scontro laterale fra veicoli in marcia,Rotatoria,Una carreggiata a senso unico di marcia,Asciutto,Acciotolata,Verticale ed orizzontale,Sereno,Normale,Buona,Sufficiente,0,0,0,2,12.496,41.9027,-1,2,Autovettura pubblica,In marcia / fermata / arresto,Conducente,M,Illeso,0,,Non accertato,Inesploso,
3946023,1,03/08/2018 09:20:00,Strada Urbana,VIA DI S. CROCE IN GERUSALEMME,in corrispondenza,,del civico n.,90,,Scontro frontale/laterale DX fra veicoli in marcia,Rettilineo,Una carreggiata a doppio senso,Asciutto,Lastricata,Verticale ed orizzontale,Sereno,Normale,Buona,Ore Diurne,1,0,0,1,12.5104,41.8914,-1,1,Autovettura privata,In marcia / fermata / arresto,Conducente,F,Illeso,0,,Non accertato,Inesploso,
3946023,1,03/08/2018 09:20:00,Strada Urbana,VIA DI S. CROCE IN GERUSALEMME,in corrispondenza,,del civico n.,90,,Scontro frontale/laterale DX fra veicoli in marcia,Rettilineo,Una carreggiata a doppio senso,Asciutto,Lastricata,Verticale ed orizzontale,Sereno,Normale,Buona,Ore Diurne,1,0,0,1,12.5104,41.8914,-1,2,Motociclo a solo,In marcia / fermata / arresto,Conducente,F,Rimandato,0,NON DECEDUTO,Non accertato,Inesploso,
3946029,17,06/08/2018 11:45:00,Strada Urbana,CIRCONVALLAZIONE CLODIA,in prossimit�,,del civico n.,36,,Scontro frontale fra veicoli in marcia,Rettilineo,Due carreggiate,Asciutto,Asfaltata,Verticale ed orizzontale,Sereno,Normale,Buona,Ore Diurne,0,0,0,2,12.4524,41.9147,-1,1,Autovettura privata,In marcia / fermata / arresto,Conducente,F,Illeso,0,,,,
3946029,17,06/08/2018 11:45:00,Strada Urbana,CIRCONVALLAZIONE CLODIA,in prossimit�,,del civico n.,36,,Scontro frontale fra veicoli in marcia,Rettilineo,Due carreggiate,Asciutto,Asfaltata,Verticale ed orizzontale,Sereno,Normale,Buona,Ore Diurne,0,0,0,2,12.4524,41.9147,-1,2,Motociclo a solo,In marcia / fermata / arresto,Conducente,M,Illeso,0,,,,
3946032,6,06/08/2018 13:00:00,Strada Urbana,VIA AUGUSTO DULCERI,all'intersezione con,VIA FRONTINO,VIA FRONTINO,,,Scontro frontale/laterale SX fra veicoli in marcia,Incrocio,Una carreggiata a doppio senso,Asciutto,Asfaltata,Verticale,Sereno,Normale,Buona,Ore Diurne,0,0,0,2,12.5388,41.884,-1,1,Autovettura privata,In marcia / fermata / arresto,Conducente,M,Illeso,0,,Non accertato,Inesploso,
3946032,6,06/08/2018 13:00:00,Strada Urbana,VIA AUGUSTO DULCERI,all'intersezione con,VIA FRONTINO,VIA FRONTINO,,,Scontro frontale/laterale SX fra veicoli in marcia,Incrocio,Una carreggiata a doppio senso,Asciutto,Asfaltata,Verticale,Sereno,Normale,Buona,Ore Diurne,0,0,0,2,12.5388,41.884,-1,2,Autovettura privata,In marcia / fermata / arresto,Conducente,M,Illeso,0,,Non accertato,Inesploso,
3946033,1,02/08/2018 16:50:00,Strada Urbana,LUNGOTEVERE GIANICOLENSE,da specificare,,,,in corrispondenza di PONTE MAZZINI,Scontro laterale fra veicoli in marcia,Rettilineo,Una carreggiata a senso unico di marcia,Asciutto,Asfaltata,Verticale ed orizzontale,Nuvoloso,Normale,Buona,Ore Diurne,0,0,0,2,12.4655,41.8958,-1,1,Autovettura privata,In marcia / fermata / arresto,Conducente,M,Illeso,0,,Non accertato,Inesploso,
3946033,1,02/08/2018 16:50:00,Strada Urbana,LUNGOTEVERE GIANICOLENSE,da specificare,,,,in corrispondenza di PONTE MAZZINI,Scontro laterale fra veicoli in marcia,Rettilineo,Una carreggiata a senso unico di marcia,Asciutto,Asfaltata,Verticale ed orizzontale,Nuvoloso,Normale,Buona,Ore Diurne,0,0,0,2,12.4655,41.8958,-1,2,Autobus turistico,In marcia / fermata / arresto,Conducente,M,Illeso,0,,Non accertato,Inesploso,
3946070,1,03/08/2018 09:15:00,Strada Urbana,VIA STATILIA,in prossimit�,,del civico n.,37,,Tamponamento,Rettilineo,Una carreggiata a senso unico di marcia,Asciutto,In cubetti di porfido,Verticale ed orizzontale,Sereno,Normale,Buona,Ore Diurne,0,0,0,2,12.5137,41.8912,-1,1,Autovettura privata,In marcia / fermata / arresto,Conducente,M,Illeso,0,,Non accertato,Inesploso,
3946070,1,03/08/2018 09:15:00,Strada Urbana,VIA STATILIA,in prossimit�,,del civico n.,37,,Tamponamento,Rettilineo,Una carreggiata a senso unico di marcia,Asciutto,In cubetti di porfido,Verticale ed orizzontale,Sereno,Normale,Buona,Ore Diurne,0,0,0,2,12.5137,41.8912,-1,2,Autovettura privata,In marcia / fermata / arresto,Conducente,F,Illeso,0,,Non accertato,Inesploso,
3946113,6,06/08/2018 09:45:00,Strada Urbana,LARGO PRENESTE,in prossimit�,,del civico n.,57,,Scontro laterale fra veicoli in marcia,Rettilineo,Pi� di due carreggiate,Asciutto,Asfaltata,Verticale ed orizzontale,Sereno,Scarso,Buona,Ore Diurne,0,0,0,2,12.5408,41.8926,-1,1,Autovettura privata,In marcia / fermata / arresto,Conducente,M,Illeso,0,,,,
3946113,6,06/08/2018 09:45:00,Strada Urbana,LARGO PRENESTE,in prossimit�,,del civico n.,57,,Scontro laterale fra veicoli in marcia,Rettilineo,Pi� di due carreggiate,Asciutto,Asfaltata,Verticale ed orizzontale,Sereno,Scarso,Buona,Ore Diurne,0,0,0,2,12.5408,41.8926,-1,2,Autovettura privata,In marcia / fermata / arresto,Conducente,M,Illeso,0,,,,
3946134,1,02/08/2018 22:35:00,Strada Urbana,VIA MAGNANAPOLI,in corrispondenza,,del palo luce n.,1,,Veicolo in marcia contro ostacolo fisso,Rotatoria,Una carreggiata a senso unico di marcia,Asciutto,Acciotolata,Verticale ed orizzontale,Sereno,Normale,Sufficiente,Sufficiente,0,0,0,1,12.4852,41.8961,0,1,Autovettura privata,In marcia / fermata / arresto,Conducente,M,Illeso,0,,,,
3946173,17,04/08/2018 03:05:00,Strada Urbana,PIAZZALE DEGLI EROI,in prossimit�,,del civico n.,11,,Veicolo in marcia contro veicolo in sosta,Rotatoria,Una carreggiata a senso unico di marcia,Asciutto,Asfaltata,Verticale ed orizzontale,Sereno,Scarso,Buona,Sufficiente,0,0,0,1,12.449,41.9089,-1,1,Autovettura privata,In marcia / fermata / arresto,Conducente,M,Illeso,0,,,,
3946204,1,02/08/2018 09:30:00,Strada Urbana,LUNGOTEVERE IN AUGUSTA,da specificare,,,,in corrispondenza di Passeggiata di Ripetta-Rampa-,Scontro laterale fra veicoli in marcia,Rettilineo,Una carreggiata a senso unico di marcia,Asciutto,Asfaltata,Verticale ed orizzontale,Sereno,Normale,Buona,Ore Diurne,0,0,0,2,12.4748,41.9076,-1,1,Autovettura privata,In marcia / fermata / arresto,Conducente,M,Illeso,0,,Non accertato,Inesploso,
3946204,1,02/08/2018 09:30:00,Strada Urbana,LUNGOTEVERE IN AUGUSTA,da specificare,,,,in corrispondenza di Passeggiata di Ripetta-Rampa-,Scontro laterale fra veicoli in marcia,Rettilineo,Una carreggiata a senso unico di marcia,Asciutto,Asfaltata,Verticale ed orizzontale,Sereno,Normale,Buona,Ore Diurne,0,0,0,2,12.4748,41.9076,-1,2,Autocarro inferiore 35 q.,In marcia / fermata / arresto,Conducente,M,Illeso,0,,Non accertato,Inesploso,
3946217,15,05/08/2018 23:00:00,Strada Urbana,VIA DELLA MAGLIANA,in corrispondenza,,del civico n.,191,,Scontro laterale fra veicoli in marcia,Rettilineo,Una carreggiata a doppio senso,Asciutto,Asfaltata,Verticale ed orizzontale,Sereno,Scarso,Buona,Sufficiente,0,0,0,3,12.4591,41.8502,-1,1,Autovettura privata,In marcia / fermata / arresto,Conducente,F,Illeso,0,,Utilizzato,Inesploso,
3946217,15,05/08/2018 23:00:00,Strada Urbana,VIA DELLA MAGLIANA,in corrispondenza,,del civico n.,191,,Scontro laterale fra veicoli in marcia,Rettilineo,Una carreggiata a doppio senso,Asciutto,Asfaltata,Verticale ed orizzontale,Sereno,Scarso,Buona,Sufficiente,0,0,0,3,12.4591,41.8502,-1,2,Autovettura privata,In marcia / fermata / arresto,Conducente,M,Illeso,0,,Non accertato,Inesploso,
3946217,15,05/08/2018 23:00:00,Strada Urbana,VIA DELLA MAGLIANA,in corrispondenza,,del civico n.,191,,Scontro laterale fra veicoli in marcia,Rettilineo,Una carreggiata a doppio senso,Asciutto,Asfaltata,Verticale ed orizzontale,Sereno,Scarso,Buona,Sufficiente,0,0,0,3,12.4591,41.8502,-1,2,Autovettura privata,In marcia / fermata / arresto,Passeggero,M,Illeso,0,,Non accertato,Inesploso,
3946237,1,04/08/2018 18:45:00,Strada Urbana,PIAZZA DELLA ROVERE,in prossimit�,,del civico n.,116,,Tamponamento,Rettilineo,Una carreggiata a senso unico di marcia,Asciutto,Asfaltata,Verticale ed orizzontale,Nuvoloso,Normale,Buona,Ore Diurne,0,0,0,4,12.4622,41.8995,-1,1,Autovettura privata,In marcia / fermata / arresto,Conducente,M,Illeso,0,,Non accertato,Inesploso,
3946237,1,04/08/2018 18:45:00,Strada Urbana,PIAZZA DELLA ROVERE,in prossimit�,,del civico n.,116,,Tamponamento,Rettilineo,Una carreggiata a senso unico di marcia,Asciutto,Asfaltata,Verticale ed orizzontale,Nuvoloso,Normale,Buona,Ore Diurne,0,0,0,4,12.4622,41.8995,-1,1,Autovettura privata,In marcia / fermata / arresto,Passeggero,F,Illeso,0,,Non accertato,Inesploso,
3946237,1,04/08/2018 18:45:00,Strada Urbana,PIAZZA DELLA ROVERE,in prossimit�,,del civico n.,116,,Tamponamento,Rettilineo,Una carreggiata a senso unico di marcia,Asciutto,Asfaltata,Verticale ed orizzontale,Nuvoloso,Normale,Buona,Ore Diurne,0,0,0,4,12.4622,41.8995,-1,2,Autovettura privata,In marcia / fermata / arresto,Conducente,M,Illeso,0,,Non accertato,Inesploso,
3946237,1,04/08/2018 18:45:00,Strada Urbana,PIAZZA DELLA ROVERE,in prossimit�,,del civico n.,116,,Tamponamento,Rettilineo,Una carreggiata a senso unico di marcia,Asciutto,Asfaltata,Verticale ed orizzontale,Nuvoloso,Normale,Buona,Ore Diurne,0,0,0,4,12.4622,41.8995,-1,2,Autovettura privata,In marcia / fermata / arresto,Passeggero,F,Illeso,0,,Non accertato,Inesploso,
3946331,3,04/08/2018 18:10:00,Strada Urbana,CIRCONVALLAZIONE TIBURTINA,da specificare,,,,altezza sopra scalo s. lorenzo dir. salaria,Veicolo in marcia contro ostacolo fisso,Curva senza visuale libera,Una carreggiata a senso unico di marcia,Bagnato (pioggia),Asfaltata,Verticale ed orizzontale,Nuvoloso,Normale,Buona,Ore Diurne,0,0,0,2,12.528,41.8994,-1,1,Autovettura privata,In marcia / fermata / arresto,Conducente,M,Illeso,0,,Non accertato,Inesploso,
3946331,3,04/08/2018 18:10:00,Strada Urbana,CIRCONVALLAZIONE TIBURTINA,da specificare,,,,altezza sopra scalo s. lorenzo dir. salaria,Veicolo in marcia contro ostacolo fisso,Curva senza visuale libera,Una carreggiata a senso unico di marcia,Bagnato (pioggia),Asfaltata,Verticale ed orizzontale,Nuvoloso,Normale,Buona,Ore Diurne,0,0,0,2,12.528,41.8994,-1,1,Autovettura privata,In marcia / fermata / arresto,Passeggero,M,Illeso,0,,Non accertato,Inesploso,
3946360,4,05/08/2018 11:40:00,Provinciale,VIA NOMENTANA,in corrispondenza,,del civico n.,1412,,Scontro frontale/laterale SX fra veicoli in marcia,Rettilineo,Una carreggiata a doppio senso,Asciutto,Asfaltata,Verticale ed orizzontale,Sereno,Normale,Buona,Ore Diurne,1,0,0,1,12.6046,41.9686,-1,1,Autovettura privata,In marcia / fermata / arresto,Conducente,M,Illeso,0,,Non accertato,,
3946360,4,05/08/2018 11:40:00,Provinciale,VIA NOMENTANA,in corrispondenza,,del civico n.,1412,,Scontro frontale/laterale SX fra veicoli in marcia,Rettilineo,Una carreggiata a doppio senso,Asciutto,Asfaltata,Verticale ed orizzontale,Sereno,Normale,Buona,Ore Diurne,1,0,0,1,12.6046,41.9686,-1,2,Motociclo a solo,In marcia / fermata / arresto,Conducente,M,Rimandato,0,NON DECEDUTO,Non accertato,,
3946361,17,06/08/2018 15:50:00,Strada Urbana,VIA CIPRO,da specificare,,,,altezza CIVICO 11,Scontro laterale fra veicoli in marcia,Rettilineo,Due carreggiate,Asciutto,Asfaltata,Verticale ed orizzontale,Sereno,Normale,Buona,Ore Diurne,0,0,0,2,12.4465,41.9069,-1,1,Motociclo a solo,In marcia / fermata / arresto,Conducente,M,Illeso,0,,,,
3946361,17,06/08/2018 15:50:00,Strada Urbana,VIA CIPRO,da specificare,,,,altezza CIVICO 11,Scontro laterale fra veicoli in marcia,Rettilineo,Due carreggiate,Asciutto,Asfaltata,Verticale ed orizzontale,Sereno,Normale,Buona,Ore Diurne,0,0,0,2,12.4465,41.9069,-1,2,Autovettura privata,In marcia / fermata / arresto,Conducente,M,Illeso,0,,,,
3946410,16,01/08/2018 10:30:00,,VIA SILVESTRI,da specificare,,,,in prossimit� di Piazza B. Pace,Veicolo in marcia contro ostacolo accidentale,,,,,,,,,,1,0,0,0,12.4327,41.8779,0,1,Motociclo a solo,In marcia / fermata / arresto,Conducente,M,Rimandato,0,NON DECEDUTO,,,
3946416,12,06/08/2018 13:55:00,Strada Urbana,VIA DI PORTA MEDAGLIA,da specificare,,,,PROSSIMITA' VIA ARDEATINA (CIRCA 1 KM),Scontro laterale fra veicoli in marcia,Curva senza visuale libera,Una carreggiata a doppio senso,Asciutto,Asfaltata,Verticale ed orizzontale,Nuvoloso,Normale,Buona,Ore Diurne,1,0,0,1,12.5284,41.7574,-1,1,Autovettura privata,In marcia / fermata / arresto,Conducente,M,Rimandato,0,NON DECEDUTO,Utilizzato,Esploso,
3946416,12,06/08/2018 13:55:00,Strada Urbana,VIA DI PORTA MEDAGLIA,da specificare,,,,PROSSIMITA' VIA ARDEATINA (CIRCA 1 KM),Scontro laterale fra veicoli in marcia,Curva senza visuale libera,Una carreggiata a doppio senso,Asciutto,Asfaltata,Verticale ed orizzontale,Nuvoloso,Normale,Buona,Ore Diurne,1,0,0,1,12.5284,41.7574,-1,2,Autovettura privata,In marcia / fermata / arresto,Conducente,M,Illeso,0,,Utilizzato,Inesploso,
3946422,16,01/08/2018 14:50:00,Strada Urbana,VIA DI BRAVETTA,in corrispondenza,,del civico n.,123,,Veicolo in marcia contro ostacolo accidentale,Rettilineo,Una carreggiata a doppio senso,Asciutto,Asfaltata,Verticale ed orizzontale,Sereno,Scarso,Buona,Ore Diurne,0,0,0,1,12.4238,41.8846,-1,1,Motociclo a solo,In marcia / fermata / arresto,Conducente,M,Illeso,0,,Non accertato,,