Protocollo,Gruppo,DataOraIncidente,Localizzazione1,STRADA1,Localizzazione2,STRADA2,Strada02,Chilometrica,DaSpecificare,NaturaIncidente,particolaritastrade,TipoStrada,FondoStradale,Pavimentazione,Segnaletica,CondizioneAtmosferica,Traffico,Visibilita,Illuminazione,NUM_FERITI,NUM_RISERVATA,NUM_MORTI,NUM_ILLESI,Longitudine,Latitudine,Confermato,Progressivo,TipoVeicolo,StatoVeicolo,TipoPersona,Sesso,Tipolesione,Deceduto,DecedutoDopo,CinturaCascoUtilizzato,Airbag,
3946426,16,01/08/2018 16:30:00,Strada Urbana,VIA DELLA STAZIONE AURELIA,in prossimit�,,del civico n.,99,,Investimento di pedone,Rettilineo,Una carreggiata a doppio senso,Asciutto,Asfaltata,Assente,Sereno,Normale,Buona,Ore Diurne,1,0,0,3,12.3987,41.8837,-1,,,,Pedone,M,Rimandato,0,NON DECEDUTO,,,
3946426,16,01/08/2018 16:30:00,Strada Urbana,VIA DELLA STAZIONE AURELIA,in prossimit�,,del civico n.,99,,Investimento di pedone,Rettilineo,Una carreggiata a doppio senso,Asciutto,Asfaltata,Assente,Sereno,Normale,Buona,Ore Diurne,1,0,0,3,12.3987,41.8837,-1,1,Autovettura privata,In marcia / fermata / arresto,Conducente,M,Illeso,0,,Non accertato,,
3946426,16,01/08/2018 16:30:00,Strada Urbana,VIA DELLA STAZIONE AURELIA,in prossimit�,,del civico n.,99,,Investimento di pedone,Rettilineo,Una carreggiata a doppio senso,Asciutto,Asfaltata,Assente,Sereno,Normale,Buona,Ore Diurne,1,0,0,3,12.3987,41.8837,-1,1,Autovettura privata,In marcia / fermata / arresto,Passeggero,M,Illeso,0,,Non utilizzato,,
3946426,16,01/08/2018 16:30:00,Strada Urbana,VIA DELLA STAZIONE AURELIA,in prossimit�,,del civico n.,99,,Investimento di pedone,Rettilineo,Una carreggiata a doppio senso,Asciutto,Asfaltata,Assente,Sereno,Normale,Buona,Ore Diurne,1,0,0,3,12.3987,41.8837,-1,1,Autovettura privata,In marcia / fermata / arresto,Passeggero,M,Illeso,0,,Non accertato,,
3946429,16,01/08/2018 20:30:00,Strada Urbana,VIALE ISACCO NEWTON,da specificare,,,,prossimit� fronte civico 95,Scontro laterale fra veicoli in marcia,Rettilineo,Due carreggiate,Asciutto,Asfaltata,Verticale ed orizzontale,Sereno,Normale,Buona,Ore Diurne,0,0,0,4,12.4424,41.8488,-1,1,Motociclo con passeggero,In marcia / fermata / arresto,Conducente,M,Illeso,0,,Non accertato,,
3946429,16,01/08/2018 20:30:00,Strada Urbana,VIALE ISACCO NEWTON,da specificare,,,,prossimit� fronte civico 95,Scontro laterale fra veicoli in marcia,Rettilineo,Due carreggiate,Asciutto,Asfaltata,Verticale ed orizzontale,Sereno,Normale,Buona,Ore Diurne,0,0,0,4,12.4424,41.8488,-1,2,Autovettura privata,In marcia / fermata / arresto,Conducente,F,Illeso,0,,Non accertato,Inesploso,
3946429,16,01/08/2018 20:30:00,Strada Urbana,VIALE ISACCO NEWTON,da specificare,,,,prossimit� fronte civico 95,Scontro laterale fra veicoli in marcia,Rettilineo,Due carreggiate,Asciutto,Asfaltata,Verticale ed orizzontale,Sereno,Normale,Buona,Ore Diurne,0,0,0,4,12.4424,41.8488,-1,2,Autovettura privata,In marcia / fermata / arresto,Passeggero,M,Illeso,0,,Non accertato,Inesploso,
3946429,16,01/08/2018 20:30:00,Strada Urbana,VIALE ISACCO NEWTON,da specificare,,,,prossimit� fronte civico 95,Scontro laterale fra veicoli in marcia,Rettilineo,Due carreggiate,Asciutto,Asfaltata,Verticale ed orizzontale,Sereno,Normale,Buona,Ore Diurne,0,0,0,4,12.4424,41.8488,-1,2,Autovettura privata,In marcia / fermata / arresto,Passeggero,M,Illeso,0,,Non accertato,Inesploso,
3946430,16,04/08/2018 13:30:00,Strada Urbana,LARGO CLAUDIO FERMI,all'intersezione con,VIALE DEI COLLI PORTUENSI,VIALE DEI COLLI PORTUENSI,,,Scontro frontale/laterale SX fra veicoli in marcia,Intersezione stradale segnalata,Una carreggiata a senso unico di marcia,Asciutto,Asfaltata,Verticale ed orizzontale,Sereno,Scarso,Buona,Ore Diurne,1,0,0,1,12.4442,41.8649,-1,1,Autovettura privata,In marcia / fermata / arresto,Conducente,F,Illeso,0,,Non accertato,Inesploso,
3946430,16,04/08/2018 13:30:00,Strada Urbana,LARGO CLAUDIO FERMI,all'intersezione con,VIALE DEI COLLI PORTUENSI,VIALE DEI COLLI PORTUENSI,,,Scontro frontale/laterale SX fra veicoli in marcia,Intersezione stradale segnalata,Una carreggiata a senso unico di marcia,Asciutto,Asfaltata,Verticale ed orizzontale,Sereno,Scarso,Buona,Ore Diurne,1,0,0,1,12.4442,41.8649,-1,2,Motociclo a solo,In marcia / fermata / arresto,Conducente,M,Rimandato,0,NON DECEDUTO,Non accertato,,
3946435,16,04/08/2018 19:30:00,Strada Urbana,VIA SILVESTRI,in corrispondenza,,del civico n.,218,,Investimento di pedone,Rettilineo,Una carreggiata a doppio senso,Asciutto,Asfaltata,Verticale ed orizzontale,Nuvoloso,Normale,Buona,Ore Diurne,1,0,0,1,12.4305,41.8772,-1,,,,Pedone,M,Rimandato,0,NON DECEDUTO,,,
3946435,16,04/08/2018 19:30:00,Strada Urbana,VIA SILVESTRI,in corrispondenza,,del civico n.,218,,Investimento di pedone,Rettilineo,Una carreggiata a doppio senso,Asciutto,Asfaltata,Verticale ed orizzontale,Nuvoloso,Normale,Buona,Ore Diurne,1,0,0,1,12.4305,41.8772,-1,1,Autovettura privata,In marcia / fermata / arresto,Conducente,M,Illeso,0,,Non accertato,,
3946441,16,04/08/2018 21:40:00,,VIA DELLA PISANA,da specificare,,,,fronte palo acea 133,Veicolo in marcia contro ostacolo accidentale,,,,,,,,,,0,0,0,1,12.389,41.8577,0,1,Autobus di linea,In marcia / fermata / arresto,Conducente,M,Illeso,0,,,,
3946643,6,06/08/2018 21:25:00,Strada Urbana,VIA PRENESTINA BIS,da specificare,,,,altezza rotatoria direzione centro,Scontro laterale fra veicoli in marcia,Rotatoria,Una carreggiata a doppio senso,Asciutto,Asfaltata,Verticale ed orizzontale,Sereno,Scarso,Sufficiente,Sufficiente,0,0,0,2,12.6038,41.8879,-1,1,Autovettura privata,In marcia / fermata / arresto,Conducente,M,Illeso,0,,,,
3946643,6,06/08/2018 21:25:00,Strada Urbana,VIA PRENESTINA BIS,da specificare,,,,altezza rotatoria direzione centro,Scontro laterale fra veicoli in marcia,Rotatoria,Una carreggiata a doppio senso,Asciutto,Asfaltata,Verticale ed orizzontale,Sereno,Scarso,Sufficiente,Sufficiente,0,0,0,2,12.6038,41.8879,-1,2,Autovettura privata,In marcia / fermata / arresto,Conducente,M,Illeso,0,,,,
3946661,12,04/08/2018 03:30:00,Strada Urbana,VIA CRISTOFORO COLOMBO,all'intersezione con,VIALE EUROPA,VIALE EUROPA,,,Scontro frontale/laterale DX fra veicoli in marcia,Intersezione semaforizzata,Una carreggiata a doppio senso,Asciutto,Asfaltata,Verticale ed orizzontale,Sereno,Scarso,Buona,Sufficiente,2,0,0,0,,,0,2,Autovettura privata,In marcia / fermata / arresto,Conducente,F,Rimandato,0,NON DECEDUTO,Non utilizzato,,
3946661,12,04/08/2018 03:30:00,Strada Urbana,VIA CRISTOFORO COLOMBO,all'intersezione con,VIALE EUROPA,VIALE EUROPA,,,Scontro frontale/laterale DX fra veicoli in marcia,Intersezione semaforizzata,Una carreggiata a doppio senso,Asciutto,Asfaltata,Verticale ed orizzontale,Sereno,Scarso,Buona,Sufficiente,2,0,0,0,,,0,2,Autovettura privata,In marcia / fermata / arresto,Passeggero,F,Rimandato,0,NON DECEDUTO,,,
3946674,4,06/08/2018 08:45:00,Provinciale entro l'abitato,VIA NOMENTANA,in prossimit�,,del civico n.,1125,,Scontro laterale fra veicoli in marcia,Rettilineo,Una carreggiata a doppio senso,Asciutto,Asfaltata,Verticale ed orizzontale,Sereno,Intenso,Buona,Ore Diurne,1,0,0,1,12.5767,41.9559,-1,1,Autovettura privata,In marcia / fermata / arresto,Conducente,M,Illeso,0,,Non accertato,,
3946674,4,06/08/2018 08:45:00,Provinciale entro l'abitato,VIA NOMENTANA,in prossimit�,,del civico n.,1125,,Scontro laterale fra veicoli in marcia,Rettilineo,Una carreggiata a doppio senso,Asciutto,Asfaltata,Verticale ed orizzontale,Sereno,Intenso,Buona,Ore Diurne,1,0,0,1,12.5767,41.9559,-1,2,Motociclo a solo,In marcia / fermata / arresto,Conducente,M,Rimandato,0,NON DECEDUTO,Non accertato,,
3946677,11,06/08/2018 09:30:00,Strada Urbana,VIA DELL'ALMONE,in prossimit�,,del civico n.,111,,Tamponamento Multiplo,Rettilineo,Una carreggiata a doppio senso,Asciutto,Asfaltata,Verticale ed orizzontale,Sereno,Normale,Buona,Ore Diurne,0,0,0,3,12.5303,41.8548,-1,1,Autovettura privata,In marcia / fermata / arresto,Conducente,M,Illeso,0,,,,
3946677,11,06/08/2018 09:30:00,Strada Urbana,VIA DELL'ALMONE,in prossimit�,,del civico n.,111,,Tamponamento Multiplo,Rettilineo,Una carreggiata a doppio senso,Asciutto,Asfaltata,Verticale ed orizzontale,Sereno,Normale,Buona,Ore Diurne,0,0,0,3,12.5303,41.8548,-1,2,Autovettura privata,In marcia / fermata / arresto,Conducente,M,Illeso,0,,,,
3946677,11,06/08/2018 09:30:00,Strada Urbana,VIA DELL'ALMONE,in prossimit�,,del civico n.,111,,Tamponamento Multiplo,Rettilineo,Una carreggiata a doppio senso,Asciutto,Asfaltata,Verticale ed orizzontale,Sereno,Normale,Buona,Ore Diurne,0,0,0,3,12.5303,41.8548,-1,3,Motociclo a solo,In marcia / fermata / arresto,Conducente,M,Illeso,0,,,,
3946681,15,06/08/2018 14:30:00,Strada Urbana,LUNGOTEVERE DI PIETRA PAPA,da specificare,,,,fronte civico 63,Veicolo in marcia contro veicolo in sosta,Rettilineo,Due carreggiate,Asciutto,Asfaltata,Orizzontale,Sereno,Scarso,Buona,Ore Diurne,0,0,0,1,12.4743,41.8629,-1,2,Autovettura privata,In marcia / fermata / arresto,Conducente,F,Illeso,0,,,,
3946684,19,06/08/2018 08:55:00,Strada Urbana,VIA CAMILLO MARIANI,in corrispondenza,,del civico n.,2/E,,Veicolo in marcia contro veicolo in sosta,Rettilineo,Una carreggiata a doppio senso,Asciutto,Asfaltata,Verticale ed orizzontale,Sereno,Scarso,Buona,Ore Diurne,0,0,0,1,12.4239,41.9409,-1,1,Autovettura privata,In marcia / fermata / arresto,Conducente,M,Illeso,0,,Non accertato,Inesploso,
3946686,19,06/08/2018 14:00:00,Strada Urbana,VIA TRIONFALE,all'intersezione con,VIA DEGLI SCOLOPI,VIA DEGLI SCOLOPI,,,Scontro frontale/laterale SX fra veicoli in marcia,Intersezione non regolata/non segnalata,Due carreggiate,Asciutto,Asfaltata,Verticale,Sereno,Normale,Buona,Ore Diurne,1,0,0,0,12.4229,41.9409,-1,1,Autovettura privata,In marcia / fermata / arresto,Conducente,F,Rimandato,0,NON DECEDUTO,Non accertato,Esploso,
3946687,11,07/08/2018 00:20:00,Strada Urbana,VIA MARCO E MARCELLIANO,da specificare,,,,fr.civ.14 - area parcheggio,Veicolo in marcia contro ostacolo fisso,Rettilineo,Una carreggiata a doppio senso,Asciutto,Asfaltata,Verticale ed orizzontale,Sereno,Scarso,Sufficiente,Sufficiente,0,0,0,1,12.4983,41.8577,-1,1,Autocarro inferiore 35 q.,In marcia / fermata / arresto,Conducente,M,Illeso,0,,,,
3946688,1,04/08/2018 10:50:00,Strada Urbana,PIAZZA DI S. CROCE IN GERUSALEMME,in prossimit�,,del palo luce n.,2,,Tamponamento,Rettilineo,Una carreggiata a senso unico di marcia,Asciutto,Asfaltata,Verticale ed orizzontale,Sereno,Normale,Buona,Ore Diurne,1,0,0,1,12.5147,41.8888,-1,1,Autovettura privata,In marcia / fermata / arresto,Conducente,M,Illeso,0,,Non accertato,Inesploso,
3946688,1,04/08/2018 10:50:00,Strada Urbana,PIAZZA DI S. CROCE IN GERUSALEMME,in prossimit�,,del palo luce n.,2,,Tamponamento,Rettilineo,Una carreggiata a senso unico di marcia,Asciutto,Asfaltata,Verticale ed orizzontale,Sereno,Normale,Buona,Ore Diurne,1,0,0,1,12.5147,41.8888,-1,2,Motociclo a solo,In marcia / fermata / arresto,Conducente,M,Rimandato,0,NON DECEDUTO,Non accertato,,
3946689,9,06/08/2018 08:45:00,Strada Urbana,VIA LA SPEZIA,in prossimit�,,del civico n.,56,,Scontro laterale fra veicoli in marcia,Rettilineo,Una carreggiata a doppio senso,Asciutto,Asfaltata,Orizzontale,Sereno,Scarso,Buona,Ore Diurne,1,0,0,1,12.5179,41.8866,-1,1,Autovettura privata,In marcia / fermata / arresto,Conducente,M,Illeso,0,,Non accertato,Inesploso,
3946689,9,06/08/2018 08:45:00,Strada Urbana,VIA LA SPEZIA,in prossimit�,,del civico n.,56,,Scontro laterale fra veicoli in marcia,Rettilineo,Una carreggiata a doppio senso,Asciutto,Asfaltata,Orizzontale,Sereno,Scarso,Buona,Ore Diurne,1,0,0,1,12.5179,41.8866,-1,2,Motociclo a solo,In marcia / fermata / arresto,Conducente,M,Rimandato,0,NON DECEDUTO,Non accertato,,
3946693,12,06/08/2018 16:45:00,Strada Urbana,VIALE PASTEUR,da specificare,,,,PROSSIMITA' VIA ASTRONOMIA,Investimento di pedone,Rettilineo,Una carreggiata a doppio senso,Asciutto,Asfaltata,Verticale ed orizzontale,Nuvoloso,Scarso,Buona,Ore Diurne,0,0,0,3,12.4638,41.8338,-1,,,,Pedone,M,Illeso,0,,,,
3946693,12,06/08/2018 16:45:00,Strada Urbana,VIALE PASTEUR,da specificare,,,,PROSSIMITA' VIA ASTRONOMIA,Investimento di pedone,Rettilineo,Una carreggiata a doppio senso,Asciutto,Asfaltata,Verticale ed orizzontale,Nuvoloso,Scarso,Buona,Ore Diurne,0,0,0,3,12.4638,41.8338,-1,,,,Pedone,M,Illeso,0,,,,
3946693,12,06/08/2018 16:45:00,Strada Urbana,VIALE PASTEUR,da specificare,,,,PROSSIMITA' VIA ASTRONOMIA,Investimento di pedone,Rettilineo,Una carreggiata a doppio senso,Asciutto,Asfaltata,Verticale ed orizzontale,Nuvoloso,Scarso,Buona,Ore Diurne,0,0,0,3,12.4638,41.8338,-1,1,Autovettura privata,In marcia / fermata / arresto,Conducente,M,Illeso,0,,,Inesploso,
3946701,19,06/08/2018 12:50:00,Strada Urbana,VIA SUOR CELESTINA DONATI,all'intersezione con,VIA DELLE CALASANZIANE,VIA DELLE CALASANZIANE,,,Veicolo in marcia contro veicolo in sosta,Incrocio,Una carreggiata a senso unico di marcia,Asciutto,Asfaltata,Assente,Sereno,Scarso,Buona,Ore Diurne,0,0,0,1,12.4213,41.9212,-1,2,Autovettura privata,In marcia / fermata / arresto,Conducente,F,Illeso,0,,Non accertato,Inesistente,
3946702,19,06/08/2018 09:30:00,Strada Urbana,VIA DI BOCCEA,all'intersezione con,VIA DI SELVA NERA,VIA DI SELVA NERA,,,Scontro frontale/laterale DX fra veicoli in marcia,Intersezione stradale segnalata,Una carreggiata a doppio senso,Asciutto,Asfaltata,Verticale ed orizzontale,Sereno,Normale,Buona,Ore Diurne,0,0,0,3,12.3847,41.9149,-1,1,Autocarro inferiore 35 q.,In marcia / fermata / arresto,Conducente,M,Illeso,0,,Non accertato,Inesploso,
3946702,19,06/08/2018 09:30:00,Strada Urbana,VIA DI BOCCEA,all'intersezione con,VIA DI SELVA NERA,VIA DI SELVA NERA,,,Scontro frontale/laterale DX fra veicoli in marcia,Intersezione stradale segnalata,Una carreggiata a doppio senso,Asciutto,Asfaltata,Verticale ed orizzontale,Sereno,Normale,Buona,Ore Diurne,0,0,0,3,12.3847,41.9149,-1,1,Autocarro inferiore 35 q.,In marcia / fermata / arresto,Passeggero,M,Illeso,0,,Non accertato,Inesploso,
3946702,19,06/08/2018 09:30:00,Strada Urbana,VIA DI BOCCEA,all'intersezione con,VIA DI SELVA NERA,VIA DI SELVA NERA,,,Scontro frontale/laterale DX fra veicoli in marcia,Intersezione stradale segnalata,Una carreggiata a doppio senso,Asciutto,Asfaltata,Verticale ed orizzontale,Sereno,Normale,Buona,Ore Diurne,0,0,0,3,12.3847,41.9149,-1,2,Autovettura privata,In marcia / fermata / arresto,Conducente,F,Illeso,0,,Non accertato,Inesploso,
3946718,12,06/08/2018 15:15:00,Provinciale,VIA OSTIENSE,da specificare,,,,civ.1407,Scontro frontale/laterale SX fra veicoli in marcia,Rettilineo,Una carreggiata a doppio senso,Asciutto,Asfaltata,Verticale ed orizzontale,Sereno,Normale,Buona,Ore Diurne,1,0,0,1,12.4112,41.809,-1,1,Autovettura privata,In marcia / fermata / arresto,Conducente,M,Illeso,0,,,Inesploso,
3946718,12,06/08/2018 15:15:00,Provinciale,VIA OSTIENSE,da specificare,,,,civ.1407,Scontro frontale/laterale SX fra veicoli in marcia,Rettilineo,Una carreggiata a doppio senso,Asciutto,Asfaltata,Verticale ed orizzontale,Sereno,Normale,Buona,Ore Diurne,1,0,0,1,12.4112,41.809,-1,2,Motociclo a solo,In marcia / fermata / arresto,Conducente,M,Rimandato,0,NON DECEDUTO,,,
3946724,9,06/08/2018 18:30:00,Strada Urbana,VIA LATINA,da specificare,,,,altezza via Cesare Baronio,Investimento di pedone,Rettilineo,Una carreggiata a senso unico di marcia,Asciutto,Asfaltata,Verticale ed orizzontale,Sereno,Scarso,Buona,Ore Diurne,1,0,0,1,12.5176,41.8718,-1,,,,Pedone,F,Ricoverato,0,NON DECEDUTO,,,
3946724,9,06/08/2018 18:30:00,Strada Urbana,VIA LATINA,da specificare,,,,altezza via Cesare Baronio,Investimento di pedone,Rettilineo,Una carreggiata a senso unico di marcia,Asciutto,Asfaltata,Verticale ed orizzontale,Sereno,Scarso,Buona,Ore Diurne,1,0,0,1,12.5176,41.8718,-1,1,Autovettura privata,In marcia / fermata / arresto,Conducente,M,Illeso,0,,Non accertato,Inesploso,
3946725,11,06/08/2018 14:15:00,Strada Urbana,VIA DELLA FOTOGRAFIA,in prossimit�,,del civico n.,89,,Scontro laterale fra veicoli in marcia,Rettilineo,Una carreggiata a doppio senso,Asciutto,Asfaltata,Verticale ed orizzontale,Sereno,Scarso,Buona,Ore Diurne,0,0,0,2,12.5152,41.8344,-1,1,Autovettura privata,In marcia / fermata / arresto,Conducente,M,Illeso,0,,,,
3946725,11,06/08/2018 14:15:00,Strada Urbana,VIA DELLA FOTOGRAFIA,in prossimit�,,del civico n.,89,,Scontro laterale fra veicoli in marcia,Rettilineo,Una carreggiata a doppio senso,Asciutto,Asfaltata,Verticale ed orizzontale,Sereno,Scarso,Buona,Ore Diurne,0,0,0,2,12.5152,41.8344,-1,2,Autocarro inferiore 35 q.,In marcia / fermata / arresto,Conducente,M,Illeso,0,,,,
3946728,7,06/08/2018 08:30:00,Strada Urbana,VIA DI TOR TRE TESTE,all'intersezione con,VIALE DELLA BELLA VILLA,VIALE DELLA BELLA VILLA,,,Tamponamento,Intersezione stradale segnalata,Una carreggiata a doppio senso,Asciutto,Asfaltata,Verticale ed orizzontale,Sereno,Normale,Buona,Ore Diurne,0,0,0,2,12.5917,41.8811,-1,1,Autovettura privata,In marcia / fermata / arresto,Conducente,F,Illeso,0,,Non accertato,Inesploso,
3946728,7,06/08/2018 08:30:00,Strada Urbana,VIA DI TOR TRE TESTE,all'intersezione con,VIALE DELLA BELLA VILLA,VIALE DELLA BELLA VILLA,,,Tamponamento,Intersezione stradale segnalata,Una carreggiata a doppio senso,Asciutto,Asfaltata,Verticale ed orizzontale,Sereno,Normale,Buona,Ore Diurne,0,0,0,2,12.5917,41.8811,-1,2,Autovettura privata,In marcia / fermata / arresto,Conducente,M,Illeso,0,,Non accertato,Inesploso,
3946729,9,06/08/2018 09:45:00,Strada Urbana,PIAZZA LODI,da specificare,,,,FRONTE VIA LA SPEZIA,Scontro laterale fra veicoli in marcia,Rotatoria,Una carreggiata a senso unico di marcia,Asciutto,Asfaltata,Orizzontale,Sereno,Normale,Buona,Ore Diurne,0,0,0,2,12.5208,41.8872,-1,1,Autocarro inferiore 35 q.,In marcia / fermata / arresto,Conducente,M,Illeso,0,,Non accertato,Inesploso,
3946729,9,06/08/2018 09:45:00,Strada Urbana,PIAZZA LODI,da specificare,,,,FRONTE VIA LA SPEZIA,Scontro laterale fra veicoli in marcia,Rotatoria,Una carreggiata a senso unico di marcia,Asciutto,Asfaltata,Orizzontale,Sereno,Normale,Buona,Ore Diurne,0,0,0,2,12.5208,41.8872,-1,2,Autovettura privata,In marcia / fermata / arresto,Conducente,M,Illeso,0,,Non accertato,Inesploso,
3946731,4,06/08/2018 07:40:00,Strada Urbana,VIA SALARIA,da specificare,,,,direzione Flaminia Civitavecchia,Veicolo in marcia contro ostacolo fisso,Curva senza visuale libera,Una carreggiata a senso unico di marcia,Viscido da liquidi oleosi,Asfaltata,Verticale ed orizzontale,Sereno,Normale,Buona,Ore Diurne,0,0,0,1,12.5116,41.9875,-1,1,Motociclo a solo,In marcia / fermata / arresto,Conducente,M,Illeso,0,,,,
3946732,10,06/08/2018 15:25:00,Strada Urbana,VIA CALPURNIO FIAMMA,all'intersezione semaforizzata con,VIALE S. GIOVANNI BOSCO,VIALE S. GIOVANNI BOSCO,,,Scontro frontale/laterale DX fra veicoli in marcia,Intersezione semaforizzata,Due carreggiate,Asciutto,Asfaltata,Verticale ed orizzontale,Sereno,Scarso,Buona,Ore Diurne,0,0,0,2,12.5608,41.8606,-1,1,Autovettura privata,In marcia / fermata / arresto,Conducente,M,Illeso,0,,Non accertato,Inesploso,
3946732,10,06/08/2018 15:25:00,Strada Urbana,VIA CALPURNIO FIAMMA,all'intersezione semaforizzata con,VIALE S. GIOVANNI BOSCO,VIALE S. GIOVANNI BOSCO,,,Scontro frontale/laterale DX fra veicoli in marcia,Intersezione semaforizzata,Due carreggiate,Asciutto,Asfaltata,Verticale ed orizzontale,Sereno,Scarso,Buona,Ore Diurne,0,0,0,2,12.5608,41.8606,-1,2,Autovettura privata,In marcia / fermata / arresto,Conducente,M,Illeso,0,,Non accertato,Inesploso,
3946754,9,06/08/2018 15:40:00,Strada Urbana,VIALE CASTRENSE,all'intersezione con,VIA ACIREALE,VIA ACIREALE,,,Tamponamento Multiplo,Intersezione stradale segnalata,Una carreggiata a doppio senso,Asciutto,Asfaltata,Verticale ed orizzontale,Sereno,Normale,Sufficiente,Ore Diurne,1,0,0,4,12.5186,41.8883,-1,1,Autovettura privata,In marcia / fermata / arresto,Conducente,M,Illeso,0,,Non accertato,Inesploso,
3946754,9,06/08/2018 15:40:00,Strada Urbana,VIALE CASTRENSE,all'intersezione con,VIA ACIREALE,VIA ACIREALE,,,Tamponamento Multiplo,Intersezione stradale segnalata,Una carreggiata a doppio senso,Asciutto,Asfaltata,Verticale ed orizzontale,Sereno,Normale,Sufficiente,Ore Diurne,1,0,0,4,12.5186,41.8883,-1,2,Autovettura privata,In marcia / fermata / arresto,Conducente,M,Rimandato,0,NON DECEDUTO,Non accertato,Inesploso,
3946754,9,06/08/2018 15:40:00,Strada Urbana,VIALE CASTRENSE,all'intersezione con,VIA ACIREALE,VIA ACIREALE,,,Tamponamento Multiplo,Intersezione stradale segnalata,Una carreggiata a doppio senso,Asciutto,Asfaltata,Verticale ed orizzontale,Sereno,Normale,Sufficiente,Ore Diurne,1,0,0,4,12.5186,41.8883,-1,3,Autovettura privata,In marcia / fermata / arresto,Conducente,M,Illeso,0,,Non accertato,Inesploso,
3946754,9,06/08/2018 15:40:00,Strada Urbana,VIALE CASTRENSE,all'intersezione con,VIA ACIREALE,VIA ACIREALE,,,Tamponamento Multiplo,Intersezione stradale segnalata,Una carreggiata a doppio senso,Asciutto,Asfaltata,Verticale ed orizzontale,Sereno,Normale,Sufficiente,Ore Diurne,1,0,0,4,12.5186,41.8883,-1,3,Autovettura privata,In marcia / fermata / arresto,Passeggero,M,Illeso,0,,Non accertato,Inesploso,
3946754,9,06/08/2018 15:40:00,Strada Urbana,VIALE CASTRENSE,all'intersezione con,VIA ACIREALE,VIA ACIREALE,,,Tamponamento Multiplo,Intersezione stradale segnalata,Una carreggiata a doppio senso,Asciutto,Asfaltata,Verticale ed orizzontale,Sereno,Normale,Sufficiente,Ore Diurne,1,0,0,4,12.5186,41.8883,-1,4,Autovettura privata,In marcia / fermata / arresto,Conducente,M,Illeso,0,,Non accertato,Inesploso,
3946763,1,04/08/2018 10:20:00,Strada Urbana,VIA DI S. CROCE IN GERUSALEMME,in corrispondenza,,del civico n.,16,,Scontro laterale fra veicoli in marcia,Rettilineo,Una carreggiata a doppio senso,Asciutto,Asfaltata,Verticale ed orizzontale,Sereno,Normale,Buona,Ore Diurne,1,0,0,1,12.5139,41.8894,-1,1,Motociclo a solo,In marcia / fermata / arresto,Conducente,M,Rimandato,0,NON DECEDUTO,Non accertato,,
3946763,1,04/08/2018 10:20:00,Strada Urbana,VIA DI S. CROCE IN GERUSALEMME,in corrispondenza,,del civico n.,16,,Scontro laterale fra veicoli in marcia,Rettilineo,Una carreggiata a doppio senso,Asciutto,Asfaltata,Verticale ed orizzontale,Sereno,Normale,Buona,Ore Diurne,1,0,0,1,12.5139,41.8894,-1,2,Autovettura privata,In marcia / fermata / arresto,Conducente,M,Illeso,0,,Non accertato,Inesploso,
3946766,1,06/08/2018 14:40:00,Strada Urbana,VIA MARIA ADELAIDE,all'intersezione con,VIA FERDINANDO DI SAVOIA,VIA FERDINANDO DI SAVOIA,,,Investimento di pedone,Incrocio,Una carreggiata a senso unico di marcia,Asciutto,Asfaltata,Verticale ed orizzontale,Sereno,Scarso,Buona,Ore Diurne,0,0,0,1,,,0,,,,Pedone,M,Illeso,0,,,,
3946778,12,06/08/2018 13:00:00,Strada Urbana,VIA CRISTOFORO COLOMBO,da specificare,,,,DIR. RM ALT. LARGO PELLA,Tamponamento,Rettilineo,Una carreggiata a senso unico di marcia,Asciutto,Asfaltata,Verticale ed orizzontale,Sereno,Normale,Buona,Ore Diurne,1,0,0,1,12.4689,41.8295,-1,1,Autovettura privata,In marcia / fermata / arresto,Conducente,M,Illeso,0,,,Inesploso,
3946778,12,06/08/2018 13:00:00,Strada Urbana,VIA CRISTOFORO COLOMBO,da specificare,,,,DIR. RM ALT. LARGO PELLA,Tamponamento,Rettilineo,Una carreggiata a senso unico di marcia,Asciutto,Asfaltata,Verticale ed orizzontale,Sereno,Normale,Buona,Ore Diurne,1,0,0,1,12.4689,41.8295,-1,2,Motociclo a solo,In marcia / fermata / arresto,Conducente,M,Rimandato,0,NON DECEDUTO,,,
3946781,13,06/08/2018 06:40:00,Strada Urbana,VIALE CHARLES LENORMANT,in prossimit�,,del civico n.,107,,Tamponamento,Rettilineo,Una carreggiata a doppio senso,Asciutto,Asfaltata,Assente,Sereno,Scarso,Buona,Ore Diurne,2,0,0,0,12.3267,41.7719,-1,1,Autovettura privata,In marcia / fermata / arresto,Conducente,M,Rimandato,0,NON DECEDUTO,Non accertato,Inesploso,