Protocollo,Gruppo,DataOraIncidente,Localizzazione1,STRADA1,Localizzazione2,STRADA2,Strada02,Chilometrica,DaSpecificare,NaturaIncidente,particolaritastrade,TipoStrada,FondoStradale,Pavimentazione,Segnaletica,CondizioneAtmosferica,Traffico,Visibilita,Illuminazione,NUM_FERITI,NUM_RISERVATA,NUM_MORTI,NUM_ILLESI,Longitudine,Latitudine,Confermato,Progressivo,TipoVeicolo,StatoVeicolo,TipoPersona,Sesso,Tipolesione,Deceduto,DecedutoDopo,CinturaCascoUtilizzato,Airbag,
3946781,13,06/08/2018 06:40:00,Strada Urbana,VIALE CHARLES LENORMANT,in prossimit�,,del civico n.,107,,Tamponamento,Rettilineo,Una carreggiata a doppio senso,Asciutto,Asfaltata,Assente,Sereno,Scarso,Buona,Ore Diurne,2,0,0,0,12.3267,41.7719,-1,2,Autovettura privata,In marcia / fermata / arresto,Conducente,M,Rimandato,0,NON DECEDUTO,Non accertato,Inesploso,
3946786,18,07/08/2018 08:00:00,Strada Urbana,PIAZZA PIO XI,all'intersezione semaforizzata con,VIA ANASTASIO II,VIA ANASTASIO II,,,Veicolo in marcia contro veicoli in sosta,Intersezione stradale segnalata,Una carreggiata a senso unico di marcia,Asciutto,Asfaltata,Verticale ed orizzontale,Sereno,Normale,Buona,Ore Diurne,1,0,0,0,12.4383,41.8953,-1,1,Autovettura privata,In marcia / fermata / arresto,Conducente,F,Rifiuta cure immediate,0,NON DECEDUTO,Non accertato,Inesploso,
3946791,1,06/08/2018 15:30:00,Strada Urbana,VIA MERULANA,all'intersezione con,VIA ANGELO POLIZIANO,VIA ANGELO POLIZIANO,,,Scontro frontale/laterale DX fra veicoli in marcia,Incrocio,Una carreggiata a senso unico di marcia,Asciutto,Asfaltata,Verticale ed orizzontale,Sereno,Normale,Buona,Ore Diurne,1,0,0,2,12.5015,41.8926,-1,1,Autovettura privata,In marcia / fermata / arresto,Conducente,M,Illeso,0,,Non accertato,Inesploso,
3946791,1,06/08/2018 15:30:00,Strada Urbana,VIA MERULANA,all'intersezione con,VIA ANGELO POLIZIANO,VIA ANGELO POLIZIANO,,,Scontro frontale/laterale DX fra veicoli in marcia,Incrocio,Una carreggiata a senso unico di marcia,Asciutto,Asfaltata,Verticale ed orizzontale,Sereno,Normale,Buona,Ore Diurne,1,0,0,2,12.5015,41.8926,-1,1,Autovettura privata,In marcia / fermata / arresto,Passeggero,M,Illeso,0,,,,
3946791,1,06/08/2018 15:30:00,Strada Urbana,VIA MERULANA,all'intersezione con,VIA ANGELO POLIZIANO,VIA ANGELO POLIZIANO,,,Scontro frontale/laterale DX fra veicoli in marcia,Incrocio,Una carreggiata a senso unico di marcia,Asciutto,Asfaltata,Verticale ed orizzontale,Sereno,Normale,Buona,Ore Diurne,1,0,0,2,12.5015,41.8926,-1,2,Motociclo a solo,In marcia / fermata / arresto,Conducente,M,Rifiuta cure immediate,0,NON DECEDUTO,Non accertato,,
3946808,7,06/08/2018 08:50:00,Strada Urbana,VIA DEI GELSI,all'intersezione con,VIA DELLE BETULLE,VIA DELLE BETULLE,,,Scontro laterale fra veicoli in marcia,Incrocio,Una carreggiata a senso unico di marcia,Asciutto,Asfaltata,Verticale ed orizzontale,Sereno,Scarso,Buona,Ore Diurne,1,0,0,1,12.5677,41.889,-1,1,Autovettura privata,In marcia / fermata / arresto,Conducente,M,Illeso,0,,Non accertato,Inesploso,
3946808,7,06/08/2018 08:50:00,Strada Urbana,VIA DEI GELSI,all'intersezione con,VIA DELLE BETULLE,VIA DELLE BETULLE,,,Scontro laterale fra veicoli in marcia,Incrocio,Una carreggiata a senso unico di marcia,Asciutto,Asfaltata,Verticale ed orizzontale,Sereno,Scarso,Buona,Ore Diurne,1,0,0,1,12.5677,41.889,-1,2,Autovettura privata,In marcia / fermata / arresto,Conducente,F,Rimandato,0,NON DECEDUTO,Non accertato,Inesploso,
3946820,12,04/08/2018 16:35:00,Strada Urbana,VIALE SABATO MARTELLI CASTALDI,all'intersezione con,VIALE CAMILLO SABATINI,VIALE CAMILLO SABATINI,,,Veicolo in marcia contro ostacolo accidentale,Intersezione semaforizzata,Una carreggiata a doppio senso,Bagnato (pioggia),Asfaltata,Verticale ed orizzontale,Pioggia in atto,Scarso,Buona,Ore Diurne,0,0,0,2,12.4417,41.8195,-1,1,Autovettura privata,In marcia / fermata / arresto,Conducente,F,Illeso,0,,Utilizzato,Inesploso,
3946820,12,04/08/2018 16:35:00,Strada Urbana,VIALE SABATO MARTELLI CASTALDI,all'intersezione con,VIALE CAMILLO SABATINI,VIALE CAMILLO SABATINI,,,Veicolo in marcia contro ostacolo accidentale,Intersezione semaforizzata,Una carreggiata a doppio senso,Bagnato (pioggia),Asfaltata,Verticale ed orizzontale,Pioggia in atto,Scarso,Buona,Ore Diurne,0,0,0,2,12.4417,41.8195,-1,1,Autovettura privata,In marcia / fermata / arresto,Passeggero,M,Illeso,0,,Utilizzato,Inesploso,
3946825,1,06/08/2018 18:45:00,Strada Urbana,LUNGOTEVERE RIPA,all'intersezione con,VIA DEI VASCELLARI,VIA DEI VASCELLARI,,,Scontro laterale fra veicoli in marcia,Incrocio,Una carreggiata a senso unico di marcia,Asciutto,Asfaltata,Verticale ed orizzontale,Sereno,Normale,Buona,Ore Diurne,1,0,0,2,12.4788,41.888,-1,1,Autovettura privata,In marcia / fermata / arresto,Conducente,F,Illeso,0,,,,
3946825,1,06/08/2018 18:45:00,Strada Urbana,LUNGOTEVERE RIPA,all'intersezione con,VIA DEI VASCELLARI,VIA DEI VASCELLARI,,,Scontro laterale fra veicoli in marcia,Incrocio,Una carreggiata a senso unico di marcia,Asciutto,Asfaltata,Verticale ed orizzontale,Sereno,Normale,Buona,Ore Diurne,1,0,0,2,12.4788,41.888,-1,1,Autovettura privata,In marcia / fermata / arresto,Passeggero,M,Illeso,0,,,,
3946825,1,06/08/2018 18:45:00,Strada Urbana,LUNGOTEVERE RIPA,all'intersezione con,VIA DEI VASCELLARI,VIA DEI VASCELLARI,,,Scontro laterale fra veicoli in marcia,Incrocio,Una carreggiata a senso unico di marcia,Asciutto,Asfaltata,Verticale ed orizzontale,Sereno,Normale,Buona,Ore Diurne,1,0,0,2,12.4788,41.888,-1,2,Motociclo a solo,In marcia / fermata / arresto,Conducente,F,Rifiuta cure immediate,0,NON DECEDUTO,,,
3946827,12,06/08/2018 01:00:00,Strada Urbana,VIA APPIA PIGNATELLI,all'intersezione con,VIA DELL'ALMONE,VIA DELL'ALMONE,,,Tamponamento Multiplo,Intersezione semaforizzata,Una carreggiata a doppio senso,Asciutto,Asfaltata,Verticale ed orizzontale,Nuvoloso,Scarso,Buona,Sufficiente,0,0,0,3,12.527,41.8524,-1,1,Autovettura privata,In marcia / fermata / arresto,Conducente,M,Illeso,0,,Utilizzato,,
3946827,12,06/08/2018 01:00:00,Strada Urbana,VIA APPIA PIGNATELLI,all'intersezione con,VIA DELL'ALMONE,VIA DELL'ALMONE,,,Tamponamento Multiplo,Intersezione semaforizzata,Una carreggiata a doppio senso,Asciutto,Asfaltata,Verticale ed orizzontale,Nuvoloso,Scarso,Buona,Sufficiente,0,0,0,3,12.527,41.8524,-1,2,Autovettura privata,In marcia / fermata / arresto,Conducente,M,Illeso,0,,,,
3946827,12,06/08/2018 01:00:00,Strada Urbana,VIA APPIA PIGNATELLI,all'intersezione con,VIA DELL'ALMONE,VIA DELL'ALMONE,,,Tamponamento Multiplo,Intersezione semaforizzata,Una carreggiata a doppio senso,Asciutto,Asfaltata,Verticale ed orizzontale,Nuvoloso,Scarso,Buona,Sufficiente,0,0,0,3,12.527,41.8524,-1,3,Autovettura privata,In marcia / fermata / arresto,Conducente,M,Illeso,0,,,Inesploso,
3946834,4,06/08/2018 05:40:00,Strada Urbana,VIA SAN GIMIGNANO,in corrispondenza,,del civico n.,36,,Veicolo in marcia contro veicolo in sosta,Rettilineo,Una carreggiata a senso unico di marcia,Asciutto,Asfaltata,Assente,Sereno,Scarso,Buona,Sufficiente,0,0,0,1,12.5101,41.9748,-1,1,Autovettura privata,In marcia / fermata / arresto,Conducente,M,Illeso,0,,Non accertato,Inesploso,
3946844,23,07/08/2018 01:00:00,Strada Urbana,VIA CRISTOFORO COLOMBO,all'intersezione semaforizzata con,VIA PINDARO,VIA PINDARO,,,Scontro frontale/laterale SX fra veicoli in marcia,Incrocio,Pi� di due carreggiate,Asciutto,Asfaltata,Verticale ed orizzontale,Sereno,Scarso,Sufficiente,Sufficiente,1,0,0,2,12.3697,41.7548,-1,,,,Pedone,M,Rimandato,0,NON DECEDUTO,,,
3946844,23,07/08/2018 01:00:00,Strada Urbana,VIA CRISTOFORO COLOMBO,all'intersezione semaforizzata con,VIA PINDARO,VIA PINDARO,,,Scontro frontale/laterale SX fra veicoli in marcia,Incrocio,Pi� di due carreggiate,Asciutto,Asfaltata,Verticale ed orizzontale,Sereno,Scarso,Sufficiente,Sufficiente,1,0,0,2,12.3697,41.7548,-1,1,Autovettura privata,In marcia / fermata / arresto,Conducente,F,Illeso,0,,Non accertato,Inesploso,
3946844,23,07/08/2018 01:00:00,Strada Urbana,VIA CRISTOFORO COLOMBO,all'intersezione semaforizzata con,VIA PINDARO,VIA PINDARO,,,Scontro frontale/laterale SX fra veicoli in marcia,Incrocio,Pi� di due carreggiate,Asciutto,Asfaltata,Verticale ed orizzontale,Sereno,Scarso,Sufficiente,Sufficiente,1,0,0,2,12.3697,41.7548,-1,1,Autovettura privata,In marcia / fermata / arresto,Passeggero,M,Illeso,0,,Non accertato,Inesploso,
3946850,1,06/08/2018 17:25:00,Strada Urbana,VIA DEI LATERANI,all'intersezione semaforizzata con,VIA DELL'AMBA ARADAM,VIA DELL'AMBA ARADAM,,,Veicolo in marcia contro ostacolo accidentale,Intersezione semaforizzata,Una carreggiata a senso unico di marcia,Viscido da liquidi oleosi,Asfaltata,Verticale,Sereno,Intenso,Sufficiente,Ore Diurne,0,0,0,1,12.5031,41.8841,-1,1,Motociclo a solo,In marcia / fermata / arresto,Conducente,M,Illeso,0,,Non accertato,,
3946862,17,06/08/2018 21:05:00,Strada Urbana,VIA DARDANELLI,in corrispondenza,,del civico n.,1,,Veicolo in marcia contro veicolo in sosta,Rettilineo,Due carreggiate,Asciutto,Asfaltata,Verticale ed orizzontale,Sereno,Scarso,Buona,Sufficiente,0,0,0,1,12.4582,41.9172,-1,2,Autovettura privata,In marcia / fermata / arresto,Conducente,M,Illeso,0,,,,
3946867,23,06/08/2018 18:00:00,Strada Urbana,VIA DI ACILIA,all'intersezione con,VIA ANGELO CANEVARI,VIA ANGELO CANEVARI,,,Scontro laterale fra veicoli in marcia,Incrocio,Una carreggiata a doppio senso,Asciutto,Asfaltata,Verticale ed orizzontale,Nuvoloso,Normale,Buona,Ore Diurne,0,0,0,2,12.3694,41.7728,-1,1,Autovettura privata,In marcia / fermata / arresto,Conducente,M,Illeso,0,,Non accertato,Inesploso,
3946867,23,06/08/2018 18:00:00,Strada Urbana,VIA DI ACILIA,all'intersezione con,VIA ANGELO CANEVARI,VIA ANGELO CANEVARI,,,Scontro laterale fra veicoli in marcia,Incrocio,Una carreggiata a doppio senso,Asciutto,Asfaltata,Verticale ed orizzontale,Nuvoloso,Normale,Buona,Ore Diurne,0,0,0,2,12.3694,41.7728,-1,2,Autovettura privata,In marcia / fermata / arresto,Conducente,M,Illeso,0,,Non accertato,Esploso,
3946871,17,06/08/2018 19:00:00,Strada Urbana,VIA IGEA,in corrispondenza,,del civico n.,46,,Scontro laterale fra veicoli in marcia,Rettilineo,Una carreggiata a doppio senso,Asciutto,Asfaltata,Verticale ed orizzontale,Sereno,Intenso,Buona,Ore Diurne,1,0,0,2,12.4423,41.9348,-1,1,Motociclo con passeggero,In marcia / fermata / arresto,Conducente,M,Rimandato,0,NON DECEDUTO,,,
3946871,17,06/08/2018 19:00:00,Strada Urbana,VIA IGEA,in corrispondenza,,del civico n.,46,,Scontro laterale fra veicoli in marcia,Rettilineo,Una carreggiata a doppio senso,Asciutto,Asfaltata,Verticale ed orizzontale,Sereno,Intenso,Buona,Ore Diurne,1,0,0,2,12.4423,41.9348,-1,1,Motociclo con passeggero,In marcia / fermata / arresto,Passeggero,F,Illeso,0,,,,
3946871,17,06/08/2018 19:00:00,Strada Urbana,VIA IGEA,in corrispondenza,,del civico n.,46,,Scontro laterale fra veicoli in marcia,Rettilineo,Una carreggiata a doppio senso,Asciutto,Asfaltata,Verticale ed orizzontale,Sereno,Intenso,Buona,Ore Diurne,1,0,0,2,12.4423,41.9348,-1,2,Autovettura privata,In marcia / fermata / arresto,Conducente,M,Illeso,0,,,,
3946874,12,04/08/2018 12:25:00,Strada Urbana,VIALE CITTA' D'EUROPA,da specificare,,,,CIV.821,Scontro frontale/laterale SX fra veicoli in marcia,Curva senza visuale libera,Una carreggiata a doppio senso,Asciutto,Asfaltata,Verticale ed orizzontale,Sereno,Scarso,Buona,Ore Diurne,0,0,0,4,12.4547,41.8253,-1,1,Autovettura privata,In marcia / fermata / arresto,Conducente,F,Illeso,0,,,,
3946874,12,04/08/2018 12:25:00,Strada Urbana,VIALE CITTA' D'EUROPA,da specificare,,,,CIV.821,Scontro frontale/laterale SX fra veicoli in marcia,Curva senza visuale libera,Una carreggiata a doppio senso,Asciutto,Asfaltata,Verticale ed orizzontale,Sereno,Scarso,Buona,Ore Diurne,0,0,0,4,12.4547,41.8253,-1,1,Autovettura privata,In marcia / fermata / arresto,Passeggero,F,Illeso,0,,,,
3946874,12,04/08/2018 12:25:00,Strada Urbana,VIALE CITTA' D'EUROPA,da specificare,,,,CIV.821,Scontro frontale/laterale SX fra veicoli in marcia,Curva senza visuale libera,Una carreggiata a doppio senso,Asciutto,Asfaltata,Verticale ed orizzontale,Sereno,Scarso,Buona,Ore Diurne,0,0,0,4,12.4547,41.8253,-1,2,Autovettura privata,In marcia / fermata / arresto,Conducente,M,Illeso,0,,,,
3946874,12,04/08/2018 12:25:00,Strada Urbana,VIALE CITTA' D'EUROPA,da specificare,,,,CIV.821,Scontro frontale/laterale SX fra veicoli in marcia,Curva senza visuale libera,Una carreggiata a doppio senso,Asciutto,Asfaltata,Verticale ed orizzontale,Sereno,Scarso,Buona,Ore Diurne,0,0,0,4,12.4547,41.8253,-1,2,Autovettura privata,In marcia / fermata / arresto,Passeggero,F,Illeso,0,,,,
3946875,13,06/08/2018 09:05:00,Strada Urbana,VIA FRANCESCO CILEA,in prossimit�,,del civico n.,258/a,,Scontro laterale fra veicoli in marcia,Rettilineo,Due carreggiate,Asciutto,Asfaltata,Verticale ed orizzontale,Sereno,Normale,Buona,Ore Diurne,2,0,0,1,12.3752,41.7482,-1,1,Autovettura privata,In marcia / fermata / arresto,Conducente,M,Illeso,0,,Non accertato,Inesploso,
3946875,13,06/08/2018 09:05:00,Strada Urbana,VIA FRANCESCO CILEA,in prossimit�,,del civico n.,258/a,,Scontro laterale fra veicoli in marcia,Rettilineo,Due carreggiate,Asciutto,Asfaltata,Verticale ed orizzontale,Sereno,Normale,Buona,Ore Diurne,2,0,0,1,12.3752,41.7482,-1,2,Autovettura privata,In marcia / fermata / arresto,Conducente,F,Rimandato,0,NON DECEDUTO,Non accertato,Inesploso,
3946875,13,06/08/2018 09:05:00,Strada Urbana,VIA FRANCESCO CILEA,in prossimit�,,del civico n.,258/a,,Scontro laterale fra veicoli in marcia,Rettilineo,Due carreggiate,Asciutto,Asfaltata,Verticale ed orizzontale,Sereno,Normale,Buona,Ore Diurne,2,0,0,1,12.3752,41.7482,-1,2,Autovettura privata,In marcia / fermata / arresto,Passeggero,F,Rimandato,0,NON DECEDUTO,Non accertato,Inesploso,
3946887,10,07/08/2018 09:30:00,Strada Urbana,VIALE S. GIOVANNI BOSCO,in prossimit�,,del civico n.,4,,Investimento di pedone,Rettilineo,Una carreggiata a senso unico di marcia,Asciutto,Asfaltata,Orizzontale,Sereno,Normale,Buona,Ore Diurne,1,0,0,1,12.5587,41.8615,-1,,,,Pedone,F,Ricoverato,0,NON DECEDUTO,,,
3946887,10,07/08/2018 09:30:00,Strada Urbana,VIALE S. GIOVANNI BOSCO,in prossimit�,,del civico n.,4,,Investimento di pedone,Rettilineo,Una carreggiata a senso unico di marcia,Asciutto,Asfaltata,Orizzontale,Sereno,Normale,Buona,Ore Diurne,1,0,0,1,12.5587,41.8615,-1,1,Autovettura privata,In marcia / fermata / arresto,Conducente,M,Illeso,0,,Non accertato,Inesploso,
3946897,1,06/08/2018 09:40:00,Strada Urbana,CORSO VITTORIO EMANUELE II,all'intersezione semaforizzata con,LARGO DI TORRE ARGENTINA,LARGO DI TORRE ARGENTINA,,,Scontro frontale/laterale DX fra veicoli in marcia,Intersezione semaforizzata,Una carreggiata a doppio senso,Asciutto,Asfaltata,Verticale ed orizzontale,Sereno,Normale,Buona,Ore Diurne,1,0,0,1,12.4769,41.896,-1,1,Autovettura pubblica,In marcia / fermata / arresto,Conducente,M,Illeso,0,,Non accertato,Inesploso,
3946897,1,06/08/2018 09:40:00,Strada Urbana,CORSO VITTORIO EMANUELE II,all'intersezione semaforizzata con,LARGO DI TORRE ARGENTINA,LARGO DI TORRE ARGENTINA,,,Scontro frontale/laterale DX fra veicoli in marcia,Intersezione semaforizzata,Una carreggiata a doppio senso,Asciutto,Asfaltata,Verticale ed orizzontale,Sereno,Normale,Buona,Ore Diurne,1,0,0,1,12.4769,41.896,-1,2,Motociclo a solo,In marcia / fermata / arresto,Conducente,M,Rifiuta cure immediate,0,NON DECEDUTO,Non accertato,,
3946920,1,04/08/2018 11:10:00,Strada Urbana,VIA GIOVANNI LANZA,all'intersezione con,VIA EQUIZIA,VIA EQUIZIA,,,Scontro laterale fra veicoli in marcia,Incrocio,Una carreggiata a doppio senso,Asciutto,Asfaltata,Verticale ed orizzontale,Sereno,Scarso,Buona,Ore Diurne,0,0,0,4,12.4971,41.895,-1,1,Autovettura di polizia,In marcia / fermata / arresto,Conducente,M,Illeso,0,,Non accertato,Inesploso,
3946920,1,04/08/2018 11:10:00,Strada Urbana,VIA GIOVANNI LANZA,all'intersezione con,VIA EQUIZIA,VIA EQUIZIA,,,Scontro laterale fra veicoli in marcia,Incrocio,Una carreggiata a doppio senso,Asciutto,Asfaltata,Verticale ed orizzontale,Sereno,Scarso,Buona,Ore Diurne,0,0,0,4,12.4971,41.895,-1,1,Autovettura di polizia,In marcia / fermata / arresto,Passeggero,M,Illeso,0,,,,
3946920,1,04/08/2018 11:10:00,Strada Urbana,VIA GIOVANNI LANZA,all'intersezione con,VIA EQUIZIA,VIA EQUIZIA,,,Scontro laterale fra veicoli in marcia,Incrocio,Una carreggiata a doppio senso,Asciutto,Asfaltata,Verticale ed orizzontale,Sereno,Scarso,Buona,Ore Diurne,0,0,0,4,12.4971,41.895,-1,2,Autocarro superiore 35 q.,In marcia / fermata / arresto,Conducente,M,Illeso,0,,Non accertato,Inesploso,
3946920,1,04/08/2018 11:10:00,Strada Urbana,VIA GIOVANNI LANZA,all'intersezione con,VIA EQUIZIA,VIA EQUIZIA,,,Scontro laterale fra veicoli in marcia,Incrocio,Una carreggiata a doppio senso,Asciutto,Asfaltata,Verticale ed orizzontale,Sereno,Scarso,Buona,Ore Diurne,0,0,0,4,12.4971,41.895,-1,2,Autocarro superiore 35 q.,In marcia / fermata / arresto,Passeggero,M,Illeso,0,,,,
3946934,18,07/08/2018 09:00:00,Strada Urbana,VIA BALDO DEGLI UBALDI,in prossimit�,,del civico n.,109,,Scontro laterale fra veicoli in marcia,Rettilineo,Due carreggiate,Asciutto,Asfaltata,Verticale ed orizzontale,Sereno,Normale,Buona,Ore Diurne,0,0,0,4,12.4338,41.8992,-1,1,Autovettura privata,In marcia / fermata / arresto,Conducente,M,Illeso,0,,Non accertato,Inesploso,
3946934,18,07/08/2018 09:00:00,Strada Urbana,VIA BALDO DEGLI UBALDI,in prossimit�,,del civico n.,109,,Scontro laterale fra veicoli in marcia,Rettilineo,Due carreggiate,Asciutto,Asfaltata,Verticale ed orizzontale,Sereno,Normale,Buona,Ore Diurne,0,0,0,4,12.4338,41.8992,-1,2,Autovettura privata,In marcia / fermata / arresto,Conducente,M,Illeso,0,,Non accertato,Inesploso,
3946934,18,07/08/2018 09:00:00,Strada Urbana,VIA BALDO DEGLI UBALDI,in prossimit�,,del civico n.,109,,Scontro laterale fra veicoli in marcia,Rettilineo,Due carreggiate,Asciutto,Asfaltata,Verticale ed orizzontale,Sereno,Normale,Buona,Ore Diurne,0,0,0,4,12.4338,41.8992,-1,2,Autovettura privata,In marcia / fermata / arresto,Passeggero,F,Illeso,0,,Non accertato,Inesploso,
3946934,18,07/08/2018 09:00:00,Strada Urbana,VIA BALDO DEGLI UBALDI,in prossimit�,,del civico n.,109,,Scontro laterale fra veicoli in marcia,Rettilineo,Due carreggiate,Asciutto,Asfaltata,Verticale ed orizzontale,Sereno,Normale,Buona,Ore Diurne,0,0,0,4,12.4338,41.8992,-1,2,Autovettura privata,In marcia / fermata / arresto,Passeggero,F,Illeso,0,,Non accertato,Inesploso,
3946942,13,06/08/2018 09:00:00,Strada Urbana,VIA ESCHILO,in prossimit�,,del civico n.,191,,Ribaltamento senza urto contro ostacolo fisso,Pendenza,Una carreggiata a senso unico di marcia,Asciutto,Asfaltata,Assente,Sereno,Scarso,Buona,Ore Diurne,0,0,0,1,12.3697,41.756,-1,2,Autovettura privata,In marcia / fermata / arresto,Conducente,F,Illeso,0,,Non accertato,Inesploso,
3946944,4,06/08/2018 15:50:00,Strada Urbana,VIA VAL D'ALA,in corrispondenza,,del civico n.,10,,Veicolo in marcia contro veicolo in sosta,Rettilineo,Una carreggiata a doppio senso,Asciutto,Asfaltata,Verticale ed orizzontale,Sereno,Scarso,Buona,Ore Diurne,0,0,0,1,12.5213,41.9419,-1,1,Autovettura privata,In marcia / fermata / arresto,Conducente,M,Illeso,0,,,,
3946947,1,04/08/2018 11:15:00,Strada Urbana,VIA DELLO STATUTO,all'intersezione semaforizzata con,LARGO BRANCACCIO,LARGO BRANCACCIO,,,Scontro laterale fra veicoli in marcia,Intersezione semaforizzata,Una carreggiata a doppio senso,Asciutto,Asfaltata,Verticale ed orizzontale,Sereno,Normale,Buona,Ore Diurne,0,0,0,2,12.5002,41.895,-1,1,Autovettura privata,In marcia / fermata / arresto,Conducente,F,Illeso,0,,Non accertato,Inesistente,
3946947,1,04/08/2018 11:15:00,Strada Urbana,VIA DELLO STATUTO,all'intersezione semaforizzata con,LARGO BRANCACCIO,LARGO BRANCACCIO,,,Scontro laterale fra veicoli in marcia,Intersezione semaforizzata,Una carreggiata a doppio senso,Asciutto,Asfaltata,Verticale ed orizzontale,Sereno,Normale,Buona,Ore Diurne,0,0,0,2,12.5002,41.895,-1,2,Autovettura privata,In marcia / fermata / arresto,Conducente,M,Illeso,0,,Non accertato,Inesistente,
3946950,1,07/08/2018 06:25:00,Strada Urbana,PIAZZA DI S. CROCE IN GERUSALEMME,all'intersezione semaforizzata con,VIA DI S. CROCE IN GERUSALEMME,VIA DI S. CROCE IN GERUSALEMME,,,Scontro laterale fra veicoli in marcia,Intersezione semaforizzata,Una carreggiata a doppio senso,Asciutto,Asfaltata,Verticale ed orizzontale,Sereno,Scarso,Buona,Ore Diurne,1,0,0,1,12.5152,41.8891,-1,1,Autocarro inferiore 35 q.,In marcia / fermata / arresto,Conducente,M,Illeso,0,,Non accertato,Inesploso,
3946950,1,07/08/2018 06:25:00,Strada Urbana,PIAZZA DI S. CROCE IN GERUSALEMME,all'intersezione semaforizzata con,VIA DI S. CROCE IN GERUSALEMME,VIA DI S. CROCE IN GERUSALEMME,,,Scontro laterale fra veicoli in marcia,Intersezione semaforizzata,Una carreggiata a doppio senso,Asciutto,Asfaltata,Verticale ed orizzontale,Sereno,Scarso,Buona,Ore Diurne,1,0,0,1,12.5152,41.8891,-1,2,Autovettura privata,In marcia / fermata / arresto,Conducente,M,Rimandato,0,NON DECEDUTO,Non accertato,,
3946975,4,06/08/2018 17:20:00,Strada Urbana,VIA BUCINE,in corrispondenza,,del civico n.,43,,Veicolo in marcia contro veicolo in sosta,Rettilineo,Una carreggiata a doppio senso,Asciutto,Asfaltata,Assente,Sereno,Scarso,Buona,Ore Diurne,0,0,0,1,12.5158,41.975,-1,1,Autovettura privata,In marcia / fermata / arresto,Conducente,M,Illeso,0,,Non accertato,,
3946977,1,04/08/2018 04:10:00,Strada Urbana,VIA DEGLI ANNIBALDI,all'intersezione con,LARGO GAETANA AGNESI,LARGO GAETANA AGNESI,,,Veicolo in marcia contro veicolo in sosta,Incrocio,Una carreggiata a senso unico di marcia,Asciutto,In cubetti di porfido,Verticale ed orizzontale,Nuvoloso,Scarso,Buona,Sufficiente,1,0,0,0,12.4912,41.8916,-1,1,Motociclo a solo,In marcia / fermata / arresto,Conducente,M,Ricoverato,0,NON DECEDUTO,Non accertato,,
3946988,2,06/08/2018 17:40:00,Strada Urbana,VIA SALARIA,all'intersezione con,VIA TIRSO,VIA TIRSO,,,Infortunio per caduta del veicolo,Incrocio,Una carreggiata a doppio senso,Asciutto,Asfaltata,Verticale ed orizzontale,Nuvoloso,Scarso,Buona,Ore Diurne,1,0,0,1,12.4979,41.919,-1,1,Motociclo a solo,In marcia / fermata / arresto,Conducente,F,Rifiuta cure immediate,0,NON DECEDUTO,,,
3946988,2,06/08/2018 17:40:00,Strada Urbana,VIA SALARIA,all'intersezione con,VIA TIRSO,VIA TIRSO,,,Infortunio per caduta del veicolo,Incrocio,Una carreggiata a doppio senso,Asciutto,Asfaltata,Verticale ed orizzontale,Nuvoloso,Scarso,Buona,Ore Diurne,1,0,0,1,12.4979,41.919,-1,2,Autovettura privata,In marcia / fermata / arresto,Conducente,M,Illeso,0,,,,
3946993,4,06/08/2018 13:20:00,Strada Urbana,PIAZZALE JONIO,all'intersezione con,VIA DEI PRATI FISCALI,VIA DEI PRATI FISCALI,,,Tamponamento,Rotatoria,Due carreggiate,Asciutto,Asfaltata,Verticale ed orizzontale,Sereno,Normale,Buona,Ore Diurne,0,0,0,3,12.5262,41.9457,-1,1,Autoambulanza,In marcia / fermata / arresto,Conducente,M,Illeso,0,,,,
3946993,4,06/08/2018 13:20:00,Strada Urbana,PIAZZALE JONIO,all'intersezione con,VIA DEI PRATI FISCALI,VIA DEI PRATI FISCALI,,,Tamponamento,Rotatoria,Due carreggiate,Asciutto,Asfaltata,Verticale ed orizzontale,Sereno,Normale,Buona,Ore Diurne,0,0,0,3,12.5262,41.9457,-1,1,Autoambulanza,In marcia / fermata / arresto,Passeggero,M,Illeso,0,,,,
3946993,4,06/08/2018 13:20:00,Strada Urbana,PIAZZALE JONIO,all'intersezione con,VIA DEI PRATI FISCALI,VIA DEI PRATI FISCALI,,,Tamponamento,Rotatoria,Due carreggiate,Asciutto,Asfaltata,Verticale ed orizzontale,Sereno,Normale,Buona,Ore Diurne,0,0,0,3,12.5262,41.9457,-1,2,Autovettura privata,In marcia / fermata / arresto,Conducente,F,Illeso,0,,,,
3946996,1,05/08/2018 13:55:00,Strada Urbana,VIA VITTORIO VENETO,all'intersezione con,VIA DEI CAPPUCCINI,VIA DEI CAPPUCCINI,,,Scontro laterale fra veicoli in marcia,Incrocio,Due carreggiate,Asciutto,Asfaltata,Verticale ed orizzontale,Sereno,Scarso,Buona,Ore Diurne,0,0,0,2,12.4882,41.9047,-1,1,Autovettura pubblica,In marcia / fermata / arresto,Conducente,M,Illeso,0,,Non accertato,Inesploso,