Protocollo,Gruppo,DataOraIncidente,Localizzazione1,STRADA1,Localizzazione2,STRADA2,Strada02,Chilometrica,DaSpecificare,NaturaIncidente,particolaritastrade,TipoStrada,FondoStradale,Pavimentazione,Segnaletica,CondizioneAtmosferica,Traffico,Visibilita,Illuminazione,NUM_FERITI,NUM_RISERVATA,NUM_MORTI,NUM_ILLESI,Longitudine,Latitudine,Confermato,Progressivo,TipoVeicolo,StatoVeicolo,TipoPersona,Sesso,Tipolesione,Deceduto,DecedutoDopo,CinturaCascoUtilizzato,Airbag,
3947813,17,07/08/2018 08:30:00,Strada Urbana,LUNGOTEVERE MARESCIALLO CADORNA,all'intersezione con,PIAZZALE MARESCIALLO GIARDINO,PIAZZALE MARESCIALLO GIARDINO,,,Scontro laterale fra veicoli in marcia,Intersezione stradale segnalata,Una carreggiata a senso unico di marcia,Asciutto,Asfaltata,Verticale ed orizzontale,Sereno,Scarso,Buona,Ore Diurne,0,0,0,2,12.4587,41.9242,-1,2,Autovettura privata,In marcia / fermata / arresto,Conducente,M,Illeso,0,,,,
3947817,19,07/08/2018 13:45:00,Strada Urbana,VIA GIAMBATTISTA SORIA,all'intersezione con,VIA EDOARDO FERRAVILLA,VIA EDOARDO FERRAVILLA,,,Scontro frontale/laterale DX fra veicoli in marcia,Incrocio,Una carreggiata a senso unico di marcia,Asciutto,Asfaltata,Verticale ed orizzontale,Sereno,Normale,Buona,Ore Diurne,1,0,0,1,12.411,41.9067,-1,1,Autovettura privata,In marcia / fermata / arresto,Conducente,M,Illeso,0,,,,
3947817,19,07/08/2018 13:45:00,Strada Urbana,VIA GIAMBATTISTA SORIA,all'intersezione con,VIA EDOARDO FERRAVILLA,VIA EDOARDO FERRAVILLA,,,Scontro frontale/laterale DX fra veicoli in marcia,Incrocio,Una carreggiata a senso unico di marcia,Asciutto,Asfaltata,Verticale ed orizzontale,Sereno,Normale,Buona,Ore Diurne,1,0,0,1,12.411,41.9067,-1,2,Autovettura privata,In marcia / fermata / arresto,Conducente,M,Rimandato,0,NON DECEDUTO,,,
3947832,16,07/08/2018 07:40:00,Strada Urbana,CIRCONVALLAZIONE GIANICOLENSE,in corrispondenza,,del civico n.,205,,Tamponamento,Rettilineo,Una carreggiata a senso unico di marcia,Asciutto,Asfaltata,Orizzontale,Sereno,Normale,Buona,Ore Diurne,1,0,0,2,12.4446,41.8758,-1,1,Autovettura privata,In marcia / fermata / arresto,Conducente,M,Illeso,0,,Non accertato,,
3947832,16,07/08/2018 07:40:00,Strada Urbana,CIRCONVALLAZIONE GIANICOLENSE,in corrispondenza,,del civico n.,205,,Tamponamento,Rettilineo,Una carreggiata a senso unico di marcia,Asciutto,Asfaltata,Orizzontale,Sereno,Normale,Buona,Ore Diurne,1,0,0,2,12.4446,41.8758,-1,1,Autovettura privata,In marcia / fermata / arresto,Passeggero,M,Illeso,0,,Non accertato,Inesploso,
3947832,16,07/08/2018 07:40:00,Strada Urbana,CIRCONVALLAZIONE GIANICOLENSE,in corrispondenza,,del civico n.,205,,Tamponamento,Rettilineo,Una carreggiata a senso unico di marcia,Asciutto,Asfaltata,Orizzontale,Sereno,Normale,Buona,Ore Diurne,1,0,0,2,12.4446,41.8758,-1,2,Motociclo a solo,In marcia / fermata / arresto,Conducente,M,Rimandato,0,NON DECEDUTO,Non accertato,,
3947848,16,07/08/2018 09:35:00,Strada Urbana,VIALE LUIGI MORETTI,da specificare,,,,fronte palo ACEA 3,Scontro laterale fra veicoli in marcia,Rettilineo,Due carreggiate,Asciutto,Asfaltata,Verticale ed orizzontale,Sereno,Normale,Buona,Ore Diurne,0,0,0,2,12.4079,41.8689,-1,1,Motociclo a solo,In marcia / fermata / arresto,Conducente,M,Illeso,0,,Non accertato,,
3947848,16,07/08/2018 09:35:00,Strada Urbana,VIALE LUIGI MORETTI,da specificare,,,,fronte palo ACEA 3,Scontro laterale fra veicoli in marcia,Rettilineo,Due carreggiate,Asciutto,Asfaltata,Verticale ed orizzontale,Sereno,Normale,Buona,Ore Diurne,0,0,0,2,12.4079,41.8689,-1,2,Autovettura privata,In marcia / fermata / arresto,Conducente,F,Illeso,0,,Non accertato,Inesploso,
3947849,19,07/08/2018 21:00:00,Strada Urbana,VIA ROMEO RODRIGUEZ PEREIRA,in corrispondenza,,del civico n.,190,,Investimento di pedone,Rettilineo,Una carreggiata a doppio senso,Asciutto,Asfaltata,Orizzontale,Sereno,Scarso,Buona,Sufficiente,1,0,0,1,12.4379,41.9176,-1,,,,Pedone,M,Ricoverato,0,NON DECEDUTO,,,
3947849,19,07/08/2018 21:00:00,Strada Urbana,VIA ROMEO RODRIGUEZ PEREIRA,in corrispondenza,,del civico n.,190,,Investimento di pedone,Rettilineo,Una carreggiata a doppio senso,Asciutto,Asfaltata,Orizzontale,Sereno,Scarso,Buona,Sufficiente,1,0,0,1,12.4379,41.9176,-1,1,Autovettura privata,In marcia / fermata / arresto,Conducente,F,Illeso,0,,Utilizzato,Inesploso,
3947850,4,07/08/2018 11:40:00,Strada Urbana,VIALE CESCO BASEGGIO,all'intersezione con,VIA GIUSEPPE IMER,VIA GIUSEPPE IMER,,,Scontro laterale fra veicoli in marcia,Incrocio,Due carreggiate,Asciutto,Asfaltata,Verticale ed orizzontale,Sereno,Normale,Buona,Ore Diurne,0,0,0,2,12.5339,41.9671,-1,1,Autovettura privata,In marcia / fermata / arresto,Conducente,M,Illeso,0,,,,
3947850,4,07/08/2018 11:40:00,Strada Urbana,VIALE CESCO BASEGGIO,all'intersezione con,VIA GIUSEPPE IMER,VIA GIUSEPPE IMER,,,Scontro laterale fra veicoli in marcia,Incrocio,Due carreggiate,Asciutto,Asfaltata,Verticale ed orizzontale,Sereno,Normale,Buona,Ore Diurne,0,0,0,2,12.5339,41.9671,-1,2,Autovettura privata,In marcia / fermata / arresto,Conducente,M,Illeso,0,,,,
3947857,2,07/08/2018 14:10:00,Strada Urbana,VIALE TIZIANO,all'intersezione con,VIA ENRICO CHIARADIA,VIA ENRICO CHIARADIA,,,Scontro frontale/laterale DX fra veicoli in marcia,Incrocio,Una carreggiata a senso unico di marcia,Asciutto,Asfaltata,Verticale,Sereno,Intenso,Buona,Ore Diurne,0,1,0,1,12.4727,41.9213,-1,1,Autovettura privata,In marcia / fermata / arresto,Conducente,M,Illeso,0,,Non accertato,Inesploso,
3947857,2,07/08/2018 14:10:00,Strada Urbana,VIALE TIZIANO,all'intersezione con,VIA ENRICO CHIARADIA,VIA ENRICO CHIARADIA,,,Scontro frontale/laterale DX fra veicoli in marcia,Incrocio,Una carreggiata a senso unico di marcia,Asciutto,Asfaltata,Verticale,Sereno,Intenso,Buona,Ore Diurne,0,1,0,1,12.4727,41.9213,-1,2,Motociclo a solo,In marcia / fermata / arresto,Conducente,M,Prognosi riservata,0,NON DECEDUTO,Utilizzato,,
3947864,4,07/08/2018 23:35:00,Strada Urbana,PIAZZA GIUSEPPE PRIMOLI,all'intersezione con,VIA RENATO FUCINI,VIA RENATO FUCINI,,,Scontro frontale/laterale DX fra veicoli in marcia,Intersezione semaforizzata,Due carreggiate,Asciutto,Asfaltata,Verticale ed orizzontale,Sereno,Scarso,Sufficiente,Sufficiente,0,0,0,4,12.5529,41.9452,-1,1,Autovettura privata,In marcia / fermata / arresto,Conducente,M,Illeso,0,,,,
3947864,4,07/08/2018 23:35:00,Strada Urbana,PIAZZA GIUSEPPE PRIMOLI,all'intersezione con,VIA RENATO FUCINI,VIA RENATO FUCINI,,,Scontro frontale/laterale DX fra veicoli in marcia,Intersezione semaforizzata,Due carreggiate,Asciutto,Asfaltata,Verticale ed orizzontale,Sereno,Scarso,Sufficiente,Sufficiente,0,0,0,4,12.5529,41.9452,-1,1,Autovettura privata,In marcia / fermata / arresto,Passeggero,M,Illeso,0,,,,
3947864,4,07/08/2018 23:35:00,Strada Urbana,PIAZZA GIUSEPPE PRIMOLI,all'intersezione con,VIA RENATO FUCINI,VIA RENATO FUCINI,,,Scontro frontale/laterale DX fra veicoli in marcia,Intersezione semaforizzata,Due carreggiate,Asciutto,Asfaltata,Verticale ed orizzontale,Sereno,Scarso,Sufficiente,Sufficiente,0,0,0,4,12.5529,41.9452,-1,2,Autovettura privata,In marcia / fermata / arresto,Conducente,M,Illeso,0,,,,
3947864,4,07/08/2018 23:35:00,Strada Urbana,PIAZZA GIUSEPPE PRIMOLI,all'intersezione con,VIA RENATO FUCINI,VIA RENATO FUCINI,,,Scontro frontale/laterale DX fra veicoli in marcia,Intersezione semaforizzata,Due carreggiate,Asciutto,Asfaltata,Verticale ed orizzontale,Sereno,Scarso,Sufficiente,Sufficiente,0,0,0,4,12.5529,41.9452,-1,2,Autovettura privata,In marcia / fermata / arresto,Passeggero,F,Illeso,0,,,,
3947867,20,07/08/2018 20:15:00,Strada Urbana,VIA DEL FORO ITALICO,da specificare,,,,direzione Pineta Sacchetti fr. distributore ESSO,Veicolo in marcia contro ostacolo fisso,Rettilineo,Due carreggiate,Asciutto,Asfaltata,Verticale ed orizzontale,Nuvoloso,Normale,Buona,Ore Diurne,0,0,0,1,12.4877,41.9395,-1,1,Autovettura privata,In marcia / fermata / arresto,Conducente,M,Illeso,0,,Non accertato,,
3947871,7,07/08/2018 18:10:00,Strada Urbana,VIA DEI BOCCAMAZZI,in corrispondenza,,del civico n.,4,,Veicolo in marcia contro veicolo fermo,Rettilineo,Una carreggiata a senso unico di marcia,Asciutto,Asfaltata,Verticale,Sereno,Scarso,Buona,Ore Diurne,0,0,0,4,12.5904,41.9029,-1,1,Autovettura privata,In marcia / fermata / arresto,Conducente,F,Illeso,0,,Non accertato,Inesploso,
3947871,7,07/08/2018 18:10:00,Strada Urbana,VIA DEI BOCCAMAZZI,in corrispondenza,,del civico n.,4,,Veicolo in marcia contro veicolo fermo,Rettilineo,Una carreggiata a senso unico di marcia,Asciutto,Asfaltata,Verticale,Sereno,Scarso,Buona,Ore Diurne,0,0,0,4,12.5904,41.9029,-1,2,Autovettura privata,In marcia / fermata / arresto,Conducente,M,Illeso,0,,Non accertato,Inesploso,
3947871,7,07/08/2018 18:10:00,Strada Urbana,VIA DEI BOCCAMAZZI,in corrispondenza,,del civico n.,4,,Veicolo in marcia contro veicolo fermo,Rettilineo,Una carreggiata a senso unico di marcia,Asciutto,Asfaltata,Verticale,Sereno,Scarso,Buona,Ore Diurne,0,0,0,4,12.5904,41.9029,-1,2,Autovettura privata,In marcia / fermata / arresto,Passeggero,F,Illeso,0,,Non utilizzato,Inesploso,
3947871,7,07/08/2018 18:10:00,Strada Urbana,VIA DEI BOCCAMAZZI,in corrispondenza,,del civico n.,4,,Veicolo in marcia contro veicolo fermo,Rettilineo,Una carreggiata a senso unico di marcia,Asciutto,Asfaltata,Verticale,Sereno,Scarso,Buona,Ore Diurne,0,0,0,4,12.5904,41.9029,-1,2,Autovettura privata,In marcia / fermata / arresto,Passeggero,F,Illeso,0,,Non utilizzato,Inesploso,
3947878,13,07/08/2018 11:20:00,Strada Urbana,VIA DI ACILIA,all'intersezione con,VIA ADOLFO TOMMASI,VIA ADOLFO TOMMASI,,,Scontro laterale fra veicoli in marcia,Incrocio,Una carreggiata a doppio senso,Asciutto,Asfaltata,Verticale,Sereno,Normale,Buona,Ore Diurne,0,0,0,3,12.3736,41.775,-1,1,Autovettura privata,In marcia / fermata / arresto,Conducente,F,Illeso,0,,Non accertato,Inesploso,
3947878,13,07/08/2018 11:20:00,Strada Urbana,VIA DI ACILIA,all'intersezione con,VIA ADOLFO TOMMASI,VIA ADOLFO TOMMASI,,,Scontro laterale fra veicoli in marcia,Incrocio,Una carreggiata a doppio senso,Asciutto,Asfaltata,Verticale,Sereno,Normale,Buona,Ore Diurne,0,0,0,3,12.3736,41.775,-1,1,Autovettura privata,In marcia / fermata / arresto,Passeggero,M,Illeso,0,,,,
3947878,13,07/08/2018 11:20:00,Strada Urbana,VIA DI ACILIA,all'intersezione con,VIA ADOLFO TOMMASI,VIA ADOLFO TOMMASI,,,Scontro laterale fra veicoli in marcia,Incrocio,Una carreggiata a doppio senso,Asciutto,Asfaltata,Verticale,Sereno,Normale,Buona,Ore Diurne,0,0,0,3,12.3736,41.775,-1,2,Autocarro superiore 35 q.,In marcia / fermata / arresto,Conducente,M,Illeso,0,,Non accertato,Inesploso,
3947943,13,07/08/2018 17:40:00,Strada Urbana,VIALE DEI PROMONTORI,in corrispondenza,,del civico n.,75,,Veicolo in marcia contro veicoli in sosta,Rettilineo,Due carreggiate,Asciutto,Asfaltata,Assente,Sereno,Normale,Buona,Ore Diurne,0,0,0,1,12.2889,41.7386,-1,1,Autovettura privata,In marcia / fermata / arresto,Conducente,F,Illeso,0,,Non accertato,Inesploso,
3947990,1,03/08/2018 17:30:00,Strada Urbana,VIA TORINO,in corrispondenza,,del civico n.,154,,Ribaltamento senza urto contro ostacolo fisso,Rettilineo,Una carreggiata a senso unico di marcia,Asciutto,Strada pavimentata dissestata,Verticale ed orizzontale,Sereno,Normale,Buona,Ore Diurne,0,0,0,1,12.497,41.8996,-1,1,Motociclo a solo,In marcia / fermata / arresto,Conducente,M,Illeso,0,,,,
3948020,2,07/08/2018 09:00:00,Strada Urbana,CIRCONVALLAZIONE SALARIA,da specificare,,,,rampa di accesso a VIALE SOMALIA prov. CIRC.NE SAL,Veicolo in marcia contro ostacolo fisso,Rettilineo,Una carreggiata a senso unico di marcia,Asciutto,Asfaltata,Verticale ed orizzontale,Sereno,Normale,Buona,Ore Diurne,0,0,0,1,12.5207,41.9347,-1,1,Autovettura privata,In marcia / fermata / arresto,Conducente,F,Illeso,0,,,,
3948025,2,07/08/2018 17:20:00,Strada Urbana,VIALE DELLO SCALO S. LORENZO,in prossimit�,,del civico n.,48,,Scontro laterale fra veicoli in marcia,Rettilineo,Pi� di due carreggiate,Asciutto,Asfaltata,Verticale ed orizzontale,Sereno,Scarso,Buona,Ore Diurne,0,0,0,4,12.5188,41.8959,-1,1,Autovettura privata,In marcia / fermata / arresto,Conducente,M,Illeso,0,,Non accertato,Inesploso,
3948025,2,07/08/2018 17:20:00,Strada Urbana,VIALE DELLO SCALO S. LORENZO,in prossimit�,,del civico n.,48,,Scontro laterale fra veicoli in marcia,Rettilineo,Pi� di due carreggiate,Asciutto,Asfaltata,Verticale ed orizzontale,Sereno,Scarso,Buona,Ore Diurne,0,0,0,4,12.5188,41.8959,-1,1,Autovettura privata,In marcia / fermata / arresto,Passeggero,F,Illeso,0,,Non accertato,Inesploso,
3948025,2,07/08/2018 17:20:00,Strada Urbana,VIALE DELLO SCALO S. LORENZO,in prossimit�,,del civico n.,48,,Scontro laterale fra veicoli in marcia,Rettilineo,Pi� di due carreggiate,Asciutto,Asfaltata,Verticale ed orizzontale,Sereno,Scarso,Buona,Ore Diurne,0,0,0,4,12.5188,41.8959,-1,1,Autovettura privata,In marcia / fermata / arresto,Passeggero,M,Illeso,0,,Non accertato,Inesploso,
3948025,2,07/08/2018 17:20:00,Strada Urbana,VIALE DELLO SCALO S. LORENZO,in prossimit�,,del civico n.,48,,Scontro laterale fra veicoli in marcia,Rettilineo,Pi� di due carreggiate,Asciutto,Asfaltata,Verticale ed orizzontale,Sereno,Scarso,Buona,Ore Diurne,0,0,0,4,12.5188,41.8959,-1,2,Autovettura privata,In marcia / fermata / arresto,Conducente,M,Illeso,0,,Non accertato,Inesploso,
3948081,10,08/08/2018 10:55:00,Strada Urbana,VIA LICINIO STOLONE,in prossimit�,,del palo luce n.,12,,Investimento di pedone,Rettilineo,Una carreggiata a senso unico di marcia,Asciutto,Asfaltata,Verticale ed orizzontale,Sereno,Normale,Buona,Ore Diurne,1,0,0,2,12.5661,41.8564,-1,,,,Pedone,F,Rimandato,0,NON DECEDUTO,,,
3948081,10,08/08/2018 10:55:00,Strada Urbana,VIA LICINIO STOLONE,in prossimit�,,del palo luce n.,12,,Investimento di pedone,Rettilineo,Una carreggiata a senso unico di marcia,Asciutto,Asfaltata,Verticale ed orizzontale,Sereno,Normale,Buona,Ore Diurne,1,0,0,2,12.5661,41.8564,-1,1,Autovettura privata,In marcia / fermata / arresto,Conducente,M,Illeso,0,,Non accertato,Inesploso,
3948081,10,08/08/2018 10:55:00,Strada Urbana,VIA LICINIO STOLONE,in prossimit�,,del palo luce n.,12,,Investimento di pedone,Rettilineo,Una carreggiata a senso unico di marcia,Asciutto,Asfaltata,Verticale ed orizzontale,Sereno,Normale,Buona,Ore Diurne,1,0,0,2,12.5661,41.8564,-1,1,Autovettura privata,In marcia / fermata / arresto,Passeggero,M,Illeso,0,,Non accertato,Inesploso,
3948090,17,08/08/2018 08:15:00,Strada Urbana,VIA ANDREA DORIA,all'intersezione semaforizzata con,VIA GIROLAMO SAVONAROLA,VIA GIROLAMO SAVONAROLA,,,Veicolo in marcia contro veicolo arresto,Intersezione semaforizzata,Una carreggiata a doppio senso,Asciutto,Asfaltata,Verticale ed orizzontale,Sereno,Normale,Buona,Ore Diurne,1,0,0,1,12.4521,41.9097,-1,1,Autocarro inferiore 35 q.,In marcia / fermata / arresto,Conducente,M,Illeso,0,,,,
3948090,17,08/08/2018 08:15:00,Strada Urbana,VIA ANDREA DORIA,all'intersezione semaforizzata con,VIA GIROLAMO SAVONAROLA,VIA GIROLAMO SAVONAROLA,,,Veicolo in marcia contro veicolo arresto,Intersezione semaforizzata,Una carreggiata a doppio senso,Asciutto,Asfaltata,Verticale ed orizzontale,Sereno,Normale,Buona,Ore Diurne,1,0,0,1,12.4521,41.9097,-1,2,Autovettura privata,In marcia / fermata / arresto,Conducente,F,Rimandato,0,NON DECEDUTO,,,
3948118,12,07/08/2018 13:25:00,Strada Urbana,VIA DI VALLERANO,all'intersezione con,VIA CARLO GALEFFI,VIA CARLO GALEFFI,,,Scontro frontale/laterale SX fra veicoli in marcia,Incrocio,Una carreggiata a doppio senso,Asciutto,Asfaltata,Verticale ed orizzontale,Nuvoloso,Normale,Buona,Ore Diurne,2,0,0,1,12.4617,41.7871,-1,1,Autovettura privata,In marcia / fermata / arresto,Conducente,F,Illeso,0,,Utilizzato,,
3948118,12,07/08/2018 13:25:00,Strada Urbana,VIA DI VALLERANO,all'intersezione con,VIA CARLO GALEFFI,VIA CARLO GALEFFI,,,Scontro frontale/laterale SX fra veicoli in marcia,Incrocio,Una carreggiata a doppio senso,Asciutto,Asfaltata,Verticale ed orizzontale,Nuvoloso,Normale,Buona,Ore Diurne,2,0,0,1,12.4617,41.7871,-1,2,Motociclo con passeggero,In marcia / fermata / arresto,Conducente,M,Rimandato,0,NON DECEDUTO,Utilizzato,,
3948118,12,07/08/2018 13:25:00,Strada Urbana,VIA DI VALLERANO,all'intersezione con,VIA CARLO GALEFFI,VIA CARLO GALEFFI,,,Scontro frontale/laterale SX fra veicoli in marcia,Incrocio,Una carreggiata a doppio senso,Asciutto,Asfaltata,Verticale ed orizzontale,Nuvoloso,Normale,Buona,Ore Diurne,2,0,0,1,12.4617,41.7871,-1,2,Motociclo con passeggero,In marcia / fermata / arresto,Passeggero,M,Ricoverato,0,NON DECEDUTO,Non accertato,,
3948145,13,07/08/2018 16:30:00,Strada Urbana,VIA ACHILLE TAMBURLINI,all'intersezione con,VIA AMEDEO BOCCHI,VIA AMEDEO BOCCHI,,,Scontro frontale/laterale DX fra veicoli in marcia,Incrocio,Una carreggiata a doppio senso,Asciutto,Asfaltata,Assente,Sereno,Scarso,Buona,Ore Diurne,1,0,0,3,12.3498,41.7786,-1,1,Autovettura privata,In marcia / fermata / arresto,Conducente,F,Rimandato,0,NON DECEDUTO,Non accertato,Inesploso,
3948145,13,07/08/2018 16:30:00,Strada Urbana,VIA ACHILLE TAMBURLINI,all'intersezione con,VIA AMEDEO BOCCHI,VIA AMEDEO BOCCHI,,,Scontro frontale/laterale DX fra veicoli in marcia,Incrocio,Una carreggiata a doppio senso,Asciutto,Asfaltata,Assente,Sereno,Scarso,Buona,Ore Diurne,1,0,0,3,12.3498,41.7786,-1,2,Autovettura privata,In marcia / fermata / arresto,Conducente,F,Illeso,0,,Non accertato,Inesploso,
3948145,13,07/08/2018 16:30:00,Strada Urbana,VIA ACHILLE TAMBURLINI,all'intersezione con,VIA AMEDEO BOCCHI,VIA AMEDEO BOCCHI,,,Scontro frontale/laterale DX fra veicoli in marcia,Incrocio,Una carreggiata a doppio senso,Asciutto,Asfaltata,Assente,Sereno,Scarso,Buona,Ore Diurne,1,0,0,3,12.3498,41.7786,-1,2,Autovettura privata,In marcia / fermata / arresto,Passeggero,M,Illeso,0,,,,
3948145,13,07/08/2018 16:30:00,Strada Urbana,VIA ACHILLE TAMBURLINI,all'intersezione con,VIA AMEDEO BOCCHI,VIA AMEDEO BOCCHI,,,Scontro frontale/laterale DX fra veicoli in marcia,Incrocio,Una carreggiata a doppio senso,Asciutto,Asfaltata,Assente,Sereno,Scarso,Buona,Ore Diurne,1,0,0,3,12.3498,41.7786,-1,2,Autovettura privata,In marcia / fermata / arresto,Passeggero,F,Illeso,0,,,,
3948171,18,08/08/2018 12:00:00,Strada Urbana,VIA DI BOCCEA,in corrispondenza,,del civico n.,549,,Scontro laterale fra veicoli in marcia,Rettilineo,Una carreggiata a senso unico di marcia,Asciutto,Asfaltata,Verticale,Sereno,Normale,Buona,Ore Diurne,2,0,0,2,12.3847,41.9148,-1,1,Autovettura privata,In marcia / fermata / arresto,Conducente,M,Illeso,0,,Non accertato,Inesploso,
3948171,18,08/08/2018 12:00:00,Strada Urbana,VIA DI BOCCEA,in corrispondenza,,del civico n.,549,,Scontro laterale fra veicoli in marcia,Rettilineo,Una carreggiata a senso unico di marcia,Asciutto,Asfaltata,Verticale,Sereno,Normale,Buona,Ore Diurne,2,0,0,2,12.3847,41.9148,-1,1,Autovettura privata,In marcia / fermata / arresto,Passeggero,M,Illeso,0,,Non accertato,Inesploso,
3948171,18,08/08/2018 12:00:00,Strada Urbana,VIA DI BOCCEA,in corrispondenza,,del civico n.,549,,Scontro laterale fra veicoli in marcia,Rettilineo,Una carreggiata a senso unico di marcia,Asciutto,Asfaltata,Verticale,Sereno,Normale,Buona,Ore Diurne,2,0,0,2,12.3847,41.9148,-1,2,Motociclo con passeggero,In marcia / fermata / arresto,Conducente,M,Rimandato,0,NON DECEDUTO,Non accertato,,
3948171,18,08/08/2018 12:00:00,Strada Urbana,VIA DI BOCCEA,in corrispondenza,,del civico n.,549,,Scontro laterale fra veicoli in marcia,Rettilineo,Una carreggiata a senso unico di marcia,Asciutto,Asfaltata,Verticale,Sereno,Normale,Buona,Ore Diurne,2,0,0,2,12.3847,41.9148,-1,2,Motociclo con passeggero,In marcia / fermata / arresto,Passeggero,M,Rimandato,0,NON DECEDUTO,Non accertato,,
3948285,1,07/08/2018 12:50:00,Strada Urbana,VIA FLAVIA,all'intersezione con,VIA QUINTINO SELLA,VIA QUINTINO SELLA,,,Scontro frontale/laterale DX fra veicoli in marcia,Incrocio,Una carreggiata a senso unico di marcia,Asciutto,In cubetti di porfido,Orizzontale,Sereno,Normale,Buona,Ore Diurne,1,0,0,2,12.4968,41.9068,-1,1,Autovettura privata,In marcia / fermata / arresto,Conducente,F,Illeso,0,,Non accertato,Inesploso,
3948285,1,07/08/2018 12:50:00,Strada Urbana,VIA FLAVIA,all'intersezione con,VIA QUINTINO SELLA,VIA QUINTINO SELLA,,,Scontro frontale/laterale DX fra veicoli in marcia,Incrocio,Una carreggiata a senso unico di marcia,Asciutto,In cubetti di porfido,Orizzontale,Sereno,Normale,Buona,Ore Diurne,1,0,0,2,12.4968,41.9068,-1,1,Autovettura privata,In marcia / fermata / arresto,Passeggero,M,Illeso,0,,Non accertato,Inesploso,
3948285,1,07/08/2018 12:50:00,Strada Urbana,VIA FLAVIA,all'intersezione con,VIA QUINTINO SELLA,VIA QUINTINO SELLA,,,Scontro frontale/laterale DX fra veicoli in marcia,Incrocio,Una carreggiata a senso unico di marcia,Asciutto,In cubetti di porfido,Orizzontale,Sereno,Normale,Buona,Ore Diurne,1,0,0,2,12.4968,41.9068,-1,2,Motociclo a solo,In marcia / fermata / arresto,Conducente,M,Rimandato,0,NON DECEDUTO,Non accertato,,
3948303,12,07/08/2018 09:30:00,Strada Urbana,LARGO GIUSEPPE PELLA,all'intersezione semaforizzata con,VIA CRISTOFORO COLOMBO,VIA CRISTOFORO COLOMBO,,,Tamponamento Multiplo,Intersezione semaforizzata,Una carreggiata a senso unico di marcia,Asciutto,Asfaltata,Verticale,Sereno,Normale,Buona,Ore Diurne,1,0,0,2,12.4689,41.8295,-1,1,Autovettura privata,In marcia / fermata / arresto,Conducente,M,Illeso,0,,,Inesploso,
3948303,12,07/08/2018 09:30:00,Strada Urbana,LARGO GIUSEPPE PELLA,all'intersezione semaforizzata con,VIA CRISTOFORO COLOMBO,VIA CRISTOFORO COLOMBO,,,Tamponamento Multiplo,Intersezione semaforizzata,Una carreggiata a senso unico di marcia,Asciutto,Asfaltata,Verticale,Sereno,Normale,Buona,Ore Diurne,1,0,0,2,12.4689,41.8295,-1,2,Autovettura privata,In marcia / fermata / arresto,Conducente,M,Rimandato,0,NON DECEDUTO,,,
3948303,12,07/08/2018 09:30:00,Strada Urbana,LARGO GIUSEPPE PELLA,all'intersezione semaforizzata con,VIA CRISTOFORO COLOMBO,VIA CRISTOFORO COLOMBO,,,Tamponamento Multiplo,Intersezione semaforizzata,Una carreggiata a senso unico di marcia,Asciutto,Asfaltata,Verticale,Sereno,Normale,Buona,Ore Diurne,1,0,0,2,12.4689,41.8295,-1,3,Autovettura privata,In marcia / fermata / arresto,Conducente,F,Illeso,0,,Non accertato,Inesploso,
3948322,19,08/08/2018 08:00:00,Strada Urbana,VIA TRIONFALE,all'intersezione con,VIA DEL FORTE TRIONFALE,VIA DEL FORTE TRIONFALE,,,Tamponamento,Incrocio,Una carreggiata a senso unico di marcia,Asciutto,Asfaltata,Verticale ed orizzontale,Sereno,Normale,Buona,Ore Diurne,0,0,0,2,12.4186,41.9443,-1,1,Autocarro inferiore 35 q.,In marcia / fermata / arresto,Conducente,M,Illeso,0,,Non accertato,Inesploso,
3948322,19,08/08/2018 08:00:00,Strada Urbana,VIA TRIONFALE,all'intersezione con,VIA DEL FORTE TRIONFALE,VIA DEL FORTE TRIONFALE,,,Tamponamento,Incrocio,Una carreggiata a senso unico di marcia,Asciutto,Asfaltata,Verticale ed orizzontale,Sereno,Normale,Buona,Ore Diurne,0,0,0,2,12.4186,41.9443,-1,2,Autovettura privata,In marcia / fermata / arresto,Conducente,M,Illeso,0,,Non accertato,Inesploso,
3948344,12,05/08/2018 16:00:00,Provinciale entro l'abitato,VIA LAURENTINA,da specificare,,,,fronte civico 730,Scontro laterale fra veicoli in marcia,Rettilineo,Pi� di due carreggiate,Asciutto,Asfaltata,Verticale ed orizzontale,Sereno,Scarso,Buona,Ore Diurne,0,0,0,3,12.4853,41.8102,-1,1,Autovettura privata,In marcia / fermata / arresto,Conducente,M,Illeso,0,,Utilizzato,Inesploso,
3948344,12,05/08/2018 16:00:00,Provinciale entro l'abitato,VIA LAURENTINA,da specificare,,,,fronte civico 730,Scontro laterale fra veicoli in marcia,Rettilineo,Pi� di due carreggiate,Asciutto,Asfaltata,Verticale ed orizzontale,Sereno,Scarso,Buona,Ore Diurne,0,0,0,3,12.4853,41.8102,-1,2,Autovettura privata,In marcia / fermata / arresto,Conducente,M,Illeso,0,,Non accertato,Inesploso,
3948344,12,05/08/2018 16:00:00,Provinciale entro l'abitato,VIA LAURENTINA,da specificare,,,,fronte civico 730,Scontro laterale fra veicoli in marcia,Rettilineo,Pi� di due carreggiate,Asciutto,Asfaltata,Verticale ed orizzontale,Sereno,Scarso,Buona,Ore Diurne,0,0,0,3,12.4853,41.8102,-1,2,Autovettura privata,In marcia / fermata / arresto,Passeggero,F,Illeso,0,,Non accertato,Inesploso,