Protocollo,Gruppo,DataOraIncidente,Localizzazione1,STRADA1,Localizzazione2,STRADA2,Strada02,Chilometrica,DaSpecificare,NaturaIncidente,particolaritastrade,TipoStrada,FondoStradale,Pavimentazione,Segnaletica,CondizioneAtmosferica,Traffico,Visibilita,Illuminazione,NUM_FERITI,NUM_RISERVATA,NUM_MORTI,NUM_ILLESI,Longitudine,Latitudine,Confermato,Progressivo,TipoVeicolo,StatoVeicolo,TipoPersona,Sesso,Tipolesione,Deceduto,DecedutoDopo,CinturaCascoUtilizzato,Airbag,
3948349,1,08/08/2018 10:55:00,Strada Urbana,VIA DI PORTA PINCIANA,all'intersezione con,VIA AURORA,VIA AURORA,,,Scontro laterale fra veicoli in marcia,Incrocio,Una carreggiata a senso unico di marcia,Asciutto,Asfaltata,Verticale ed orizzontale,Sereno,Normale,Buona,Ore Diurne,0,0,0,3,12.4871,41.9084,-1,1,Autovettura privata,In marcia / fermata / arresto,Conducente,M,Illeso,0,,Non accertato,Inesploso,
3948349,1,08/08/2018 10:55:00,Strada Urbana,VIA DI PORTA PINCIANA,all'intersezione con,VIA AURORA,VIA AURORA,,,Scontro laterale fra veicoli in marcia,Incrocio,Una carreggiata a senso unico di marcia,Asciutto,Asfaltata,Verticale ed orizzontale,Sereno,Normale,Buona,Ore Diurne,0,0,0,3,12.4871,41.9084,-1,1,Autovettura privata,In marcia / fermata / arresto,Passeggero,F,Illeso,0,,,,
3948349,1,08/08/2018 10:55:00,Strada Urbana,VIA DI PORTA PINCIANA,all'intersezione con,VIA AURORA,VIA AURORA,,,Scontro laterale fra veicoli in marcia,Incrocio,Una carreggiata a senso unico di marcia,Asciutto,Asfaltata,Verticale ed orizzontale,Sereno,Normale,Buona,Ore Diurne,0,0,0,3,12.4871,41.9084,-1,2,Motociclo a solo,In marcia / fermata / arresto,Conducente,F,Illeso,0,,Non accertato,,
3948358,12,07/08/2018 09:00:00,Strada Urbana,VIALE DI VAL FIORITA,da specificare,,,,direzione TRE FONTANE altezza Palo Acea 6,Scontro laterale fra veicoli in marcia,Curva a visuale libera,Una carreggiata a doppio senso,Asciutto,Asfaltata,Verticale ed orizzontale,Sereno,Normale,Buona,Ore Diurne,1,0,0,1,12.4646,41.8397,-1,1,Autovettura privata,In marcia / fermata / arresto,Conducente,F,Illeso,0,,Non accertato,Inesploso,
3948358,12,07/08/2018 09:00:00,Strada Urbana,VIALE DI VAL FIORITA,da specificare,,,,direzione TRE FONTANE altezza Palo Acea 6,Scontro laterale fra veicoli in marcia,Curva a visuale libera,Una carreggiata a doppio senso,Asciutto,Asfaltata,Verticale ed orizzontale,Sereno,Normale,Buona,Ore Diurne,1,0,0,1,12.4646,41.8397,-1,2,Motociclo a solo,In marcia / fermata / arresto,Conducente,M,Rimandato,0,NON DECEDUTO,Non accertato,,
3948372,1,08/08/2018 09:30:00,Strada Urbana,VIA CAVOUR,in corrispondenza,,del civico n.,213M,,Veicolo in marcia contro veicolo fermo,Rettilineo,Una carreggiata a doppio senso,Asciutto,Asfaltata,Verticale ed orizzontale,Sereno,Normale,Buona,Ore Diurne,0,0,0,2,,,0,1,Autobus turistico,In marcia / fermata / arresto,Conducente,M,Illeso,0,,Non accertato,Inesploso,
3948372,1,08/08/2018 09:30:00,Strada Urbana,VIA CAVOUR,in corrispondenza,,del civico n.,213M,,Veicolo in marcia contro veicolo fermo,Rettilineo,Una carreggiata a doppio senso,Asciutto,Asfaltata,Verticale ed orizzontale,Sereno,Normale,Buona,Ore Diurne,0,0,0,2,,,0,2,Autovettura pubblica,In marcia / fermata / arresto,Conducente,M,Illeso,0,,,,
3948396,17,08/08/2018 00:05:00,Strada Urbana,VIA DELL'ERBA,all'intersezione con,VIA DELLA CONCILIAZIONE,VIA DELLA CONCILIAZIONE,,,Ribaltamento senza urto contro ostacolo fisso,Incrocio,Una carreggiata a senso unico di marcia,Viscido da liquidi oleosi,In cubetti di porfido,Verticale ed orizzontale,Sereno,Scarso,Sufficiente,Sufficiente,0,0,0,2,12.4609,41.9025,-1,1,Motociclo con passeggero,In marcia / fermata / arresto,Conducente,M,Illeso,0,,,,
3948396,17,08/08/2018 00:05:00,Strada Urbana,VIA DELL'ERBA,all'intersezione con,VIA DELLA CONCILIAZIONE,VIA DELLA CONCILIAZIONE,,,Ribaltamento senza urto contro ostacolo fisso,Incrocio,Una carreggiata a senso unico di marcia,Viscido da liquidi oleosi,In cubetti di porfido,Verticale ed orizzontale,Sereno,Scarso,Sufficiente,Sufficiente,0,0,0,2,12.4609,41.9025,-1,1,Motociclo con passeggero,In marcia / fermata / arresto,Passeggero,F,Illeso,0,,,,
3948407,10,08/08/2018 15:30:00,Strada Urbana,VIA ANAGNINA,da specificare,,,,rampa di raccordo con la Tuscolana dir. Roma,Tamponamento,Curva a visuale libera,Una carreggiata a senso unico di marcia,Bagnato (pioggia),Asfaltata,Verticale ed orizzontale,Pioggia in atto,Normale,Buona,Ore Diurne,0,0,0,2,12.5917,41.8396,-1,1,Autovettura privata,In marcia / fermata / arresto,Conducente,M,Illeso,0,,Non accertato,Inesploso,
3948407,10,08/08/2018 15:30:00,Strada Urbana,VIA ANAGNINA,da specificare,,,,rampa di raccordo con la Tuscolana dir. Roma,Tamponamento,Curva a visuale libera,Una carreggiata a senso unico di marcia,Bagnato (pioggia),Asfaltata,Verticale ed orizzontale,Pioggia in atto,Normale,Buona,Ore Diurne,0,0,0,2,12.5917,41.8396,-1,2,Autovettura privata,In marcia / fermata / arresto,Conducente,F,Illeso,0,,Non accertato,Inesploso,
3948421,19,08/08/2018 07:40:00,Altra strada,LARGO AGOSTINO GEMELLI,da specificare,,,,interno Policlinico Agostino Gemelli,Veicolo in marcia contro veicolo in sosta,Rotatoria,Una carreggiata a senso unico di marcia,Asciutto,Asfaltata,Verticale ed orizzontale,Sereno,Scarso,Buona,Ore Diurne,0,0,0,1,12.4296,41.9297,-1,2,Autovettura privata,In marcia / fermata / arresto,Conducente,F,Illeso,0,,Non accertato,Inesploso,
3948541,10,08/08/2018 16:45:00,Strada Urbana,VIALE MARCO FULVIO NOBILIORE,all'intersezione con,VIA GIUSEPPE SALVIOLI,VIA GIUSEPPE SALVIOLI,,,Scontro frontale/laterale SX fra veicoli in marcia,Incrocio,Due carreggiate,Asciutto,Asfaltata,Verticale ed orizzontale,Nuvoloso,Normale,Buona,Ore Diurne,0,0,0,2,12.5662,41.8608,-1,1,Autovettura privata,In marcia / fermata / arresto,Conducente,M,Illeso,0,,Non accertato,Inesploso,
3948541,10,08/08/2018 16:45:00,Strada Urbana,VIALE MARCO FULVIO NOBILIORE,all'intersezione con,VIA GIUSEPPE SALVIOLI,VIA GIUSEPPE SALVIOLI,,,Scontro frontale/laterale SX fra veicoli in marcia,Incrocio,Due carreggiate,Asciutto,Asfaltata,Verticale ed orizzontale,Nuvoloso,Normale,Buona,Ore Diurne,0,0,0,2,12.5662,41.8608,-1,2,Autovettura privata,In marcia / fermata / arresto,Conducente,M,Illeso,0,,Non accertato,Esploso,
3948562,12,08/08/2018 15:10:00,Strada Urbana,VIA CRISTOFORO COLOMBO,da specificare,,,,DIR. RMC  ALT.SVINCOLO ROMA FIUMICINO,Infortunio per sola frenata improvvisa,Rettilineo,Pi� di due carreggiate,Bagnato (pioggia),Asfaltata,Verticale ed orizzontale,Pioggia in atto,Normale,Buona,Ore Diurne,1,0,0,1,12.4741,41.8395,-1,1,Autovettura privata,In marcia / fermata / arresto,Conducente,F,Illeso,0,,,,
3948562,12,08/08/2018 15:10:00,Strada Urbana,VIA CRISTOFORO COLOMBO,da specificare,,,,DIR. RMC  ALT.SVINCOLO ROMA FIUMICINO,Infortunio per sola frenata improvvisa,Rettilineo,Pi� di due carreggiate,Bagnato (pioggia),Asfaltata,Verticale ed orizzontale,Pioggia in atto,Normale,Buona,Ore Diurne,1,0,0,1,12.4741,41.8395,-1,2,Motociclo a solo,In marcia / fermata / arresto,Conducente,M,Rimandato,0,NON DECEDUTO,,,
3948570,12,06/08/2018 11:25:00,Strada Urbana,VIA DELLA CECCHIGNOLA,all'intersezione semaforizzata con,VIA GIOVANNI KOBLER,VIA GIOVANNI KOBLER,,,Tamponamento Multiplo,Intersezione semaforizzata,Una carreggiata a doppio senso,Asciutto,Asfaltata,Verticale ed orizzontale,Sereno,Normale,Buona,Ore Diurne,0,0,0,4,12.5123,41.8114,-1,1,Autovettura privata,In marcia / fermata / arresto,Conducente,F,Illeso,0,,Utilizzato,Inesploso,
3948570,12,06/08/2018 11:25:00,Strada Urbana,VIA DELLA CECCHIGNOLA,all'intersezione semaforizzata con,VIA GIOVANNI KOBLER,VIA GIOVANNI KOBLER,,,Tamponamento Multiplo,Intersezione semaforizzata,Una carreggiata a doppio senso,Asciutto,Asfaltata,Verticale ed orizzontale,Sereno,Normale,Buona,Ore Diurne,0,0,0,4,12.5123,41.8114,-1,1,Autovettura privata,In marcia / fermata / arresto,Passeggero,F,Illeso,0,,,,
3948570,12,06/08/2018 11:25:00,Strada Urbana,VIA DELLA CECCHIGNOLA,all'intersezione semaforizzata con,VIA GIOVANNI KOBLER,VIA GIOVANNI KOBLER,,,Tamponamento Multiplo,Intersezione semaforizzata,Una carreggiata a doppio senso,Asciutto,Asfaltata,Verticale ed orizzontale,Sereno,Normale,Buona,Ore Diurne,0,0,0,4,12.5123,41.8114,-1,2,Autovettura privata,In marcia / fermata / arresto,Conducente,F,Illeso,0,,Utilizzato,Inesploso,
3948570,12,06/08/2018 11:25:00,Strada Urbana,VIA DELLA CECCHIGNOLA,all'intersezione semaforizzata con,VIA GIOVANNI KOBLER,VIA GIOVANNI KOBLER,,,Tamponamento Multiplo,Intersezione semaforizzata,Una carreggiata a doppio senso,Asciutto,Asfaltata,Verticale ed orizzontale,Sereno,Normale,Buona,Ore Diurne,0,0,0,4,12.5123,41.8114,-1,3,Autobus di linea,In marcia / fermata / arresto,Conducente,M,Illeso,0,,,Inesploso,
3948590,16,07/08/2018 17:30:00,,VIA AURELIA,in prossimit�,,del civico n.,1287,,Scontro frontale fra veicoli in marcia,,,,,,,,,,1,0,0,1,12.3575,41.8826,0,1,Autovettura privata,In marcia / fermata / arresto,Conducente,M,Illeso,0,,,,
3948590,16,07/08/2018 17:30:00,,VIA AURELIA,in prossimit�,,del civico n.,1287,,Scontro frontale fra veicoli in marcia,,,,,,,,,,1,0,0,1,12.3575,41.8826,0,2,Velocipede,In marcia / fermata / arresto,Conducente,M,Rimandato,0,NON DECEDUTO,Esente,,
3948596,16,08/08/2018 07:45:00,Strada Urbana,VIA DI BRAVETTA,in corrispondenza,,del civico n.,201,,Scontro frontale/laterale SX fra veicoli in marcia,Rettilineo,Una carreggiata a doppio senso,Asciutto,Asfaltata,Assente,Sereno,Normale,Buona,Ore Diurne,0,0,0,2,12.4251,41.8824,-1,1,Autovettura privata,In marcia / fermata / arresto,Conducente,F,Illeso,0,,Non accertato,Inesploso,
3948596,16,08/08/2018 07:45:00,Strada Urbana,VIA DI BRAVETTA,in corrispondenza,,del civico n.,201,,Scontro frontale/laterale SX fra veicoli in marcia,Rettilineo,Una carreggiata a doppio senso,Asciutto,Asfaltata,Assente,Sereno,Normale,Buona,Ore Diurne,0,0,0,2,12.4251,41.8824,-1,2,Autovettura privata,In marcia / fermata / arresto,Conducente,M,Illeso,0,,Non accertato,Inesploso,
3948625,16,08/08/2018 10:30:00,Strada Urbana,VIA PORTUENSE,in prossimit�,,del civico n.,37,,Veicolo in marcia contro veicolo in sosta,Rettilineo,Una carreggiata a doppio senso,Asciutto,Asfaltata,Verticale ed orizzontale,Sereno,Normale,Buona,Ore Diurne,0,0,0,1,12.4718,41.882,-1,2,Autovettura privata,Allontanatosi,Conducente,M,Illeso,0,,Non accertato,,
3948744,5,08/08/2018 07:00:00,Strada Urbana,VIALE PALMIRO TOGLIATTI,da specificare,,,,fronte ingresso metro Ponte Mammolo,Scontro laterale fra veicoli in marcia,Curva a visuale libera,Due carreggiate,Asciutto,Asfaltata,Orizzontale,Sereno,Normale,Sufficiente,Ore Diurne,2,0,0,1,12.5664,41.922,-1,1,Motociclo con passeggero,In marcia / fermata / arresto,Conducente,M,Rimandato,0,NON DECEDUTO,Non accertato,,
3948744,5,08/08/2018 07:00:00,Strada Urbana,VIALE PALMIRO TOGLIATTI,da specificare,,,,fronte ingresso metro Ponte Mammolo,Scontro laterale fra veicoli in marcia,Curva a visuale libera,Due carreggiate,Asciutto,Asfaltata,Orizzontale,Sereno,Normale,Sufficiente,Ore Diurne,2,0,0,1,12.5664,41.922,-1,1,Motociclo con passeggero,In marcia / fermata / arresto,Passeggero,F,Rimandato,0,NON DECEDUTO,Non accertato,,
3948744,5,08/08/2018 07:00:00,Strada Urbana,VIALE PALMIRO TOGLIATTI,da specificare,,,,fronte ingresso metro Ponte Mammolo,Scontro laterale fra veicoli in marcia,Curva a visuale libera,Due carreggiate,Asciutto,Asfaltata,Orizzontale,Sereno,Normale,Sufficiente,Ore Diurne,2,0,0,1,12.5664,41.922,-1,2,Autovettura privata,In marcia / fermata / arresto,Conducente,F,Illeso,0,,Non accertato,,
3948810,1,09/08/2018 02:40:00,Strada Urbana,LUNGOTEVERE RAFFAELLO SANZIO,in corrispondenza,,del civico n.,12,,Veicolo in marcia contro veicoli in sosta,Curva a visuale libera,Una carreggiata a senso unico di marcia,Asciutto,Asfaltata,Verticale ed orizzontale,Sereno,Scarso,Buona,Sufficiente,0,0,1,0,12.4715,41.8909,0,1,Motociclo a solo,In marcia / fermata / arresto,Conducente,M,Prognosi riservata,0,DECEDUTO DA 25 A 48 ORE DOPO,,,
3948811,5,08/08/2018 13:40:00,Strada Urbana,VIA DEI MONTI TIBURTINI,da specificare,,,,prossimit� Ponte Lanciani, svincolo sottopasso,Scontro frontale fra veicoli in marcia,Curva a visuale libera,Una carreggiata a senso unico di marcia,Asciutto,Asfaltata,Verticale ed orizzontale,Sereno,Normale,Buona,Ore Diurne,1,0,0,1,12.5315,41.9207,-1,1,Autovettura privata,In marcia / fermata / arresto,Conducente,F,Rimandato,0,NON DECEDUTO,Non accertato,
3948811,5,08/08/2018 13:40:00,Strada Urbana,VIA DEI MONTI TIBURTINI,da specificare,,,,prossimit� Ponte Lanciani, svincolo sottopasso,Scontro frontale fra veicoli in marcia,Curva a visuale libera,Una carreggiata a senso unico di marcia,Asciutto,Asfaltata,Verticale ed orizzontale,Sereno,Normale,Buona,Ore Diurne,1,0,0,1,12.5315,41.9207,-1,2,Autocarro inferiore 35 q.,In marcia / fermata / arresto,Conducente,M,Illeso,0,,Non accertato,
3948814,11,08/08/2018 20:50:00,Strada Urbana,VIA ATTILIO AMBROSINI,all'intersezione semaforizzata con,VIA DI GROTTA PERFETTA,VIA DI GROTTA PERFETTA,,,Scontro frontale/laterale SX fra veicoli in marcia,Intersezione semaforizzata,Due carreggiate,Asciutto,Asfaltata,Verticale ed orizzontale,Sereno,Normale,Buona,Sufficiente,0,0,0,3,12.4879,41.8474,-1,1,Autovettura privata,In marcia / fermata / arresto,Conducente,M,Illeso,0,,Non accertato,,
3948814,11,08/08/2018 20:50:00,Strada Urbana,VIA ATTILIO AMBROSINI,all'intersezione semaforizzata con,VIA DI GROTTA PERFETTA,VIA DI GROTTA PERFETTA,,,Scontro frontale/laterale SX fra veicoli in marcia,Intersezione semaforizzata,Due carreggiate,Asciutto,Asfaltata,Verticale ed orizzontale,Sereno,Normale,Buona,Sufficiente,0,0,0,3,12.4879,41.8474,-1,1,Autovettura privata,In marcia / fermata / arresto,Passeggero,F,Illeso,0,,,,
3948814,11,08/08/2018 20:50:00,Strada Urbana,VIA ATTILIO AMBROSINI,all'intersezione semaforizzata con,VIA DI GROTTA PERFETTA,VIA DI GROTTA PERFETTA,,,Scontro frontale/laterale SX fra veicoli in marcia,Intersezione semaforizzata,Due carreggiate,Asciutto,Asfaltata,Verticale ed orizzontale,Sereno,Normale,Buona,Sufficiente,0,0,0,3,12.4879,41.8474,-1,2,Autovettura privata,In marcia / fermata / arresto,Conducente,F,Illeso,0,,Non accertato,,
3948817,8,08/08/2018 13:20:00,Strada Urbana,VIA WALTER TOBAGI,da specificare,,,,dir. CASILINA altezza fermata ATAC ,Scontro laterale fra veicoli in marcia,Rettilineo,Una carreggiata a senso unico di marcia,Asciutto,Asfaltata,Verticale ed orizzontale,Sereno,Normale,Buona,Ore Diurne,1,0,0,3,12.5973,41.8753,-1,1,Motociclo a solo,In marcia / fermata / arresto,Conducente,M,Rifiuta cure immediate,0,NON DECEDUTO,Non accertato,,
3948817,8,08/08/2018 13:20:00,Strada Urbana,VIA WALTER TOBAGI,da specificare,,,,dir. CASILINA altezza fermata ATAC ,Scontro laterale fra veicoli in marcia,Rettilineo,Una carreggiata a senso unico di marcia,Asciutto,Asfaltata,Verticale ed orizzontale,Sereno,Normale,Buona,Ore Diurne,1,0,0,3,12.5973,41.8753,-1,2,Autovettura privata,In marcia / fermata / arresto,Conducente,M,Illeso,0,,Non accertato,Inesploso,
3948817,8,08/08/2018 13:20:00,Strada Urbana,VIA WALTER TOBAGI,da specificare,,,,dir. CASILINA altezza fermata ATAC ,Scontro laterale fra veicoli in marcia,Rettilineo,Una carreggiata a senso unico di marcia,Asciutto,Asfaltata,Verticale ed orizzontale,Sereno,Normale,Buona,Ore Diurne,1,0,0,3,12.5973,41.8753,-1,2,Autovettura privata,In marcia / fermata / arresto,Passeggero,M,Illeso,0,,Non accertato,Inesploso,
3948817,8,08/08/2018 13:20:00,Strada Urbana,VIA WALTER TOBAGI,da specificare,,,,dir. CASILINA altezza fermata ATAC ,Scontro laterale fra veicoli in marcia,Rettilineo,Una carreggiata a senso unico di marcia,Asciutto,Asfaltata,Verticale ed orizzontale,Sereno,Normale,Buona,Ore Diurne,1,0,0,3,12.5973,41.8753,-1,2,Autovettura privata,In marcia / fermata / arresto,Passeggero,F,Illeso,0,,Non accertato,Inesploso,
3948831,8,08/08/2018 11:30:00,Strada Urbana,VIA DI TOR BELLA MONACA,all'intersezione con,VIA DI TORRENOVA,VIA DI TORRENOVA,,,Tamponamento,Intersezione semaforizzata,Due carreggiate,Asciutto,Asfaltata,Verticale ed orizzontale,Sereno,Normale,Buona,Ore Diurne,0,0,0,2,12.6179,41.8821,-1,1,Autovettura privata,In marcia / fermata / arresto,Conducente,M,Illeso,0,,,,
3948831,8,08/08/2018 11:30:00,Strada Urbana,VIA DI TOR BELLA MONACA,all'intersezione con,VIA DI TORRENOVA,VIA DI TORRENOVA,,,Tamponamento,Intersezione semaforizzata,Due carreggiate,Asciutto,Asfaltata,Verticale ed orizzontale,Sereno,Normale,Buona,Ore Diurne,0,0,0,2,12.6179,41.8821,-1,2,Autovettura privata,In marcia / fermata / arresto,Conducente,M,Illeso,0,,,,
3948836,8,08/08/2018 15:00:00,Strada Urbana,VIA CASILINA,all'intersezione con,VIA PIETRO BELON,VIA PIETRO BELON,,,Tamponamento Multiplo,Intersezione semaforizzata,Una carreggiata a doppio senso,Bagnato (pioggia),Asfaltata,Verticale ed orizzontale,Pioggia in atto,Normale,Buona,Ore Diurne,1,0,0,2,12.5905,41.8675,-1,1,Autovettura privata,In marcia / fermata / arresto,Conducente,M,Illeso,0,,,,
3948836,8,08/08/2018 15:00:00,Strada Urbana,VIA CASILINA,all'intersezione con,VIA PIETRO BELON,VIA PIETRO BELON,,,Tamponamento Multiplo,Intersezione semaforizzata,Una carreggiata a doppio senso,Bagnato (pioggia),Asfaltata,Verticale ed orizzontale,Pioggia in atto,Normale,Buona,Ore Diurne,1,0,0,2,12.5905,41.8675,-1,2,Autovettura privata,In marcia / fermata / arresto,Conducente,M,Rimandato,0,NON DECEDUTO,,,
3948836,8,08/08/2018 15:00:00,Strada Urbana,VIA CASILINA,all'intersezione con,VIA PIETRO BELON,VIA PIETRO BELON,,,Tamponamento Multiplo,Intersezione semaforizzata,Una carreggiata a doppio senso,Bagnato (pioggia),Asfaltata,Verticale ed orizzontale,Pioggia in atto,Normale,Buona,Ore Diurne,1,0,0,2,12.5905,41.8675,-1,3,Autovettura privata,In marcia / fermata / arresto,Conducente,M,Illeso,0,,,,
3948837,8,08/08/2018 22:30:00,Strada Urbana,VIA PIERO CORTI,all'intersezione con,VIA DON FRANCESCO OLIBONI,VIA DON FRANCESCO OLIBONI,,,Scontro laterale fra veicoli in marcia,Intersezione stradale segnalata,Una carreggiata a doppio senso,Asciutto,Asfaltata,Verticale ed orizzontale,Sereno,Scarso,Sufficiente,Sufficiente,2,0,0,2,12.6719,41.9019,-1,1,Autovettura privata,In marcia / fermata / arresto,Conducente,M,Rifiuta cure immediate,0,NON DECEDUTO,Non accertato,Inesploso,
3948837,8,08/08/2018 22:30:00,Strada Urbana,VIA PIERO CORTI,all'intersezione con,VIA DON FRANCESCO OLIBONI,VIA DON FRANCESCO OLIBONI,,,Scontro laterale fra veicoli in marcia,Intersezione stradale segnalata,Una carreggiata a doppio senso,Asciutto,Asfaltata,Verticale ed orizzontale,Sereno,Scarso,Sufficiente,Sufficiente,2,0,0,2,12.6719,41.9019,-1,1,Autovettura privata,In marcia / fermata / arresto,Passeggero,F,Illeso,0,,Non accertato,Inesploso,
3948837,8,08/08/2018 22:30:00,Strada Urbana,VIA PIERO CORTI,all'intersezione con,VIA DON FRANCESCO OLIBONI,VIA DON FRANCESCO OLIBONI,,,Scontro laterale fra veicoli in marcia,Intersezione stradale segnalata,Una carreggiata a doppio senso,Asciutto,Asfaltata,Verticale ed orizzontale,Sereno,Scarso,Sufficiente,Sufficiente,2,0,0,2,12.6719,41.9019,-1,1,Autovettura privata,In marcia / fermata / arresto,Passeggero,M,Illeso,0,,Non accertato,Inesploso,
3948837,8,08/08/2018 22:30:00,Strada Urbana,VIA PIERO CORTI,all'intersezione con,VIA DON FRANCESCO OLIBONI,VIA DON FRANCESCO OLIBONI,,,Scontro laterale fra veicoli in marcia,Intersezione stradale segnalata,Una carreggiata a doppio senso,Asciutto,Asfaltata,Verticale ed orizzontale,Sereno,Scarso,Sufficiente,Sufficiente,2,0,0,2,12.6719,41.9019,-1,2,Autovettura privata,In marcia / fermata / arresto,Conducente,M,Rifiuta cure immediate,0,NON DECEDUTO,Non accertato,Inesploso,
3948842,11,08/08/2018 15:00:00,Strada Urbana,VIA GIOVANNI GENOCCHI,in prossimit�,,del palo luce n.,11,,Scontro laterale fra veicoli in marcia,Rettilineo,Una carreggiata a doppio senso,Bagnato (umidit� in atto),Asfaltata,Verticale ed orizzontale,Nuvoloso,Normale,Buona,Ore Diurne,0,0,0,5,12.4956,41.8593,-1,1,Autovettura privata,In marcia / fermata / arresto,Conducente,F,Illeso,0,,Non accertato,,
3948842,11,08/08/2018 15:00:00,Strada Urbana,VIA GIOVANNI GENOCCHI,in prossimit�,,del palo luce n.,11,,Scontro laterale fra veicoli in marcia,Rettilineo,Una carreggiata a doppio senso,Bagnato (umidit� in atto),Asfaltata,Verticale ed orizzontale,Nuvoloso,Normale,Buona,Ore Diurne,0,0,0,5,12.4956,41.8593,-1,1,Autovettura privata,In marcia / fermata / arresto,Passeggero,M,Illeso,0,,Non accertato,,
3948842,11,08/08/2018 15:00:00,Strada Urbana,VIA GIOVANNI GENOCCHI,in prossimit�,,del palo luce n.,11,,Scontro laterale fra veicoli in marcia,Rettilineo,Una carreggiata a doppio senso,Bagnato (umidit� in atto),Asfaltata,Verticale ed orizzontale,Nuvoloso,Normale,Buona,Ore Diurne,0,0,0,5,12.4956,41.8593,-1,1,Autovettura privata,In marcia / fermata / arresto,Passeggero,M,Illeso,0,,,,
3948842,11,08/08/2018 15:00:00,Strada Urbana,VIA GIOVANNI GENOCCHI,in prossimit�,,del palo luce n.,11,,Scontro laterale fra veicoli in marcia,Rettilineo,Una carreggiata a doppio senso,Bagnato (umidit� in atto),Asfaltata,Verticale ed orizzontale,Nuvoloso,Normale,Buona,Ore Diurne,0,0,0,5,12.4956,41.8593,-1,2,Autovettura privata,In marcia / fermata / arresto,Conducente,F,Illeso,0,,,,
3948842,11,08/08/2018 15:00:00,Strada Urbana,VIA GIOVANNI GENOCCHI,in prossimit�,,del palo luce n.,11,,Scontro laterale fra veicoli in marcia,Rettilineo,Una carreggiata a doppio senso,Bagnato (umidit� in atto),Asfaltata,Verticale ed orizzontale,Nuvoloso,Normale,Buona,Ore Diurne,0,0,0,5,12.4956,41.8593,-1,2,Autovettura privata,In marcia / fermata / arresto,Passeggero,F,Illeso,0,,,,
3948843,8,08/08/2018 12:00:00,Strada Urbana,VIA DEL PONTE DI NONA,in corrispondenza,,del civico n.,91,,Veicolo in marcia contro ostacolo accidentale,Rettilineo,Una carreggiata a doppio senso,Asciutto,Asfaltata,Verticale ed orizzontale,Sereno,Normale,Buona,Ore Diurne,0,0,0,1,12.6611,41.8994,-1,1,Autovettura privata,In marcia / fermata / arresto,Conducente,M,Illeso,0,,Non accertato,Inesploso,
3948847,8,08/08/2018 12:05:00,Strada Urbana,VIA DEL PONTE DI NONA,in corrispondenza,,del civico n.,91,,Veicolo in marcia contro ostacolo accidentale,Rettilineo,Una carreggiata a doppio senso,Asciutto,Asfaltata,Verticale ed orizzontale,Sereno,Normale,Buona,Ore Diurne,0,0,0,1,12.6611,41.8994,-1,1,Autovettura privata,In marcia / fermata / arresto,Conducente,F,Illeso,0,,Non accertato,Inesploso,
3948849,20,08/08/2018 20:15:00,Strada Urbana,VIA DI BACCANELLO,in corrispondenza,,del civico n.,297,,Veicolo in marcia contro ostacolo accidentale,Rettilineo,Una carreggiata a doppio senso,Asciutto,Asfaltata,Orizzontale,Nuvoloso,Scarso,Buona,Ore Diurne,0,0,0,2,12.3426,42.066,-1,1,Autovettura privata,In marcia / fermata / arresto,Conducente,M,Illeso,0,,Non accertato,Inesploso,
3948849,20,08/08/2018 20:15:00,Strada Urbana,VIA DI BACCANELLO,in corrispondenza,,del civico n.,297,,Veicolo in marcia contro ostacolo accidentale,Rettilineo,Una carreggiata a doppio senso,Asciutto,Asfaltata,Orizzontale,Nuvoloso,Scarso,Buona,Ore Diurne,0,0,0,2,12.3426,42.066,-1,1,Autovettura privata,In marcia / fermata / arresto,Passeggero,F,Illeso,0,,Non accertato,Inesploso,
3948852,9,08/08/2018 15:30:00,Strada Urbana,PIAZZA DI S. MARIA AUSILIATRICE,in prossimit�,,del civico n.,40,,Investimento di pedone,Rettilineo,Pi� di due carreggiate,Bagnato (pioggia),Asfaltata,Orizzontale,Pioggia in atto,Normale,Sufficiente,Ore Diurne,1,0,0,2,12.5302,41.8739,-1,,,,Pedone,F,Rimandato,0,NON DECEDUTO,,,
3948852,9,08/08/2018 15:30:00,Strada Urbana,PIAZZA DI S. MARIA AUSILIATRICE,in prossimit�,,del civico n.,40,,Investimento di pedone,Rettilineo,Pi� di due carreggiate,Bagnato (pioggia),Asfaltata,Orizzontale,Pioggia in atto,Normale,Sufficiente,Ore Diurne,1,0,0,2,12.5302,41.8739,-1,1,Autovettura privata,In marcia / fermata / arresto,Conducente,M,Illeso,0,,Non accertato,Inesploso,