Protocollo,Gruppo,DataOraIncidente,Localizzazione1,STRADA1,Localizzazione2,STRADA2,Strada02,Chilometrica,DaSpecificare,NaturaIncidente,particolaritastrade,TipoStrada,FondoStradale,Pavimentazione,Segnaletica,CondizioneAtmosferica,Traffico,Visibilita,Illuminazione,NUM_FERITI,NUM_RISERVATA,NUM_MORTI,NUM_ILLESI,Longitudine,Latitudine,Confermato,Progressivo,TipoVeicolo,StatoVeicolo,TipoPersona,Sesso,Tipolesione,Deceduto,DecedutoDopo,CinturaCascoUtilizzato,Airbag,
3948852,9,08/08/2018 15:30:00,Strada Urbana,PIAZZA DI S. MARIA AUSILIATRICE,in prossimit�,,del civico n.,40,,Investimento di pedone,Rettilineo,Pi� di due carreggiate,Bagnato (pioggia),Asfaltata,Orizzontale,Pioggia in atto,Normale,Sufficiente,Ore Diurne,1,0,0,2,12.5302,41.8739,-1,1,Autovettura privata,In marcia / fermata / arresto,Passeggero,M,Illeso,0,,Non accertato,Inesploso,
3948853,15,08/08/2018 16:00:00,Strada Urbana,VIA DELLA PISANA,all'intersezione con,VIA DI BRAVA,VIA DI BRAVA,,,Scontro frontale/laterale SX fra veicoli in marcia,Incrocio,Una carreggiata a doppio senso,Asciutto,Asfaltata,Verticale ed orizzontale,Nuvoloso,Normale,Buona,Ore Diurne,0,0,0,3,12.389,41.8577,-1,1,Autovettura privata,In marcia / fermata / arresto,Conducente,F,Illeso,0,,Non accertato,Inesploso,
3948853,15,08/08/2018 16:00:00,Strada Urbana,VIA DELLA PISANA,all'intersezione con,VIA DI BRAVA,VIA DI BRAVA,,,Scontro frontale/laterale SX fra veicoli in marcia,Incrocio,Una carreggiata a doppio senso,Asciutto,Asfaltata,Verticale ed orizzontale,Nuvoloso,Normale,Buona,Ore Diurne,0,0,0,3,12.389,41.8577,-1,1,Autovettura privata,In marcia / fermata / arresto,Passeggero,F,Illeso,0,,Non accertato,Inesploso,
3948853,15,08/08/2018 16:00:00,Strada Urbana,VIA DELLA PISANA,all'intersezione con,VIA DI BRAVA,VIA DI BRAVA,,,Scontro frontale/laterale SX fra veicoli in marcia,Incrocio,Una carreggiata a doppio senso,Asciutto,Asfaltata,Verticale ed orizzontale,Nuvoloso,Normale,Buona,Ore Diurne,0,0,0,3,12.389,41.8577,-1,2,Autocarro inferiore 35 q.,In marcia / fermata / arresto,Conducente,M,Illeso,0,,Non accertato,Inesploso,
3948860,15,08/08/2018 20:30:00,Strada Urbana,VIALE DI VIGNA PIA,all'intersezione con,VIA ETTORE PALADINI,VIA ETTORE PALADINI,,,Scontro frontale/laterale DX fra veicoli in marcia,Incrocio,Una carreggiata a senso unico di marcia,Asciutto,Asfaltata,Verticale ed orizzontale,Sereno,Scarso,Sufficiente,Sufficiente,1,0,0,1,12.4592,41.8633,-1,1,Autovettura privata,In marcia / fermata / arresto,Conducente,F,Rimandato,0,NON DECEDUTO,,,
3948860,15,08/08/2018 20:30:00,Strada Urbana,VIALE DI VIGNA PIA,all'intersezione con,VIA ETTORE PALADINI,VIA ETTORE PALADINI,,,Scontro frontale/laterale DX fra veicoli in marcia,Incrocio,Una carreggiata a senso unico di marcia,Asciutto,Asfaltata,Verticale ed orizzontale,Sereno,Scarso,Sufficiente,Sufficiente,1,0,0,1,12.4592,41.8633,-1,2,Autovettura privata,In marcia / fermata / arresto,Conducente,M,Illeso,0,,,,
3948862,7,08/08/2018 13:20:00,Strada Urbana,VIA ACHILLE VERTUNNI,all'intersezione con,VIA PUBLIO DE TOMMASI,VIA PUBLIO DE TOMMASI,,,Scontro frontale/laterale DX fra veicoli in marcia,Incrocio,Una carreggiata a doppio senso,Bagnato (pioggia),Asfaltata,Assente,Pioggia in atto,Normale,Buona,Ore Diurne,0,0,0,2,12.6131,41.9095,-1,1,Autovettura privata,In marcia / fermata / arresto,Conducente,M,Illeso,0,,Non accertato,Inesploso,
3948862,7,08/08/2018 13:20:00,Strada Urbana,VIA ACHILLE VERTUNNI,all'intersezione con,VIA PUBLIO DE TOMMASI,VIA PUBLIO DE TOMMASI,,,Scontro frontale/laterale DX fra veicoli in marcia,Incrocio,Una carreggiata a doppio senso,Bagnato (pioggia),Asfaltata,Assente,Pioggia in atto,Normale,Buona,Ore Diurne,0,0,0,2,12.6131,41.9095,-1,2,Autovettura privata,In marcia / fermata / arresto,Conducente,M,Illeso,0,,Non accertato,Inesploso,
3948864,15,08/08/2018 17:00:00,Strada Urbana,VIA POGGIO VERDE,all'intersezione con,VIA DEI SAMPIERI,VIA DEI SAMPIERI,,,Scontro frontale/laterale DX fra veicoli in marcia,Incrocio,Una carreggiata a doppio senso,Asciutto,Asfaltata,Verticale ed orizzontale,Nuvoloso,Scarso,Sufficiente,Ore Diurne,0,0,0,2,12.4159,41.8534,-1,1,Autovettura privata,In marcia / fermata / arresto,Conducente,M,Illeso,0,,Utilizzato,Esploso,
3948864,15,08/08/2018 17:00:00,Strada Urbana,VIA POGGIO VERDE,all'intersezione con,VIA DEI SAMPIERI,VIA DEI SAMPIERI,,,Scontro frontale/laterale DX fra veicoli in marcia,Incrocio,Una carreggiata a doppio senso,Asciutto,Asfaltata,Verticale ed orizzontale,Nuvoloso,Scarso,Sufficiente,Ore Diurne,0,0,0,2,12.4159,41.8534,-1,2,Autovettura privata,In marcia / fermata / arresto,Conducente,M,Illeso,0,,,,
3948866,13,08/08/2018 14:40:00,Strada Urbana,VIALE CHARLES LENORMANT,in prossimit�,,del civico n.,107,,Tamponamento,Rettilineo,Una carreggiata a doppio senso,Asciutto,Asfaltata,Assente,Sereno,Normale,Buona,Ore Diurne,0,0,0,3,12.3267,41.7719,-1,1,Autocarro inferiore 35 q.,In marcia / fermata / arresto,Conducente,M,Illeso,0,,Non accertato,Inesploso,
3948866,13,08/08/2018 14:40:00,Strada Urbana,VIALE CHARLES LENORMANT,in prossimit�,,del civico n.,107,,Tamponamento,Rettilineo,Una carreggiata a doppio senso,Asciutto,Asfaltata,Assente,Sereno,Normale,Buona,Ore Diurne,0,0,0,3,12.3267,41.7719,-1,2,Autovettura privata,In marcia / fermata / arresto,Conducente,M,Illeso,0,,Non accertato,Inesploso,
3948866,13,08/08/2018 14:40:00,Strada Urbana,VIALE CHARLES LENORMANT,in prossimit�,,del civico n.,107,,Tamponamento,Rettilineo,Una carreggiata a doppio senso,Asciutto,Asfaltata,Assente,Sereno,Normale,Buona,Ore Diurne,0,0,0,3,12.3267,41.7719,-1,2,Autovettura privata,In marcia / fermata / arresto,Passeggero,M,Illeso,0,,Non accertato,Esploso,
3948871,15,08/08/2018 22:40:00,Strada Urbana,VIA PORTUENSE,in prossimit�,,del civico n.,391,,Tamponamento Multiplo,Rettilineo,Una carreggiata a doppio senso,Asciutto,Asfaltata,Verticale ed orizzontale,Sereno,Normale,Sufficiente,Sufficiente,1,0,0,4,12.4558,41.8638,-1,1,Autovettura privata,In marcia / fermata / arresto,Conducente,F,Illeso,0,,Utilizzato,,
3948871,15,08/08/2018 22:40:00,Strada Urbana,VIA PORTUENSE,in prossimit�,,del civico n.,391,,Tamponamento Multiplo,Rettilineo,Una carreggiata a doppio senso,Asciutto,Asfaltata,Verticale ed orizzontale,Sereno,Normale,Sufficiente,Sufficiente,1,0,0,4,12.4558,41.8638,-1,1,Autovettura privata,In marcia / fermata / arresto,Passeggero,M,Illeso,0,,Non accertato,,
3948871,15,08/08/2018 22:40:00,Strada Urbana,VIA PORTUENSE,in prossimit�,,del civico n.,391,,Tamponamento Multiplo,Rettilineo,Una carreggiata a doppio senso,Asciutto,Asfaltata,Verticale ed orizzontale,Sereno,Normale,Sufficiente,Sufficiente,1,0,0,4,12.4558,41.8638,-1,2,Autovettura privata,In marcia / fermata / arresto,Conducente,M,Illeso,0,,Utilizzato,,
3948871,15,08/08/2018 22:40:00,Strada Urbana,VIA PORTUENSE,in prossimit�,,del civico n.,391,,Tamponamento Multiplo,Rettilineo,Una carreggiata a doppio senso,Asciutto,Asfaltata,Verticale ed orizzontale,Sereno,Normale,Sufficiente,Sufficiente,1,0,0,4,12.4558,41.8638,-1,2,Autovettura privata,In marcia / fermata / arresto,Passeggero,F,Rimandato,0,NON DECEDUTO,Non accertato,,
3948871,15,08/08/2018 22:40:00,Strada Urbana,VIA PORTUENSE,in prossimit�,,del civico n.,391,,Tamponamento Multiplo,Rettilineo,Una carreggiata a doppio senso,Asciutto,Asfaltata,Verticale ed orizzontale,Sereno,Normale,Sufficiente,Sufficiente,1,0,0,4,12.4558,41.8638,-1,3,Autovettura privata,In marcia / fermata / arresto,Conducente,M,Illeso,0,,Utilizzato,,
3948873,11,08/08/2018 13:50:00,Strada Urbana,VIA DI GROTTA PERFETTA,all'intersezione semaforizzata con,VIALE PICO DELLA MIRANDOLA,VIALE PICO DELLA MIRANDOLA,,,Scontro frontale/laterale SX fra veicoli in marcia,Intersezione semaforizzata,Due carreggiate,Asciutto,Asfaltata,Verticale ed orizzontale,Sereno,Normale,Buona,Ore Diurne,1,0,0,1,12.4878,41.8474,-1,1,Autovettura privata,In marcia / fermata / arresto,Conducente,M,Rifiuta cure immediate,0,NON DECEDUTO,Non accertato,,
3948873,11,08/08/2018 13:50:00,Strada Urbana,VIA DI GROTTA PERFETTA,all'intersezione semaforizzata con,VIALE PICO DELLA MIRANDOLA,VIALE PICO DELLA MIRANDOLA,,,Scontro frontale/laterale SX fra veicoli in marcia,Intersezione semaforizzata,Due carreggiate,Asciutto,Asfaltata,Verticale ed orizzontale,Sereno,Normale,Buona,Ore Diurne,1,0,0,1,12.4878,41.8474,-1,2,Autovettura privata,In marcia / fermata / arresto,Conducente,M,Illeso,0,,Non accertato,,
3948877,13,08/08/2018 10:00:00,Strada Urbana,VIA DELLE ANTILLE,all'intersezione con,VIA DELLE BERMUDE,VIA DELLE BERMUDE,,,Scontro frontale/laterale SX fra veicoli in marcia,Incrocio,Una carreggiata a senso unico di marcia,Asciutto,Asfaltata,Verticale,Sereno,Normale,Buona,Ore Diurne,1,0,0,1,12.2805,41.7377,-1,1,Autocarro inferiore 35 q.,In marcia / fermata / arresto,Conducente,M,Illeso,0,,Non accertato,Inesploso,
3948877,13,08/08/2018 10:00:00,Strada Urbana,VIA DELLE ANTILLE,all'intersezione con,VIA DELLE BERMUDE,VIA DELLE BERMUDE,,,Scontro frontale/laterale SX fra veicoli in marcia,Incrocio,Una carreggiata a senso unico di marcia,Asciutto,Asfaltata,Verticale,Sereno,Normale,Buona,Ore Diurne,1,0,0,1,12.2805,41.7377,-1,2,Motociclo con passeggero,In marcia / fermata / arresto,Conducente,M,Ricoverato,0,NON DECEDUTO,,,
3948881,15,09/08/2018 04:00:00,Strada Urbana,PIAZZA ANTONIO MEUCCI,all'intersezione semaforizzata con,VIA DELLA MAGLIANA,VIA DELLA MAGLIANA,,,Veicolo in marcia contro ostacolo fisso,Intersezione semaforizzata,Due carreggiate,Asciutto,Asfaltata,Verticale ed orizzontale,Sereno,Scarso,Sufficiente,Sufficiente,0,0,0,2,12.4631,41.8618,-1,1,Autovettura privata,In marcia / fermata / arresto,Conducente,M,Illeso,0,,,,
3948881,15,09/08/2018 04:00:00,Strada Urbana,PIAZZA ANTONIO MEUCCI,all'intersezione semaforizzata con,VIA DELLA MAGLIANA,VIA DELLA MAGLIANA,,,Veicolo in marcia contro ostacolo fisso,Intersezione semaforizzata,Due carreggiate,Asciutto,Asfaltata,Verticale ed orizzontale,Sereno,Scarso,Sufficiente,Sufficiente,0,0,0,2,12.4631,41.8618,-1,1,Autovettura privata,In marcia / fermata / arresto,Passeggero,M,Illeso,0,,,,
3948883,20,09/08/2018 04:05:00,Strada Urbana,VIA TRIONFALE,in corrispondenza,,del civico n.,11809,,Veicolo in marcia contro veicolo in sosta,Rettilineo,Una carreggiata a doppio senso,Asciutto,Asfaltata,Verticale ed orizzontale,Sereno,Scarso,Insufficiente,Sufficiente,2,0,0,0,12.4092,41.9651,-1,1,Autovettura privata,In marcia / fermata / arresto,Conducente,F,Rimandato,0,NON DECEDUTO,Non accertato,Inesploso,
3948883,20,09/08/2018 04:05:00,Strada Urbana,VIA TRIONFALE,in corrispondenza,,del civico n.,11809,,Veicolo in marcia contro veicolo in sosta,Rettilineo,Una carreggiata a doppio senso,Asciutto,Asfaltata,Verticale ed orizzontale,Sereno,Scarso,Insufficiente,Sufficiente,2,0,0,0,12.4092,41.9651,-1,1,Autovettura privata,In marcia / fermata / arresto,Passeggero,F,Rimandato,0,NON DECEDUTO,Non accertato,Inesploso,
3948885,11,08/08/2018 18:40:00,Strada Urbana,VIA CRISTOFORO COLOMBO,all'intersezione semaforizzata con,VIA OROPA,VIA OROPA,,,Scontro frontale fra veicoli in marcia,Intersezione semaforizzata,Pi� di due carreggiate,Asciutto,Asfaltata,Verticale ed orizzontale,Sereno,Normale,Buona,Ore Diurne,7,0,0,0,12.4809,41.8475,-1,1,Autovettura privata,In marcia / fermata / arresto,Conducente,M,Rifiuta cure immediate,0,NON DECEDUTO,,,
3948885,11,08/08/2018 18:40:00,Strada Urbana,VIA CRISTOFORO COLOMBO,all'intersezione semaforizzata con,VIA OROPA,VIA OROPA,,,Scontro frontale fra veicoli in marcia,Intersezione semaforizzata,Pi� di due carreggiate,Asciutto,Asfaltata,Verticale ed orizzontale,Sereno,Normale,Buona,Ore Diurne,7,0,0,0,12.4809,41.8475,-1,2,Autovettura privata,In marcia / fermata / arresto,Conducente,F,Rimandato,0,NON DECEDUTO,,,
3948885,11,08/08/2018 18:40:00,Strada Urbana,VIA CRISTOFORO COLOMBO,all'intersezione semaforizzata con,VIA OROPA,VIA OROPA,,,Scontro frontale fra veicoli in marcia,Intersezione semaforizzata,Pi� di due carreggiate,Asciutto,Asfaltata,Verticale ed orizzontale,Sereno,Normale,Buona,Ore Diurne,7,0,0,0,12.4809,41.8475,-1,3,Autovettura privata,In marcia / fermata / arresto,Conducente,M,Rimandato,0,NON DECEDUTO,,,
3948885,11,08/08/2018 18:40:00,Strada Urbana,VIA CRISTOFORO COLOMBO,all'intersezione semaforizzata con,VIA OROPA,VIA OROPA,,,Scontro frontale fra veicoli in marcia,Intersezione semaforizzata,Pi� di due carreggiate,Asciutto,Asfaltata,Verticale ed orizzontale,Sereno,Normale,Buona,Ore Diurne,7,0,0,0,12.4809,41.8475,-1,3,Autovettura privata,In marcia / fermata / arresto,Passeggero,F,Rimandato,0,NON DECEDUTO,,,
3948885,11,08/08/2018 18:40:00,Strada Urbana,VIA CRISTOFORO COLOMBO,all'intersezione semaforizzata con,VIA OROPA,VIA OROPA,,,Scontro frontale fra veicoli in marcia,Intersezione semaforizzata,Pi� di due carreggiate,Asciutto,Asfaltata,Verticale ed orizzontale,Sereno,Normale,Buona,Ore Diurne,7,0,0,0,12.4809,41.8475,-1,3,Autovettura privata,In marcia / fermata / arresto,Passeggero,M,Rimandato,0,NON DECEDUTO,,,
3948885,11,08/08/2018 18:40:00,Strada Urbana,VIA CRISTOFORO COLOMBO,all'intersezione semaforizzata con,VIA OROPA,VIA OROPA,,,Scontro frontale fra veicoli in marcia,Intersezione semaforizzata,Pi� di due carreggiate,Asciutto,Asfaltata,Verticale ed orizzontale,Sereno,Normale,Buona,Ore Diurne,7,0,0,0,12.4809,41.8475,-1,3,Autovettura privata,In marcia / fermata / arresto,Passeggero,M,Rimandato,0,NON DECEDUTO,,,
3948885,11,08/08/2018 18:40:00,Strada Urbana,VIA CRISTOFORO COLOMBO,all'intersezione semaforizzata con,VIA OROPA,VIA OROPA,,,Scontro frontale fra veicoli in marcia,Intersezione semaforizzata,Pi� di due carreggiate,Asciutto,Asfaltata,Verticale ed orizzontale,Sereno,Normale,Buona,Ore Diurne,7,0,0,0,12.4809,41.8475,-1,3,Autovettura privata,In marcia / fermata / arresto,Passeggero,F,Rimandato,0,NON DECEDUTO,,,
3948887,7,08/08/2018 10:40:00,Strada Urbana,VIA DEI GELSI,all'intersezione con,VIA DEI CICLAMINI,VIA DEI CICLAMINI,,,Scontro laterale fra veicoli in marcia,Incrocio,Una carreggiata a doppio senso,Asciutto,Asfaltata,Verticale ed orizzontale,Nebbia,Intenso,Buona,Ore Diurne,0,0,0,2,12.5683,41.8891,-1,1,Autovettura privata,In marcia / fermata / arresto,Conducente,M,Illeso,0,,,,
3948887,7,08/08/2018 10:40:00,Strada Urbana,VIA DEI GELSI,all'intersezione con,VIA DEI CICLAMINI,VIA DEI CICLAMINI,,,Scontro laterale fra veicoli in marcia,Incrocio,Una carreggiata a doppio senso,Asciutto,Asfaltata,Verticale ed orizzontale,Nebbia,Intenso,Buona,Ore Diurne,0,0,0,2,12.5683,41.8891,-1,2,Motociclo a solo,In marcia / fermata / arresto,Conducente,M,Illeso,0,,,,
3948891,9,08/08/2018 16:30:00,Strada Urbana,VIA TUSCOLANA,all'intersezione con,VIA ASSISI,VIA ASSISI,,,Scontro laterale fra veicoli in marcia,Intersezione semaforizzata,Una carreggiata a doppio senso,Asciutto,Asfaltata,Verticale ed orizzontale,Sereno,Normale,Buona,Ore Diurne,0,0,0,5,12.5238,41.8781,-1,1,Autovettura privata,In marcia / fermata / arresto,Conducente,M,Illeso,0,,Non accertato,Inesploso,
3948891,9,08/08/2018 16:30:00,Strada Urbana,VIA TUSCOLANA,all'intersezione con,VIA ASSISI,VIA ASSISI,,,Scontro laterale fra veicoli in marcia,Intersezione semaforizzata,Una carreggiata a doppio senso,Asciutto,Asfaltata,Verticale ed orizzontale,Sereno,Normale,Buona,Ore Diurne,0,0,0,5,12.5238,41.8781,-1,1,Autovettura privata,In marcia / fermata / arresto,Passeggero,F,Illeso,0,,Non accertato,Inesploso,
3948891,9,08/08/2018 16:30:00,Strada Urbana,VIA TUSCOLANA,all'intersezione con,VIA ASSISI,VIA ASSISI,,,Scontro laterale fra veicoli in marcia,Intersezione semaforizzata,Una carreggiata a doppio senso,Asciutto,Asfaltata,Verticale ed orizzontale,Sereno,Normale,Buona,Ore Diurne,0,0,0,5,12.5238,41.8781,-1,1,Autovettura privata,In marcia / fermata / arresto,Passeggero,F,Illeso,0,,Non accertato,Inesploso,
3948891,9,08/08/2018 16:30:00,Strada Urbana,VIA TUSCOLANA,all'intersezione con,VIA ASSISI,VIA ASSISI,,,Scontro laterale fra veicoli in marcia,Intersezione semaforizzata,Una carreggiata a doppio senso,Asciutto,Asfaltata,Verticale ed orizzontale,Sereno,Normale,Buona,Ore Diurne,0,0,0,5,12.5238,41.8781,-1,1,Autovettura privata,In marcia / fermata / arresto,Passeggero,F,Illeso,0,,Non accertato,Inesploso,
3948891,9,08/08/2018 16:30:00,Strada Urbana,VIA TUSCOLANA,all'intersezione con,VIA ASSISI,VIA ASSISI,,,Scontro laterale fra veicoli in marcia,Intersezione semaforizzata,Una carreggiata a doppio senso,Asciutto,Asfaltata,Verticale ed orizzontale,Sereno,Normale,Buona,Ore Diurne,0,0,0,5,12.5238,41.8781,-1,2,Autovettura privata,In marcia / fermata / arresto,Conducente,M,Illeso,0,,Non accertato,Inesploso,
3948894,11,08/08/2018 15:15:00,Strada Urbana,CIRCONVALLAZIONE OSTIENSE,all'intersezione semaforizzata con,VIALE SETTIMIA SPIZZICHINO,VIALE SETTIMIA SPIZZICHINO,,,Scontro frontale/laterale DX fra veicoli in marcia,Intersezione semaforizzata,Due carreggiate,Asciutto,Asfaltata,Verticale ed orizzontale,Sereno,Normale,Buona,Ore Diurne,0,0,0,2,12.4845,41.8673,-1,1,Autovettura privata,In marcia / fermata / arresto,Conducente,M,Illeso,0,,Non accertato,,
3948894,11,08/08/2018 15:15:00,Strada Urbana,CIRCONVALLAZIONE OSTIENSE,all'intersezione semaforizzata con,VIALE SETTIMIA SPIZZICHINO,VIALE SETTIMIA SPIZZICHINO,,,Scontro frontale/laterale DX fra veicoli in marcia,Intersezione semaforizzata,Due carreggiate,Asciutto,Asfaltata,Verticale ed orizzontale,Sereno,Normale,Buona,Ore Diurne,0,0,0,2,12.4845,41.8673,-1,2,Autovettura privata,In marcia / fermata / arresto,Conducente,M,Illeso,0,,Non accertato,,
3948898,4,08/08/2018 10:05:00,,VIA DEI PRATI FISCALI,in corrispondenza,,del civico n.,108,,Tamponamento,,,,,,,,,,1,0,0,1,,,0,1,Autocarro inferiore 35 q.,In marcia / fermata / arresto,Conducente,M,Illeso,0,,Non accertato,,
3948898,4,08/08/2018 10:05:00,,VIA DEI PRATI FISCALI,in corrispondenza,,del civico n.,108,,Tamponamento,,,,,,,,,,1,0,0,1,,,0,2,Autovettura privata,In marcia / fermata / arresto,Conducente,M,Rifiuta cure immediate,0,NON DECEDUTO,Non accertato,,
3948910,10,08/08/2018 18:55:00,Strada Urbana,PIAZZA DI CINECITTA',in corrispondenza,,del civico n.,11,,Veicolo in marcia contro veicoli in arresto,Rettilineo,Pi� di due carreggiate,Asciutto,Asfaltata,Verticale ed orizzontale,Sereno,Normale,Buona,Ore Diurne,0,0,0,3,12.5689,41.8535,-1,1,Autocarro inferiore 35 q.,In marcia / fermata / arresto,Conducente,M,Illeso,0,,Non accertato,Inesploso,
3948910,10,08/08/2018 18:55:00,Strada Urbana,PIAZZA DI CINECITTA',in corrispondenza,,del civico n.,11,,Veicolo in marcia contro veicoli in arresto,Rettilineo,Pi� di due carreggiate,Asciutto,Asfaltata,Verticale ed orizzontale,Sereno,Normale,Buona,Ore Diurne,0,0,0,3,12.5689,41.8535,-1,1,Autocarro inferiore 35 q.,In marcia / fermata / arresto,Passeggero,M,Illeso,0,,Non accertato,Inesploso,
3948910,10,08/08/2018 18:55:00,Strada Urbana,PIAZZA DI CINECITTA',in corrispondenza,,del civico n.,11,,Veicolo in marcia contro veicoli in arresto,Rettilineo,Pi� di due carreggiate,Asciutto,Asfaltata,Verticale ed orizzontale,Sereno,Normale,Buona,Ore Diurne,0,0,0,3,12.5689,41.8535,-1,2,Motociclo a solo,In marcia / fermata / arresto,Conducente,M,Illeso,0,,Non accertato,,
3948918,8,08/08/2018 16:30:00,Strada Urbana,VIA AURELIO MISTRUZZI,in prossimit�,,del civico n.,29,,Scontro frontale/laterale DX fra veicoli in marcia,Rettilineo,Una carreggiata a doppio senso,Bagnato (umidit� in atto),Asfaltata,Verticale,Nuvoloso,Scarso,Buona,Ore Diurne,0,0,0,4,12.6015,41.8594,-1,1,Autovettura privata,In marcia / fermata / arresto,Conducente,M,Illeso,0,,Non accertato,Inesploso,
3948918,8,08/08/2018 16:30:00,Strada Urbana,VIA AURELIO MISTRUZZI,in prossimit�,,del civico n.,29,,Scontro frontale/laterale DX fra veicoli in marcia,Rettilineo,Una carreggiata a doppio senso,Bagnato (umidit� in atto),Asfaltata,Verticale,Nuvoloso,Scarso,Buona,Ore Diurne,0,0,0,4,12.6015,41.8594,-1,1,Autovettura privata,In marcia / fermata / arresto,Passeggero,F,Illeso,0,,Non accertato,Inesploso,
3948918,8,08/08/2018 16:30:00,Strada Urbana,VIA AURELIO MISTRUZZI,in prossimit�,,del civico n.,29,,Scontro frontale/laterale DX fra veicoli in marcia,Rettilineo,Una carreggiata a doppio senso,Bagnato (umidit� in atto),Asfaltata,Verticale,Nuvoloso,Scarso,Buona,Ore Diurne,0,0,0,4,12.6015,41.8594,-1,1,Autovettura privata,In marcia / fermata / arresto,Passeggero,F,Illeso,0,,Non accertato,Inesploso,
3948918,8,08/08/2018 16:30:00,Strada Urbana,VIA AURELIO MISTRUZZI,in prossimit�,,del civico n.,29,,Scontro frontale/laterale DX fra veicoli in marcia,Rettilineo,Una carreggiata a doppio senso,Bagnato (umidit� in atto),Asfaltata,Verticale,Nuvoloso,Scarso,Buona,Ore Diurne,0,0,0,4,12.6015,41.8594,-1,2,Autovettura privata,In marcia / fermata / arresto,Conducente,M,Illeso,0,,Non accertato,Inesploso,
3948924,9,08/08/2018 20:30:00,Strada Urbana,VIA DEI SETTE METRI,all'intersezione con,VIA DI TORRE MORENA,VIA DI TORRE MORENA,,,Scontro frontale/laterale DX fra veicoli in marcia,Intersezione stradale segnalata,Una carreggiata a doppio senso,Asciutto,Asfaltata,Verticale ed orizzontale,Sereno,Scarso,Sufficiente,Sufficiente,2,0,0,2,12.6069,41.8154,-1,1,Autovettura privata,In marcia / fermata / arresto,Conducente,M,Illeso,0,,Non accertato,Inesploso,
3948924,9,08/08/2018 20:30:00,Strada Urbana,VIA DEI SETTE METRI,all'intersezione con,VIA DI TORRE MORENA,VIA DI TORRE MORENA,,,Scontro frontale/laterale DX fra veicoli in marcia,Intersezione stradale segnalata,Una carreggiata a doppio senso,Asciutto,Asfaltata,Verticale ed orizzontale,Sereno,Scarso,Sufficiente,Sufficiente,2,0,0,2,12.6069,41.8154,-1,1,Autovettura privata,In marcia / fermata / arresto,Passeggero,M,Illeso,0,,Non accertato,Inesploso,
3948924,9,08/08/2018 20:30:00,Strada Urbana,VIA DEI SETTE METRI,all'intersezione con,VIA DI TORRE MORENA,VIA DI TORRE MORENA,,,Scontro frontale/laterale DX fra veicoli in marcia,Intersezione stradale segnalata,Una carreggiata a doppio senso,Asciutto,Asfaltata,Verticale ed orizzontale,Sereno,Scarso,Sufficiente,Sufficiente,2,0,0,2,12.6069,41.8154,-1,2,Autovettura privata,In marcia / fermata / arresto,Conducente,F,Rimandato,0,NON DECEDUTO,Non accertato,Inesploso,
3948924,9,08/08/2018 20:30:00,Strada Urbana,VIA DEI SETTE METRI,all'intersezione con,VIA DI TORRE MORENA,VIA DI TORRE MORENA,,,Scontro frontale/laterale DX fra veicoli in marcia,Intersezione stradale segnalata,Una carreggiata a doppio senso,Asciutto,Asfaltata,Verticale ed orizzontale,Sereno,Scarso,Sufficiente,Sufficiente,2,0,0,2,12.6069,41.8154,-1,2,Autovettura privata,In marcia / fermata / arresto,Passeggero,F,Rimandato,0,NON DECEDUTO,Non accertato,Inesploso,
3948933,19,08/08/2018 17:00:00,Strada Urbana,VIA TRIONFALE,in corrispondenza,,del civico n.,7515,,Veicolo in marcia contro ostacolo fisso,Curva a visuale libera,Due carreggiate,Bagnato (umidit� in atto),Asfaltata,Verticale ed orizzontale,Nuvoloso,Normale,Buona,Ore Diurne,0,0,0,2,12.4345,41.9351,-1,1,Autovettura privata,In marcia / fermata / arresto,Conducente,F,Illeso,0,,Non accertato,Esploso,
3948933,19,08/08/2018 17:00:00,Strada Urbana,VIA TRIONFALE,in corrispondenza,,del civico n.,7515,,Veicolo in marcia contro ostacolo fisso,Curva a visuale libera,Due carreggiate,Bagnato (umidit� in atto),Asfaltata,Verticale ed orizzontale,Nuvoloso,Normale,Buona,Ore Diurne,0,0,0,2,12.4345,41.9351,-1,1,Autovettura privata,In marcia / fermata / arresto,Passeggero,F,Illeso,0,,Non accertato,Esploso,
3948935,19,08/08/2018 17:20:00,Strada Urbana,VIA DI TORREVECCHIA,all'intersezione con,VIA GIOVANNI STEFANO BONACOSSA,VIA GIOVANNI STEFANO BONACOSSA,,,Scontro frontale/laterale DX fra veicoli in marcia,Intersezione semaforizzata,Una carreggiata a doppio senso,Asciutto,Asfaltata,Verticale ed orizzontale,Sereno,Normale,Buona,Ore Diurne,0,0,0,2,12.4122,41.9233,-1,1,Autovettura privata,In marcia / fermata / arresto,Conducente,M,Illeso,0,,Non accertato,Inesploso,