Protocollo,Gruppo,DataOraIncidente,Localizzazione1,STRADA1,Localizzazione2,STRADA2,Strada02,Chilometrica,DaSpecificare,NaturaIncidente,particolaritastrade,TipoStrada,FondoStradale,Pavimentazione,Segnaletica,CondizioneAtmosferica,Traffico,Visibilita,Illuminazione,NUM_FERITI,NUM_RISERVATA,NUM_MORTI,NUM_ILLESI,Longitudine,Latitudine,Confermato,Progressivo,TipoVeicolo,StatoVeicolo,TipoPersona,Sesso,Tipolesione,Deceduto,DecedutoDopo,CinturaCascoUtilizzato,Airbag,
3948935,19,08/08/2018 17:20:00,Strada Urbana,VIA DI TORREVECCHIA,all'intersezione con,VIA GIOVANNI STEFANO BONACOSSA,VIA GIOVANNI STEFANO BONACOSSA,,,Scontro frontale/laterale DX fra veicoli in marcia,Intersezione semaforizzata,Una carreggiata a doppio senso,Asciutto,Asfaltata,Verticale ed orizzontale,Sereno,Normale,Buona,Ore Diurne,0,0,0,2,12.4122,41.9233,-1,2,Autovettura privata,In marcia / fermata / arresto,Conducente,M,Illeso,0,,Non accertato,Inesploso,
3948953,4,08/08/2018 15:25:00,Provinciale entro l'abitato,VIA NOMENTANA,da specificare,,,,fronte civico 675,Veicolo in marcia contro veicolo in sosta,Rettilineo,Una carreggiata a doppio senso,Asciutto,Asfaltata,Orizzontale,Nuvoloso,Normale,Buona,Ore Diurne,0,0,0,1,12.5728,41.9579,-1,1,Altro,In marcia / fermata / arresto,Conducente,M,Illeso,0,,Non accertato,,
3948958,1,08/08/2018 13:10:00,Strada Urbana,LUNGOTEVERE DEI PIERLEONI,da specificare,,,,altezza VIA DEL FORO OLITORIO,Tamponamento,Rettilineo,Una carreggiata a senso unico di marcia,Asciutto,Asfaltata,Verticale ed orizzontale,Sereno,Normale,Buona,Ore Diurne,0,0,0,8,12.4796,41.8905,-1,1,Autovettura pubblica,In marcia / fermata / arresto,Conducente,M,Illeso,0,,Non accertato,Inesploso,
3948958,1,08/08/2018 13:10:00,Strada Urbana,LUNGOTEVERE DEI PIERLEONI,da specificare,,,,altezza VIA DEL FORO OLITORIO,Tamponamento,Rettilineo,Una carreggiata a senso unico di marcia,Asciutto,Asfaltata,Verticale ed orizzontale,Sereno,Normale,Buona,Ore Diurne,0,0,0,8,12.4796,41.8905,-1,1,Autovettura pubblica,In marcia / fermata / arresto,Passeggero,F,Illeso,0,,,,
3948958,1,08/08/2018 13:10:00,Strada Urbana,LUNGOTEVERE DEI PIERLEONI,da specificare,,,,altezza VIA DEL FORO OLITORIO,Tamponamento,Rettilineo,Una carreggiata a senso unico di marcia,Asciutto,Asfaltata,Verticale ed orizzontale,Sereno,Normale,Buona,Ore Diurne,0,0,0,8,12.4796,41.8905,-1,1,Autovettura pubblica,In marcia / fermata / arresto,Passeggero,M,Illeso,0,,,,
3948958,1,08/08/2018 13:10:00,Strada Urbana,LUNGOTEVERE DEI PIERLEONI,da specificare,,,,altezza VIA DEL FORO OLITORIO,Tamponamento,Rettilineo,Una carreggiata a senso unico di marcia,Asciutto,Asfaltata,Verticale ed orizzontale,Sereno,Normale,Buona,Ore Diurne,0,0,0,8,12.4796,41.8905,-1,1,Autovettura pubblica,In marcia / fermata / arresto,Passeggero,M,Illeso,0,,,,
3948958,1,08/08/2018 13:10:00,Strada Urbana,LUNGOTEVERE DEI PIERLEONI,da specificare,,,,altezza VIA DEL FORO OLITORIO,Tamponamento,Rettilineo,Una carreggiata a senso unico di marcia,Asciutto,Asfaltata,Verticale ed orizzontale,Sereno,Normale,Buona,Ore Diurne,0,0,0,8,12.4796,41.8905,-1,1,Autovettura pubblica,In marcia / fermata / arresto,Passeggero,M,Illeso,0,,,,
3948958,1,08/08/2018 13:10:00,Strada Urbana,LUNGOTEVERE DEI PIERLEONI,da specificare,,,,altezza VIA DEL FORO OLITORIO,Tamponamento,Rettilineo,Una carreggiata a senso unico di marcia,Asciutto,Asfaltata,Verticale ed orizzontale,Sereno,Normale,Buona,Ore Diurne,0,0,0,8,12.4796,41.8905,-1,2,Autovettura privata,In marcia / fermata / arresto,Conducente,M,Illeso,0,,Non accertato,Inesploso,
3948958,1,08/08/2018 13:10:00,Strada Urbana,LUNGOTEVERE DEI PIERLEONI,da specificare,,,,altezza VIA DEL FORO OLITORIO,Tamponamento,Rettilineo,Una carreggiata a senso unico di marcia,Asciutto,Asfaltata,Verticale ed orizzontale,Sereno,Normale,Buona,Ore Diurne,0,0,0,8,12.4796,41.8905,-1,2,Autovettura privata,In marcia / fermata / arresto,Passeggero,F,Illeso,0,,,,
3948958,1,08/08/2018 13:10:00,Strada Urbana,LUNGOTEVERE DEI PIERLEONI,da specificare,,,,altezza VIA DEL FORO OLITORIO,Tamponamento,Rettilineo,Una carreggiata a senso unico di marcia,Asciutto,Asfaltata,Verticale ed orizzontale,Sereno,Normale,Buona,Ore Diurne,0,0,0,8,12.4796,41.8905,-1,2,Autovettura privata,In marcia / fermata / arresto,Passeggero,M,Illeso,0,,,,
3948978,17,08/08/2018 14:25:00,Strada Urbana,VIALE GIULIO CESARE,all'intersezione semaforizzata con,VIA LEPANTO,VIA LEPANTO,,,Scontro laterale fra veicoli in marcia,Intersezione semaforizzata,Pi� di due carreggiate,Asciutto,Asfaltata,Verticale ed orizzontale,Nuvoloso,Scarso,Buona,Ore Diurne,0,0,0,3,12.4662,41.9113,-1,1,Autovettura privata,In marcia / fermata / arresto,Conducente,M,Illeso,0,,,,
3948978,17,08/08/2018 14:25:00,Strada Urbana,VIALE GIULIO CESARE,all'intersezione semaforizzata con,VIA LEPANTO,VIA LEPANTO,,,Scontro laterale fra veicoli in marcia,Intersezione semaforizzata,Pi� di due carreggiate,Asciutto,Asfaltata,Verticale ed orizzontale,Nuvoloso,Scarso,Buona,Ore Diurne,0,0,0,3,12.4662,41.9113,-1,2,Autovettura privata,In marcia / fermata / arresto,Conducente,F,Illeso,0,,,,
3948978,17,08/08/2018 14:25:00,Strada Urbana,VIALE GIULIO CESARE,all'intersezione semaforizzata con,VIA LEPANTO,VIA LEPANTO,,,Scontro laterale fra veicoli in marcia,Intersezione semaforizzata,Pi� di due carreggiate,Asciutto,Asfaltata,Verticale ed orizzontale,Nuvoloso,Scarso,Buona,Ore Diurne,0,0,0,3,12.4662,41.9113,-1,2,Autovettura privata,In marcia / fermata / arresto,Passeggero,M,Illeso,0,,,,
3948985,13,08/08/2018 13:10:00,,LUNGOMARE LUTAZIO CATULO,in corrispondenza,,del civico n.,34,,Tamponamento,,,,,,,,,,0,0,0,3,,,0,1,Motociclo a solo,In marcia / fermata / arresto,Conducente,M,Illeso,0,,,,
3948985,13,08/08/2018 13:10:00,,LUNGOMARE LUTAZIO CATULO,in corrispondenza,,del civico n.,34,,Tamponamento,,,,,,,,,,0,0,0,3,,,0,2,Autovettura privata,In marcia / fermata / arresto,Conducente,F,Illeso,0,,Non accertato,Inesploso,
3948985,13,08/08/2018 13:10:00,,LUNGOMARE LUTAZIO CATULO,in corrispondenza,,del civico n.,34,,Tamponamento,,,,,,,,,,0,0,0,3,,,0,2,Autovettura privata,In marcia / fermata / arresto,Passeggero,F,Illeso,0,,,,
3948990,19,08/08/2018 16:20:00,Strada Urbana,VIA S. IGINO PAPA,in prossimit�,,del palo luce n.,24,,Investimento di pedone,Rettilineo,Una carreggiata a senso unico di marcia,Bagnato (pioggia),Asfaltata,Orizzontale,Pioggia in atto,Scarso,Buona,Ore Diurne,1,0,0,1,12.4168,41.9166,-1,,,,Pedone,M,Ricoverato,0,NON DECEDUTO,,,
3948990,19,08/08/2018 16:20:00,Strada Urbana,VIA S. IGINO PAPA,in prossimit�,,del palo luce n.,24,,Investimento di pedone,Rettilineo,Una carreggiata a senso unico di marcia,Bagnato (pioggia),Asfaltata,Orizzontale,Pioggia in atto,Scarso,Buona,Ore Diurne,1,0,0,1,12.4168,41.9166,-1,1,Autovettura privata,In marcia / fermata / arresto,Conducente,M,Illeso,0,,Non accertato,Inesploso,
3948995,1,08/08/2018 18:45:00,Strada Urbana,VIA DELLA FERRATELLA IN LATERANO,in prossimit�,,del civico n.,27,,Scontro frontale/laterale SX fra veicoli in marcia,Rettilineo,Una carreggiata a senso unico di marcia,Asciutto,Asfaltata,Verticale ed orizzontale,Sereno,Normale,Buona,Ore Diurne,1,0,0,2,12.5011,41.8834,-1,1,Autovettura privata,In marcia / fermata / arresto,Conducente,M,Rifiuta cure immediate,0,NON DECEDUTO,Non accertato,Inesploso,
3948995,1,08/08/2018 18:45:00,Strada Urbana,VIA DELLA FERRATELLA IN LATERANO,in prossimit�,,del civico n.,27,,Scontro frontale/laterale SX fra veicoli in marcia,Rettilineo,Una carreggiata a senso unico di marcia,Asciutto,Asfaltata,Verticale ed orizzontale,Sereno,Normale,Buona,Ore Diurne,1,0,0,2,12.5011,41.8834,-1,3,Autovettura privata,In marcia / fermata / arresto,Conducente,F,Illeso,0,,Non accertato,Inesploso,
3948995,1,08/08/2018 18:45:00,Strada Urbana,VIA DELLA FERRATELLA IN LATERANO,in prossimit�,,del civico n.,27,,Scontro frontale/laterale SX fra veicoli in marcia,Rettilineo,Una carreggiata a senso unico di marcia,Asciutto,Asfaltata,Verticale ed orizzontale,Sereno,Normale,Buona,Ore Diurne,1,0,0,2,12.5011,41.8834,-1,4,Autovettura privata,In marcia / fermata / arresto,Conducente,M,Illeso,0,,Non accertato,Inesploso,
3949030,13,08/08/2018 13:30:00,Strada Urbana,VIALE DELLE REPUBBLICHE MARINARE,da specificare,,,,prossimit� L.mare P. Toscanelli,Tamponamento,Rettilineo,Pi� di due carreggiate,Asciutto,Asfaltata,Verticale ed orizzontale,Sereno,Normale,Buona,Ore Diurne,1,0,0,1,12.2683,41.7352,-1,1,Velocipede,In marcia / fermata / arresto,Conducente,M,Rimandato,0,NON DECEDUTO,Esente,,
3949030,13,08/08/2018 13:30:00,Strada Urbana,VIALE DELLE REPUBBLICHE MARINARE,da specificare,,,,prossimit� L.mare P. Toscanelli,Tamponamento,Rettilineo,Pi� di due carreggiate,Asciutto,Asfaltata,Verticale ed orizzontale,Sereno,Normale,Buona,Ore Diurne,1,0,0,1,12.2683,41.7352,-1,2,Autovettura privata,In marcia / fermata / arresto,Conducente,M,Illeso,0,,Non accertato,Inesploso,
3949035,1,08/08/2018 14:10:00,Strada Urbana,PIAZZA DELLA ROVERE,in prossimit�,,del civico n.,115,,Veicolo in marcia contro ostacolo accidentale,Rettilineo,Una carreggiata a doppio senso,Asciutto,Asfaltata,Verticale ed orizzontale,Nuvoloso,Normale,Buona,Ore Diurne,1,0,0,0,12.4624,41.8994,-1,1,Motociclo a solo,In marcia / fermata / arresto,Conducente,M,Rifiuta cure immediate,0,NON DECEDUTO,Non accertato,,
3949052,13,08/08/2018 22:50:00,Strada Urbana,VIA DI ACILIA,all'intersezione con,VIA FRANCESCO MENZIO,VIA FRANCESCO MENZIO,,,Tamponamento,Incrocio,Una carreggiata a doppio senso,Asciutto,Asfaltata,Verticale ed orizzontale,Sereno,Normale,Buona,Sufficiente,0,0,0,4,12.3714,41.7737,-1,1,Autovettura privata,In marcia / fermata / arresto,Conducente,F,Illeso,0,,Non accertato,Inesploso,
3949052,13,08/08/2018 22:50:00,Strada Urbana,VIA DI ACILIA,all'intersezione con,VIA FRANCESCO MENZIO,VIA FRANCESCO MENZIO,,,Tamponamento,Incrocio,Una carreggiata a doppio senso,Asciutto,Asfaltata,Verticale ed orizzontale,Sereno,Normale,Buona,Sufficiente,0,0,0,4,12.3714,41.7737,-1,1,Autovettura privata,In marcia / fermata / arresto,Passeggero,F,Illeso,0,,,,
3949052,13,08/08/2018 22:50:00,Strada Urbana,VIA DI ACILIA,all'intersezione con,VIA FRANCESCO MENZIO,VIA FRANCESCO MENZIO,,,Tamponamento,Incrocio,Una carreggiata a doppio senso,Asciutto,Asfaltata,Verticale ed orizzontale,Sereno,Normale,Buona,Sufficiente,0,0,0,4,12.3714,41.7737,-1,1,Autovettura privata,In marcia / fermata / arresto,Passeggero,M,Illeso,0,,,,
3949052,13,08/08/2018 22:50:00,Strada Urbana,VIA DI ACILIA,all'intersezione con,VIA FRANCESCO MENZIO,VIA FRANCESCO MENZIO,,,Tamponamento,Incrocio,Una carreggiata a doppio senso,Asciutto,Asfaltata,Verticale ed orizzontale,Sereno,Normale,Buona,Sufficiente,0,0,0,4,12.3714,41.7737,-1,2,Autovettura privata,In marcia / fermata / arresto,Conducente,F,Illeso,0,,Non accertato,Inesploso,
3949076,19,08/08/2018 19:10:00,Strada Urbana,VIA DELLA PINETA SACCHETTI,in prossimit�,,del civico n.,478,,Scontro laterale fra veicoli in marcia,Curva a visuale libera,Una carreggiata a senso unico di marcia,Asciutto,Asfaltata,Verticale ed orizzontale,Sereno,Normale,Buona,Ore Diurne,0,0,0,3,12.4266,41.9258,-1,1,Autovettura privata,In marcia / fermata / arresto,Conducente,M,Illeso,0,,Non accertato,Inesploso,
3949076,19,08/08/2018 19:10:00,Strada Urbana,VIA DELLA PINETA SACCHETTI,in prossimit�,,del civico n.,478,,Scontro laterale fra veicoli in marcia,Curva a visuale libera,Una carreggiata a senso unico di marcia,Asciutto,Asfaltata,Verticale ed orizzontale,Sereno,Normale,Buona,Ore Diurne,0,0,0,3,12.4266,41.9258,-1,1,Autovettura privata,In marcia / fermata / arresto,Passeggero,M,Illeso,0,,Non accertato,Inesploso,
3949076,19,08/08/2018 19:10:00,Strada Urbana,VIA DELLA PINETA SACCHETTI,in prossimit�,,del civico n.,478,,Scontro laterale fra veicoli in marcia,Curva a visuale libera,Una carreggiata a senso unico di marcia,Asciutto,Asfaltata,Verticale ed orizzontale,Sereno,Normale,Buona,Ore Diurne,0,0,0,3,12.4266,41.9258,-1,2,Autovettura privata,In marcia / fermata / arresto,Conducente,M,Illeso,0,,Non accertato,Inesploso,
3949082,13,09/08/2018 02:30:00,Strada Urbana,VIA DEI VELIERI,in prossimit�,,del civico n.,98/110,,Veicolo in marcia contro veicoli in sosta,Rettilineo,Due carreggiate,Asciutto,Asfaltata,Assente,Sereno,Scarso,Buona,Sufficiente,0,0,0,1,12.2761,41.7369,-1,1,Autovettura privata,In marcia / fermata / arresto,Conducente,F,Illeso,0,,Non accertato,Inesploso,
3949170,6,09/08/2018 11:00:00,Strada Urbana,VIA PRENESTINA,all'intersezione semaforizzata con,LARGO PRENESTE,LARGO PRENESTE,,,Tamponamento,Intersezione stradale segnalata,Due carreggiate,Asciutto,Asfaltata,Verticale ed orizzontale,Sereno,Normale,Buona,Ore Diurne,0,0,0,2,12.5405,41.8924,-1,1,Autovettura privata,In marcia / fermata / arresto,Conducente,M,Illeso,0,,Non accertato,Inesploso,
3949170,6,09/08/2018 11:00:00,Strada Urbana,VIA PRENESTINA,all'intersezione semaforizzata con,LARGO PRENESTE,LARGO PRENESTE,,,Tamponamento,Intersezione stradale segnalata,Due carreggiate,Asciutto,Asfaltata,Verticale ed orizzontale,Sereno,Normale,Buona,Ore Diurne,0,0,0,2,12.5405,41.8924,-1,2,Autovettura privata,In marcia / fermata / arresto,Conducente,F,Illeso,0,,Non accertato,Inesploso,
3949224,19,08/08/2018 16:45:00,Strada Urbana,VIA PASQUALE II,in corrispondenza,,del civico n.,361,,Scontro frontale/laterale SX fra veicoli in marcia,Curva a visuale libera,Una carreggiata a doppio senso,Bagnato (pioggia),Asfaltata,Verticale ed orizzontale,Nuvoloso,Normale,Sufficiente,Ore Diurne,2,0,0,1,12.4093,41.9066,-1,1,Autovettura privata,In marcia / fermata / arresto,Conducente,M,Ricoverato,0,NON DECEDUTO,Non accertato,Inesploso,
3949224,19,08/08/2018 16:45:00,Strada Urbana,VIA PASQUALE II,in corrispondenza,,del civico n.,361,,Scontro frontale/laterale SX fra veicoli in marcia,Curva a visuale libera,Una carreggiata a doppio senso,Bagnato (pioggia),Asfaltata,Verticale ed orizzontale,Nuvoloso,Normale,Sufficiente,Ore Diurne,2,0,0,1,12.4093,41.9066,-1,1,Autovettura privata,In marcia / fermata / arresto,Passeggero,M,Rifiuta cure immediate,0,NON DECEDUTO,Non accertato,Inesploso,
3949224,19,08/08/2018 16:45:00,Strada Urbana,VIA PASQUALE II,in corrispondenza,,del civico n.,361,,Scontro frontale/laterale SX fra veicoli in marcia,Curva a visuale libera,Una carreggiata a doppio senso,Bagnato (pioggia),Asfaltata,Verticale ed orizzontale,Nuvoloso,Normale,Sufficiente,Ore Diurne,2,0,0,1,12.4093,41.9066,-1,2,Autobus turistico,In marcia / fermata / arresto,Conducente,M,Illeso,0,,Non accertato,Inesploso,
3949249,16,07/08/2018 17:00:00,,PIAZZALE AURELIO,da specificare,,,,in prossimit� passeggiata del gianicolo ,Scontro frontale fra veicoli in marcia,,,,,,,,,,0,0,0,2,,,0,1,Motociclo a solo,In marcia / fermata / arresto,Conducente,M,Illeso,0,,,,
3949249,16,07/08/2018 17:00:00,,PIAZZALE AURELIO,da specificare,,,,in prossimit� passeggiata del gianicolo ,Scontro frontale fra veicoli in marcia,,,,,,,,,,0,0,0,2,,,0,2,Velocipede,In marcia / fermata / arresto,Conducente,M,Illeso,0,,Esente,,
3949264,16,09/08/2018 07:30:00,Strada Urbana,VIA DELLA VIGNACCIA,all'intersezione con,VIA CESARE PASCOLETTI,VIA CESARE PASCOLETTI,,,Scontro frontale/laterale DX fra veicoli in marcia,Intersezione stradale segnalata,Una carreggiata a doppio senso,Asciutto,Asfaltata,Verticale ed orizzontale,Sereno,Scarso,Buona,Ore Diurne,1,0,0,1,12.3988,41.8717,-1,1,Autovettura privata,In marcia / fermata / arresto,Conducente,M,Illeso,0,,Non accertato,,
3949264,16,09/08/2018 07:30:00,Strada Urbana,VIA DELLA VIGNACCIA,all'intersezione con,VIA CESARE PASCOLETTI,VIA CESARE PASCOLETTI,,,Scontro frontale/laterale DX fra veicoli in marcia,Intersezione stradale segnalata,Una carreggiata a doppio senso,Asciutto,Asfaltata,Verticale ed orizzontale,Sereno,Scarso,Buona,Ore Diurne,1,0,0,1,12.3988,41.8717,-1,2,Motociclo con passeggero,In marcia / fermata / arresto,Conducente,M,Rimandato,0,NON DECEDUTO,Non accertato,,
3949741,18,10/08/2018 02:20:00,Strada Urbana,VIA GREGORIO VII,in prossimit�,,del civico n.,125,,Scontro frontale/laterale SX fra veicoli in marcia,Rettilineo,Una carreggiata a doppio senso,Asciutto,Asfaltata,Verticale ed orizzontale,Sereno,Scarso,Buona,Sufficiente,1,0,0,1,12.4493,41.8959,-1,1,Autobus di linea,In marcia / fermata / arresto,Conducente,M,Illeso,0,,Non accertato,Inesploso,
3949741,18,10/08/2018 02:20:00,Strada Urbana,VIA GREGORIO VII,in prossimit�,,del civico n.,125,,Scontro frontale/laterale SX fra veicoli in marcia,Rettilineo,Una carreggiata a doppio senso,Asciutto,Asfaltata,Verticale ed orizzontale,Sereno,Scarso,Buona,Sufficiente,1,0,0,1,12.4493,41.8959,-1,2,Autovettura privata,In marcia / fermata / arresto,Conducente,F,Rimandato,0,NON DECEDUTO,Non accertato,Esploso,
3949814,7,09/08/2018 13:40:00,Strada Urbana,VIA DI TOR TRE TESTE,all'intersezione con,VIALE DELLA BELLA VILLA,VIALE DELLA BELLA VILLA,,,Tamponamento,Incrocio,Una carreggiata a doppio senso,Asciutto,Asfaltata,Verticale ed orizzontale,Sereno,Normale,Buona,Ore Diurne,1,0,0,1,12.5882,41.8759,-1,1,Autovettura privata,In marcia / fermata / arresto,Conducente,F,Rimandato,0,NON DECEDUTO,Non accertato,Inesploso,
3949814,7,09/08/2018 13:40:00,Strada Urbana,VIA DI TOR TRE TESTE,all'intersezione con,VIALE DELLA BELLA VILLA,VIALE DELLA BELLA VILLA,,,Tamponamento,Incrocio,Una carreggiata a doppio senso,Asciutto,Asfaltata,Verticale ed orizzontale,Sereno,Normale,Buona,Ore Diurne,1,0,0,1,12.5882,41.8759,-1,2,Autovettura privata,Allontanatosi,Conducente,F,Illeso,0,,Non accertato,Inesploso,
3949821,11,09/08/2018 06:30:00,Strada Urbana,VIA ATTILIO AMBROSINI,all'intersezione semaforizzata con,VIA ACCADEMIA DEGLI AGIATI,VIA ACCADEMIA DEGLI AGIATI,,,Scontro frontale/laterale SX fra veicoli in marcia,Intersezione semaforizzata,Pi� di due carreggiate,Asciutto,Asfaltata,Verticale ed orizzontale,Sereno,Scarso,Buona,Ore Diurne,1,0,0,1,12.4914,41.85,-1,1,Autovettura privata,In marcia / fermata / arresto,Conducente,F,Illeso,0,,,,
3949821,11,09/08/2018 06:30:00,Strada Urbana,VIA ATTILIO AMBROSINI,all'intersezione semaforizzata con,VIA ACCADEMIA DEGLI AGIATI,VIA ACCADEMIA DEGLI AGIATI,,,Scontro frontale/laterale SX fra veicoli in marcia,Intersezione semaforizzata,Pi� di due carreggiate,Asciutto,Asfaltata,Verticale ed orizzontale,Sereno,Scarso,Buona,Ore Diurne,1,0,0,1,12.4914,41.85,-1,2,Autovettura privata,In marcia / fermata / arresto,Conducente,M,Rimandato,0,NON DECEDUTO,,,
3949837,11,09/08/2018 10:55:00,Strada Urbana,VIALE GUGLIELMO MARCONI,all'intersezione semaforizzata con,PIAZZALE TOMMASO EDISON,PIAZZALE TOMMASO EDISON,,,Scontro frontale fra veicoli in marcia,Intersezione semaforizzata,Una carreggiata a doppio senso,Asciutto,Asfaltata,Verticale ed orizzontale,Sereno,Normale,Buona,Ore Diurne,1,0,0,1,12.4709,41.8587,0,1,Motociclo a solo,In marcia / fermata / arresto,Conducente,M,Rifiuta cure immediate,0,NON DECEDUTO,Non accertato,,
3949837,11,09/08/2018 10:55:00,Strada Urbana,VIALE GUGLIELMO MARCONI,all'intersezione semaforizzata con,PIAZZALE TOMMASO EDISON,PIAZZALE TOMMASO EDISON,,,Scontro frontale fra veicoli in marcia,Intersezione semaforizzata,Una carreggiata a doppio senso,Asciutto,Asfaltata,Verticale ed orizzontale,Sereno,Normale,Buona,Ore Diurne,1,0,0,1,12.4709,41.8587,0,2,Autovettura privata,In marcia / fermata / arresto,Conducente,F,Illeso,0,,Non accertato,Inesploso,
3949845,11,09/08/2018 10:30:00,Strada Urbana,VIA ARDEATINA,da specificare,,,,prossimit� VIA DI TORRICOLA,Scontro laterale fra veicoli in marcia,Rotatoria,Una carreggiata a senso unico di marcia,Asciutto,Asfaltata,Verticale ed orizzontale,Sereno,Normale,Buona,Ore Diurne,0,0,0,3,12.53,41.8093,-1,1,Autovettura privata,In marcia / fermata / arresto,Conducente,M,Illeso,0,,,,
3949845,11,09/08/2018 10:30:00,Strada Urbana,VIA ARDEATINA,da specificare,,,,prossimit� VIA DI TORRICOLA,Scontro laterale fra veicoli in marcia,Rotatoria,Una carreggiata a senso unico di marcia,Asciutto,Asfaltata,Verticale ed orizzontale,Sereno,Normale,Buona,Ore Diurne,0,0,0,3,12.53,41.8093,-1,1,Autovettura privata,In marcia / fermata / arresto,Passeggero,F,Illeso,0,,,,
3949845,11,09/08/2018 10:30:00,Strada Urbana,VIA ARDEATINA,da specificare,,,,prossimit� VIA DI TORRICOLA,Scontro laterale fra veicoli in marcia,Rotatoria,Una carreggiata a senso unico di marcia,Asciutto,Asfaltata,Verticale ed orizzontale,Sereno,Normale,Buona,Ore Diurne,0,0,0,3,12.53,41.8093,-1,2,Autobus urbano,In marcia / fermata / arresto,Conducente,M,Illeso,0,,,,
3949853,11,09/08/2018 09:00:00,Strada Urbana,VIA OSTIENSE,all'intersezione semaforizzata con,VIA DEL PORTO FLUVIALE,VIA DEL PORTO FLUVIALE,,,Scontro frontale fra veicoli in marcia,Incrocio,Pi� di due carreggiate,Asciutto,Asfaltata,Verticale ed orizzontale,Sereno,Normale,Buona,Ore Diurne,2,0,0,0,12.4801,41.8724,-1,1,Velocipede,In marcia / fermata / arresto,Conducente,M,Rimandato,0,NON DECEDUTO,Esente,,
3949853,11,09/08/2018 09:00:00,Strada Urbana,VIA OSTIENSE,all'intersezione semaforizzata con,VIA DEL PORTO FLUVIALE,VIA DEL PORTO FLUVIALE,,,Scontro frontale fra veicoli in marcia,Incrocio,Pi� di due carreggiate,Asciutto,Asfaltata,Verticale ed orizzontale,Sereno,Normale,Buona,Ore Diurne,2,0,0,0,12.4801,41.8724,-1,2,Motociclo a solo,In marcia / fermata / arresto,Conducente,M,Rimandato,0,NON DECEDUTO,,,
3949854,9,09/08/2018 19:00:00,Strada Urbana,VIA TUSCOLANA,all'intersezione semaforizzata con,VIA DI PORTA FURBA,VIA DI PORTA FURBA,,,Scontro frontale/laterale DX fra veicoli in marcia,Incrocio,Due carreggiate,Asciutto,Asfaltata,Verticale ed orizzontale,Sereno,Intenso,Buona,Ore Diurne,2,0,0,0,12.5381,41.8692,-1,1,Autovettura privata,In marcia / fermata / arresto,Conducente,M,Rimandato,0,NON DECEDUTO,Non accertato,Inesploso,
3949854,9,09/08/2018 19:00:00,Strada Urbana,VIA TUSCOLANA,all'intersezione semaforizzata con,VIA DI PORTA FURBA,VIA DI PORTA FURBA,,,Scontro frontale/laterale DX fra veicoli in marcia,Incrocio,Due carreggiate,Asciutto,Asfaltata,Verticale ed orizzontale,Sereno,Intenso,Buona,Ore Diurne,2,0,0,0,12.5381,41.8692,-1,2,Autovettura privata,In marcia / fermata / arresto,Conducente,M,Rimandato,0,NON DECEDUTO,Non accertato,Inesploso,
3949857,8,09/08/2018 13:30:00,Strada Urbana,VIA DI TORRENOVA,all'intersezione con,VIA CASILINA,VIA CASILINA,,,Tamponamento,Intersezione stradale segnalata,Una carreggiata a doppio senso,Asciutto,Asfaltata,Verticale ed orizzontale,Sereno,Normale,Buona,Ore Diurne,0,0,0,3,12.6185,41.8775,-1,1,Autocarro inferiore 35 q.,In marcia / fermata / arresto,Conducente,M,Illeso,0,,,,
3949857,8,09/08/2018 13:30:00,Strada Urbana,VIA DI TORRENOVA,all'intersezione con,VIA CASILINA,VIA CASILINA,,,Tamponamento,Intersezione stradale segnalata,Una carreggiata a doppio senso,Asciutto,Asfaltata,Verticale ed orizzontale,Sereno,Normale,Buona,Ore Diurne,0,0,0,3,12.6185,41.8775,-1,2,Autovettura privata,In marcia / fermata / arresto,Conducente,F,Illeso,0,,,,
3949857,8,09/08/2018 13:30:00,Strada Urbana,VIA DI TORRENOVA,all'intersezione con,VIA CASILINA,VIA CASILINA,,,Tamponamento,Intersezione stradale segnalata,Una carreggiata a doppio senso,Asciutto,Asfaltata,Verticale ed orizzontale,Sereno,Normale,Buona,Ore Diurne,0,0,0,3,12.6185,41.8775,-1,2,Autovettura privata,In marcia / fermata / arresto,Passeggero,M,Illeso,0,,,,
3949860,19,09/08/2018 10:50:00,Strada Urbana,PIAZZALE DELLE MEDAGLIE D'ORO,in corrispondenza,,del civico n.,39,,Tamponamento,Curva a visuale libera,Una carreggiata a doppio senso,Asciutto,Asfaltata,Orizzontale,Sereno,Normale,Buona,Ore Diurne,0,0,0,2,12.4464,41.924,-1,1,Autovettura privata,In marcia / fermata / arresto,Conducente,M,Illeso,0,,Non accertato,Inesploso,
3949860,19,09/08/2018 10:50:00,Strada Urbana,PIAZZALE DELLE MEDAGLIE D'ORO,in corrispondenza,,del civico n.,39,,Tamponamento,Curva a visuale libera,Una carreggiata a doppio senso,Asciutto,Asfaltata,Orizzontale,Sereno,Normale,Buona,Ore Diurne,0,0,0,2,12.4464,41.924,-1,2,Autovettura privata,In marcia / fermata / arresto,Conducente,F,Illeso,0,,Non accertato,Inesploso,
3949863,5,09/08/2018 12:45:00,Strada Urbana,VIALE PALMIRO TOGLIATTI,all'intersezione con,VIALE BATTISTA BARDANZELLU,VIALE BATTISTA BARDANZELLU,,,Tamponamento,Intersezione semaforizzata,Due carreggiate,Asciutto,Asfaltata,Verticale ed orizzontale,Sereno,Normale,Buona,Ore Diurne,0,0,0,2,12.5704,41.9143,-1,1,Autovettura privata,In marcia / fermata / arresto,Conducente,F,Illeso,0,,Non accertato,Inesploso,