Protocollo,Gruppo,DataOraIncidente,Localizzazione1,STRADA1,Localizzazione2,STRADA2,Strada02,Chilometrica,DaSpecificare,NaturaIncidente,particolaritastrade,TipoStrada,FondoStradale,Pavimentazione,Segnaletica,CondizioneAtmosferica,Traffico,Visibilita,Illuminazione,NUM_FERITI,NUM_RISERVATA,NUM_MORTI,NUM_ILLESI,Longitudine,Latitudine,Confermato,Progressivo,TipoVeicolo,StatoVeicolo,TipoPersona,Sesso,Tipolesione,Deceduto,DecedutoDopo,CinturaCascoUtilizzato,Airbag,
3949863,5,09/08/2018 12:45:00,Strada Urbana,VIALE PALMIRO TOGLIATTI,all'intersezione con,VIALE BATTISTA BARDANZELLU,VIALE BATTISTA BARDANZELLU,,,Tamponamento,Intersezione semaforizzata,Due carreggiate,Asciutto,Asfaltata,Verticale ed orizzontale,Sereno,Normale,Buona,Ore Diurne,0,0,0,2,12.5704,41.9143,-1,2,Autovettura privata,In marcia / fermata / arresto,Conducente,F,Illeso,0,,Non accertato,Inesploso,
3949864,11,10/08/2018 00:55:00,Strada Urbana,VIA VEDANA,all'intersezione con,VIA DELLA BADIA DI CAVA,VIA DELLA BADIA DI CAVA,,,Scontro frontale/laterale SX fra veicoli in marcia,Intersezione stradale segnalata,Una carreggiata a doppio senso,Asciutto,Asfaltata,Verticale ed orizzontale,Sereno,Scarso,Buona,Sufficiente,0,0,0,2,12.4822,41.8464,-1,1,Autovettura privata,In marcia / fermata / arresto,Conducente,M,Illeso,0,,,,
3949864,11,10/08/2018 00:55:00,Strada Urbana,VIA VEDANA,all'intersezione con,VIA DELLA BADIA DI CAVA,VIA DELLA BADIA DI CAVA,,,Scontro frontale/laterale SX fra veicoli in marcia,Intersezione stradale segnalata,Una carreggiata a doppio senso,Asciutto,Asfaltata,Verticale ed orizzontale,Sereno,Scarso,Buona,Sufficiente,0,0,0,2,12.4822,41.8464,-1,2,Autovettura privata,In marcia / fermata / arresto,Conducente,M,Illeso,0,,,,
3949871,5,09/08/2018 17:10:00,Strada Urbana,VIA FILIPPO MEDA,all'intersezione con,VIA ACHILLE BENEDETTI,VIA ACHILLE BENEDETTI,,,Scontro frontale/laterale SX fra veicoli in marcia,Incrocio,Una carreggiata a doppio senso,Asciutto,Asfaltata,Verticale ed orizzontale,Sereno,Scarso,Buona,Ore Diurne,1,0,0,2,12.5436,41.9132,-1,1,Autoambulanza in servizio,In marcia / fermata / arresto,Conducente,M,Rimandato,0,NON DECEDUTO,Non accertato,Inesploso,
3949871,5,09/08/2018 17:10:00,Strada Urbana,VIA FILIPPO MEDA,all'intersezione con,VIA ACHILLE BENEDETTI,VIA ACHILLE BENEDETTI,,,Scontro frontale/laterale SX fra veicoli in marcia,Incrocio,Una carreggiata a doppio senso,Asciutto,Asfaltata,Verticale ed orizzontale,Sereno,Scarso,Buona,Ore Diurne,1,0,0,2,12.5436,41.9132,-1,1,Autoambulanza in servizio,In marcia / fermata / arresto,Passeggero,M,Illeso,0,,Non accertato,Inesploso,
3949871,5,09/08/2018 17:10:00,Strada Urbana,VIA FILIPPO MEDA,all'intersezione con,VIA ACHILLE BENEDETTI,VIA ACHILLE BENEDETTI,,,Scontro frontale/laterale SX fra veicoli in marcia,Incrocio,Una carreggiata a doppio senso,Asciutto,Asfaltata,Verticale ed orizzontale,Sereno,Scarso,Buona,Ore Diurne,1,0,0,2,12.5436,41.9132,-1,2,Altro,In marcia / fermata / arresto,Conducente,M,Illeso,0,,Non accertato,Inesploso,
3949874,8,09/08/2018 13:30:00,,VIA MASSA DI SAN GIULIANO,da specificare,,,,fronte civico 15,Scontro frontale fra veicoli in marcia,,,,,,,,,,0,0,0,3,12.6918,41.9062,0,1,Motociclo a solo,In marcia / fermata / arresto,Conducente,,Illeso,0,,,,
3949874,8,09/08/2018 13:30:00,,VIA MASSA DI SAN GIULIANO,da specificare,,,,fronte civico 15,Scontro frontale fra veicoli in marcia,,,,,,,,,,0,0,0,3,12.6918,41.9062,0,2,Autovettura di polizia,In marcia / fermata / arresto,Conducente,M,Illeso,0,,,,
3949874,8,09/08/2018 13:30:00,,VIA MASSA DI SAN GIULIANO,da specificare,,,,fronte civico 15,Scontro frontale fra veicoli in marcia,,,,,,,,,,0,0,0,3,12.6918,41.9062,0,2,Autovettura di polizia,In marcia / fermata / arresto,Passeggero,M,Illeso,0,,,,
3949875,3,09/08/2018 16:45:00,Strada Urbana,VIALE REGINA MARGHERITA,all'intersezione semaforizzata con,VIA GIOVANNI BATTISTA MORGAGNI,VIA GIOVANNI BATTISTA MORGAGNI,,,Scontro frontale/laterale DX fra veicoli in marcia,Intersezione semaforizzata,Pi� di due carreggiate,Asciutto,Asfaltata,Verticale ed orizzontale,Sereno,Scarso,Buona,Ore Diurne,0,0,0,2,12.5105,41.9099,-1,1,Autovettura privata,In marcia / fermata / arresto,Conducente,M,Illeso,0,,Non accertato,,
3949875,3,09/08/2018 16:45:00,Strada Urbana,VIALE REGINA MARGHERITA,all'intersezione semaforizzata con,VIA GIOVANNI BATTISTA MORGAGNI,VIA GIOVANNI BATTISTA MORGAGNI,,,Scontro frontale/laterale DX fra veicoli in marcia,Intersezione semaforizzata,Pi� di due carreggiate,Asciutto,Asfaltata,Verticale ed orizzontale,Sereno,Scarso,Buona,Ore Diurne,0,0,0,2,12.5105,41.9099,-1,2,Autocarro inferiore 35 q.,In marcia / fermata / arresto,Conducente,F,Illeso,0,,Non accertato,,
3949879,13,09/08/2018 14:30:00,Strada Urbana,VIA DELL'IDROSCALO,in prossimit�,,del civico n.,8,,Veicolo in marcia contro veicolo arresto,Rettilineo,Una carreggiata a senso unico di marcia,Asciutto,Asfaltata,Assente,Sereno,Scarso,Buona,Ore Diurne,0,0,0,2,12.2642,41.7371,-1,1,Autovettura privata,In marcia / fermata / arresto,Conducente,F,Illeso,0,,Non accertato,Inesploso,
3949879,13,09/08/2018 14:30:00,Strada Urbana,VIA DELL'IDROSCALO,in prossimit�,,del civico n.,8,,Veicolo in marcia contro veicolo arresto,Rettilineo,Una carreggiata a senso unico di marcia,Asciutto,Asfaltata,Assente,Sereno,Scarso,Buona,Ore Diurne,0,0,0,2,12.2642,41.7371,-1,2,Autocarro inferiore 35 q.,In marcia / fermata / arresto,Conducente,M,Illeso,0,,Non accertato,Inesploso,
3949881,3,09/08/2018 16:00:00,Strada Urbana,CIRCONVALLAZIONE NOMENTANA,da specificare,,,,civico 251 direzione Salaria,Veicolo in marcia contro ostacolo accidentale,Rettilineo,Una carreggiata a doppio senso,Bagnato (pioggia),Asfaltata,Verticale ed orizzontale,Sereno,Normale,Buona,Ore Diurne,0,0,0,1,12.5273,41.918,-1,1,Autovettura privata,In marcia / fermata / arresto,Conducente,M,Illeso,0,,,,
3949882,8,09/08/2018 17:15:00,Strada Urbana,PIAZZA DEL TORRACCIO DI TORRENOVA,in corrispondenza,,del civico n.,86 A,,Investimento di pedone,Rettilineo,Una carreggiata a doppio senso,Asciutto,Asfaltata,Verticale,Sereno,Normale,Buona,Ore Diurne,1,0,0,2,12.627,41.8677,-1,,,,Pedone,F,Rimandato,0,NON DECEDUTO,,,
3949882,8,09/08/2018 17:15:00,Strada Urbana,PIAZZA DEL TORRACCIO DI TORRENOVA,in corrispondenza,,del civico n.,86 A,,Investimento di pedone,Rettilineo,Una carreggiata a doppio senso,Asciutto,Asfaltata,Verticale,Sereno,Normale,Buona,Ore Diurne,1,0,0,2,12.627,41.8677,-1,1,Autovettura privata,In marcia / fermata / arresto,Conducente,F,Illeso,0,,Non accertato,Inesploso,
3949882,8,09/08/2018 17:15:00,Strada Urbana,PIAZZA DEL TORRACCIO DI TORRENOVA,in corrispondenza,,del civico n.,86 A,,Investimento di pedone,Rettilineo,Una carreggiata a doppio senso,Asciutto,Asfaltata,Verticale,Sereno,Normale,Buona,Ore Diurne,1,0,0,2,12.627,41.8677,-1,1,Autovettura privata,In marcia / fermata / arresto,Passeggero,F,Illeso,0,,Non accertato,Inesploso,
3949886,3,08/08/2018 21:10:00,Strada Urbana,VIA TIBURTINA,da specificare,,,,dir. Centro pross. ingresso T.E. dir. S.Giovanni,Veicolo in marcia contro ostacolo accidentale,Rettilineo,Pi� di due carreggiate,Asciutto,Asfaltata,Verticale ed orizzontale,Sereno,Scarso,Buona,Sufficiente,0,0,0,2,12.5304,41.9085,-1,1,Autovettura privata,In marcia / fermata / arresto,Conducente,M,Illeso,0,,Non accertato,,
3949886,3,08/08/2018 21:10:00,Strada Urbana,VIA TIBURTINA,da specificare,,,,dir. Centro pross. ingresso T.E. dir. S.Giovanni,Veicolo in marcia contro ostacolo accidentale,Rettilineo,Pi� di due carreggiate,Asciutto,Asfaltata,Verticale ed orizzontale,Sereno,Scarso,Buona,Sufficiente,0,0,0,2,12.5304,41.9085,-1,1,Autovettura privata,In marcia / fermata / arresto,Passeggero,M,Illeso,0,,Non accertato,,
3949892,8,09/08/2018 19:10:00,Strada Urbana,VIA CASILINA,all'intersezione con,VIA DEL CASALE DI S. MARIA,VIA DEL CASALE DI S. MARIA,,,Scontro laterale fra veicoli in marcia,Intersezione stradale segnalata,Una carreggiata a doppio senso,Asciutto,Asfaltata,Verticale ed orizzontale,Sereno,Normale,Buona,Ore Diurne,2,0,0,0,13.6506,41.5349,0,2,Autovettura privata,In marcia / fermata / arresto,Conducente,M,Rimandato,0,NON DECEDUTO,Non accertato,Inesploso,
3949892,8,09/08/2018 19:10:00,Strada Urbana,VIA CASILINA,all'intersezione con,VIA DEL CASALE DI S. MARIA,VIA DEL CASALE DI S. MARIA,,,Scontro laterale fra veicoli in marcia,Intersezione stradale segnalata,Una carreggiata a doppio senso,Asciutto,Asfaltata,Verticale ed orizzontale,Sereno,Normale,Buona,Ore Diurne,2,0,0,0,13.6506,41.5349,0,2,Autovettura privata,In marcia / fermata / arresto,Passeggero,M,Rimandato,0,NON DECEDUTO,Non accertato,Inesploso,
3949898,3,09/08/2018 11:10:00,Strada Urbana,SOTTOVIA IGNAZIO GUIDI,da specificare,,,,direzione Viale del Policlinico,Scontro laterale fra veicoli in marcia,Rettilineo,Una carreggiata a senso unico di marcia,Asciutto,Asfaltata,Verticale ed orizzontale,Sereno,Scarso,Buona,Ore Diurne,0,0,0,4,12.5017,41.9092,-1,1,Autovettura privata,In marcia / fermata / arresto,Conducente,M,Illeso,0,,,,
3949898,3,09/08/2018 11:10:00,Strada Urbana,SOTTOVIA IGNAZIO GUIDI,da specificare,,,,direzione Viale del Policlinico,Scontro laterale fra veicoli in marcia,Rettilineo,Una carreggiata a senso unico di marcia,Asciutto,Asfaltata,Verticale ed orizzontale,Sereno,Scarso,Buona,Ore Diurne,0,0,0,4,12.5017,41.9092,-1,2,Autovettura privata,In marcia / fermata / arresto,Conducente,M,Illeso,0,,,,
3949898,3,09/08/2018 11:10:00,Strada Urbana,SOTTOVIA IGNAZIO GUIDI,da specificare,,,,direzione Viale del Policlinico,Scontro laterale fra veicoli in marcia,Rettilineo,Una carreggiata a senso unico di marcia,Asciutto,Asfaltata,Verticale ed orizzontale,Sereno,Scarso,Buona,Ore Diurne,0,0,0,4,12.5017,41.9092,-1,2,Autovettura privata,In marcia / fermata / arresto,Passeggero,F,Illeso,0,,Non accertato,,
3949898,3,09/08/2018 11:10:00,Strada Urbana,SOTTOVIA IGNAZIO GUIDI,da specificare,,,,direzione Viale del Policlinico,Scontro laterale fra veicoli in marcia,Rettilineo,Una carreggiata a senso unico di marcia,Asciutto,Asfaltata,Verticale ed orizzontale,Sereno,Scarso,Buona,Ore Diurne,0,0,0,4,12.5017,41.9092,-1,2,Autovettura privata,In marcia / fermata / arresto,Passeggero,F,Illeso,0,,,,
3949903,19,09/08/2018 12:30:00,Strada Urbana,PIAZZA DELLA BALDUINA,in corrispondenza,,del civico n.,55,,Tamponamento,Rettilineo,Una carreggiata a senso unico di marcia,Asciutto,Asfaltata,Orizzontale,Sereno,Normale,Buona,Ore Diurne,0,0,0,2,12.4411,41.919,-1,1,Autocarro inferiore 35 q.,In marcia / fermata / arresto,Conducente,M,Illeso,0,,Non accertato,Inesploso,
3949903,19,09/08/2018 12:30:00,Strada Urbana,PIAZZA DELLA BALDUINA,in corrispondenza,,del civico n.,55,,Tamponamento,Rettilineo,Una carreggiata a senso unico di marcia,Asciutto,Asfaltata,Orizzontale,Sereno,Normale,Buona,Ore Diurne,0,0,0,2,12.4411,41.919,-1,2,Autovettura privata,In marcia / fermata / arresto,Conducente,F,Illeso,0,,Non accertato,Inesploso,
3949909,19,09/08/2018 19:30:00,Strada Urbana,VIA DI CASAL DEL MARMO,in corrispondenza,,del civico n.,256,,Infortunio per sola frenata improvvisa,Rettilineo,Una carreggiata a doppio senso,Asciutto,Asfaltata,Verticale ed orizzontale,Sereno,Normale,Buona,Ore Diurne,1,0,0,2,12.3964,41.9512,-1,1,Motociclo a solo,In marcia / fermata / arresto,Conducente,M,Rimandato,0,NON DECEDUTO,,,
3949909,19,09/08/2018 19:30:00,Strada Urbana,VIA DI CASAL DEL MARMO,in corrispondenza,,del civico n.,256,,Infortunio per sola frenata improvvisa,Rettilineo,Una carreggiata a doppio senso,Asciutto,Asfaltata,Verticale ed orizzontale,Sereno,Normale,Buona,Ore Diurne,1,0,0,2,12.3964,41.9512,-1,2,Autovettura privata,In marcia / fermata / arresto,Conducente,M,Illeso,0,,Non accertato,Inesploso,
3949909,19,09/08/2018 19:30:00,Strada Urbana,VIA DI CASAL DEL MARMO,in corrispondenza,,del civico n.,256,,Infortunio per sola frenata improvvisa,Rettilineo,Una carreggiata a doppio senso,Asciutto,Asfaltata,Verticale ed orizzontale,Sereno,Normale,Buona,Ore Diurne,1,0,0,2,12.3964,41.9512,-1,2,Autovettura privata,In marcia / fermata / arresto,Passeggero,F,Illeso,0,,Non accertato,Inesploso,
3949938,19,09/08/2018 03:30:00,Strada Urbana,VIA DEL FORO ITALICO,da specificare,,,,fuori dalla Galleria Giovanni XXIII,Veicolo in marcia contro ostacolo fisso,Rettilineo,Una carreggiata a senso unico di marcia,Asciutto,Asfaltata,Verticale ed orizzontale,Sereno,Normale,Sufficiente,Sufficiente,1,0,0,0,12.4593,41.939,-1,1,Autovettura privata,In marcia / fermata / arresto,Conducente,F,Rifiuta cure immediate,0,NON DECEDUTO,,,
3949945,13,09/08/2018 16:00:00,Strada Urbana,VIA DI MACCHIA PALOCCO,da specificare,,,,altezza VIA FRANCO SIRIGATTI,Tamponamento,Rettilineo,Una carreggiata a doppio senso,Asciutto,Asfaltata,Verticale,Sereno,Normale,Buona,Ore Diurne,0,0,0,3,12.348,41.7679,-1,1,Autovettura privata,In marcia / fermata / arresto,Conducente,F,Illeso,0,,Non accertato,Inesploso,
3949945,13,09/08/2018 16:00:00,Strada Urbana,VIA DI MACCHIA PALOCCO,da specificare,,,,altezza VIA FRANCO SIRIGATTI,Tamponamento,Rettilineo,Una carreggiata a doppio senso,Asciutto,Asfaltata,Verticale,Sereno,Normale,Buona,Ore Diurne,0,0,0,3,12.348,41.7679,-1,2,Veicolo speciale,In marcia / fermata / arresto,Conducente,M,Illeso,0,,Non accertato,Inesploso,
3949945,13,09/08/2018 16:00:00,Strada Urbana,VIA DI MACCHIA PALOCCO,da specificare,,,,altezza VIA FRANCO SIRIGATTI,Tamponamento,Rettilineo,Una carreggiata a doppio senso,Asciutto,Asfaltata,Verticale,Sereno,Normale,Buona,Ore Diurne,0,0,0,3,12.348,41.7679,-1,2,Veicolo speciale,In marcia / fermata / arresto,Passeggero,M,Illeso,0,,Non accertato,Inesploso,
3949966,18,08/08/2018 18:10:00,Strada Urbana,VIA DEL QUARTACCIO,all'intersezione con,VIA DEL PODERE DI S. GIUSTO,VIA DEL PODERE DI S. GIUSTO,,,Scontro frontale/laterale DX fra veicoli in marcia,Intersezione stradale segnalata,Una carreggiata a doppio senso,Bagnato (pioggia),Asfaltata,Verticale ed orizzontale,Nuvoloso,Normale,Buona,Ore Diurne,1,0,0,1,12.3955,41.919,-1,1,Autovettura privata,In marcia / fermata / arresto,Conducente,F,Rimandato,0,NON DECEDUTO,,,
3949966,18,08/08/2018 18:10:00,Strada Urbana,VIA DEL QUARTACCIO,all'intersezione con,VIA DEL PODERE DI S. GIUSTO,VIA DEL PODERE DI S. GIUSTO,,,Scontro frontale/laterale DX fra veicoli in marcia,Intersezione stradale segnalata,Una carreggiata a doppio senso,Bagnato (pioggia),Asfaltata,Verticale ed orizzontale,Nuvoloso,Normale,Buona,Ore Diurne,1,0,0,1,12.3955,41.919,-1,2,Autocarro inferiore 35 q.,In marcia / fermata / arresto,Conducente,M,Illeso,0,,,,
3949998,4,09/08/2018 15:30:00,Strada Urbana,VIA ALTAGNANA,da specificare,,,,in prossimit� del cavalcavia M.te Giberto,Scontro frontale/laterale SX fra veicoli in marcia,Curva senza visuale libera,Una carreggiata a doppio senso,Bagnato (pioggia),Asfaltata,Verticale ed orizzontale,Nuvoloso,Normale,Buona,Ore Diurne,1,0,0,2,12.5159,41.977,-1,1,Autovettura privata,In marcia / fermata / arresto,Conducente,M,Rimandato,0,NON DECEDUTO,,,
3949998,4,09/08/2018 15:30:00,Strada Urbana,VIA ALTAGNANA,da specificare,,,,in prossimit� del cavalcavia M.te Giberto,Scontro frontale/laterale SX fra veicoli in marcia,Curva senza visuale libera,Una carreggiata a doppio senso,Bagnato (pioggia),Asfaltata,Verticale ed orizzontale,Nuvoloso,Normale,Buona,Ore Diurne,1,0,0,2,12.5159,41.977,-1,2,Autovettura privata,In marcia / fermata / arresto,Conducente,F,Illeso,0,,,,
3949998,4,09/08/2018 15:30:00,Strada Urbana,VIA ALTAGNANA,da specificare,,,,in prossimit� del cavalcavia M.te Giberto,Scontro frontale/laterale SX fra veicoli in marcia,Curva senza visuale libera,Una carreggiata a doppio senso,Bagnato (pioggia),Asfaltata,Verticale ed orizzontale,Nuvoloso,Normale,Buona,Ore Diurne,1,0,0,2,12.5159,41.977,-1,2,Autovettura privata,In marcia / fermata / arresto,Passeggero,M,Illeso,0,,,,
3950032,13,09/08/2018 11:50:00,Strada Urbana,VIA FEDERICO BAZZINI,da specificare,,,,altezza VIA PADRE ADOLFO CATENA,Scontro laterale fra veicoli in marcia,Rettilineo,Una carreggiata a doppio senso,Asciutto,Asfaltata,Verticale ed orizzontale,Sereno,Scarso,Buona,Ore Diurne,0,0,0,3,12.3151,41.7546,-1,1,Autocarro inferiore 35 q.,In marcia / fermata / arresto,Conducente,M,Illeso,0,,Non accertato,Inesploso,
3950032,13,09/08/2018 11:50:00,Strada Urbana,VIA FEDERICO BAZZINI,da specificare,,,,altezza VIA PADRE ADOLFO CATENA,Scontro laterale fra veicoli in marcia,Rettilineo,Una carreggiata a doppio senso,Asciutto,Asfaltata,Verticale ed orizzontale,Sereno,Scarso,Buona,Ore Diurne,0,0,0,3,12.3151,41.7546,-1,2,Rimorchio,In marcia / fermata / arresto,Conducente,M,Illeso,0,,Esente,Inesistente,
3950032,13,09/08/2018 11:50:00,Strada Urbana,VIA FEDERICO BAZZINI,da specificare,,,,altezza VIA PADRE ADOLFO CATENA,Scontro laterale fra veicoli in marcia,Rettilineo,Una carreggiata a doppio senso,Asciutto,Asfaltata,Verticale ed orizzontale,Sereno,Scarso,Buona,Ore Diurne,0,0,0,3,12.3151,41.7546,-1,3,Autovettura privata,In marcia / fermata / arresto,Conducente,F,Illeso,0,,Non accertato,Inesploso,
3950042,18,08/08/2018 18:55:00,Strada Urbana,VIA DI BOCCEA,in corrispondenza,,del civico n.,108,,Veicolo in marcia contro veicolo in sosta,Rettilineo,Una carreggiata a doppio senso,Asciutto,Asfaltata,Verticale ed orizzontale,Sereno,Normale,Buona,Ore Diurne,0,0,0,1,12.4252,41.9023,-1,1,Autovettura privata,In marcia / fermata / arresto,Conducente,F,Illeso,0,,,,
3950043,4,09/08/2018 13:30:00,Strada Urbana,VIA CAPRAIA,all'intersezione con,VIA MONTE CROCE,VIA MONTE CROCE,,,Scontro frontale/laterale SX fra veicoli in marcia,Incrocio,Una carreggiata a doppio senso,Asciutto,Asfaltata,Orizzontale,Sereno,Scarso,Buona,Ore Diurne,0,0,0,2,12.5348,41.9487,-1,1,Autovettura privata,In marcia / fermata / arresto,Conducente,M,Illeso,0,,Non accertato,,
3950043,4,09/08/2018 13:30:00,Strada Urbana,VIA CAPRAIA,all'intersezione con,VIA MONTE CROCE,VIA MONTE CROCE,,,Scontro frontale/laterale SX fra veicoli in marcia,Incrocio,Una carreggiata a doppio senso,Asciutto,Asfaltata,Orizzontale,Sereno,Scarso,Buona,Ore Diurne,0,0,0,2,12.5348,41.9487,-1,2,Autovettura privata,In marcia / fermata / arresto,Conducente,M,Illeso,0,,Non accertato,,
3950062,10,10/08/2018 10:00:00,Strada Urbana,VIA DELL'AEROPORTO,all'intersezione con,VIA FLAVIO STILICONE,VIA FLAVIO STILICONE,,,Scontro frontale/laterale DX fra veicoli in marcia,Intersezione stradale segnalata,Pi� di due carreggiate,Asciutto,Asfaltata,Verticale,Sereno,Normale,Sufficiente,Ore Diurne,0,0,0,3,12.5556,41.8618,-1,1,Autovettura privata,In marcia / fermata / arresto,Conducente,M,Illeso,0,,Non accertato,Inesploso,
3950062,10,10/08/2018 10:00:00,Strada Urbana,VIA DELL'AEROPORTO,all'intersezione con,VIA FLAVIO STILICONE,VIA FLAVIO STILICONE,,,Scontro frontale/laterale DX fra veicoli in marcia,Intersezione stradale segnalata,Pi� di due carreggiate,Asciutto,Asfaltata,Verticale,Sereno,Normale,Sufficiente,Ore Diurne,0,0,0,3,12.5556,41.8618,-1,2,Autovettura privata,In marcia / fermata / arresto,Conducente,M,Illeso,0,,Non accertato,Inesploso,
3950062,10,10/08/2018 10:00:00,Strada Urbana,VIA DELL'AEROPORTO,all'intersezione con,VIA FLAVIO STILICONE,VIA FLAVIO STILICONE,,,Scontro frontale/laterale DX fra veicoli in marcia,Intersezione stradale segnalata,Pi� di due carreggiate,Asciutto,Asfaltata,Verticale,Sereno,Normale,Sufficiente,Ore Diurne,0,0,0,3,12.5556,41.8618,-1,3,Autocarro inferiore 35 q.,In marcia / fermata / arresto,Conducente,M,Illeso,0,,Non accertato,Inesploso,
3950063,17,09/08/2018 23:30:00,Strada Urbana,VIALE DEI CAVALIERI DI VITTORIO VENETO,in corrispondenza,,del palo luce n.,21,,Veicolo in marcia contro veicolo arresto,Rettilineo,Due carreggiate,Asciutto,Asfaltata,Verticale ed orizzontale,Sereno,Scarso,Buona,Sufficiente,0,0,0,3,12.4504,41.9207,-1,1,Autovettura privata,In marcia / fermata / arresto,Conducente,M,Illeso,0,,,,
3950063,17,09/08/2018 23:30:00,Strada Urbana,VIALE DEI CAVALIERI DI VITTORIO VENETO,in corrispondenza,,del palo luce n.,21,,Veicolo in marcia contro veicolo arresto,Rettilineo,Due carreggiate,Asciutto,Asfaltata,Verticale ed orizzontale,Sereno,Scarso,Buona,Sufficiente,0,0,0,3,12.4504,41.9207,-1,2,Autovettura privata,In marcia / fermata / arresto,Conducente,M,Illeso,0,,,,
3950063,17,09/08/2018 23:30:00,Strada Urbana,VIALE DEI CAVALIERI DI VITTORIO VENETO,in corrispondenza,,del palo luce n.,21,,Veicolo in marcia contro veicolo arresto,Rettilineo,Due carreggiate,Asciutto,Asfaltata,Verticale ed orizzontale,Sereno,Scarso,Buona,Sufficiente,0,0,0,3,12.4504,41.9207,-1,2,Autovettura privata,In marcia / fermata / arresto,Passeggero,M,Illeso,0,,,,
3950077,4,09/08/2018 15:05:00,Strada Urbana,VIA DEI PRATI FISCALI,in corrispondenza,,del civico n.,106,,Tamponamento,Rettilineo,Una carreggiata a doppio senso,Asciutto,Asfaltata,Verticale ed orizzontale,Nuvoloso,Scarso,Buona,Ore Diurne,0,0,0,2,12.5214,41.9464,-1,1,Autovettura privata,In marcia / fermata / arresto,Conducente,M,Illeso,0,,Non accertato,,
3950077,4,09/08/2018 15:05:00,Strada Urbana,VIA DEI PRATI FISCALI,in corrispondenza,,del civico n.,106,,Tamponamento,Rettilineo,Una carreggiata a doppio senso,Asciutto,Asfaltata,Verticale ed orizzontale,Nuvoloso,Scarso,Buona,Ore Diurne,0,0,0,2,12.5214,41.9464,-1,2,Autovettura privata,In marcia / fermata / arresto,Conducente,M,Illeso,0,,Non accertato,,
3950080,4,09/08/2018 16:20:00,Statale,VIA SALARIA,in prossimit�,,della chilometrica,19.3,,Tamponamento,Rettilineo,Una carreggiata a doppio senso,Bagnato (pioggia),Asfaltata,Verticale ed orizzontale,Nuvoloso,Normale,Buona,Ore Diurne,0,0,0,3,12.5582,42.0359,-1,1,Motociclo a solo,In marcia / fermata / arresto,Conducente,M,Illeso,0,,,,
3950080,4,09/08/2018 16:20:00,Statale,VIA SALARIA,in prossimit�,,della chilometrica,19.3,,Tamponamento,Rettilineo,Una carreggiata a doppio senso,Bagnato (pioggia),Asfaltata,Verticale ed orizzontale,Nuvoloso,Normale,Buona,Ore Diurne,0,0,0,3,12.5582,42.0359,-1,2,Autovettura privata,In marcia / fermata / arresto,Conducente,M,Illeso,0,,,,
3950080,4,09/08/2018 16:20:00,Statale,VIA SALARIA,in prossimit�,,della chilometrica,19.3,,Tamponamento,Rettilineo,Una carreggiata a doppio senso,Bagnato (pioggia),Asfaltata,Verticale ed orizzontale,Nuvoloso,Normale,Buona,Ore Diurne,0,0,0,3,12.5582,42.0359,-1,2,Autovettura privata,In marcia / fermata / arresto,Passeggero,F,Illeso,0,,,,
3950091,12,10/08/2018 07:20:00,Provinciale,VIA LAURENTINA,in prossimit�,,della chilometrica,19.8,,Scontro frontale/laterale SX fra veicoli in marcia,Rettilineo,Una carreggiata a doppio senso,Asciutto,Asfaltata,Verticale ed orizzontale,Sereno,Normale,Buona,Ore Diurne,0,0,0,3,12.5046,41.7378,-1,1,Autovettura privata,In marcia / fermata / arresto,Conducente,M,Illeso,0,,Utilizzato,Inesploso,
3950091,12,10/08/2018 07:20:00,Provinciale,VIA LAURENTINA,in prossimit�,,della chilometrica,19.8,,Scontro frontale/laterale SX fra veicoli in marcia,Rettilineo,Una carreggiata a doppio senso,Asciutto,Asfaltata,Verticale ed orizzontale,Sereno,Normale,Buona,Ore Diurne,0,0,0,3,12.5046,41.7378,-1,2,Autovettura privata,In marcia / fermata / arresto,Conducente,F,Illeso,0,,Utilizzato,Inesploso,
3950091,12,10/08/2018 07:20:00,Provinciale,VIA LAURENTINA,in prossimit�,,della chilometrica,19.8,,Scontro frontale/laterale SX fra veicoli in marcia,Rettilineo,Una carreggiata a doppio senso,Asciutto,Asfaltata,Verticale ed orizzontale,Sereno,Normale,Buona,Ore Diurne,0,0,0,3,12.5046,41.7378,-1,2,Autovettura privata,In marcia / fermata / arresto,Passeggero,M,Illeso,0,,,,
3950092,4,09/08/2018 20:00:00,Strada Urbana,VIA NOMENTANA NUOVA,in corrispondenza,,del civico n.,191,,Veicolo in marcia contro ostacolo fisso,Rettilineo,Una carreggiata a doppio senso,Asciutto,Asfaltata,Verticale ed orizzontale,Sereno,Normale,Buona,Ore Diurne,1,0,0,0,12.532,41.9348,-1,1,Autovettura privata,In marcia / fermata / arresto,Conducente,M,Rimandato,0,NON DECEDUTO,Non accertato,,