Protocollo,Gruppo,DataOraIncidente,Localizzazione1,STRADA1,Localizzazione2,STRADA2,Strada02,Chilometrica,DaSpecificare,NaturaIncidente,particolaritastrade,TipoStrada,FondoStradale,Pavimentazione,Segnaletica,CondizioneAtmosferica,Traffico,Visibilita,Illuminazione,NUM_FERITI,NUM_RISERVATA,NUM_MORTI,NUM_ILLESI,Longitudine,Latitudine,Confermato,Progressivo,TipoVeicolo,StatoVeicolo,TipoPersona,Sesso,Tipolesione,Deceduto,DecedutoDopo,CinturaCascoUtilizzato,Airbag,
3950100,17,09/08/2018 08:20:00,Strada Urbana,VIA DELLA CONCILIAZIONE,da specificare,,,,carreggiata laterale sinistra fronte civico 5A,Veicolo in marcia contro veicolo in sosta,Rettilineo,Pi� di due carreggiate,Asciutto,Acciotolata,Verticale ed orizzontale,Sereno,Scarso,Sufficiente,Ore Diurne,0,0,0,1,12.462,41.9023,-1,2,Autovettura privata,In marcia / fermata / arresto,Conducente,M,Illeso,0,,,,
3950102,13,09/08/2018 08:50:00,Strada Urbana,VIA DEL MARE,all'intersezione con,VIA DELLE GONDOLE,VIA DELLE GONDOLE,,,Tamponamento,Intersezione semaforizzata,Una carreggiata a doppio senso,Asciutto,Asfaltata,Verticale ed orizzontale,Sereno,Intenso,Buona,Ore Diurne,0,0,0,2,12.4632,41.8403,-1,1,Autovettura privata,In marcia / fermata / arresto,Conducente,M,Illeso,0,,Non accertato,Inesploso,
3950102,13,09/08/2018 08:50:00,Strada Urbana,VIA DEL MARE,all'intersezione con,VIA DELLE GONDOLE,VIA DELLE GONDOLE,,,Tamponamento,Intersezione semaforizzata,Una carreggiata a doppio senso,Asciutto,Asfaltata,Verticale ed orizzontale,Sereno,Intenso,Buona,Ore Diurne,0,0,0,2,12.4632,41.8403,-1,2,Autovettura privata,In marcia / fermata / arresto,Conducente,F,Illeso,0,,Non accertato,Inesploso,
3950108,12,09/08/2018 08:40:00,Strada Urbana,VIA DELLE TRE FONTANE,da specificare,,,,altezza  VIALE DELL'INDUSTRIA,Veicolo in marcia contro ostacolo fisso,Rettilineo,Una carreggiata a doppio senso,Asciutto,Asfaltata,Verticale ed orizzontale,Sereno,Normale,Buona,Ore Diurne,0,0,0,1,12.4747,41.839,-1,1,Autovettura privata,In marcia / fermata / arresto,Conducente,F,Illeso,0,,,,
3950117,18,09/08/2018 10:15:00,Strada Urbana,VIA GREGORIO VII,all'intersezione con,VIA S. DAMASO,VIA S. DAMASO,,,Scontro laterale fra veicoli in marcia,Intersezione semaforizzata,Pi� di due carreggiate,Asciutto,Asfaltata,Verticale ed orizzontale,Sereno,Normale,Buona,Ore Diurne,0,0,0,5,12.4451,41.8956,-1,1,Autovettura privata,In marcia / fermata / arresto,Conducente,M,Illeso,0,,Non accertato,Inesploso,
3950117,18,09/08/2018 10:15:00,Strada Urbana,VIA GREGORIO VII,all'intersezione con,VIA S. DAMASO,VIA S. DAMASO,,,Scontro laterale fra veicoli in marcia,Intersezione semaforizzata,Pi� di due carreggiate,Asciutto,Asfaltata,Verticale ed orizzontale,Sereno,Normale,Buona,Ore Diurne,0,0,0,5,12.4451,41.8956,-1,1,Autovettura privata,In marcia / fermata / arresto,Passeggero,F,Illeso,0,,Non accertato,Inesploso,
3950117,18,09/08/2018 10:15:00,Strada Urbana,VIA GREGORIO VII,all'intersezione con,VIA S. DAMASO,VIA S. DAMASO,,,Scontro laterale fra veicoli in marcia,Intersezione semaforizzata,Pi� di due carreggiate,Asciutto,Asfaltata,Verticale ed orizzontale,Sereno,Normale,Buona,Ore Diurne,0,0,0,5,12.4451,41.8956,-1,1,Autovettura privata,In marcia / fermata / arresto,Passeggero,M,Illeso,0,,Non accertato,Inesploso,
3950117,18,09/08/2018 10:15:00,Strada Urbana,VIA GREGORIO VII,all'intersezione con,VIA S. DAMASO,VIA S. DAMASO,,,Scontro laterale fra veicoli in marcia,Intersezione semaforizzata,Pi� di due carreggiate,Asciutto,Asfaltata,Verticale ed orizzontale,Sereno,Normale,Buona,Ore Diurne,0,0,0,5,12.4451,41.8956,-1,1,Autovettura privata,In marcia / fermata / arresto,Passeggero,M,Illeso,0,,Non accertato,Inesploso,
3950117,18,09/08/2018 10:15:00,Strada Urbana,VIA GREGORIO VII,all'intersezione con,VIA S. DAMASO,VIA S. DAMASO,,,Scontro laterale fra veicoli in marcia,Intersezione semaforizzata,Pi� di due carreggiate,Asciutto,Asfaltata,Verticale ed orizzontale,Sereno,Normale,Buona,Ore Diurne,0,0,0,5,12.4451,41.8956,-1,2,Autovettura privata,In marcia / fermata / arresto,Conducente,F,Illeso,0,,,,
3950132,12,09/08/2018 12:00:00,Strada Urbana,VIA HELSINKI,all'intersezione con,VIALE CITTA' D'EUROPA,VIALE CITTA' D'EUROPA,,,Scontro laterale fra veicoli in marcia,Incrocio,Due carreggiate,Asciutto,Asfaltata,Verticale ed orizzontale,Sereno,Scarso,Buona,Ore Diurne,0,0,0,3,12.4521,41.8237,-1,1,Autovettura privata,In marcia / fermata / arresto,Conducente,F,Illeso,0,,,,
3950132,12,09/08/2018 12:00:00,Strada Urbana,VIA HELSINKI,all'intersezione con,VIALE CITTA' D'EUROPA,VIALE CITTA' D'EUROPA,,,Scontro laterale fra veicoli in marcia,Incrocio,Due carreggiate,Asciutto,Asfaltata,Verticale ed orizzontale,Sereno,Scarso,Buona,Ore Diurne,0,0,0,3,12.4521,41.8237,-1,1,Autovettura privata,In marcia / fermata / arresto,Passeggero,M,Illeso,0,,,Inesploso,
3950132,12,09/08/2018 12:00:00,Strada Urbana,VIA HELSINKI,all'intersezione con,VIALE CITTA' D'EUROPA,VIALE CITTA' D'EUROPA,,,Scontro laterale fra veicoli in marcia,Incrocio,Due carreggiate,Asciutto,Asfaltata,Verticale ed orizzontale,Sereno,Scarso,Buona,Ore Diurne,0,0,0,3,12.4521,41.8237,-1,2,Autovettura privata,In marcia / fermata / arresto,Conducente,M,Illeso,0,,,,
3950142,4,09/08/2018 17:30:00,Strada Urbana,VIA DEI PRATI FISCALI,in corrispondenza,,del civico n.,211,,Veicolo in marcia contro veicoli in sosta,Rettilineo,Due carreggiate,Asciutto,Asfaltata,Verticale ed orizzontale,Sereno,Normale,Buona,Ore Diurne,0,0,0,1,12.5186,41.9462,-1,1,Autovettura privata,In marcia / fermata / arresto,Conducente,M,Illeso,0,,Non accertato,,
3950148,12,09/08/2018 18:20:00,Provinciale entro l'abitato,VIA LAURENTINA,da specificare,,,,prossimit� vigna murata,Scontro laterale fra veicoli in marcia,Rettilineo,Due carreggiate,Asciutto,Asfaltata,Verticale ed orizzontale,Sereno,Normale,Buona,Ore Diurne,0,0,0,7,12.4796,41.8261,-1,1,Autobus di linea,In marcia / fermata / arresto,Conducente,M,Illeso,0,,,,
3950148,12,09/08/2018 18:20:00,Provinciale entro l'abitato,VIA LAURENTINA,da specificare,,,,prossimit� vigna murata,Scontro laterale fra veicoli in marcia,Rettilineo,Due carreggiate,Asciutto,Asfaltata,Verticale ed orizzontale,Sereno,Normale,Buona,Ore Diurne,0,0,0,7,12.4796,41.8261,-1,2,Altro,In marcia / fermata / arresto,Conducente,F,Illeso,0,,,,
3950148,12,09/08/2018 18:20:00,Provinciale entro l'abitato,VIA LAURENTINA,da specificare,,,,prossimit� vigna murata,Scontro laterale fra veicoli in marcia,Rettilineo,Due carreggiate,Asciutto,Asfaltata,Verticale ed orizzontale,Sereno,Normale,Buona,Ore Diurne,0,0,0,7,12.4796,41.8261,-1,2,Altro,In marcia / fermata / arresto,Passeggero,M,Illeso,0,,,,
3950148,12,09/08/2018 18:20:00,Provinciale entro l'abitato,VIA LAURENTINA,da specificare,,,,prossimit� vigna murata,Scontro laterale fra veicoli in marcia,Rettilineo,Due carreggiate,Asciutto,Asfaltata,Verticale ed orizzontale,Sereno,Normale,Buona,Ore Diurne,0,0,0,7,12.4796,41.8261,-1,2,Altro,In marcia / fermata / arresto,Passeggero,M,Illeso,0,,,,
3950148,12,09/08/2018 18:20:00,Provinciale entro l'abitato,VIA LAURENTINA,da specificare,,,,prossimit� vigna murata,Scontro laterale fra veicoli in marcia,Rettilineo,Due carreggiate,Asciutto,Asfaltata,Verticale ed orizzontale,Sereno,Normale,Buona,Ore Diurne,0,0,0,7,12.4796,41.8261,-1,2,Altro,In marcia / fermata / arresto,Passeggero,M,Illeso,0,,,,
3950148,12,09/08/2018 18:20:00,Provinciale entro l'abitato,VIA LAURENTINA,da specificare,,,,prossimit� vigna murata,Scontro laterale fra veicoli in marcia,Rettilineo,Due carreggiate,Asciutto,Asfaltata,Verticale ed orizzontale,Sereno,Normale,Buona,Ore Diurne,0,0,0,7,12.4796,41.8261,-1,2,Altro,In marcia / fermata / arresto,Passeggero,M,Illeso,0,,,,
3950148,12,09/08/2018 18:20:00,Provinciale entro l'abitato,VIA LAURENTINA,da specificare,,,,prossimit� vigna murata,Scontro laterale fra veicoli in marcia,Rettilineo,Due carreggiate,Asciutto,Asfaltata,Verticale ed orizzontale,Sereno,Normale,Buona,Ore Diurne,0,0,0,7,12.4796,41.8261,-1,2,Altro,In marcia / fermata / arresto,Passeggero,M,Illeso,0,,,,
3950151,16,09/08/2018 11:35:00,Strada Urbana,VIA DI BRAVETTA,all'intersezione con,VIA DEI FELTRESCHI,VIA DEI FELTRESCHI,,,Scontro laterale fra veicoli in marcia,Incrocio,Una carreggiata a doppio senso,Asciutto,Asfaltata,Verticale ed orizzontale,Sereno,Normale,Buona,Ore Diurne,0,0,0,2,12.4258,41.8763,-1,1,Autovettura privata,In marcia / fermata / arresto,Conducente,M,Illeso,0,,Non accertato,Inesploso,
3950151,16,09/08/2018 11:35:00,Strada Urbana,VIA DI BRAVETTA,all'intersezione con,VIA DEI FELTRESCHI,VIA DEI FELTRESCHI,,,Scontro laterale fra veicoli in marcia,Incrocio,Una carreggiata a doppio senso,Asciutto,Asfaltata,Verticale ed orizzontale,Sereno,Normale,Buona,Ore Diurne,0,0,0,2,12.4258,41.8763,-1,2,Autovettura privata,In marcia / fermata / arresto,Conducente,F,Illeso,0,,Non accertato,Inesploso,
3950190,9,10/08/2018 09:05:00,Strada Urbana,VIA TARANTO,all'intersezione semaforizzata con,VIA MONZA,VIA MONZA,,,Scontro laterale fra veicoli in marcia,Incrocio,Una carreggiata a doppio senso,Asciutto,Asfaltata,Verticale ed orizzontale,Sereno,Normale,Buona,Ore Diurne,0,0,0,2,12.5151,41.8845,-1,1,Autocarro inferiore 35 q.,In marcia / fermata / arresto,Conducente,M,Illeso,0,,Non accertato,Inesploso,
3950190,9,10/08/2018 09:05:00,Strada Urbana,VIA TARANTO,all'intersezione semaforizzata con,VIA MONZA,VIA MONZA,,,Scontro laterale fra veicoli in marcia,Incrocio,Una carreggiata a doppio senso,Asciutto,Asfaltata,Verticale ed orizzontale,Sereno,Normale,Buona,Ore Diurne,0,0,0,2,12.5151,41.8845,-1,2,Autovettura privata,In marcia / fermata / arresto,Conducente,M,Illeso,0,,Non accertato,Inesploso,
3950211,18,10/08/2018 07:30:00,Strada Urbana,VIA BALDO DEGLI UBALDI,in prossimit�,,del civico n.,378,,Tamponamento,Rettilineo,Due carreggiate,Asciutto,Asfaltata,Verticale ed orizzontale,Sereno,Normale,Buona,Ore Diurne,0,0,0,2,12.441,41.9023,-1,1,Autovettura privata,In marcia / fermata / arresto,Conducente,M,Illeso,0,,,,
3950211,18,10/08/2018 07:30:00,Strada Urbana,VIA BALDO DEGLI UBALDI,in prossimit�,,del civico n.,378,,Tamponamento,Rettilineo,Due carreggiate,Asciutto,Asfaltata,Verticale ed orizzontale,Sereno,Normale,Buona,Ore Diurne,0,0,0,2,12.441,41.9023,-1,2,Autovettura privata,In marcia / fermata / arresto,Conducente,F,Illeso,0,,,,
3950297,2,09/08/2018 18:30:00,Strada Urbana,VIA PANAMA,in prossimit�,,del civico n.,fr. 62,,Veicolo in marcia contro ostacolo accidentale,Curva a visuale libera,Una carreggiata a doppio senso,Asciutto,Asfaltata,Orizzontale,Sereno,Scarso,Buona,Ore Diurne,2,0,0,0,12.4959,41.9252,-1,1,Motociclo con passeggero,In marcia / fermata / arresto,Conducente,M,Ricoverato,0,NON DECEDUTO,,,
3950297,2,09/08/2018 18:30:00,Strada Urbana,VIA PANAMA,in prossimit�,,del civico n.,fr. 62,,Veicolo in marcia contro ostacolo accidentale,Curva a visuale libera,Una carreggiata a doppio senso,Asciutto,Asfaltata,Orizzontale,Sereno,Scarso,Buona,Ore Diurne,2,0,0,0,12.4959,41.9252,-1,1,Motociclo con passeggero,In marcia / fermata / arresto,Passeggero,F,Rimandato,0,NON DECEDUTO,,,
3950317,18,10/08/2018 13:45:00,Strada Urbana,VIA GREGORIO XI,in corrispondenza,,del civico n.,183,,Tamponamento,Rettilineo,Due carreggiate,Asciutto,Asfaltata,Verticale ed orizzontale,Sereno,Normale,Buona,Ore Diurne,1,0,0,1,12.4155,41.8958,-1,1,Autovettura privata,In marcia / fermata / arresto,Conducente,F,Rimandato,0,NON DECEDUTO,Non accertato,Inesploso,
3950317,18,10/08/2018 13:45:00,Strada Urbana,VIA GREGORIO XI,in corrispondenza,,del civico n.,183,,Tamponamento,Rettilineo,Due carreggiate,Asciutto,Asfaltata,Verticale ed orizzontale,Sereno,Normale,Buona,Ore Diurne,1,0,0,1,12.4155,41.8958,-1,2,Autovettura privata,In marcia / fermata / arresto,Conducente,F,Illeso,0,,Non accertato,Inesploso,
3950340,10,10/08/2018 14:55:00,Strada Urbana,VIALE BRUNO PELIZZI,all'intersezione semaforizzata con,VIA DI TORRE SPACCATA,VIA DI TORRE SPACCATA,,,Scontro frontale/laterale SX fra veicoli in marcia,Intersezione semaforizzata,Due carreggiate,Asciutto,Asfaltata,Verticale ed orizzontale,Sereno,Normale,Buona,Ore Diurne,1,0,0,2,12.5838,41.8553,-1,1,Motociclo a solo,In marcia / fermata / arresto,Conducente,M,Rimandato,0,NON DECEDUTO,Non accertato,,
3950340,10,10/08/2018 14:55:00,Strada Urbana,VIALE BRUNO PELIZZI,all'intersezione semaforizzata con,VIA DI TORRE SPACCATA,VIA DI TORRE SPACCATA,,,Scontro frontale/laterale SX fra veicoli in marcia,Intersezione semaforizzata,Due carreggiate,Asciutto,Asfaltata,Verticale ed orizzontale,Sereno,Normale,Buona,Ore Diurne,1,0,0,2,12.5838,41.8553,-1,2,Autovettura privata,In marcia / fermata / arresto,Conducente,M,Illeso,0,,Non accertato,Inesploso,
3950340,10,10/08/2018 14:55:00,Strada Urbana,VIALE BRUNO PELIZZI,all'intersezione semaforizzata con,VIA DI TORRE SPACCATA,VIA DI TORRE SPACCATA,,,Scontro frontale/laterale SX fra veicoli in marcia,Intersezione semaforizzata,Due carreggiate,Asciutto,Asfaltata,Verticale ed orizzontale,Sereno,Normale,Buona,Ore Diurne,1,0,0,2,12.5838,41.8553,-1,2,Autovettura privata,In marcia / fermata / arresto,Passeggero,F,Illeso,0,,Non accertato,Inesploso,
3950349,2,09/08/2018 18:30:00,Strada Urbana,PIAZZA GIMMA,all'intersezione con,VIALE LIBIA,VIALE LIBIA,,,Tamponamento,Intersezione stradale segnalata,Due carreggiate,Asciutto,Asfaltata,Verticale ed orizzontale,Nuvoloso,Normale,Buona,Ore Diurne,0,0,0,3,12.5183,41.9307,-1,1,Autovettura privata,In marcia / fermata / arresto,Conducente,M,Illeso,0,,,,
3950349,2,09/08/2018 18:30:00,Strada Urbana,PIAZZA GIMMA,all'intersezione con,VIALE LIBIA,VIALE LIBIA,,,Tamponamento,Intersezione stradale segnalata,Due carreggiate,Asciutto,Asfaltata,Verticale ed orizzontale,Nuvoloso,Normale,Buona,Ore Diurne,0,0,0,3,12.5183,41.9307,-1,2,Autovettura privata,In marcia / fermata / arresto,Conducente,M,Illeso,0,,,,
3950349,2,09/08/2018 18:30:00,Strada Urbana,PIAZZA GIMMA,all'intersezione con,VIALE LIBIA,VIALE LIBIA,,,Tamponamento,Intersezione stradale segnalata,Due carreggiate,Asciutto,Asfaltata,Verticale ed orizzontale,Nuvoloso,Normale,Buona,Ore Diurne,0,0,0,3,12.5183,41.9307,-1,2,Autovettura privata,In marcia / fermata / arresto,Passeggero,F,Illeso,0,,,,
3950360,2,10/08/2018 13:40:00,Strada Urbana,VIALE MARESCIALLO PILSUDSKI,da specificare,,,,prossimit� Via di San Valentino,Tamponamento Multiplo,Rettilineo,Due carreggiate,Asciutto,Asfaltata,Verticale ed orizzontale,Sereno,Normale,Buona,Ore Diurne,0,0,0,3,12.4733,41.9257,-1,1,Autovettura privata,In marcia / fermata / arresto,Conducente,F,Illeso,0,,,,
3950360,2,10/08/2018 13:40:00,Strada Urbana,VIALE MARESCIALLO PILSUDSKI,da specificare,,,,prossimit� Via di San Valentino,Tamponamento Multiplo,Rettilineo,Due carreggiate,Asciutto,Asfaltata,Verticale ed orizzontale,Sereno,Normale,Buona,Ore Diurne,0,0,0,3,12.4733,41.9257,-1,2,Autovettura privata,In marcia / fermata / arresto,Conducente,M,Illeso,0,,,,
3950360,2,10/08/2018 13:40:00,Strada Urbana,VIALE MARESCIALLO PILSUDSKI,da specificare,,,,prossimit� Via di San Valentino,Tamponamento Multiplo,Rettilineo,Due carreggiate,Asciutto,Asfaltata,Verticale ed orizzontale,Sereno,Normale,Buona,Ore Diurne,0,0,0,3,12.4733,41.9257,-1,3,Autocarro inferiore 35 q.,In marcia / fermata / arresto,Conducente,M,Illeso,0,,,,
3950382,1,09/08/2018 10:20:00,Strada Urbana,VIA DI S. GREGORIO,all'intersezione semaforizzata con,PIAZZA DI PORTA CAPENA,PIAZZA DI PORTA CAPENA,,,Scontro laterale fra veicoli in marcia,Intersezione semaforizzata,Una carreggiata a doppio senso,Asciutto,Asfaltata,Verticale ed orizzontale,Sereno,Normale,Buona,Ore Diurne,0,0,0,7,12.4893,41.8853,-1,1,Autovettura privata,In marcia / fermata / arresto,Conducente,M,Illeso,0,,,,
3950382,1,09/08/2018 10:20:00,Strada Urbana,VIA DI S. GREGORIO,all'intersezione semaforizzata con,PIAZZA DI PORTA CAPENA,PIAZZA DI PORTA CAPENA,,,Scontro laterale fra veicoli in marcia,Intersezione semaforizzata,Una carreggiata a doppio senso,Asciutto,Asfaltata,Verticale ed orizzontale,Sereno,Normale,Buona,Ore Diurne,0,0,0,7,12.4893,41.8853,-1,1,Autovettura privata,In marcia / fermata / arresto,Passeggero,M,Illeso,0,,Non accertato,Inesploso,
3950382,1,09/08/2018 10:20:00,Strada Urbana,VIA DI S. GREGORIO,all'intersezione semaforizzata con,PIAZZA DI PORTA CAPENA,PIAZZA DI PORTA CAPENA,,,Scontro laterale fra veicoli in marcia,Intersezione semaforizzata,Una carreggiata a doppio senso,Asciutto,Asfaltata,Verticale ed orizzontale,Sereno,Normale,Buona,Ore Diurne,0,0,0,7,12.4893,41.8853,-1,1,Autovettura privata,In marcia / fermata / arresto,Passeggero,F,Illeso,0,,Non accertato,Inesploso,
3950382,1,09/08/2018 10:20:00,Strada Urbana,VIA DI S. GREGORIO,all'intersezione semaforizzata con,PIAZZA DI PORTA CAPENA,PIAZZA DI PORTA CAPENA,,,Scontro laterale fra veicoli in marcia,Intersezione semaforizzata,Una carreggiata a doppio senso,Asciutto,Asfaltata,Verticale ed orizzontale,Sereno,Normale,Buona,Ore Diurne,0,0,0,7,12.4893,41.8853,-1,1,Autovettura privata,In marcia / fermata / arresto,Passeggero,F,Illeso,0,,Non accertato,Inesploso,
3950382,1,09/08/2018 10:20:00,Strada Urbana,VIA DI S. GREGORIO,all'intersezione semaforizzata con,PIAZZA DI PORTA CAPENA,PIAZZA DI PORTA CAPENA,,,Scontro laterale fra veicoli in marcia,Intersezione semaforizzata,Una carreggiata a doppio senso,Asciutto,Asfaltata,Verticale ed orizzontale,Sereno,Normale,Buona,Ore Diurne,0,0,0,7,12.4893,41.8853,-1,1,Autovettura privata,In marcia / fermata / arresto,Passeggero,F,Illeso,0,,Non accertato,,
3950382,1,09/08/2018 10:20:00,Strada Urbana,VIA DI S. GREGORIO,all'intersezione semaforizzata con,PIAZZA DI PORTA CAPENA,PIAZZA DI PORTA CAPENA,,,Scontro laterale fra veicoli in marcia,Intersezione semaforizzata,Una carreggiata a doppio senso,Asciutto,Asfaltata,Verticale ed orizzontale,Sereno,Normale,Buona,Ore Diurne,0,0,0,7,12.4893,41.8853,-1,2,Motociclo con passeggero,In marcia / fermata / arresto,Conducente,M,Illeso,0,,Non accertato,,
3950382,1,09/08/2018 10:20:00,Strada Urbana,VIA DI S. GREGORIO,all'intersezione semaforizzata con,PIAZZA DI PORTA CAPENA,PIAZZA DI PORTA CAPENA,,,Scontro laterale fra veicoli in marcia,Intersezione semaforizzata,Una carreggiata a doppio senso,Asciutto,Asfaltata,Verticale ed orizzontale,Sereno,Normale,Buona,Ore Diurne,0,0,0,7,12.4893,41.8853,-1,2,Motociclo con passeggero,In marcia / fermata / arresto,Passeggero,M,Illeso,0,,Non accertato,,
3950452,17,09/08/2018 15:45:00,Strada Urbana,VIA RIALTO,all'intersezione con,VIA GIORGIO SCALIA,VIA GIORGIO SCALIA,,,Scontro frontale/laterale SX fra veicoli in marcia,Intersezione stradale segnalata,Una carreggiata a senso unico di marcia,Asciutto,Asfaltata,Verticale ed orizzontale,Sereno,Scarso,Buona,Ore Diurne,0,0,0,2,12.4463,41.9078,-1,1,Autovettura privata,In marcia / fermata / arresto,Conducente,F,Illeso,0,,,,
3950452,17,09/08/2018 15:45:00,Strada Urbana,VIA RIALTO,all'intersezione con,VIA GIORGIO SCALIA,VIA GIORGIO SCALIA,,,Scontro frontale/laterale SX fra veicoli in marcia,Intersezione stradale segnalata,Una carreggiata a senso unico di marcia,Asciutto,Asfaltata,Verticale ed orizzontale,Sereno,Scarso,Buona,Ore Diurne,0,0,0,2,12.4463,41.9078,-1,2,Autovettura privata,In marcia / fermata / arresto,Conducente,M,Illeso,0,,,,
3950474,1,10/08/2018 03:10:00,Strada Urbana,PIAZZA D'ARACOELI,in corrispondenza,,del civico n.,1,,Veicolo in marcia contro ostacolo accidentale,Curva a visuale libera,Una carreggiata a senso unico di marcia,Asciutto,In cubetti di porfido,Verticale ed orizzontale,Sereno,Scarso,Buona,Sufficiente,0,0,0,1,12.4815,41.8941,0,1,Autovettura privata,In marcia / fermata / arresto,Conducente,M,Illeso,0,,Non accertato,,
3950479,1,08/08/2018 21:30:00,Strada Urbana,VIA ANICIA,in corrispondenza,,del civico n.,6/C,,Veicolo in marcia contro veicolo fermo,Rettilineo,Una carreggiata a doppio senso,Asciutto,In cubetti di porfido,Verticale ed orizzontale,Sereno,Normale,Sufficiente,Sufficiente,0,0,0,1,,,0,1,Autovettura privata,Sosta,Conducente,M,Illeso,0,,Non accertato,Inesploso,
3950490,12,10/08/2018 17:25:00,Provinciale entro l'abitato,VIA LAURENTINA,da specificare,,,,fronte civico 731,Scontro laterale fra veicoli in marcia,Rettilineo,Pi� di due carreggiate,Asciutto,Asfaltata,Verticale ed orizzontale,Sereno,Scarso,Buona,Ore Diurne,0,0,0,3,12.4853,41.8102,-1,1,Autovettura privata,In marcia / fermata / arresto,Conducente,M,Illeso,0,,Utilizzato,Inesploso,
3950490,12,10/08/2018 17:25:00,Provinciale entro l'abitato,VIA LAURENTINA,da specificare,,,,fronte civico 731,Scontro laterale fra veicoli in marcia,Rettilineo,Pi� di due carreggiate,Asciutto,Asfaltata,Verticale ed orizzontale,Sereno,Scarso,Buona,Ore Diurne,0,0,0,3,12.4853,41.8102,-1,1,Autovettura privata,In marcia / fermata / arresto,Passeggero,M,Illeso,0,,Utilizzato,Inesploso,
3950490,12,10/08/2018 17:25:00,Provinciale entro l'abitato,VIA LAURENTINA,da specificare,,,,fronte civico 731,Scontro laterale fra veicoli in marcia,Rettilineo,Pi� di due carreggiate,Asciutto,Asfaltata,Verticale ed orizzontale,Sereno,Scarso,Buona,Ore Diurne,0,0,0,3,12.4853,41.8102,-1,2,Autovettura privata,In marcia / fermata / arresto,Conducente,M,Illeso,0,,Utilizzato,Inesploso,
3950491,1,09/08/2018 19:20:00,Strada Urbana,VIA GIOVANNI GIOLITTI,in prossimit�,,del civico n.,79,,Scontro frontale/laterale SX fra veicoli in marcia,Rettilineo,Una carreggiata a senso unico di marcia,Asciutto,Asfaltata,Verticale ed orizzontale,Sereno,Normale,Buona,Ore Diurne,0,0,0,2,12.5015,41.8998,-1,1,Autovettura privata,In marcia / fermata / arresto,Conducente,M,Illeso,0,,Non accertato,Inesploso,
3950491,1,09/08/2018 19:20:00,Strada Urbana,VIA GIOVANNI GIOLITTI,in prossimit�,,del civico n.,79,,Scontro frontale/laterale SX fra veicoli in marcia,Rettilineo,Una carreggiata a senso unico di marcia,Asciutto,Asfaltata,Verticale ed orizzontale,Sereno,Normale,Buona,Ore Diurne,0,0,0,2,12.5015,41.8998,-1,2,Autocarro inferiore 35 q.,In marcia / fermata / arresto,Conducente,M,Illeso,0,,Non accertato,Inesploso,
3950503,1,09/08/2018 18:30:00,Strada Urbana,VIA FLAVIA,in prossimit�,,del civico n.,55,,Veicolo in marcia contro veicolo in sosta,Rettilineo,Una carreggiata a senso unico di marcia,Asciutto,Asfaltata,Verticale ed orizzontale,Sereno,Scarso,Buona,Ore Diurne,0,0,0,1,,,0,1,Autocarro inferiore 35 q.,In marcia / fermata / arresto,Conducente,M,Illeso,0,,Non accertato,Inesploso,
3950510,1,09/08/2018 14:30:00,Strada Urbana,PIAZZA DEL COLOSSEO,da specificare,,,,altezza VIA DI S. GIOVANNI IN LATERANO,Scontro laterale fra veicoli in marcia,Rettilineo,Pi� di due carreggiate,Asciutto,Asfaltata,Verticale ed orizzontale,Sereno,Normale,Buona,Ore Diurne,0,0,0,2,,,0,1,Altro,In marcia / fermata / arresto,Conducente,M,Illeso,0,,Esente,Inesploso,
3950510,1,09/08/2018 14:30:00,Strada Urbana,PIAZZA DEL COLOSSEO,da specificare,,,,altezza VIA DI S. GIOVANNI IN LATERANO,Scontro laterale fra veicoli in marcia,Rettilineo,Pi� di due carreggiate,Asciutto,Asfaltata,Verticale ed orizzontale,Sereno,Normale,Buona,Ore Diurne,0,0,0,2,,,0,2,Autovettura pubblica,In marcia / fermata / arresto,Conducente,M,Illeso,0,,Non accertato,Inesploso,
3950806,11,10/08/2018 17:55:00,Strada Urbana,VIALE GUGLIELMO MARCONI,in corrispondenza,,del civico n.,646,,Scontro frontale/laterale SX fra veicoli in marcia,Rettilineo,Due carreggiate,Asciutto,Asfaltata,Verticale ed orizzontale,Sereno,Normale,Buona,Ore Diurne,1,0,0,2,12.4735,41.8512,-1,1,Autovettura privata,In marcia / fermata / arresto,Conducente,M,Illeso,0,,,,
3950806,11,10/08/2018 17:55:00,Strada Urbana,VIALE GUGLIELMO MARCONI,in corrispondenza,,del civico n.,646,,Scontro frontale/laterale SX fra veicoli in marcia,Rettilineo,Due carreggiate,Asciutto,Asfaltata,Verticale ed orizzontale,Sereno,Normale,Buona,Ore Diurne,1,0,0,2,12.4735,41.8512,-1,1,Autovettura privata,In marcia / fermata / arresto,Passeggero,F,Illeso,0,,,,