Protocollo,Gruppo,DataOraIncidente,Localizzazione1,STRADA1,Localizzazione2,STRADA2,Strada02,Chilometrica,DaSpecificare,NaturaIncidente,particolaritastrade,TipoStrada,FondoStradale,Pavimentazione,Segnaletica,CondizioneAtmosferica,Traffico,Visibilita,Illuminazione,NUM_FERITI,NUM_RISERVATA,NUM_MORTI,NUM_ILLESI,Longitudine,Latitudine,Confermato,Progressivo,TipoVeicolo,StatoVeicolo,TipoPersona,Sesso,Tipolesione,Deceduto,DecedutoDopo,CinturaCascoUtilizzato,Airbag,
3950806,11,10/08/2018 17:55:00,Strada Urbana,VIALE GUGLIELMO MARCONI,in corrispondenza,,del civico n.,646,,Scontro frontale/laterale SX fra veicoli in marcia,Rettilineo,Due carreggiate,Asciutto,Asfaltata,Verticale ed orizzontale,Sereno,Normale,Buona,Ore Diurne,1,0,0,2,12.4735,41.8512,-1,2,Motociclo a solo,In marcia / fermata / arresto,Conducente,M,Rifiuta cure immediate,0,NON DECEDUTO,,,
3950809,11,10/08/2018 08:55:00,Strada Urbana,VIA OSTIENSE,all'intersezione semaforizzata con,VIA DEL PORTO FLUVIALE,VIA DEL PORTO FLUVIALE,,,Scontro frontale/laterale DX fra veicoli in marcia,Intersezione semaforizzata,Una carreggiata a doppio senso,Asciutto,Asfaltata,Verticale ed orizzontale,Sereno,Normale,Buona,Ore Diurne,1,0,0,1,12.4801,41.8724,-1,1,Autovettura privata,In marcia / fermata / arresto,Conducente,F,Rimandato,0,NON DECEDUTO,,,
3950809,11,10/08/2018 08:55:00,Strada Urbana,VIA OSTIENSE,all'intersezione semaforizzata con,VIA DEL PORTO FLUVIALE,VIA DEL PORTO FLUVIALE,,,Scontro frontale/laterale DX fra veicoli in marcia,Intersezione semaforizzata,Una carreggiata a doppio senso,Asciutto,Asfaltata,Verticale ed orizzontale,Sereno,Normale,Buona,Ore Diurne,1,0,0,1,12.4801,41.8724,-1,2,Autocarro inferiore 35 q.,In marcia / fermata / arresto,Conducente,M,Illeso,0,,,,
3950811,6,11/08/2018 01:00:00,Strada Urbana,VIA AMEDEO CENCELLI,all'intersezione con,VIA PIETRO ROVETTI,VIA PIETRO ROVETTI,,,Scontro frontale/laterale DX fra veicoli in marcia,Incrocio,Una carreggiata a senso unico di marcia,Asciutto,Asfaltata,Verticale,Sereno,Scarso,Buona,Sufficiente,1,0,0,2,12.5429,41.8779,-1,1,Autovettura privata,In marcia / fermata / arresto,Conducente,F,Rimandato,0,NON DECEDUTO,Non accertato,Inesploso,
3950811,6,11/08/2018 01:00:00,Strada Urbana,VIA AMEDEO CENCELLI,all'intersezione con,VIA PIETRO ROVETTI,VIA PIETRO ROVETTI,,,Scontro frontale/laterale DX fra veicoli in marcia,Incrocio,Una carreggiata a senso unico di marcia,Asciutto,Asfaltata,Verticale,Sereno,Scarso,Buona,Sufficiente,1,0,0,2,12.5429,41.8779,-1,2,Autovettura privata,In marcia / fermata / arresto,Conducente,M,Illeso,0,,Non accertato,Inesploso,
3950811,6,11/08/2018 01:00:00,Strada Urbana,VIA AMEDEO CENCELLI,all'intersezione con,VIA PIETRO ROVETTI,VIA PIETRO ROVETTI,,,Scontro frontale/laterale DX fra veicoli in marcia,Incrocio,Una carreggiata a senso unico di marcia,Asciutto,Asfaltata,Verticale,Sereno,Scarso,Buona,Sufficiente,1,0,0,2,12.5429,41.8779,-1,2,Autovettura privata,In marcia / fermata / arresto,Passeggero,F,Illeso,0,,,,
3950815,11,10/08/2018 08:15:00,Strada Urbana,PIAZZA GEREMIA BONOMELLI,in corrispondenza,,del civico n.,2,,Veicolo in marcia contro veicoli in sosta,Rotatoria,Una carreggiata a doppio senso,Asciutto,Asfaltata,Verticale ed orizzontale,Sereno,Scarso,Buona,Ore Diurne,0,0,0,1,12.4918,41.8648,-1,1,Autovettura privata,In marcia / fermata / arresto,Conducente,M,Illeso,0,,,,
3950825,11,11/08/2018 05:25:00,Strada Urbana,VIALE ERMINIO SPALLA,in corrispondenza,,del civico n.,400,,Veicolo in marcia contro veicolo in sosta,Rettilineo,Due carreggiate,Asciutto,Asfaltata,Verticale ed orizzontale,Sereno,Scarso,Sufficiente,Sufficiente,0,0,0,1,12.502,41.8322,-1,1,Autovettura privata,In marcia / fermata / arresto,Conducente,F,Illeso,0,,,,
3950856,8,10/08/2018 06:20:00,Strada Urbana,VIA DI TOR BELLA MONACA,in corrispondenza,,del civico n.,353,,Tamponamento,Rettilineo,Una carreggiata a senso unico di marcia,Asciutto,Asfaltata,Verticale ed orizzontale,Sereno,Normale,Buona,Ore Diurne,1,0,0,1,12.6268,41.8776,-1,1,Autovettura privata,In marcia / fermata / arresto,Conducente,M,Rifiuta cure immediate,0,NON DECEDUTO,Non accertato,Esploso,
3950856,8,10/08/2018 06:20:00,Strada Urbana,VIA DI TOR BELLA MONACA,in corrispondenza,,del civico n.,353,,Tamponamento,Rettilineo,Una carreggiata a senso unico di marcia,Asciutto,Asfaltata,Verticale ed orizzontale,Sereno,Normale,Buona,Ore Diurne,1,0,0,1,12.6268,41.8776,-1,2,Autovettura privata,In marcia / fermata / arresto,Conducente,M,Illeso,0,,Non accertato,Inesploso,
3950857,8,10/08/2018 08:20:00,Strada Urbana,VIA PRENESTINA,in prossimit�,,del civico n.,1147,,Tamponamento Multiplo,Rettilineo,Una carreggiata a doppio senso,Asciutto,Asfaltata,Orizzontale,Sereno,Normale,Buona,Ore Diurne,0,0,0,3,12.625,41.8928,-1,1,Autovettura privata,In marcia / fermata / arresto,Conducente,M,Illeso,0,,Non accertato,Inesploso,
3950857,8,10/08/2018 08:20:00,Strada Urbana,VIA PRENESTINA,in prossimit�,,del civico n.,1147,,Tamponamento Multiplo,Rettilineo,Una carreggiata a doppio senso,Asciutto,Asfaltata,Orizzontale,Sereno,Normale,Buona,Ore Diurne,0,0,0,3,12.625,41.8928,-1,2,Autocarro inferiore 35 q.,In marcia / fermata / arresto,Conducente,M,Illeso,0,,Non accertato,Inesploso,
3950857,8,10/08/2018 08:20:00,Strada Urbana,VIA PRENESTINA,in prossimit�,,del civico n.,1147,,Tamponamento Multiplo,Rettilineo,Una carreggiata a doppio senso,Asciutto,Asfaltata,Orizzontale,Sereno,Normale,Buona,Ore Diurne,0,0,0,3,12.625,41.8928,-1,3,Autovettura privata,In marcia / fermata / arresto,Conducente,M,Illeso,0,,Non accertato,Inesploso,
3950858,8,10/08/2018 13:45:00,Strada Urbana,VIA VILLABATE,in prossimit�,,del civico n.,83,,Scontro laterale fra veicoli in marcia,Rettilineo,Una carreggiata a doppio senso,Asciutto,Asfaltata,Assente,Sereno,Scarso,Buona,Ore Diurne,0,0,0,2,12.6511,41.8689,-1,1,Autovettura privata,In marcia / fermata / arresto,Conducente,F,Illeso,0,,Non accertato,Inesploso,
3950858,8,10/08/2018 13:45:00,Strada Urbana,VIA VILLABATE,in prossimit�,,del civico n.,83,,Scontro laterale fra veicoli in marcia,Rettilineo,Una carreggiata a doppio senso,Asciutto,Asfaltata,Assente,Sereno,Scarso,Buona,Ore Diurne,0,0,0,2,12.6511,41.8689,-1,3,Autovettura privata,In marcia / fermata / arresto,Conducente,M,Illeso,0,,Non accertato,Inesploso,
3950860,8,10/08/2018 13:45:00,,VIA DI TORRE SPACCATA,all'intersezione semaforizzata con,VIALE DEI ROMANISTI,VIALE DEI ROMANISTI,,,Veicolo in marcia contro ostacolo accidentale,,,,,,,,,,0,0,0,1,12.5865,41.8654,0,1,Autobus di linea,In marcia / fermata / arresto,Conducente,M,Illeso,0,,Non accertato,Inesploso,
3950862,8,10/08/2018 20:15:00,Regionale entro l'abitato,VIA CASILINA,in corrispondenza,,del palo luce n.,829,,Tamponamento Multiplo,Rettilineo,Una carreggiata a doppio senso,Asciutto,Asfaltata,Verticale ed orizzontale,Sereno,Normale,Insufficiente,Insufficiente,3,0,0,1,12.6271,41.8632,-1,1,Autovettura privata,In marcia / fermata / arresto,Conducente,M,Rifiuta cure immediate,0,NON DECEDUTO,Non accertato,Inesploso,
3950862,8,10/08/2018 20:15:00,Regionale entro l'abitato,VIA CASILINA,in corrispondenza,,del palo luce n.,829,,Tamponamento Multiplo,Rettilineo,Una carreggiata a doppio senso,Asciutto,Asfaltata,Verticale ed orizzontale,Sereno,Normale,Insufficiente,Insufficiente,3,0,0,1,12.6271,41.8632,-1,1,Autovettura privata,In marcia / fermata / arresto,Passeggero,F,Rifiuta cure immediate,0,NON DECEDUTO,Non accertato,Inesploso,
3950862,8,10/08/2018 20:15:00,Regionale entro l'abitato,VIA CASILINA,in corrispondenza,,del palo luce n.,829,,Tamponamento Multiplo,Rettilineo,Una carreggiata a doppio senso,Asciutto,Asfaltata,Verticale ed orizzontale,Sereno,Normale,Insufficiente,Insufficiente,3,0,0,1,12.6271,41.8632,-1,2,Autovettura privata,In marcia / fermata / arresto,Conducente,F,Rifiuta cure immediate,0,NON DECEDUTO,Non accertato,Inesploso,
3950862,8,10/08/2018 20:15:00,Regionale entro l'abitato,VIA CASILINA,in corrispondenza,,del palo luce n.,829,,Tamponamento Multiplo,Rettilineo,Una carreggiata a doppio senso,Asciutto,Asfaltata,Verticale ed orizzontale,Sereno,Normale,Insufficiente,Insufficiente,3,0,0,1,12.6271,41.8632,-1,3,Autovettura privata,In marcia / fermata / arresto,Conducente,M,Illeso,0,,Non accertato,Inesploso,
3950863,1,10/08/2018 12:30:00,Strada Urbana,VIA MERULANA,in corrispondenza,,del civico n.,fc 137,,Veicolo in marcia contro veicolo in sosta,Rettilineo,Una carreggiata a doppio senso,Asciutto,Asfaltata,Verticale ed orizzontale,Sereno,Normale,Buona,Ore Diurne,0,0,0,1,12.5019,41.8921,-1,1,Autovettura privata,In marcia / fermata / arresto,Conducente,M,Illeso,0,,Non accertato,Inesploso,
3950919,20,10/08/2018 11:40:00,Strada Urbana,VIA DEL BAIARDO,da specificare,,,,presso cancello fondo privato,Scontro frontale/laterale SX fra veicoli in marcia,Rettilineo,Una carreggiata a doppio senso,Asciutto,Asfaltata,Verticale,Sereno,Normale,Buona,Ore Diurne,0,0,0,2,12.4919,41.9433,-1,1,Autovettura privata,In marcia / fermata / arresto,Conducente,M,Illeso,0,,Non accertato,Inesploso,
3950919,20,10/08/2018 11:40:00,Strada Urbana,VIA DEL BAIARDO,da specificare,,,,presso cancello fondo privato,Scontro frontale/laterale SX fra veicoli in marcia,Rettilineo,Una carreggiata a doppio senso,Asciutto,Asfaltata,Verticale,Sereno,Normale,Buona,Ore Diurne,0,0,0,2,12.4919,41.9433,-1,2,Autocarro inferiore 35 q.,In marcia / fermata / arresto,Conducente,M,Illeso,0,,Non accertato,Inesploso,
3950920,1,10/08/2018 15:45:00,Strada Urbana,LUNGOTEVERE MARZIO,all'intersezione semaforizzata con,PONTE CAVOUR,PONTE CAVOUR,,,Veicolo in marcia contro veicolo arresto,Intersezione semaforizzata,Una carreggiata a senso unico di marcia,Asciutto,Asfaltata,Verticale ed orizzontale,Sereno,Normale,Buona,Ore Diurne,0,0,0,6,12.4751,41.9049,-1,1,Autovettura privata,In marcia / fermata / arresto,Conducente,M,Illeso,0,,Non accertato,Inesploso,
3950920,1,10/08/2018 15:45:00,Strada Urbana,LUNGOTEVERE MARZIO,all'intersezione semaforizzata con,PONTE CAVOUR,PONTE CAVOUR,,,Veicolo in marcia contro veicolo arresto,Intersezione semaforizzata,Una carreggiata a senso unico di marcia,Asciutto,Asfaltata,Verticale ed orizzontale,Sereno,Normale,Buona,Ore Diurne,0,0,0,6,12.4751,41.9049,-1,1,Autovettura privata,In marcia / fermata / arresto,Passeggero,F,Illeso,0,,Non accertato,Inesploso,
3950920,1,10/08/2018 15:45:00,Strada Urbana,LUNGOTEVERE MARZIO,all'intersezione semaforizzata con,PONTE CAVOUR,PONTE CAVOUR,,,Veicolo in marcia contro veicolo arresto,Intersezione semaforizzata,Una carreggiata a senso unico di marcia,Asciutto,Asfaltata,Verticale ed orizzontale,Sereno,Normale,Buona,Ore Diurne,0,0,0,6,12.4751,41.9049,-1,1,Autovettura privata,In marcia / fermata / arresto,Passeggero,M,Illeso,0,,Non accertato,Inesploso,
3950920,1,10/08/2018 15:45:00,Strada Urbana,LUNGOTEVERE MARZIO,all'intersezione semaforizzata con,PONTE CAVOUR,PONTE CAVOUR,,,Veicolo in marcia contro veicolo arresto,Intersezione semaforizzata,Una carreggiata a senso unico di marcia,Asciutto,Asfaltata,Verticale ed orizzontale,Sereno,Normale,Buona,Ore Diurne,0,0,0,6,12.4751,41.9049,-1,1,Autovettura privata,In marcia / fermata / arresto,Passeggero,F,Illeso,0,,Non accertato,Inesistente,
3950920,1,10/08/2018 15:45:00,Strada Urbana,LUNGOTEVERE MARZIO,all'intersezione semaforizzata con,PONTE CAVOUR,PONTE CAVOUR,,,Veicolo in marcia contro veicolo arresto,Intersezione semaforizzata,Una carreggiata a senso unico di marcia,Asciutto,Asfaltata,Verticale ed orizzontale,Sereno,Normale,Buona,Ore Diurne,0,0,0,6,12.4751,41.9049,-1,1,Autovettura privata,In marcia / fermata / arresto,Passeggero,M,Illeso,0,,Non accertato,Inesploso,
3950920,1,10/08/2018 15:45:00,Strada Urbana,LUNGOTEVERE MARZIO,all'intersezione semaforizzata con,PONTE CAVOUR,PONTE CAVOUR,,,Veicolo in marcia contro veicolo arresto,Intersezione semaforizzata,Una carreggiata a senso unico di marcia,Asciutto,Asfaltata,Verticale ed orizzontale,Sereno,Normale,Buona,Ore Diurne,0,0,0,6,12.4751,41.9049,-1,2,Motociclo a solo,In marcia / fermata / arresto,Conducente,M,Illeso,0,,Non accertato,,
3950938,20,10/08/2018 18:00:00,Provinciale entro l'abitato,VIA ANGUILLARESE,da specificare,,,,in prossimit� Via A. Furlan,Scontro laterale fra veicoli in marcia,Rettilineo,Una carreggiata a doppio senso,Asciutto,Asfaltata,Orizzontale,Sereno,Normale,Buona,Ore Diurne,1,0,0,1,12.295,42.0544,-1,1,Autovettura privata,In marcia / fermata / arresto,Conducente,F,Rimandato,0,NON DECEDUTO,Non accertato,Inesploso,
3950938,20,10/08/2018 18:00:00,Provinciale entro l'abitato,VIA ANGUILLARESE,da specificare,,,,in prossimit� Via A. Furlan,Scontro laterale fra veicoli in marcia,Rettilineo,Una carreggiata a doppio senso,Asciutto,Asfaltata,Orizzontale,Sereno,Normale,Buona,Ore Diurne,1,0,0,1,12.295,42.0544,-1,2,Autovettura privata,In marcia / fermata / arresto,Conducente,M,Illeso,0,,Non accertato,Inesploso,
3950948,20,10/08/2018 18:30:00,Strada Urbana,VIA DEL LABARO,in corrispondenza,,del civico n.,14,,Scontro laterale fra veicoli in marcia,Rettilineo,Una carreggiata a senso unico di marcia,Asciutto,Asfaltata,Verticale ed orizzontale,Sereno,Normale,Buona,Ore Diurne,0,0,0,4,12.4931,41.9891,-1,1,Autocarro inferiore 35 q.,In marcia / fermata / arresto,Conducente,M,Illeso,0,,Non accertato,,
3950948,20,10/08/2018 18:30:00,Strada Urbana,VIA DEL LABARO,in corrispondenza,,del civico n.,14,,Scontro laterale fra veicoli in marcia,Rettilineo,Una carreggiata a senso unico di marcia,Asciutto,Asfaltata,Verticale ed orizzontale,Sereno,Normale,Buona,Ore Diurne,0,0,0,4,12.4931,41.9891,-1,1,Autocarro inferiore 35 q.,In marcia / fermata / arresto,Passeggero,M,Illeso,0,,Non accertato,,
3950948,20,10/08/2018 18:30:00,Strada Urbana,VIA DEL LABARO,in corrispondenza,,del civico n.,14,,Scontro laterale fra veicoli in marcia,Rettilineo,Una carreggiata a senso unico di marcia,Asciutto,Asfaltata,Verticale ed orizzontale,Sereno,Normale,Buona,Ore Diurne,0,0,0,4,12.4931,41.9891,-1,2,Autovettura privata,In marcia / fermata / arresto,Conducente,M,Illeso,0,,,,
3950948,20,10/08/2018 18:30:00,Strada Urbana,VIA DEL LABARO,in corrispondenza,,del civico n.,14,,Scontro laterale fra veicoli in marcia,Rettilineo,Una carreggiata a senso unico di marcia,Asciutto,Asfaltata,Verticale ed orizzontale,Sereno,Normale,Buona,Ore Diurne,0,0,0,4,12.4931,41.9891,-1,2,Autovettura privata,In marcia / fermata / arresto,Passeggero,M,Illeso,0,,Non accertato,,
3950951,6,10/08/2018 20:40:00,Strada Urbana,VIA FIUMINATA,all'intersezione con,VIA FABRIANO,VIA FABRIANO,,,Scontro frontale/laterale DX fra veicoli in marcia,Incrocio,Una carreggiata a doppio senso,Asciutto,Asfaltata,Verticale,Sereno,Scarso,Sufficiente,Sufficiente,2,0,0,1,12.5844,41.9408,-1,1,Autovettura privata,In marcia / fermata / arresto,Conducente,M,Rimandato,0,NON DECEDUTO,,,
3950951,6,10/08/2018 20:40:00,Strada Urbana,VIA FIUMINATA,all'intersezione con,VIA FABRIANO,VIA FABRIANO,,,Scontro frontale/laterale DX fra veicoli in marcia,Incrocio,Una carreggiata a doppio senso,Asciutto,Asfaltata,Verticale,Sereno,Scarso,Sufficiente,Sufficiente,2,0,0,1,12.5844,41.9408,-1,2,Autovettura privata,In marcia / fermata / arresto,Conducente,M,Rimandato,0,NON DECEDUTO,,Esploso,
3950951,6,10/08/2018 20:40:00,Strada Urbana,VIA FIUMINATA,all'intersezione con,VIA FABRIANO,VIA FABRIANO,,,Scontro frontale/laterale DX fra veicoli in marcia,Incrocio,Una carreggiata a doppio senso,Asciutto,Asfaltata,Verticale,Sereno,Scarso,Sufficiente,Sufficiente,2,0,0,1,12.5844,41.9408,-1,3,Autovettura privata,In marcia / fermata / arresto,Conducente,M,Illeso,0,,,,
3950957,6,11/08/2018 07:50:00,Provinciale entro l'abitato,VIA PRENESTINA,all'intersezione semaforizzata con,VIA TOR DE' SCHIAVI,VIA TOR DE' SCHIAVI,,,Scontro frontale/laterale DX fra veicoli in marcia,Intersezione semaforizzata,Pi� di due carreggiate,Asciutto,Asfaltata,Verticale ed orizzontale,Sereno,Normale,Buona,Ore Diurne,0,0,0,4,12.559,41.8948,-1,1,Autovettura privata,In marcia / fermata / arresto,Conducente,M,Illeso,0,,,,
3950957,6,11/08/2018 07:50:00,Provinciale entro l'abitato,VIA PRENESTINA,all'intersezione semaforizzata con,VIA TOR DE' SCHIAVI,VIA TOR DE' SCHIAVI,,,Scontro frontale/laterale DX fra veicoli in marcia,Intersezione semaforizzata,Pi� di due carreggiate,Asciutto,Asfaltata,Verticale ed orizzontale,Sereno,Normale,Buona,Ore Diurne,0,0,0,4,12.559,41.8948,-1,1,Autovettura privata,In marcia / fermata / arresto,Passeggero,F,Illeso,0,,,,
3950957,6,11/08/2018 07:50:00,Provinciale entro l'abitato,VIA PRENESTINA,all'intersezione semaforizzata con,VIA TOR DE' SCHIAVI,VIA TOR DE' SCHIAVI,,,Scontro frontale/laterale DX fra veicoli in marcia,Intersezione semaforizzata,Pi� di due carreggiate,Asciutto,Asfaltata,Verticale ed orizzontale,Sereno,Normale,Buona,Ore Diurne,0,0,0,4,12.559,41.8948,-1,1,Autovettura privata,In marcia / fermata / arresto,Passeggero,M,Illeso,0,,,,
3950957,6,11/08/2018 07:50:00,Provinciale entro l'abitato,VIA PRENESTINA,all'intersezione semaforizzata con,VIA TOR DE' SCHIAVI,VIA TOR DE' SCHIAVI,,,Scontro frontale/laterale DX fra veicoli in marcia,Intersezione semaforizzata,Pi� di due carreggiate,Asciutto,Asfaltata,Verticale ed orizzontale,Sereno,Normale,Buona,Ore Diurne,0,0,0,4,12.559,41.8948,-1,2,Autocarro inferiore 35 q.,In marcia / fermata / arresto,Conducente,M,Illeso,0,,,,
3950989,20,10/08/2018 12:50:00,Strada Urbana,VIA TRIONFALE,in prossimit�,,del civico n.,12705,,Veicolo in marcia contro ostacolo fisso,Rettilineo,Una carreggiata a senso unico di marcia,Asciutto,Asfaltata,Verticale ed orizzontale,Sereno,Scarso,Buona,Ore Diurne,1,0,0,1,12.4084,41.9715,-1,1,Autovettura privata,In marcia / fermata / arresto,Conducente,M,Ricoverato,0,NON DECEDUTO,Non accertato,Inesploso,
3950989,20,10/08/2018 12:50:00,Strada Urbana,VIA TRIONFALE,in prossimit�,,del civico n.,12705,,Veicolo in marcia contro ostacolo fisso,Rettilineo,Una carreggiata a senso unico di marcia,Asciutto,Asfaltata,Verticale ed orizzontale,Sereno,Scarso,Buona,Ore Diurne,1,0,0,1,12.4084,41.9715,-1,1,Autovettura privata,In marcia / fermata / arresto,Passeggero,M,Illeso,0,,Non accertato,Inesploso,
3951193,16,10/08/2018 15:45:00,Strada Urbana,VIA S. GIOVANNI EUDES,da specificare,,,,in prossimit� del fronte civico 61,Scontro frontale/laterale SX fra veicoli in marcia,Pendenza,Una carreggiata a doppio senso,Asciutto,Asfaltata,Verticale ed orizzontale,Sereno,Scarso,Buona,Ore Diurne,0,0,0,2,12.4094,41.8745,-1,1,Autovettura privata,In marcia / fermata / arresto,Conducente,F,Illeso,0,,Non accertato,Inesploso,
3951193,16,10/08/2018 15:45:00,Strada Urbana,VIA S. GIOVANNI EUDES,da specificare,,,,in prossimit� del fronte civico 61,Scontro frontale/laterale SX fra veicoli in marcia,Pendenza,Una carreggiata a doppio senso,Asciutto,Asfaltata,Verticale ed orizzontale,Sereno,Scarso,Buona,Ore Diurne,0,0,0,2,12.4094,41.8745,-1,2,Autobus di linea,In marcia / fermata / arresto,Conducente,M,Illeso,0,,Non accertato,Inesploso,
3951243,7,10/08/2018 18:15:00,Provinciale entro l'abitato,VIA PRENESTINA,in corrispondenza,,del civico n.,898,,Investimento di pedone,Rettilineo,Una carreggiata a doppio senso,Asciutto,Asfaltata,Verticale ed orizzontale,Sereno,Scarso,Buona,Ore Diurne,1,0,0,1,12.5931,41.8939,-1,,,,Pedone,M,Rimandato,0,NON DECEDUTO,,,
3951243,7,10/08/2018 18:15:00,Provinciale entro l'abitato,VIA PRENESTINA,in corrispondenza,,del civico n.,898,,Investimento di pedone,Rettilineo,Una carreggiata a doppio senso,Asciutto,Asfaltata,Verticale ed orizzontale,Sereno,Scarso,Buona,Ore Diurne,1,0,0,1,12.5931,41.8939,-1,1,Autovettura privata,In marcia / fermata / arresto,Conducente,F,Illeso,0,,Non accertato,Inesploso,
3951255,7,10/08/2018 10:30:00,Strada Urbana,VIA DEI GELSI,all'intersezione con,VIA DEI CICLAMINI,VIA DEI CICLAMINI,,,Scontro frontale/laterale SX fra veicoli in marcia,Incrocio,Una carreggiata a doppio senso,Asciutto,Asfaltata,Verticale ed orizzontale,Sereno,Normale,Buona,Ore Diurne,0,0,0,3,12.5672,41.8889,-1,1,Autovettura privata,In marcia / fermata / arresto,Conducente,F,Illeso,0,,Non accertato,Inesploso,
3951255,7,10/08/2018 10:30:00,Strada Urbana,VIA DEI GELSI,all'intersezione con,VIA DEI CICLAMINI,VIA DEI CICLAMINI,,,Scontro frontale/laterale SX fra veicoli in marcia,Incrocio,Una carreggiata a doppio senso,Asciutto,Asfaltata,Verticale ed orizzontale,Sereno,Normale,Buona,Ore Diurne,0,0,0,3,12.5672,41.8889,-1,2,Autovettura privata,In marcia / fermata / arresto,Conducente,M,Illeso,0,,Non accertato,Inesploso,
3951255,7,10/08/2018 10:30:00,Strada Urbana,VIA DEI GELSI,all'intersezione con,VIA DEI CICLAMINI,VIA DEI CICLAMINI,,,Scontro frontale/laterale SX fra veicoli in marcia,Incrocio,Una carreggiata a doppio senso,Asciutto,Asfaltata,Verticale ed orizzontale,Sereno,Normale,Buona,Ore Diurne,0,0,0,3,12.5672,41.8889,-1,2,Autovettura privata,In marcia / fermata / arresto,Passeggero,F,Illeso,0,,Non accertato,Inesploso,
3951257,20,11/08/2018 14:00:00,Strada Urbana,VIA BARTOLOMEO GOSIO,in prossimit�,,del civico n.,115,,Scontro frontale/laterale SX fra veicoli in marcia,Rettilineo,Una carreggiata a senso unico di marcia,Asciutto,Asfaltata,Verticale ed orizzontale,Sereno,Scarso,Buona,Ore Diurne,0,0,0,2,12.4751,41.9417,-1,1,Autovettura privata,In marcia / fermata / arresto,Conducente,M,Illeso,0,,Non accertato,Inesploso,
3951257,20,11/08/2018 14:00:00,Strada Urbana,VIA BARTOLOMEO GOSIO,in prossimit�,,del civico n.,115,,Scontro frontale/laterale SX fra veicoli in marcia,Rettilineo,Una carreggiata a senso unico di marcia,Asciutto,Asfaltata,Verticale ed orizzontale,Sereno,Scarso,Buona,Ore Diurne,0,0,0,2,12.4751,41.9417,-1,3,Autovettura privata,In marcia / fermata / arresto,Conducente,M,Illeso,0,,Non accertato,Inesploso,
3951263,12,11/08/2018 13:30:00,Strada Urbana,VIALE ALGERIA,da specificare,,,,fronte civico 151,Veicolo in marcia contro veicolo in sosta,Rettilineo,Una carreggiata a doppio senso,Asciutto,Asfaltata,Assente,Sereno,Scarso,Buona,Ore Diurne,0,0,0,1,12.4644,41.8192,-1,1,Autobus turistico,In marcia / fermata / arresto,Conducente,M,Illeso,0,,Non accertato,Inesploso,
3951264,20,11/08/2018 15:05:00,Regionale entro l'abitato,VIA CASSIA,in prossimit�,,del civico n.,1170,,Tamponamento,Rettilineo,Una carreggiata a doppio senso,Asciutto,Asfaltata,Verticale ed orizzontale,Sereno,Scarso,Buona,Ore Diurne,0,0,0,4,12.4172,41.98,-1,1,Autovettura privata,In marcia / fermata / arresto,Conducente,M,Illeso,0,,Non accertato,Inesploso,
3951264,20,11/08/2018 15:05:00,Regionale entro l'abitato,VIA CASSIA,in prossimit�,,del civico n.,1170,,Tamponamento,Rettilineo,Una carreggiata a doppio senso,Asciutto,Asfaltata,Verticale ed orizzontale,Sereno,Scarso,Buona,Ore Diurne,0,0,0,4,12.4172,41.98,-1,1,Autovettura privata,In marcia / fermata / arresto,Passeggero,M,Illeso,0,,Non accertato,Inesploso,
3951264,20,11/08/2018 15:05:00,Regionale entro l'abitato,VIA CASSIA,in prossimit�,,del civico n.,1170,,Tamponamento,Rettilineo,Una carreggiata a doppio senso,Asciutto,Asfaltata,Verticale ed orizzontale,Sereno,Scarso,Buona,Ore Diurne,0,0,0,4,12.4172,41.98,-1,1,Autovettura privata,In marcia / fermata / arresto,Passeggero,F,Illeso,0,,Non accertato,Inesploso,
3951264,20,11/08/2018 15:05:00,Regionale entro l'abitato,VIA CASSIA,in prossimit�,,del civico n.,1170,,Tamponamento,Rettilineo,Una carreggiata a doppio senso,Asciutto,Asfaltata,Verticale ed orizzontale,Sereno,Scarso,Buona,Ore Diurne,0,0,0,4,12.4172,41.98,-1,2,Autovettura privata,In marcia / fermata / arresto,Conducente,M,Illeso,0,,Non accertato,Inesploso,
3951275,4,10/08/2018 23:30:00,Strada Urbana,VIA SCARPANTO,in corrispondenza,,del civico n.,11,,Veicolo in marcia contro ostacolo accidentale,Rettilineo,Due carreggiate,Asciutto,Asfaltata,Verticale ed orizzontale,Sereno,Scarso,Buona,Sufficiente,0,0,0,1,12.5279,41.9487,-1,2,Autovettura privata,In marcia / fermata / arresto,Conducente,F,Illeso,0,,,,
3951321,6,11/08/2018 15:45:00,Strada Urbana,VIA PRENESTINA,all'intersezione semaforizzata con,VIALE DELLA SERENISSIMA,VIALE DELLA SERENISSIMA,,,Scontro frontale/laterale SX fra veicoli in marcia,Incrocio,Pi� di due carreggiate,Asciutto,Asfaltata,Verticale ed orizzontale,Sereno,Scarso,Buona,Ore Diurne,2,0,0,2,12.5592,41.8949,-1,1,Autovettura privata,In marcia / fermata / arresto,Conducente,M,Illeso,0,,,,