Protocollo,Gruppo,DataOraIncidente,Localizzazione1,STRADA1,Localizzazione2,STRADA2,Strada02,Chilometrica,DaSpecificare,NaturaIncidente,particolaritastrade,TipoStrada,FondoStradale,Pavimentazione,Segnaletica,CondizioneAtmosferica,Traffico,Visibilita,Illuminazione,NUM_FERITI,NUM_RISERVATA,NUM_MORTI,NUM_ILLESI,Longitudine,Latitudine,Confermato,Progressivo,TipoVeicolo,StatoVeicolo,TipoPersona,Sesso,Tipolesione,Deceduto,DecedutoDopo,CinturaCascoUtilizzato,Airbag,
3951321,6,11/08/2018 15:45:00,Strada Urbana,VIA PRENESTINA,all'intersezione semaforizzata con,VIALE DELLA SERENISSIMA,VIALE DELLA SERENISSIMA,,,Scontro frontale/laterale SX fra veicoli in marcia,Incrocio,Pi� di due carreggiate,Asciutto,Asfaltata,Verticale ed orizzontale,Sereno,Scarso,Buona,Ore Diurne,2,0,0,2,12.5592,41.8949,-1,1,Autovettura privata,In marcia / fermata / arresto,Passeggero,F,Illeso,0,,,,
3951321,6,11/08/2018 15:45:00,Strada Urbana,VIA PRENESTINA,all'intersezione semaforizzata con,VIALE DELLA SERENISSIMA,VIALE DELLA SERENISSIMA,,,Scontro frontale/laterale SX fra veicoli in marcia,Incrocio,Pi� di due carreggiate,Asciutto,Asfaltata,Verticale ed orizzontale,Sereno,Scarso,Buona,Ore Diurne,2,0,0,2,12.5592,41.8949,-1,2,Autovettura di polizia,In marcia / fermata / arresto,Conducente,M,Rimandato,0,NON DECEDUTO,,,
3951321,6,11/08/2018 15:45:00,Strada Urbana,VIA PRENESTINA,all'intersezione semaforizzata con,VIALE DELLA SERENISSIMA,VIALE DELLA SERENISSIMA,,,Scontro frontale/laterale SX fra veicoli in marcia,Incrocio,Pi� di due carreggiate,Asciutto,Asfaltata,Verticale ed orizzontale,Sereno,Scarso,Buona,Ore Diurne,2,0,0,2,12.5592,41.8949,-1,2,Autovettura di polizia,In marcia / fermata / arresto,Passeggero,M,Rimandato,0,NON DECEDUTO,,,
3951328,4,10/08/2018 01:30:00,Strada Urbana,VIA DELLE ISOLE CURZOLANE,da specificare,,,,prossimit� via monte favino,Veicolo in marcia contro veicoli in sosta,Rettilineo,Una carreggiata a doppio senso,Asciutto,Asfaltata,Assente,Sereno,Scarso,Buona,Sufficiente,0,0,0,1,12.5316,41.9489,-1,1,Autovettura privata,Allontanatosi,Conducente,M,Illeso,0,,,,
3951375,12,11/08/2018 19:00:00,Strada Urbana,VIA DI MEZZOCAMMINO,in corrispondenza,,del civico n.,101,,Scontro frontale/laterale SX fra veicoli in marcia,Rettilineo,Una carreggiata a doppio senso,Asciutto,Asfaltata,Verticale ed orizzontale,Sereno,Normale,Buona,Ore Diurne,1,0,0,1,12.4282,41.7866,-1,1,Autovettura privata,In marcia / fermata / arresto,Conducente,M,Illeso,0,,Non accertato,Inesploso,
3951375,12,11/08/2018 19:00:00,Strada Urbana,VIA DI MEZZOCAMMINO,in corrispondenza,,del civico n.,101,,Scontro frontale/laterale SX fra veicoli in marcia,Rettilineo,Una carreggiata a doppio senso,Asciutto,Asfaltata,Verticale ed orizzontale,Sereno,Normale,Buona,Ore Diurne,1,0,0,1,12.4282,41.7866,-1,2,Motociclo con passeggero,In marcia / fermata / arresto,Conducente,M,Rimandato,0,NON DECEDUTO,Utilizzato,,
3951381,4,10/08/2018 13:45:00,Strada Urbana,VIA SCARPANTO,all'intersezione con,VIA DELLE ISOLE CURZOLANE,VIA DELLE ISOLE CURZOLANE,,,Veicolo in marcia contro veicoli in sosta,Incrocio,Due carreggiate,Asciutto,Asfaltata,Verticale ed orizzontale,Sereno,Scarso,Buona,Ore Diurne,1,0,0,0,12.5275,41.9476,-1,1,Autovettura privata,In marcia / fermata / arresto,Conducente,M,Rimandato,0,NON DECEDUTO,,,
3951612,15,11/08/2018 14:30:00,Strada Urbana,VIA DI S. BEATRICE,in prossimit�,,del civico n.,24I,,Scontro frontale/laterale SX fra veicoli in marcia,Rettilineo,Una carreggiata a doppio senso,Asciutto,Asfaltata,Assente,Sereno,Scarso,Buona,Ore Diurne,0,0,0,2,12.43,41.837,-1,1,Autocarro inferiore 35 q.,In marcia / fermata / arresto,Conducente,M,Illeso,0,,Utilizzato,Inesploso,
3951612,15,11/08/2018 14:30:00,Strada Urbana,VIA DI S. BEATRICE,in prossimit�,,del civico n.,24I,,Scontro frontale/laterale SX fra veicoli in marcia,Rettilineo,Una carreggiata a doppio senso,Asciutto,Asfaltata,Assente,Sereno,Scarso,Buona,Ore Diurne,0,0,0,2,12.43,41.837,-1,2,Autovettura privata,In marcia / fermata / arresto,Conducente,F,Illeso,0,,Utilizzato,Inesploso,
3951682,13,10/08/2018 09:50:00,Strada Urbana,VIA PADRE MASSARUTI,all'intersezione con,VIA PADRE CORSI,VIA PADRE CORSI,,,Scontro frontale/laterale SX fra veicoli in marcia,Incrocio,Una carreggiata a doppio senso,Asciutto,Asfaltata,Assente,Sereno,Scarso,Buona,Ore Diurne,0,0,0,3,12.3529,41.7644,-1,1,Autovettura privata,In marcia / fermata / arresto,Conducente,M,Illeso,0,,Non accertato,Inesploso,
3951682,13,10/08/2018 09:50:00,Strada Urbana,VIA PADRE MASSARUTI,all'intersezione con,VIA PADRE CORSI,VIA PADRE CORSI,,,Scontro frontale/laterale SX fra veicoli in marcia,Incrocio,Una carreggiata a doppio senso,Asciutto,Asfaltata,Assente,Sereno,Scarso,Buona,Ore Diurne,0,0,0,3,12.3529,41.7644,-1,1,Autovettura privata,In marcia / fermata / arresto,Passeggero,F,Illeso,0,,Non accertato,Inesploso,
3951682,13,10/08/2018 09:50:00,Strada Urbana,VIA PADRE MASSARUTI,all'intersezione con,VIA PADRE CORSI,VIA PADRE CORSI,,,Scontro frontale/laterale SX fra veicoli in marcia,Incrocio,Una carreggiata a doppio senso,Asciutto,Asfaltata,Assente,Sereno,Scarso,Buona,Ore Diurne,0,0,0,3,12.3529,41.7644,-1,2,Autovettura privata,In marcia / fermata / arresto,Conducente,M,Illeso,0,,,,
3951683,9,11/08/2018 08:05:00,Strada Urbana,VIA TUSCOLANA,all'intersezione semaforizzata con,VIA DI PORTA FURBA,VIA DI PORTA FURBA,,,Scontro frontale/laterale DX fra veicoli in marcia,Incrocio,Due carreggiate,Asciutto,Asfaltata,Verticale ed orizzontale,Sereno,Normale,Buona,Ore Diurne,1,0,0,3,12.5378,41.8693,-1,1,Autovettura privata,In marcia / fermata / arresto,Conducente,F,Illeso,0,,Non accertato,Inesploso,
3951683,9,11/08/2018 08:05:00,Strada Urbana,VIA TUSCOLANA,all'intersezione semaforizzata con,VIA DI PORTA FURBA,VIA DI PORTA FURBA,,,Scontro frontale/laterale DX fra veicoli in marcia,Incrocio,Due carreggiate,Asciutto,Asfaltata,Verticale ed orizzontale,Sereno,Normale,Buona,Ore Diurne,1,0,0,3,12.5378,41.8693,-1,1,Autovettura privata,In marcia / fermata / arresto,Passeggero,M,Illeso,0,,Non accertato,Inesploso,
3951683,9,11/08/2018 08:05:00,Strada Urbana,VIA TUSCOLANA,all'intersezione semaforizzata con,VIA DI PORTA FURBA,VIA DI PORTA FURBA,,,Scontro frontale/laterale DX fra veicoli in marcia,Incrocio,Due carreggiate,Asciutto,Asfaltata,Verticale ed orizzontale,Sereno,Normale,Buona,Ore Diurne,1,0,0,3,12.5378,41.8693,-1,1,Autovettura privata,In marcia / fermata / arresto,Passeggero,F,Illeso,0,,Non accertato,Inesploso,
3951683,9,11/08/2018 08:05:00,Strada Urbana,VIA TUSCOLANA,all'intersezione semaforizzata con,VIA DI PORTA FURBA,VIA DI PORTA FURBA,,,Scontro frontale/laterale DX fra veicoli in marcia,Incrocio,Due carreggiate,Asciutto,Asfaltata,Verticale ed orizzontale,Sereno,Normale,Buona,Ore Diurne,1,0,0,3,12.5378,41.8693,-1,2,Motociclo a solo,In marcia / fermata / arresto,Conducente,M,Rimandato,0,NON DECEDUTO,Non accertato,,
3951692,13,10/08/2018 13:00:00,Strada Urbana,VIA UMBERTO GIORDANO,all'intersezione con,VIA BERNARDO PASQUINI,VIA BERNARDO PASQUINI,,,Scontro frontale/laterale SX fra veicoli in marcia,Incrocio,Una carreggiata a doppio senso,Asciutto,Asfaltata,Assente,Sereno,Normale,Buona,Ore Diurne,2,0,0,1,12.3613,41.7412,-1,1,Autovettura privata,In marcia / fermata / arresto,Conducente,F,Rimandato,0,NON DECEDUTO,Non accertato,Inesploso,
3951692,13,10/08/2018 13:00:00,Strada Urbana,VIA UMBERTO GIORDANO,all'intersezione con,VIA BERNARDO PASQUINI,VIA BERNARDO PASQUINI,,,Scontro frontale/laterale SX fra veicoli in marcia,Incrocio,Una carreggiata a doppio senso,Asciutto,Asfaltata,Assente,Sereno,Normale,Buona,Ore Diurne,2,0,0,1,12.3613,41.7412,-1,1,Autovettura privata,In marcia / fermata / arresto,Passeggero,F,Rimandato,0,NON DECEDUTO,Non accertato,Inesploso,
3951692,13,10/08/2018 13:00:00,Strada Urbana,VIA UMBERTO GIORDANO,all'intersezione con,VIA BERNARDO PASQUINI,VIA BERNARDO PASQUINI,,,Scontro frontale/laterale SX fra veicoli in marcia,Incrocio,Una carreggiata a doppio senso,Asciutto,Asfaltata,Assente,Sereno,Normale,Buona,Ore Diurne,2,0,0,1,12.3613,41.7412,-1,2,Autovettura privata,In marcia / fermata / arresto,Conducente,F,Illeso,0,,Non accertato,Inesploso,
3951698,13,10/08/2018 21:50:00,Strada Urbana,VIA GIULIANO DA SANGALLO,all'intersezione con,VIA S. PIER DAMIANI,VIA S. PIER DAMIANI,,,Scontro frontale/laterale DX fra veicoli in marcia,Intersezione stradale segnalata,Una carreggiata a doppio senso,Asciutto,Asfaltata,Assente,Sereno,Normale,Buona,Sufficiente,1,0,0,4,12.2732,41.7321,-1,1,Autovettura privata,In marcia / fermata / arresto,Conducente,M,Rimandato,0,NON DECEDUTO,,,
3951698,13,10/08/2018 21:50:00,Strada Urbana,VIA GIULIANO DA SANGALLO,all'intersezione con,VIA S. PIER DAMIANI,VIA S. PIER DAMIANI,,,Scontro frontale/laterale DX fra veicoli in marcia,Intersezione stradale segnalata,Una carreggiata a doppio senso,Asciutto,Asfaltata,Assente,Sereno,Normale,Buona,Sufficiente,1,0,0,4,12.2732,41.7321,-1,1,Autovettura privata,In marcia / fermata / arresto,Passeggero,M,Illeso,0,,,,
3951698,13,10/08/2018 21:50:00,Strada Urbana,VIA GIULIANO DA SANGALLO,all'intersezione con,VIA S. PIER DAMIANI,VIA S. PIER DAMIANI,,,Scontro frontale/laterale DX fra veicoli in marcia,Intersezione stradale segnalata,Una carreggiata a doppio senso,Asciutto,Asfaltata,Assente,Sereno,Normale,Buona,Sufficiente,1,0,0,4,12.2732,41.7321,-1,1,Autovettura privata,In marcia / fermata / arresto,Passeggero,M,Illeso,0,,,,
3951698,13,10/08/2018 21:50:00,Strada Urbana,VIA GIULIANO DA SANGALLO,all'intersezione con,VIA S. PIER DAMIANI,VIA S. PIER DAMIANI,,,Scontro frontale/laterale DX fra veicoli in marcia,Intersezione stradale segnalata,Una carreggiata a doppio senso,Asciutto,Asfaltata,Assente,Sereno,Normale,Buona,Sufficiente,1,0,0,4,12.2732,41.7321,-1,2,Autovettura privata,In marcia / fermata / arresto,Conducente,M,Illeso,0,,,,
3951698,13,10/08/2018 21:50:00,Strada Urbana,VIA GIULIANO DA SANGALLO,all'intersezione con,VIA S. PIER DAMIANI,VIA S. PIER DAMIANI,,,Scontro frontale/laterale DX fra veicoli in marcia,Intersezione stradale segnalata,Una carreggiata a doppio senso,Asciutto,Asfaltata,Assente,Sereno,Normale,Buona,Sufficiente,1,0,0,4,12.2732,41.7321,-1,2,Autovettura privata,In marcia / fermata / arresto,Passeggero,F,Illeso,0,,,,
3951713,13,11/08/2018 01:10:00,Strada Urbana,VIA CRISTOFORO COLOMBO,da specificare,,,,pross. via del Circuito,Scontro laterale fra veicoli in marcia,Rettilineo,Una carreggiata a senso unico di marcia,Asciutto,Asfaltata,Verticale ed orizzontale,Sereno,Scarso,Buona,Sufficiente,1,0,0,2,12.4121,41.786,0,1,Autovettura privata,In marcia / fermata / arresto,Conducente,M,Rifiuta cure immediate,0,NON DECEDUTO,,,
3951713,13,11/08/2018 01:10:00,Strada Urbana,VIA CRISTOFORO COLOMBO,da specificare,,,,pross. via del Circuito,Scontro laterale fra veicoli in marcia,Rettilineo,Una carreggiata a senso unico di marcia,Asciutto,Asfaltata,Verticale ed orizzontale,Sereno,Scarso,Buona,Sufficiente,1,0,0,2,12.4121,41.786,0,2,Autovettura privata,In marcia / fermata / arresto,Conducente,F,Illeso,0,,,,
3951713,13,11/08/2018 01:10:00,Strada Urbana,VIA CRISTOFORO COLOMBO,da specificare,,,,pross. via del Circuito,Scontro laterale fra veicoli in marcia,Rettilineo,Una carreggiata a senso unico di marcia,Asciutto,Asfaltata,Verticale ed orizzontale,Sereno,Scarso,Buona,Sufficiente,1,0,0,2,12.4121,41.786,0,2,Autovettura privata,In marcia / fermata / arresto,Passeggero,M,Illeso,0,,,,
3951719,9,11/08/2018 00:45:00,Strada Urbana,VIA PRENESTINA,da specificare,,,,fronte civico 100,Tamponamento Multiplo,Rettilineo,Una carreggiata a doppio senso,Asciutto,Asfaltata,Assente,Sereno,Scarso,Sufficiente,Sufficiente,0,0,0,4,12.6153,41.8933,-1,1,Autovettura privata,In marcia / fermata / arresto,Conducente,M,Illeso,0,,Non accertato,Inesploso,
3951719,9,11/08/2018 00:45:00,Strada Urbana,VIA PRENESTINA,da specificare,,,,fronte civico 100,Tamponamento Multiplo,Rettilineo,Una carreggiata a doppio senso,Asciutto,Asfaltata,Assente,Sereno,Scarso,Sufficiente,Sufficiente,0,0,0,4,12.6153,41.8933,-1,2,Autovettura privata,In marcia / fermata / arresto,Conducente,F,Illeso,0,,Non accertato,Inesploso,
3951719,9,11/08/2018 00:45:00,Strada Urbana,VIA PRENESTINA,da specificare,,,,fronte civico 100,Tamponamento Multiplo,Rettilineo,Una carreggiata a doppio senso,Asciutto,Asfaltata,Assente,Sereno,Scarso,Sufficiente,Sufficiente,0,0,0,4,12.6153,41.8933,-1,2,Autovettura privata,In marcia / fermata / arresto,Passeggero,M,Illeso,0,,Non accertato,Inesploso,
3951719,9,11/08/2018 00:45:00,Strada Urbana,VIA PRENESTINA,da specificare,,,,fronte civico 100,Tamponamento Multiplo,Rettilineo,Una carreggiata a doppio senso,Asciutto,Asfaltata,Assente,Sereno,Scarso,Sufficiente,Sufficiente,0,0,0,4,12.6153,41.8933,-1,3,Autovettura pubblica,In marcia / fermata / arresto,Conducente,M,Illeso,0,,Non accertato,Inesploso,
3951720,13,11/08/2018 11:40:00,Strada Urbana,VIA DEI VELIERI,all'intersezione con,VIA DELLE GONDOLE,VIA DELLE GONDOLE,,,Scontro frontale/laterale SX fra veicoli in marcia,Incrocio,Una carreggiata a doppio senso,Asciutto,Asfaltata,Verticale ed orizzontale,Sereno,Normale,Sufficiente,Ore Diurne,0,0,0,3,12.2757,41.7365,-1,1,Autovettura privata,In marcia / fermata / arresto,Conducente,F,Illeso,0,,,,
3951720,13,11/08/2018 11:40:00,Strada Urbana,VIA DEI VELIERI,all'intersezione con,VIA DELLE GONDOLE,VIA DELLE GONDOLE,,,Scontro frontale/laterale SX fra veicoli in marcia,Incrocio,Una carreggiata a doppio senso,Asciutto,Asfaltata,Verticale ed orizzontale,Sereno,Normale,Sufficiente,Ore Diurne,0,0,0,3,12.2757,41.7365,-1,1,Autovettura privata,In marcia / fermata / arresto,Passeggero,F,Illeso,0,,Non accertato,,
3951720,13,11/08/2018 11:40:00,Strada Urbana,VIA DEI VELIERI,all'intersezione con,VIA DELLE GONDOLE,VIA DELLE GONDOLE,,,Scontro frontale/laterale SX fra veicoli in marcia,Incrocio,Una carreggiata a doppio senso,Asciutto,Asfaltata,Verticale ed orizzontale,Sereno,Normale,Sufficiente,Ore Diurne,0,0,0,3,12.2757,41.7365,-1,2,Autovettura privata,In marcia / fermata / arresto,Conducente,F,Illeso,0,,,,
3951762,16,12/08/2018 06:00:00,Strada Urbana,VIA SILVESTRI,in prossimit�,,del civico n.,294,,Veicolo in marcia contro veicolo in sosta,Rettilineo,Una carreggiata a doppio senso,Asciutto,Asfaltata,Verticale ed orizzontale,Sereno,Scarso,Buona,Ore Diurne,0,0,0,2,12.4284,41.8772,-1,1,Autovettura privata,In marcia / fermata / arresto,Conducente,F,Illeso,0,,Non accertato,Inesploso,
3951762,16,12/08/2018 06:00:00,Strada Urbana,VIA SILVESTRI,in prossimit�,,del civico n.,294,,Veicolo in marcia contro veicolo in sosta,Rettilineo,Una carreggiata a doppio senso,Asciutto,Asfaltata,Verticale ed orizzontale,Sereno,Scarso,Buona,Ore Diurne,0,0,0,2,12.4284,41.8772,-1,1,Autovettura privata,In marcia / fermata / arresto,Passeggero,M,Illeso,0,,Non accertato,Inesploso,
3951770,16,12/08/2018 06:50:00,Strada Urbana,VIA S. GIOVANNI EUDES,in prossimit�,,del civico n.,27,,Scontro laterale fra veicoli in marcia,Curva a visuale libera,Una carreggiata a doppio senso,Asciutto,Asfaltata,Orizzontale,Sereno,Scarso,Buona,Ore Diurne,0,0,0,2,12.4106,41.8736,-1,1,Autovettura privata,In marcia / fermata / arresto,Conducente,F,Illeso,0,,Non accertato,Inesploso,
3951770,16,12/08/2018 06:50:00,Strada Urbana,VIA S. GIOVANNI EUDES,in prossimit�,,del civico n.,27,,Scontro laterale fra veicoli in marcia,Curva a visuale libera,Una carreggiata a doppio senso,Asciutto,Asfaltata,Orizzontale,Sereno,Scarso,Buona,Ore Diurne,0,0,0,2,12.4106,41.8736,-1,2,Autovettura privata,In marcia / fermata / arresto,Conducente,M,Illeso,0,,Non accertato,Inesploso,
3951884,2,10/08/2018 21:30:00,Strada Urbana,LUNGOTEVERE ARNALDO DA BRESCIA,da specificare,,,,NEL SOTTOVIA ,Scontro laterale fra veicoli in marcia,Sottopasso illuminato,Una carreggiata a senso unico di marcia,Asciutto,Asfaltata,Verticale ed orizzontale,Sereno,Scarso,Sufficiente,Sufficiente,1,0,0,1,12.4726,41.9123,-1,1,Motociclo a solo,In marcia / fermata / arresto,Conducente,M,Ricoverato,0,NON DECEDUTO,,,
3951884,2,10/08/2018 21:30:00,Strada Urbana,LUNGOTEVERE ARNALDO DA BRESCIA,da specificare,,,,NEL SOTTOVIA ,Scontro laterale fra veicoli in marcia,Sottopasso illuminato,Una carreggiata a senso unico di marcia,Asciutto,Asfaltata,Verticale ed orizzontale,Sereno,Scarso,Sufficiente,Sufficiente,1,0,0,1,12.4726,41.9123,-1,2,Autovettura privata,In marcia / fermata / arresto,Conducente,F,Illeso,0,,,,
3951890,13,11/08/2018 15:30:00,Strada Urbana,PIAZZALE MAGELLANO,in prossimit�,,del civico n.,33,,Tamponamento,Rettilineo,Due carreggiate,Asciutto,Asfaltata,Verticale ed orizzontale,Sereno,Normale,Buona,Ore Diurne,0,0,0,4,12.2906,41.7245,-1,1,Autovettura privata,In marcia / fermata / arresto,Conducente,M,Illeso,0,,Non accertato,Inesploso,
3951890,13,11/08/2018 15:30:00,Strada Urbana,PIAZZALE MAGELLANO,in prossimit�,,del civico n.,33,,Tamponamento,Rettilineo,Due carreggiate,Asciutto,Asfaltata,Verticale ed orizzontale,Sereno,Normale,Buona,Ore Diurne,0,0,0,4,12.2906,41.7245,-1,1,Autovettura privata,In marcia / fermata / arresto,Passeggero,M,Illeso,0,,Non accertato,Inesploso,
3951890,13,11/08/2018 15:30:00,Strada Urbana,PIAZZALE MAGELLANO,in prossimit�,,del civico n.,33,,Tamponamento,Rettilineo,Due carreggiate,Asciutto,Asfaltata,Verticale ed orizzontale,Sereno,Normale,Buona,Ore Diurne,0,0,0,4,12.2906,41.7245,-1,2,Autovettura privata,In marcia / fermata / arresto,Conducente,F,Illeso,0,,Non accertato,Inesploso,
3951890,13,11/08/2018 15:30:00,Strada Urbana,PIAZZALE MAGELLANO,in prossimit�,,del civico n.,33,,Tamponamento,Rettilineo,Due carreggiate,Asciutto,Asfaltata,Verticale ed orizzontale,Sereno,Normale,Buona,Ore Diurne,0,0,0,4,12.2906,41.7245,-1,2,Autovettura privata,In marcia / fermata / arresto,Passeggero,M,Illeso,0,,Non accertato,Inesploso,
3951891,7,11/08/2018 01:15:00,Provinciale entro l'abitato,VIA PRENESTINA,in corrispondenza,,del civico n.,678,,Veicolo in marcia contro ostacolo fisso,Rettilineo,Una carreggiata a doppio senso,Asciutto,Asfaltata,Verticale ed orizzontale,Sereno,Scarso,Sufficiente,Sufficiente,0,0,0,1,12.5855,41.8936,-1,1,Autovettura privata,In marcia / fermata / arresto,Conducente,M,Illeso,0,,Non accertato,Inesploso,
3951892,13,12/08/2018 12:11:00,Strada Urbana,LUNGOMARE AMERIGO VESPUCCI,da specificare,,,,"altezza stabilimento ""Marina Militare""",Scontro laterale fra veicoli in marcia,Rettilineo,Una carreggiata a senso unico di marcia,Asciutto,Asfaltata,Orizzontale,Sereno,Normale,Buona,Ore Diurne,2,0,0,2,12.334,41.7072,-1,1,Autovettura privata,In marcia / fermata / arresto,Conducente,M,Illeso,0,,Non accertato,Inesploso,
3951892,13,12/08/2018 12:11:00,Strada Urbana,LUNGOMARE AMERIGO VESPUCCI,da specificare,,,,"altezza stabilimento ""Marina Militare""",Scontro laterale fra veicoli in marcia,Rettilineo,Una carreggiata a senso unico di marcia,Asciutto,Asfaltata,Orizzontale,Sereno,Normale,Buona,Ore Diurne,2,0,0,2,12.334,41.7072,-1,1,Autovettura privata,In marcia / fermata / arresto,Passeggero,F,Illeso,0,,Non accertato,Inesploso,
3951892,13,12/08/2018 12:11:00,Strada Urbana,LUNGOMARE AMERIGO VESPUCCI,da specificare,,,,"altezza stabilimento ""Marina Militare""",Scontro laterale fra veicoli in marcia,Rettilineo,Una carreggiata a senso unico di marcia,Asciutto,Asfaltata,Orizzontale,Sereno,Normale,Buona,Ore Diurne,2,0,0,2,12.334,41.7072,-1,2,Motociclo con passeggero,In marcia / fermata / arresto,Conducente,M,Rimandato,0,NON DECEDUTO,Non accertato,,
3951892,13,12/08/2018 12:11:00,Strada Urbana,LUNGOMARE AMERIGO VESPUCCI,da specificare,,,,"altezza stabilimento ""Marina Militare""",Scontro laterale fra veicoli in marcia,Rettilineo,Una carreggiata a senso unico di marcia,Asciutto,Asfaltata,Orizzontale,Sereno,Normale,Buona,Ore Diurne,2,0,0,2,12.334,41.7072,-1,2,Motociclo con passeggero,In marcia / fermata / arresto,Passeggero,F,Rimandato,0,NON DECEDUTO,,,
3951893,13,12/08/2018 09:30:00,,VIALE DEI ROMAGNOLI,da specificare,,,,"prima di ""Cineland"" direzione Ostia",Veicolo in marcia contro ostacolo accidentale,,,,,,,,,,0,0,0,1,12.3574,41.7831,0,1,Motociclo con passeggero,In marcia / fermata / arresto,Conducente,M,Illeso,0,,Non accertato,,
3951900,7,10/08/2018 23:00:00,Strada Urbana,VIA FABRIANO,all'intersezione con,VIA MUCCIA,VIA MUCCIA,,,Scontro frontale/laterale SX fra veicoli in marcia,Incrocio,Una carreggiata a doppio senso,Asciutto,Asfaltata,Verticale ed orizzontale,Sereno,Scarso,Sufficiente,Sufficiente,1,0,0,4,12.5856,41.9418,-1,1,Autovettura privata,In marcia / fermata / arresto,Conducente,F,Rimandato,0,NON DECEDUTO,Non accertato,Inesploso,
3951900,7,10/08/2018 23:00:00,Strada Urbana,VIA FABRIANO,all'intersezione con,VIA MUCCIA,VIA MUCCIA,,,Scontro frontale/laterale SX fra veicoli in marcia,Incrocio,Una carreggiata a doppio senso,Asciutto,Asfaltata,Verticale ed orizzontale,Sereno,Scarso,Sufficiente,Sufficiente,1,0,0,4,12.5856,41.9418,-1,1,Autovettura privata,In marcia / fermata / arresto,Passeggero,F,Illeso,0,,,,
3951900,7,10/08/2018 23:00:00,Strada Urbana,VIA FABRIANO,all'intersezione con,VIA MUCCIA,VIA MUCCIA,,,Scontro frontale/laterale SX fra veicoli in marcia,Incrocio,Una carreggiata a doppio senso,Asciutto,Asfaltata,Verticale ed orizzontale,Sereno,Scarso,Sufficiente,Sufficiente,1,0,0,4,12.5856,41.9418,-1,1,Autovettura privata,In marcia / fermata / arresto,Passeggero,F,Illeso,0,,,,
3951900,7,10/08/2018 23:00:00,Strada Urbana,VIA FABRIANO,all'intersezione con,VIA MUCCIA,VIA MUCCIA,,,Scontro frontale/laterale SX fra veicoli in marcia,Incrocio,Una carreggiata a doppio senso,Asciutto,Asfaltata,Verticale ed orizzontale,Sereno,Scarso,Sufficiente,Sufficiente,1,0,0,4,12.5856,41.9418,-1,2,Autovettura privata,In marcia / fermata / arresto,Conducente,M,Illeso,0,,Non accertato,Inesploso,
3951900,7,10/08/2018 23:00:00,Strada Urbana,VIA FABRIANO,all'intersezione con,VIA MUCCIA,VIA MUCCIA,,,Scontro frontale/laterale SX fra veicoli in marcia,Incrocio,Una carreggiata a doppio senso,Asciutto,Asfaltata,Verticale ed orizzontale,Sereno,Scarso,Sufficiente,Sufficiente,1,0,0,4,12.5856,41.9418,-1,2,Autovettura privata,In marcia / fermata / arresto,Passeggero,M,Illeso,0,,Non accertato,Inesploso,
3951905,2,10/08/2018 07:00:00,Strada Urbana,VIA SALARIA,in prossimit�,,del civico n.,fr. 267,,Scontro laterale fra veicoli in marcia,Rettilineo,Una carreggiata a doppio senso,Asciutto,Asfaltata,Verticale ed orizzontale,Sereno,Scarso,Buona,Ore Diurne,0,0,0,2,12.5023,41.9262,-1,1,Autovettura privata,In marcia / fermata / arresto,Conducente,M,Illeso,0,,Non accertato,Inesploso,
3951905,2,10/08/2018 07:00:00,Strada Urbana,VIA SALARIA,in prossimit�,,del civico n.,fr. 267,,Scontro laterale fra veicoli in marcia,Rettilineo,Una carreggiata a doppio senso,Asciutto,Asfaltata,Verticale ed orizzontale,Sereno,Scarso,Buona,Ore Diurne,0,0,0,2,12.5023,41.9262,-1,2,Altro,In marcia / fermata / arresto,Conducente,M,Illeso,0,,Non accertato,Inesploso,
3951920,7,11/08/2018 20:40:00,Strada Urbana,VIA DEI CASTANI,in prossimit�,,del civico n.,251/A,,Tamponamento,Rettilineo,Una carreggiata a doppio senso,Asciutto,Asfaltata,Verticale ed orizzontale,Sereno,Scarso,Sufficiente,Sufficiente,0,0,0,3,12.5657,41.8875,-1,1,Autocarro inferiore 35 q.,In marcia / fermata / arresto,Conducente,M,Illeso,0,,Non accertato,Inesploso,
3951920,7,11/08/2018 20:40:00,Strada Urbana,VIA DEI CASTANI,in prossimit�,,del civico n.,251/A,,Tamponamento,Rettilineo,Una carreggiata a doppio senso,Asciutto,Asfaltata,Verticale ed orizzontale,Sereno,Scarso,Sufficiente,Sufficiente,0,0,0,3,12.5657,41.8875,-1,1,Autocarro inferiore 35 q.,In marcia / fermata / arresto,Passeggero,F,Illeso,0,,Non accertato,Inesploso,
3951920,7,11/08/2018 20:40:00,Strada Urbana,VIA DEI CASTANI,in prossimit�,,del civico n.,251/A,,Tamponamento,Rettilineo,Una carreggiata a doppio senso,Asciutto,Asfaltata,Verticale ed orizzontale,Sereno,Scarso,Sufficiente,Sufficiente,0,0,0,3,12.5657,41.8875,-1,2,Autovettura privata,In marcia / fermata / arresto,Conducente,M,Illeso,0,,Non accertato,Inesploso,