Protocollo,Gruppo,DataOraIncidente,Localizzazione1,STRADA1,Localizzazione2,STRADA2,Strada02,Chilometrica,DaSpecificare,NaturaIncidente,particolaritastrade,TipoStrada,FondoStradale,Pavimentazione,Segnaletica,CondizioneAtmosferica,Traffico,Visibilita,Illuminazione,NUM_FERITI,NUM_RISERVATA,NUM_MORTI,NUM_ILLESI,Longitudine,Latitudine,Confermato,Progressivo,TipoVeicolo,StatoVeicolo,TipoPersona,Sesso,Tipolesione,Deceduto,DecedutoDopo,CinturaCascoUtilizzato,Airbag,
3951938,2,11/08/2018 05:30:00,Strada Urbana,VIA FRANCESCO DENZA,da specificare,,,,fronte civico 15,Veicolo in marcia contro ostacolo accidentale,Rettilineo,Una carreggiata a senso unico di marcia,Asciutto,Con buche,Verticale ed orizzontale,Sereno,Scarso,Buona,Sufficiente,0,0,0,1,12.4833,41.9263,-1,1,Autovettura privata,In marcia / fermata / arresto,Conducente,M,Illeso,0,,Non accertato,Inesploso,
3951958,20,12/08/2018 01:30:00,Regionale,VIA FLAMINIA,in prossimit�,,del civico n.,1642,,Scontro frontale/laterale SX fra veicoli in marcia,Curva a visuale libera,Una carreggiata a doppio senso,Asciutto,Asfaltata,Verticale ed orizzontale,Sereno,Scarso,Buona,Inesistente,1,0,0,3,12.4843,41.9537,-1,1,Autovettura privata,In marcia / fermata / arresto,Conducente,M,Illeso,0,,Non accertato,,
3951958,20,12/08/2018 01:30:00,Regionale,VIA FLAMINIA,in prossimit�,,del civico n.,1642,,Scontro frontale/laterale SX fra veicoli in marcia,Curva a visuale libera,Una carreggiata a doppio senso,Asciutto,Asfaltata,Verticale ed orizzontale,Sereno,Scarso,Buona,Inesistente,1,0,0,3,12.4843,41.9537,-1,1,Autovettura privata,In marcia / fermata / arresto,Passeggero,F,Illeso,0,,,,
3951958,20,12/08/2018 01:30:00,Regionale,VIA FLAMINIA,in prossimit�,,del civico n.,1642,,Scontro frontale/laterale SX fra veicoli in marcia,Curva a visuale libera,Una carreggiata a doppio senso,Asciutto,Asfaltata,Verticale ed orizzontale,Sereno,Scarso,Buona,Inesistente,1,0,0,3,12.4843,41.9537,-1,1,Autovettura privata,In marcia / fermata / arresto,Passeggero,M,Illeso,0,,,,
3951958,20,12/08/2018 01:30:00,Regionale,VIA FLAMINIA,in prossimit�,,del civico n.,1642,,Scontro frontale/laterale SX fra veicoli in marcia,Curva a visuale libera,Una carreggiata a doppio senso,Asciutto,Asfaltata,Verticale ed orizzontale,Sereno,Scarso,Buona,Inesistente,1,0,0,3,12.4843,41.9537,-1,2,Motociclo a solo,In marcia / fermata / arresto,Conducente,M,Rimandato,0,NON DECEDUTO,,,
3951962,13,12/08/2018 12:15:00,Strada Urbana,CORSO DUCA DI GENOVA,all'intersezione con,VIALE DELLE REPUBBLICHE MARINARE,VIALE DELLE REPUBBLICHE MARINARE,,,Scontro frontale/laterale DX fra veicoli in marcia,Incrocio,Una carreggiata a doppio senso,Asciutto,Asfaltata,Verticale ed orizzontale,Sereno,Scarso,Buona,Ore Diurne,1,0,0,1,12.2715,41.7339,-1,1,Motociclo a solo,In marcia / fermata / arresto,Conducente,M,Rimandato,0,NON DECEDUTO,Non accertato,,
3951962,13,12/08/2018 12:15:00,Strada Urbana,CORSO DUCA DI GENOVA,all'intersezione con,VIALE DELLE REPUBBLICHE MARINARE,VIALE DELLE REPUBBLICHE MARINARE,,,Scontro frontale/laterale DX fra veicoli in marcia,Incrocio,Una carreggiata a doppio senso,Asciutto,Asfaltata,Verticale ed orizzontale,Sereno,Scarso,Buona,Ore Diurne,1,0,0,1,12.2715,41.7339,-1,2,Autovettura privata,In marcia / fermata / arresto,Conducente,F,Illeso,0,,Non accertato,Inesploso,
3951966,20,11/08/2018 19:15:00,Strada Urbana,PIAZZA LAURO DE BOSIS,da specificare,,,,fronte CONI piscine,Scontro frontale/laterale SX fra veicoli in marcia,Rettilineo,Due carreggiate,Asciutto,Asfaltata,Verticale ed orizzontale,Sereno,Scarso,Buona,Ore Diurne,1,0,0,3,12.4586,41.9316,-1,1,Autovettura privata,In marcia / fermata / arresto,Conducente,M,Rifiuta cure immediate,0,NON DECEDUTO,Non accertato,,
3951966,20,11/08/2018 19:15:00,Strada Urbana,PIAZZA LAURO DE BOSIS,da specificare,,,,fronte CONI piscine,Scontro frontale/laterale SX fra veicoli in marcia,Rettilineo,Due carreggiate,Asciutto,Asfaltata,Verticale ed orizzontale,Sereno,Scarso,Buona,Ore Diurne,1,0,0,3,12.4586,41.9316,-1,2,Autovettura privata,In marcia / fermata / arresto,Conducente,M,Illeso,0,,Utilizzato,Inesploso,
3951966,20,11/08/2018 19:15:00,Strada Urbana,PIAZZA LAURO DE BOSIS,da specificare,,,,fronte CONI piscine,Scontro frontale/laterale SX fra veicoli in marcia,Rettilineo,Due carreggiate,Asciutto,Asfaltata,Verticale ed orizzontale,Sereno,Scarso,Buona,Ore Diurne,1,0,0,3,12.4586,41.9316,-1,2,Autovettura privata,In marcia / fermata / arresto,Passeggero,M,Illeso,0,,Non accertato,,
3951966,20,11/08/2018 19:15:00,Strada Urbana,PIAZZA LAURO DE BOSIS,da specificare,,,,fronte CONI piscine,Scontro frontale/laterale SX fra veicoli in marcia,Rettilineo,Due carreggiate,Asciutto,Asfaltata,Verticale ed orizzontale,Sereno,Scarso,Buona,Ore Diurne,1,0,0,3,12.4586,41.9316,-1,2,Autovettura privata,In marcia / fermata / arresto,Passeggero,F,Illeso,0,,Non accertato,,
3951983,10,12/08/2018 17:10:00,Strada Urbana,VIA DEI SETTE METRI,all'intersezione con,VIA DI TORRE MORENA,VIA DI TORRE MORENA,,,Veicolo in marcia contro ostacolo fisso,Incrocio,Due carreggiate,Asciutto,Asfaltata,Verticale ed orizzontale,Sereno,Scarso,Buona,Ore Diurne,0,0,0,3,12.6069,41.8154,-1,1,Autovettura privata,In marcia / fermata / arresto,Conducente,M,Illeso,0,,Non accertato,Inesploso,
3951983,10,12/08/2018 17:10:00,Strada Urbana,VIA DEI SETTE METRI,all'intersezione con,VIA DI TORRE MORENA,VIA DI TORRE MORENA,,,Veicolo in marcia contro ostacolo fisso,Incrocio,Due carreggiate,Asciutto,Asfaltata,Verticale ed orizzontale,Sereno,Scarso,Buona,Ore Diurne,0,0,0,3,12.6069,41.8154,-1,1,Autovettura privata,In marcia / fermata / arresto,Passeggero,F,Illeso,0,,Non accertato,Inesploso,
3951983,10,12/08/2018 17:10:00,Strada Urbana,VIA DEI SETTE METRI,all'intersezione con,VIA DI TORRE MORENA,VIA DI TORRE MORENA,,,Veicolo in marcia contro ostacolo fisso,Incrocio,Due carreggiate,Asciutto,Asfaltata,Verticale ed orizzontale,Sereno,Scarso,Buona,Ore Diurne,0,0,0,3,12.6069,41.8154,-1,2,Autovettura privata,In marcia / fermata / arresto,Conducente,F,Illeso,0,,Non accertato,Inesploso,
3951986,7,12/08/2018 17:30:00,Provinciale entro l'abitato,VIA PRENESTINA,in prossimit�,,del civico n.,709,,Scontro frontale fra veicoli in marcia,Rettilineo,Una carreggiata a doppio senso,Asciutto,Asfaltata,Verticale ed orizzontale,Sereno,Scarso,Buona,Ore Diurne,0,0,0,3,12.5912,41.8945,-1,1,Autovettura privata,In marcia / fermata / arresto,Conducente,M,Illeso,0,,Non accertato,Inesploso,
3951986,7,12/08/2018 17:30:00,Provinciale entro l'abitato,VIA PRENESTINA,in prossimit�,,del civico n.,709,,Scontro frontale fra veicoli in marcia,Rettilineo,Una carreggiata a doppio senso,Asciutto,Asfaltata,Verticale ed orizzontale,Sereno,Scarso,Buona,Ore Diurne,0,0,0,3,12.5912,41.8945,-1,1,Autovettura privata,In marcia / fermata / arresto,Passeggero,F,Illeso,0,,Non accertato,Inesploso,
3951986,7,12/08/2018 17:30:00,Provinciale entro l'abitato,VIA PRENESTINA,in prossimit�,,del civico n.,709,,Scontro frontale fra veicoli in marcia,Rettilineo,Una carreggiata a doppio senso,Asciutto,Asfaltata,Verticale ed orizzontale,Sereno,Scarso,Buona,Ore Diurne,0,0,0,3,12.5912,41.8945,-1,2,Autovettura privata,In marcia / fermata / arresto,Conducente,M,Illeso,0,,Non accertato,Inesploso,
3951992,7,12/08/2018 16:15:00,Provinciale entro l'abitato,VIA PRENESTINA,all'intersezione con,VIA DEL MAGGIOLINO,VIA DEL MAGGIOLINO,,,Scontro frontale/laterale DX fra veicoli in marcia,Incrocio,Una carreggiata a doppio senso,Asciutto,Asfaltata,Verticale ed orizzontale,Sereno,Scarso,Buona,Ore Diurne,1,0,0,1,12.6066,41.8938,-1,1,Autovettura privata,In marcia / fermata / arresto,Conducente,M,Rimandato,0,NON DECEDUTO,Non accertato,Esploso,
3951992,7,12/08/2018 16:15:00,Provinciale entro l'abitato,VIA PRENESTINA,all'intersezione con,VIA DEL MAGGIOLINO,VIA DEL MAGGIOLINO,,,Scontro frontale/laterale DX fra veicoli in marcia,Incrocio,Una carreggiata a doppio senso,Asciutto,Asfaltata,Verticale ed orizzontale,Sereno,Scarso,Buona,Ore Diurne,1,0,0,1,12.6066,41.8938,-1,2,Autovettura privata,In marcia / fermata / arresto,Conducente,M,Illeso,0,,Non accertato,Inesploso,
3952222,11,12/08/2018 19:30:00,Strada Urbana,VIA ENRICO CRAVERO,in corrispondenza,,del civico n.,3,,Veicolo in marcia contro ostacolo accidentale,Rettilineo,Due carreggiate,Asciutto,Asfaltata,Verticale ed orizzontale,Sereno,Scarso,Buona,Ore Diurne,1,0,0,1,12.4852,41.8624,-1,1,Autovettura privata,In marcia / fermata / arresto,Conducente,M,Illeso,0,,Non accertato,,
3952222,11,12/08/2018 19:30:00,Strada Urbana,VIA ENRICO CRAVERO,in corrispondenza,,del civico n.,3,,Veicolo in marcia contro ostacolo accidentale,Rettilineo,Due carreggiate,Asciutto,Asfaltata,Verticale ed orizzontale,Sereno,Scarso,Buona,Ore Diurne,1,0,0,1,12.4852,41.8624,-1,2,Velocipede,In marcia / fermata / arresto,Conducente,M,Rimandato,0,NON DECEDUTO,Esente,,
3952241,17,10/08/2018 02:15:00,Strada Urbana,VIA ANASTASIO II,in prossimit�,,del civico n.,167,,Ribaltamento senza urto contro ostacolo fisso,Rettilineo,Due carreggiate,Asciutto,Asfaltata,Verticale ed orizzontale,Sereno,Scarso,Buona,Insufficiente,1,0,0,0,12.4426,41.8978,0,1,Ciclomotore,In marcia / fermata / arresto,Conducente,F,Rimandato,0,NON DECEDUTO,,,
3952252,5,10/08/2018 08:30:00,Strada Urbana,VIA TIBURTINA,in prossimit�,,del civico n.,597,,Scontro laterale fra veicoli in marcia,Rettilineo,Pi� di due carreggiate,Asciutto,Asfaltata,Verticale ed orizzontale,Sereno,Intenso,Buona,Ore Diurne,0,0,0,2,12.5448,41.9088,-1,1,Autovettura privata,In marcia / fermata / arresto,Conducente,M,Illeso,0,,Non accertato,,
3952252,5,10/08/2018 08:30:00,Strada Urbana,VIA TIBURTINA,in prossimit�,,del civico n.,597,,Scontro laterale fra veicoli in marcia,Rettilineo,Pi� di due carreggiate,Asciutto,Asfaltata,Verticale ed orizzontale,Sereno,Intenso,Buona,Ore Diurne,0,0,0,2,12.5448,41.9088,-1,2,Autovettura privata,In marcia / fermata / arresto,Conducente,M,Illeso,0,,Non accertato,,
3952254,5,10/08/2018 08:55:00,Strada Urbana,VIA TIBURTINA,in prossimit�,,del civico n.,1294,,Tamponamento Multiplo,Rettilineo,Due carreggiate,Asciutto,Asfaltata,Verticale ed orizzontale,Sereno,Intenso,Buona,Ore Diurne,0,0,0,3,12.6119,41.9357,-1,1,Autovettura privata,In marcia / fermata / arresto,Conducente,F,Illeso,0,,Non accertato,Inesploso,
3952254,5,10/08/2018 08:55:00,Strada Urbana,VIA TIBURTINA,in prossimit�,,del civico n.,1294,,Tamponamento Multiplo,Rettilineo,Due carreggiate,Asciutto,Asfaltata,Verticale ed orizzontale,Sereno,Intenso,Buona,Ore Diurne,0,0,0,3,12.6119,41.9357,-1,2,Autovettura privata,In marcia / fermata / arresto,Conducente,M,Illeso,0,,Non accertato,Inesploso,
3952254,5,10/08/2018 08:55:00,Strada Urbana,VIA TIBURTINA,in prossimit�,,del civico n.,1294,,Tamponamento Multiplo,Rettilineo,Due carreggiate,Asciutto,Asfaltata,Verticale ed orizzontale,Sereno,Intenso,Buona,Ore Diurne,0,0,0,3,12.6119,41.9357,-1,3,Autovettura privata,In marcia / fermata / arresto,Conducente,F,Illeso,0,,Non accertato,Inesploso,
3952255,20,12/08/2018 12:00:00,Strada Urbana,VIA FLAMINIA,all'intersezione con,VIA DEL LABARO,VIA DEL LABARO,,,Scontro frontale/laterale DX fra veicoli in marcia,Intersezione stradale segnalata,Una carreggiata a doppio senso,Asciutto,Asfaltata,Verticale ed orizzontale,Sereno,Scarso,Buona,Ore Diurne,0,0,0,3,12.4718,41.9419,-1,1,Autovettura privata,In marcia / fermata / arresto,Conducente,M,Illeso,0,,Non accertato,,
3952255,20,12/08/2018 12:00:00,Strada Urbana,VIA FLAMINIA,all'intersezione con,VIA DEL LABARO,VIA DEL LABARO,,,Scontro frontale/laterale DX fra veicoli in marcia,Intersezione stradale segnalata,Una carreggiata a doppio senso,Asciutto,Asfaltata,Verticale ed orizzontale,Sereno,Scarso,Buona,Ore Diurne,0,0,0,3,12.4718,41.9419,-1,1,Autovettura privata,In marcia / fermata / arresto,Passeggero,F,Illeso,0,,Non accertato,,
3952255,20,12/08/2018 12:00:00,Strada Urbana,VIA FLAMINIA,all'intersezione con,VIA DEL LABARO,VIA DEL LABARO,,,Scontro frontale/laterale DX fra veicoli in marcia,Intersezione stradale segnalata,Una carreggiata a doppio senso,Asciutto,Asfaltata,Verticale ed orizzontale,Sereno,Scarso,Buona,Ore Diurne,0,0,0,3,12.4718,41.9419,-1,2,Autovettura privata,In marcia / fermata / arresto,Conducente,M,Illeso,0,,Non accertato,,
3952256,13,12/08/2018 19:55:00,Strada Urbana,VIADOTTO ATTICO TABACCHI,all'intersezione con,VIA DELLE BALENIERE,VIA DELLE BALENIERE,,,Tamponamento,Intersezione semaforizzata,Una carreggiata a senso unico alternato,Asciutto,Asfaltata,Verticale ed orizzontale,Sereno,Normale,Buona,Ore Diurne,0,0,0,3,12.2823,41.7375,-1,1,Autovettura privata,In marcia / fermata / arresto,Conducente,M,Illeso,0,,Non accertato,Inesploso,
3952256,13,12/08/2018 19:55:00,Strada Urbana,VIADOTTO ATTICO TABACCHI,all'intersezione con,VIA DELLE BALENIERE,VIA DELLE BALENIERE,,,Tamponamento,Intersezione semaforizzata,Una carreggiata a senso unico alternato,Asciutto,Asfaltata,Verticale ed orizzontale,Sereno,Normale,Buona,Ore Diurne,0,0,0,3,12.2823,41.7375,-1,1,Autovettura privata,In marcia / fermata / arresto,Passeggero,F,Illeso,0,,Non accertato,Inesploso,
3952256,13,12/08/2018 19:55:00,Strada Urbana,VIADOTTO ATTICO TABACCHI,all'intersezione con,VIA DELLE BALENIERE,VIA DELLE BALENIERE,,,Tamponamento,Intersezione semaforizzata,Una carreggiata a senso unico alternato,Asciutto,Asfaltata,Verticale ed orizzontale,Sereno,Normale,Buona,Ore Diurne,0,0,0,3,12.2823,41.7375,-1,2,Autovettura privata,In marcia / fermata / arresto,Conducente,M,Illeso,0,,Non accertato,Inesploso,
3952258,13,12/08/2018 19:30:00,Strada Urbana,VIA DELLA CORAZZATA,all'intersezione con,PIAZZA MARCO VIPSANIO AGRIPPA,PIAZZA MARCO VIPSANIO AGRIPPA,,,Scontro frontale/laterale SX fra veicoli in marcia,Incrocio,Una carreggiata a doppio senso,Asciutto,Asfaltata,Verticale ed orizzontale,Sereno,Normale,Sufficiente,Ore Diurne,1,0,0,1,12.2638,41.7364,-1,1,Autovettura privata,In marcia / fermata / arresto,Conducente,M,Illeso,0,,Non accertato,Inesploso,
3952258,13,12/08/2018 19:30:00,Strada Urbana,VIA DELLA CORAZZATA,all'intersezione con,PIAZZA MARCO VIPSANIO AGRIPPA,PIAZZA MARCO VIPSANIO AGRIPPA,,,Scontro frontale/laterale SX fra veicoli in marcia,Incrocio,Una carreggiata a doppio senso,Asciutto,Asfaltata,Verticale ed orizzontale,Sereno,Normale,Sufficiente,Ore Diurne,1,0,0,1,12.2638,41.7364,-1,2,Motociclo a solo,In marcia / fermata / arresto,Conducente,M,Rimandato,0,NON DECEDUTO,Non accertato,,
3952259,4,12/08/2018 10:10:00,Strada Urbana,VIA DON GIUSTINO MARIA RUSSOLILLO,in prossimit�,,del civico n.,71,,Scontro laterale fra veicoli in marcia,Rettilineo,Una carreggiata a doppio senso,Asciutto,Asfaltata,Orizzontale,Sereno,Normale,Buona,Ore Diurne,0,0,0,2,12.5178,41.9703,-1,1,Autovettura privata,In marcia / fermata / arresto,Conducente,F,Illeso,0,,Non accertato,Inesploso,
3952259,4,12/08/2018 10:10:00,Strada Urbana,VIA DON GIUSTINO MARIA RUSSOLILLO,in prossimit�,,del civico n.,71,,Scontro laterale fra veicoli in marcia,Rettilineo,Una carreggiata a doppio senso,Asciutto,Asfaltata,Orizzontale,Sereno,Normale,Buona,Ore Diurne,0,0,0,2,12.5178,41.9703,-1,2,Autovettura privata,In marcia / fermata / arresto,Conducente,M,Illeso,0,,Non accertato,Inesploso,
3952261,5,10/08/2018 14:50:00,Strada Urbana,VIA TIBURTINA,da specificare,,,,prox. via Castel Madama,Tamponamento Multiplo,Rettilineo,Due carreggiate,Asciutto,Asfaltata,Orizzontale,Sereno,Normale,Buona,Ore Diurne,0,0,0,4,12.6056,41.9341,-1,1,Autocarro inferiore 35 q.,In marcia / fermata / arresto,Conducente,F,Illeso,0,,Non accertato,Inesploso,
3952261,5,10/08/2018 14:50:00,Strada Urbana,VIA TIBURTINA,da specificare,,,,prox. via Castel Madama,Tamponamento Multiplo,Rettilineo,Due carreggiate,Asciutto,Asfaltata,Orizzontale,Sereno,Normale,Buona,Ore Diurne,0,0,0,4,12.6056,41.9341,-1,1,Autocarro inferiore 35 q.,In marcia / fermata / arresto,Passeggero,F,Illeso,0,,Non accertato,Inesploso,
3952261,5,10/08/2018 14:50:00,Strada Urbana,VIA TIBURTINA,da specificare,,,,prox. via Castel Madama,Tamponamento Multiplo,Rettilineo,Due carreggiate,Asciutto,Asfaltata,Orizzontale,Sereno,Normale,Buona,Ore Diurne,0,0,0,4,12.6056,41.9341,-1,2,Autovettura privata,In marcia / fermata / arresto,Conducente,M,Illeso,0,,Non accertato,Inesploso,
3952261,5,10/08/2018 14:50:00,Strada Urbana,VIA TIBURTINA,da specificare,,,,prox. via Castel Madama,Tamponamento Multiplo,Rettilineo,Due carreggiate,Asciutto,Asfaltata,Orizzontale,Sereno,Normale,Buona,Ore Diurne,0,0,0,4,12.6056,41.9341,-1,3,Autovettura privata,In marcia / fermata / arresto,Conducente,M,Illeso,0,,Non accertato,Inesploso,
3952262,20,12/08/2018 16:10:00,Strada Urbana,VIA DI VILLA SEVERINI,in corrispondenza,,del civico n.,f.c. 26,,Tamponamento,Rettilineo,Due carreggiate,Asciutto,Asfaltata,Orizzontale,Sereno,Scarso,Buona,Ore Diurne,2,0,0,2,12.4706,41.9483,-1,1,Autovettura privata,In marcia / fermata / arresto,Conducente,M,Rifiuta cure immediate,0,NON DECEDUTO,,,
3952262,20,12/08/2018 16:10:00,Strada Urbana,VIA DI VILLA SEVERINI,in corrispondenza,,del civico n.,f.c. 26,,Tamponamento,Rettilineo,Due carreggiate,Asciutto,Asfaltata,Orizzontale,Sereno,Scarso,Buona,Ore Diurne,2,0,0,2,12.4706,41.9483,-1,1,Autovettura privata,In marcia / fermata / arresto,Passeggero,M,Illeso,0,,Non accertato,,
3952262,20,12/08/2018 16:10:00,Strada Urbana,VIA DI VILLA SEVERINI,in corrispondenza,,del civico n.,f.c. 26,,Tamponamento,Rettilineo,Due carreggiate,Asciutto,Asfaltata,Orizzontale,Sereno,Scarso,Buona,Ore Diurne,2,0,0,2,12.4706,41.9483,-1,1,Autovettura privata,In marcia / fermata / arresto,Passeggero,F,Rifiuta cure immediate,0,NON DECEDUTO,Non accertato,,
3952262,20,12/08/2018 16:10:00,Strada Urbana,VIA DI VILLA SEVERINI,in corrispondenza,,del civico n.,f.c. 26,,Tamponamento,Rettilineo,Due carreggiate,Asciutto,Asfaltata,Orizzontale,Sereno,Scarso,Buona,Ore Diurne,2,0,0,2,12.4706,41.9483,-1,2,Autovettura privata,In marcia / fermata / arresto,Conducente,M,Illeso,0,,,,
3952263,10,13/08/2018 07:10:00,Strada Urbana,PIAZZA DI CINECITTA',all'intersezione semaforizzata con,VIA TUSCOLANA,VIA TUSCOLANA,,,Scontro laterale fra veicoli in marcia,Intersezione semaforizzata,Una carreggiata a senso unico di marcia,Asciutto,Asfaltata,Verticale ed orizzontale,Sereno,Scarso,Buona,Ore Diurne,0,0,0,3,12.5678,41.8537,-1,1,Autovettura privata,In marcia / fermata / arresto,Conducente,F,Illeso,0,,Non accertato,Inesploso,
3952263,10,13/08/2018 07:10:00,Strada Urbana,PIAZZA DI CINECITTA',all'intersezione semaforizzata con,VIA TUSCOLANA,VIA TUSCOLANA,,,Scontro laterale fra veicoli in marcia,Intersezione semaforizzata,Una carreggiata a senso unico di marcia,Asciutto,Asfaltata,Verticale ed orizzontale,Sereno,Scarso,Buona,Ore Diurne,0,0,0,3,12.5678,41.8537,-1,1,Autovettura privata,In marcia / fermata / arresto,Passeggero,M,Illeso,0,,Non accertato,Inesploso,
3952263,10,13/08/2018 07:10:00,Strada Urbana,PIAZZA DI CINECITTA',all'intersezione semaforizzata con,VIA TUSCOLANA,VIA TUSCOLANA,,,Scontro laterale fra veicoli in marcia,Intersezione semaforizzata,Una carreggiata a senso unico di marcia,Asciutto,Asfaltata,Verticale ed orizzontale,Sereno,Scarso,Buona,Ore Diurne,0,0,0,3,12.5678,41.8537,-1,2,Autovettura privata,In marcia / fermata / arresto,Conducente,F,Illeso,0,,Non accertato,Inesploso,
3952264,5,11/08/2018 22:00:00,Strada Urbana,VIA FABRIANO,all'intersezione con,VIA FIUMINATA,VIA FIUMINATA,,,Scontro frontale/laterale SX fra veicoli in marcia,Incrocio,Una carreggiata a doppio senso,Asciutto,Asfaltata,Verticale ed orizzontale,Sereno,Scarso,Sufficiente,Sufficiente,0,0,0,6,12.5844,41.9408,-1,1,Autovettura privata,In marcia / fermata / arresto,Conducente,M,Illeso,0,,Non accertato,Inesploso,
3952264,5,11/08/2018 22:00:00,Strada Urbana,VIA FABRIANO,all'intersezione con,VIA FIUMINATA,VIA FIUMINATA,,,Scontro frontale/laterale SX fra veicoli in marcia,Incrocio,Una carreggiata a doppio senso,Asciutto,Asfaltata,Verticale ed orizzontale,Sereno,Scarso,Sufficiente,Sufficiente,0,0,0,6,12.5844,41.9408,-1,1,Autovettura privata,In marcia / fermata / arresto,Passeggero,M,Illeso,0,,Non accertato,Inesploso,
3952264,5,11/08/2018 22:00:00,Strada Urbana,VIA FABRIANO,all'intersezione con,VIA FIUMINATA,VIA FIUMINATA,,,Scontro frontale/laterale SX fra veicoli in marcia,Incrocio,Una carreggiata a doppio senso,Asciutto,Asfaltata,Verticale ed orizzontale,Sereno,Scarso,Sufficiente,Sufficiente,0,0,0,6,12.5844,41.9408,-1,2,Autovettura privata,In marcia / fermata / arresto,Conducente,M,Illeso,0,,Non accertato,Inesploso,
3952264,5,11/08/2018 22:00:00,Strada Urbana,VIA FABRIANO,all'intersezione con,VIA FIUMINATA,VIA FIUMINATA,,,Scontro frontale/laterale SX fra veicoli in marcia,Incrocio,Una carreggiata a doppio senso,Asciutto,Asfaltata,Verticale ed orizzontale,Sereno,Scarso,Sufficiente,Sufficiente,0,0,0,6,12.5844,41.9408,-1,2,Autovettura privata,In marcia / fermata / arresto,Passeggero,M,Illeso,0,,Non accertato,Inesploso,
3952264,5,11/08/2018 22:00:00,Strada Urbana,VIA FABRIANO,all'intersezione con,VIA FIUMINATA,VIA FIUMINATA,,,Scontro frontale/laterale SX fra veicoli in marcia,Incrocio,Una carreggiata a doppio senso,Asciutto,Asfaltata,Verticale ed orizzontale,Sereno,Scarso,Sufficiente,Sufficiente,0,0,0,6,12.5844,41.9408,-1,2,Autovettura privata,In marcia / fermata / arresto,Passeggero,F,Illeso,0,,Non accertato,Inesploso,
3952264,5,11/08/2018 22:00:00,Strada Urbana,VIA FABRIANO,all'intersezione con,VIA FIUMINATA,VIA FIUMINATA,,,Scontro frontale/laterale SX fra veicoli in marcia,Incrocio,Una carreggiata a doppio senso,Asciutto,Asfaltata,Verticale ed orizzontale,Sereno,Scarso,Sufficiente,Sufficiente,0,0,0,6,12.5844,41.9408,-1,2,Autovettura privata,In marcia / fermata / arresto,Passeggero,M,Illeso,0,,Non accertato,Inesploso,
3952265,5,12/08/2018 09:30:00,Strada Urbana,VIALE PALMIRO TOGLIATTI,all'intersezione semaforizzata con,VIALE SACCO E VANZETTI,VIALE SACCO E VANZETTI,,,Tamponamento,Incrocio,Due carreggiate,Asciutto,Asfaltata,Verticale ed orizzontale,Sereno,Scarso,Buona,Ore Diurne,2,0,0,3,12.5719,41.9106,-1,1,Autovettura privata,In marcia / fermata / arresto,Conducente,M,Illeso,0,,Non accertato,Inesploso,
3952265,5,12/08/2018 09:30:00,Strada Urbana,VIALE PALMIRO TOGLIATTI,all'intersezione semaforizzata con,VIALE SACCO E VANZETTI,VIALE SACCO E VANZETTI,,,Tamponamento,Incrocio,Due carreggiate,Asciutto,Asfaltata,Verticale ed orizzontale,Sereno,Scarso,Buona,Ore Diurne,2,0,0,3,12.5719,41.9106,-1,1,Autovettura privata,In marcia / fermata / arresto,Passeggero,F,Rimandato,0,NON DECEDUTO,Non accertato,Inesploso,
3952265,5,12/08/2018 09:30:00,Strada Urbana,VIALE PALMIRO TOGLIATTI,all'intersezione semaforizzata con,VIALE SACCO E VANZETTI,VIALE SACCO E VANZETTI,,,Tamponamento,Incrocio,Due carreggiate,Asciutto,Asfaltata,Verticale ed orizzontale,Sereno,Scarso,Buona,Ore Diurne,2,0,0,3,12.5719,41.9106,-1,1,Autovettura privata,In marcia / fermata / arresto,Passeggero,F,Illeso,0,,Non accertato,Inesploso,
3952265,5,12/08/2018 09:30:00,Strada Urbana,VIALE PALMIRO TOGLIATTI,all'intersezione semaforizzata con,VIALE SACCO E VANZETTI,VIALE SACCO E VANZETTI,,,Tamponamento,Incrocio,Due carreggiate,Asciutto,Asfaltata,Verticale ed orizzontale,Sereno,Scarso,Buona,Ore Diurne,2,0,0,3,12.5719,41.9106,-1,1,Autovettura privata,In marcia / fermata / arresto,Passeggero,F,Illeso,0,,Esente,Inesploso,
3952265,5,12/08/2018 09:30:00,Strada Urbana,VIALE PALMIRO TOGLIATTI,all'intersezione semaforizzata con,VIALE SACCO E VANZETTI,VIALE SACCO E VANZETTI,,,Tamponamento,Incrocio,Due carreggiate,Asciutto,Asfaltata,Verticale ed orizzontale,Sereno,Scarso,Buona,Ore Diurne,2,0,0,3,12.5719,41.9106,-1,2,Autovettura privata,In marcia / fermata / arresto,Conducente,F,Rifiuta cure immediate,0,NON DECEDUTO,Non accertato,Inesploso,
3952272,17,12/08/2018 00:10:00,Strada Urbana,VIA DI BOCCEA,all'intersezione con,VIA GREGORIO XI,VIA GREGORIO XI,,,Scontro frontale/laterale SX fra veicoli in marcia,Incrocio,Una carreggiata a doppio senso,Asciutto,Asfaltata,Verticale ed orizzontale,Sereno,Scarso,Sufficiente,Sufficiente,6,0,0,0,12.3847,41.9149,-1,1,Autovettura privata,In marcia / fermata / arresto,Conducente,F,Ricoverato,0,NON DECEDUTO,,,