Protocollo,Gruppo,DataOraIncidente,Localizzazione1,STRADA1,Localizzazione2,STRADA2,Strada02,Chilometrica,DaSpecificare,NaturaIncidente,particolaritastrade,TipoStrada,FondoStradale,Pavimentazione,Segnaletica,CondizioneAtmosferica,Traffico,Visibilita,Illuminazione,NUM_FERITI,NUM_RISERVATA,NUM_MORTI,NUM_ILLESI,Longitudine,Latitudine,Confermato,Progressivo,TipoVeicolo,StatoVeicolo,TipoPersona,Sesso,Tipolesione,Deceduto,DecedutoDopo,CinturaCascoUtilizzato,Airbag,
3952272,17,12/08/2018 00:10:00,Strada Urbana,VIA DI BOCCEA,all'intersezione con,VIA GREGORIO XI,VIA GREGORIO XI,,,Scontro frontale/laterale SX fra veicoli in marcia,Incrocio,Una carreggiata a doppio senso,Asciutto,Asfaltata,Verticale ed orizzontale,Sereno,Scarso,Sufficiente,Sufficiente,6,0,0,0,12.3847,41.9149,-1,1,Autovettura privata,In marcia / fermata / arresto,Passeggero,M,Ricoverato,0,NON DECEDUTO,,,
3952272,17,12/08/2018 00:10:00,Strada Urbana,VIA DI BOCCEA,all'intersezione con,VIA GREGORIO XI,VIA GREGORIO XI,,,Scontro frontale/laterale SX fra veicoli in marcia,Incrocio,Una carreggiata a doppio senso,Asciutto,Asfaltata,Verticale ed orizzontale,Sereno,Scarso,Sufficiente,Sufficiente,6,0,0,0,12.3847,41.9149,-1,1,Autovettura privata,In marcia / fermata / arresto,Passeggero,M,Ricoverato,0,NON DECEDUTO,,,
3952272,17,12/08/2018 00:10:00,Strada Urbana,VIA DI BOCCEA,all'intersezione con,VIA GREGORIO XI,VIA GREGORIO XI,,,Scontro frontale/laterale SX fra veicoli in marcia,Incrocio,Una carreggiata a doppio senso,Asciutto,Asfaltata,Verticale ed orizzontale,Sereno,Scarso,Sufficiente,Sufficiente,6,0,0,0,12.3847,41.9149,-1,2,Autovettura privata,In marcia / fermata / arresto,Conducente,M,Ricoverato,0,NON DECEDUTO,,,
3952272,17,12/08/2018 00:10:00,Strada Urbana,VIA DI BOCCEA,all'intersezione con,VIA GREGORIO XI,VIA GREGORIO XI,,,Scontro frontale/laterale SX fra veicoli in marcia,Incrocio,Una carreggiata a doppio senso,Asciutto,Asfaltata,Verticale ed orizzontale,Sereno,Scarso,Sufficiente,Sufficiente,6,0,0,0,12.3847,41.9149,-1,2,Autovettura privata,In marcia / fermata / arresto,Passeggero,F,Ricoverato,0,NON DECEDUTO,,,
3952272,17,12/08/2018 00:10:00,Strada Urbana,VIA DI BOCCEA,all'intersezione con,VIA GREGORIO XI,VIA GREGORIO XI,,,Scontro frontale/laterale SX fra veicoli in marcia,Incrocio,Una carreggiata a doppio senso,Asciutto,Asfaltata,Verticale ed orizzontale,Sereno,Scarso,Sufficiente,Sufficiente,6,0,0,0,12.3847,41.9149,-1,2,Autovettura privata,In marcia / fermata / arresto,Passeggero,M,Ricoverato,0,NON DECEDUTO,,,
3952275,9,11/08/2018 14:45:00,Strada Urbana,VIA APPIA NUOVA,all'intersezione semaforizzata con,VIA ALLUMIERE,VIA ALLUMIERE,,,Scontro frontale/laterale SX fra veicoli in marcia,Incrocio,Due carreggiate,Asciutto,Asfaltata,Verticale ed orizzontale,Sereno,Scarso,Buona,Ore Diurne,0,0,0,3,12.5317,41.8646,-1,1,Autocarro inferiore 35 q.,In marcia / fermata / arresto,Conducente,M,Illeso,0,,Non accertato,Inesploso,
3952275,9,11/08/2018 14:45:00,Strada Urbana,VIA APPIA NUOVA,all'intersezione semaforizzata con,VIA ALLUMIERE,VIA ALLUMIERE,,,Scontro frontale/laterale SX fra veicoli in marcia,Incrocio,Due carreggiate,Asciutto,Asfaltata,Verticale ed orizzontale,Sereno,Scarso,Buona,Ore Diurne,0,0,0,3,12.5317,41.8646,-1,2,Autovettura privata,In marcia / fermata / arresto,Conducente,M,Illeso,0,,Non accertato,Inesploso,
3952275,9,11/08/2018 14:45:00,Strada Urbana,VIA APPIA NUOVA,all'intersezione semaforizzata con,VIA ALLUMIERE,VIA ALLUMIERE,,,Scontro frontale/laterale SX fra veicoli in marcia,Incrocio,Due carreggiate,Asciutto,Asfaltata,Verticale ed orizzontale,Sereno,Scarso,Buona,Ore Diurne,0,0,0,3,12.5317,41.8646,-1,2,Autovettura privata,In marcia / fermata / arresto,Passeggero,F,Illeso,0,,Non accertato,Inesploso,
3952276,5,12/08/2018 12:10:00,Strada Urbana,VIA MORROVALLE,all'intersezione con,VIA LORETO,VIA LORETO,,,Scontro frontale/laterale DX fra veicoli in marcia,Incrocio,Una carreggiata a senso unico di marcia,Asciutto,Asfaltata,Verticale,Sereno,Normale,Buona,Ore Diurne,0,0,0,2,12.5849,41.9388,-1,1,Autovettura privata,In marcia / fermata / arresto,Conducente,M,Illeso,0,,Non accertato,,
3952276,5,12/08/2018 12:10:00,Strada Urbana,VIA MORROVALLE,all'intersezione con,VIA LORETO,VIA LORETO,,,Scontro frontale/laterale DX fra veicoli in marcia,Incrocio,Una carreggiata a senso unico di marcia,Asciutto,Asfaltata,Verticale,Sereno,Normale,Buona,Ore Diurne,0,0,0,2,12.5849,41.9388,-1,2,Autovettura privata,In marcia / fermata / arresto,Conducente,M,Illeso,0,,Non accertato,,
3952278,10,11/08/2018 03:00:00,Strada Urbana,VIA GENZANO,all'intersezione con,VIA ROCCA PRIORA,VIA ROCCA PRIORA,,,Scontro frontale/laterale DX fra veicoli in marcia,Incrocio,Una carreggiata a doppio senso,Asciutto,Asfaltata,Verticale ed orizzontale,Sereno,Normale,Buona,Sufficiente,5,0,0,1,12.5313,41.8706,-1,1,Autovettura privata,In marcia / fermata / arresto,Conducente,M,Illeso,0,,Non accertato,Inesploso,
3952278,10,11/08/2018 03:00:00,Strada Urbana,VIA GENZANO,all'intersezione con,VIA ROCCA PRIORA,VIA ROCCA PRIORA,,,Scontro frontale/laterale DX fra veicoli in marcia,Incrocio,Una carreggiata a doppio senso,Asciutto,Asfaltata,Verticale ed orizzontale,Sereno,Normale,Buona,Sufficiente,5,0,0,1,12.5313,41.8706,-1,2,Autovettura privata,In marcia / fermata / arresto,Conducente,F,Rimandato,0,NON DECEDUTO,Non accertato,Inesploso,
3952278,10,11/08/2018 03:00:00,Strada Urbana,VIA GENZANO,all'intersezione con,VIA ROCCA PRIORA,VIA ROCCA PRIORA,,,Scontro frontale/laterale DX fra veicoli in marcia,Incrocio,Una carreggiata a doppio senso,Asciutto,Asfaltata,Verticale ed orizzontale,Sereno,Normale,Buona,Sufficiente,5,0,0,1,12.5313,41.8706,-1,2,Autovettura privata,In marcia / fermata / arresto,Passeggero,M,Rimandato,0,NON DECEDUTO,Non accertato,Inesploso,
3952278,10,11/08/2018 03:00:00,Strada Urbana,VIA GENZANO,all'intersezione con,VIA ROCCA PRIORA,VIA ROCCA PRIORA,,,Scontro frontale/laterale DX fra veicoli in marcia,Incrocio,Una carreggiata a doppio senso,Asciutto,Asfaltata,Verticale ed orizzontale,Sereno,Normale,Buona,Sufficiente,5,0,0,1,12.5313,41.8706,-1,2,Autovettura privata,In marcia / fermata / arresto,Passeggero,M,Rimandato,0,NON DECEDUTO,Non accertato,Inesploso,
3952278,10,11/08/2018 03:00:00,Strada Urbana,VIA GENZANO,all'intersezione con,VIA ROCCA PRIORA,VIA ROCCA PRIORA,,,Scontro frontale/laterale DX fra veicoli in marcia,Incrocio,Una carreggiata a doppio senso,Asciutto,Asfaltata,Verticale ed orizzontale,Sereno,Normale,Buona,Sufficiente,5,0,0,1,12.5313,41.8706,-1,2,Autovettura privata,In marcia / fermata / arresto,Passeggero,M,Rimandato,0,NON DECEDUTO,Non accertato,Inesploso,
3952278,10,11/08/2018 03:00:00,Strada Urbana,VIA GENZANO,all'intersezione con,VIA ROCCA PRIORA,VIA ROCCA PRIORA,,,Scontro frontale/laterale DX fra veicoli in marcia,Incrocio,Una carreggiata a doppio senso,Asciutto,Asfaltata,Verticale ed orizzontale,Sereno,Normale,Buona,Sufficiente,5,0,0,1,12.5313,41.8706,-1,2,Autovettura privata,In marcia / fermata / arresto,Passeggero,M,Rimandato,0,NON DECEDUTO,Non accertato,Inesploso,
3952280,17,12/08/2018 15:10:00,Strada Urbana,VIA GIUSEPPE FERRARI,da specificare,,,,fronte civico 49,Scontro laterale fra veicoli in marcia,Rettilineo,Una carreggiata a doppio senso,Asciutto,Asfaltata,Orizzontale,Sereno,Scarso,Buona,Ore Diurne,0,0,0,5,12.4645,41.9142,-1,1,Autovettura privata,In marcia / fermata / arresto,Conducente,M,Illeso,0,,,,
3952280,17,12/08/2018 15:10:00,Strada Urbana,VIA GIUSEPPE FERRARI,da specificare,,,,fronte civico 49,Scontro laterale fra veicoli in marcia,Rettilineo,Una carreggiata a doppio senso,Asciutto,Asfaltata,Orizzontale,Sereno,Scarso,Buona,Ore Diurne,0,0,0,5,12.4645,41.9142,-1,1,Autovettura privata,In marcia / fermata / arresto,Passeggero,M,Illeso,0,,,,
3952280,17,12/08/2018 15:10:00,Strada Urbana,VIA GIUSEPPE FERRARI,da specificare,,,,fronte civico 49,Scontro laterale fra veicoli in marcia,Rettilineo,Una carreggiata a doppio senso,Asciutto,Asfaltata,Orizzontale,Sereno,Scarso,Buona,Ore Diurne,0,0,0,5,12.4645,41.9142,-1,1,Autovettura privata,In marcia / fermata / arresto,Passeggero,F,Illeso,0,,,,
3952280,17,12/08/2018 15:10:00,Strada Urbana,VIA GIUSEPPE FERRARI,da specificare,,,,fronte civico 49,Scontro laterale fra veicoli in marcia,Rettilineo,Una carreggiata a doppio senso,Asciutto,Asfaltata,Orizzontale,Sereno,Scarso,Buona,Ore Diurne,0,0,0,5,12.4645,41.9142,-1,1,Autovettura privata,In marcia / fermata / arresto,Passeggero,M,Illeso,0,,,,
3952280,17,12/08/2018 15:10:00,Strada Urbana,VIA GIUSEPPE FERRARI,da specificare,,,,fronte civico 49,Scontro laterale fra veicoli in marcia,Rettilineo,Una carreggiata a doppio senso,Asciutto,Asfaltata,Orizzontale,Sereno,Scarso,Buona,Ore Diurne,0,0,0,5,12.4645,41.9142,-1,2,Motociclo a solo,In marcia / fermata / arresto,Conducente,M,Illeso,0,,,,
3952281,10,10/08/2018 20:00:00,Strada Urbana,VIA BIAGIO PETROCELLI,all'intersezione con,VIA GABRIELE NAPODANO,VIA GABRIELE NAPODANO,,,Scontro frontale/laterale DX fra veicoli in marcia,Incrocio,Una carreggiata a doppio senso,Asciutto,Asfaltata,Verticale ed orizzontale,Sereno,Scarso,Buona,Ore Diurne,1,0,0,1,12.6075,41.8379,-1,1,Autovettura privata,In marcia / fermata / arresto,Conducente,F,Illeso,0,,Non accertato,Inesploso,
3952281,10,10/08/2018 20:00:00,Strada Urbana,VIA BIAGIO PETROCELLI,all'intersezione con,VIA GABRIELE NAPODANO,VIA GABRIELE NAPODANO,,,Scontro frontale/laterale DX fra veicoli in marcia,Incrocio,Una carreggiata a doppio senso,Asciutto,Asfaltata,Verticale ed orizzontale,Sereno,Scarso,Buona,Ore Diurne,1,0,0,1,12.6075,41.8379,-1,2,Motociclo a solo,In marcia / fermata / arresto,Conducente,M,Rimandato,0,NON DECEDUTO,Non accertato,,
3952286,5,12/08/2018 23:00:00,Strada Urbana,VIA BORGHESIANA,all'intersezione con,VIA GROTTAGLIE,VIA GROTTAGLIE,,,Scontro frontale/laterale SX fra veicoli in marcia,Incrocio,Una carreggiata a doppio senso,Asciutto,Asfaltata,Verticale ed orizzontale,Sereno,Scarso,Buona,Sufficiente,3,0,0,2,12.6691,41.8871,-1,1,Autovettura privata,In marcia / fermata / arresto,Conducente,M,Illeso,0,,Non accertato,,
3952286,5,12/08/2018 23:00:00,Strada Urbana,VIA BORGHESIANA,all'intersezione con,VIA GROTTAGLIE,VIA GROTTAGLIE,,,Scontro frontale/laterale SX fra veicoli in marcia,Incrocio,Una carreggiata a doppio senso,Asciutto,Asfaltata,Verticale ed orizzontale,Sereno,Scarso,Buona,Sufficiente,3,0,0,2,12.6691,41.8871,-1,1,Autovettura privata,In marcia / fermata / arresto,Passeggero,M,Rimandato,0,NON DECEDUTO,Non accertato,,
3952286,5,12/08/2018 23:00:00,Strada Urbana,VIA BORGHESIANA,all'intersezione con,VIA GROTTAGLIE,VIA GROTTAGLIE,,,Scontro frontale/laterale SX fra veicoli in marcia,Incrocio,Una carreggiata a doppio senso,Asciutto,Asfaltata,Verticale ed orizzontale,Sereno,Scarso,Buona,Sufficiente,3,0,0,2,12.6691,41.8871,-1,1,Autovettura privata,In marcia / fermata / arresto,Passeggero,F,Rimandato,0,NON DECEDUTO,Non accertato,,
3952286,5,12/08/2018 23:00:00,Strada Urbana,VIA BORGHESIANA,all'intersezione con,VIA GROTTAGLIE,VIA GROTTAGLIE,,,Scontro frontale/laterale SX fra veicoli in marcia,Incrocio,Una carreggiata a doppio senso,Asciutto,Asfaltata,Verticale ed orizzontale,Sereno,Scarso,Buona,Sufficiente,3,0,0,2,12.6691,41.8871,-1,2,Autovettura privata,In marcia / fermata / arresto,Conducente,M,Illeso,0,,Non accertato,,
3952286,5,12/08/2018 23:00:00,Strada Urbana,VIA BORGHESIANA,all'intersezione con,VIA GROTTAGLIE,VIA GROTTAGLIE,,,Scontro frontale/laterale SX fra veicoli in marcia,Incrocio,Una carreggiata a doppio senso,Asciutto,Asfaltata,Verticale ed orizzontale,Sereno,Scarso,Buona,Sufficiente,3,0,0,2,12.6691,41.8871,-1,2,Autovettura privata,In marcia / fermata / arresto,Passeggero,M,Rimandato,0,NON DECEDUTO,Non accertato,,
3952288,4,11/08/2018 16:50:00,Strada Urbana,VIALE CARNARO,all'intersezione con,PIAZZA ROCCIAMELONE,PIAZZA ROCCIAMELONE,,,Scontro laterale fra veicoli in marcia,Intersezione stradale segnalata,Una carreggiata a senso unico di marcia,Asciutto,Asfaltata,Verticale ed orizzontale,Sereno,Normale,Buona,Ore Diurne,1,0,0,1,12.5328,41.939,-1,1,Autovettura privata,In marcia / fermata / arresto,Conducente,M,Illeso,0,,Non accertato,Inesploso,
3952288,4,11/08/2018 16:50:00,Strada Urbana,VIALE CARNARO,all'intersezione con,PIAZZA ROCCIAMELONE,PIAZZA ROCCIAMELONE,,,Scontro laterale fra veicoli in marcia,Intersezione stradale segnalata,Una carreggiata a senso unico di marcia,Asciutto,Asfaltata,Verticale ed orizzontale,Sereno,Normale,Buona,Ore Diurne,1,0,0,1,12.5328,41.939,-1,2,Motociclo a solo,In marcia / fermata / arresto,Conducente,M,Rimandato,0,NON DECEDUTO,Non accertato,,
3952292,19,10/08/2018 07:45:00,Strada Urbana,VIA GIOVANNI ZENATELLO,all'intersezione con,VIA EMMA CARELLI,VIA EMMA CARELLI,,,Scontro frontale/laterale DX fra veicoli in marcia,Incrocio,Una carreggiata a doppio senso,Asciutto,Asfaltata,Verticale ed orizzontale,Sereno,Normale,Buona,Ore Diurne,1,0,0,1,12.4223,41.9246,-1,1,Autovettura privata,In marcia / fermata / arresto,Conducente,F,Rimandato,0,NON DECEDUTO,Non accertato,Inesploso,
3952292,19,10/08/2018 07:45:00,Strada Urbana,VIA GIOVANNI ZENATELLO,all'intersezione con,VIA EMMA CARELLI,VIA EMMA CARELLI,,,Scontro frontale/laterale DX fra veicoli in marcia,Incrocio,Una carreggiata a doppio senso,Asciutto,Asfaltata,Verticale ed orizzontale,Sereno,Normale,Buona,Ore Diurne,1,0,0,1,12.4223,41.9246,-1,2,Autovettura privata,In marcia / fermata / arresto,Conducente,F,Illeso,0,,Non accertato,Inesploso,
3952293,12,11/08/2018 03:20:00,Strada Urbana,VIALE DEL PATTINAGGIO,da specificare,,,,altezza entrata CAMPI SPORTIVI,Tamponamento,Rettilineo,Una carreggiata a doppio senso,Asciutto,Asfaltata,Assente,Sereno,Scarso,Buona,Sufficiente,1,0,0,1,12.472,41.8417,-1,1,Motociclo a solo,In marcia / fermata / arresto,Conducente,M,Rimandato,0,NON DECEDUTO,Non accertato,,
3952293,12,11/08/2018 03:20:00,Strada Urbana,VIALE DEL PATTINAGGIO,da specificare,,,,altezza entrata CAMPI SPORTIVI,Tamponamento,Rettilineo,Una carreggiata a doppio senso,Asciutto,Asfaltata,Assente,Sereno,Scarso,Buona,Sufficiente,1,0,0,1,12.472,41.8417,-1,2,Autovettura privata,In marcia / fermata / arresto,Conducente,M,Illeso,0,,Non accertato,Inesploso,
3952295,18,11/08/2018 07:55:00,Strada Urbana,LARGO BEATA TERESA VERZERI,da specificare,,,,fronte civico 1,Scontro frontale/laterale SX fra veicoli in marcia,Curva senza visuale libera,Una carreggiata a doppio senso,Asciutto,Asfaltata,Assente,Sereno,Scarso,Buona,Ore Diurne,4,0,0,0,12.3951,41.9119,-1,1,Autovettura privata,In marcia / fermata / arresto,Conducente,F,Rimandato,0,NON DECEDUTO,,,
3952295,18,11/08/2018 07:55:00,Strada Urbana,LARGO BEATA TERESA VERZERI,da specificare,,,,fronte civico 1,Scontro frontale/laterale SX fra veicoli in marcia,Curva senza visuale libera,Una carreggiata a doppio senso,Asciutto,Asfaltata,Assente,Sereno,Scarso,Buona,Ore Diurne,4,0,0,0,12.3951,41.9119,-1,1,Autovettura privata,In marcia / fermata / arresto,Passeggero,F,Rifiuta cure immediate,0,NON DECEDUTO,,,
3952295,18,11/08/2018 07:55:00,Strada Urbana,LARGO BEATA TERESA VERZERI,da specificare,,,,fronte civico 1,Scontro frontale/laterale SX fra veicoli in marcia,Curva senza visuale libera,Una carreggiata a doppio senso,Asciutto,Asfaltata,Assente,Sereno,Scarso,Buona,Ore Diurne,4,0,0,0,12.3951,41.9119,-1,1,Autovettura privata,In marcia / fermata / arresto,Passeggero,F,Rimandato,0,NON DECEDUTO,,,
3952295,18,11/08/2018 07:55:00,Strada Urbana,LARGO BEATA TERESA VERZERI,da specificare,,,,fronte civico 1,Scontro frontale/laterale SX fra veicoli in marcia,Curva senza visuale libera,Una carreggiata a doppio senso,Asciutto,Asfaltata,Assente,Sereno,Scarso,Buona,Ore Diurne,4,0,0,0,12.3951,41.9119,-1,2,Autovettura privata,In marcia / fermata / arresto,Conducente,M,Rimandato,0,NON DECEDUTO,,,
3952296,9,11/08/2018 16:30:00,Strada Urbana,PIAZZALE LABICANO,da specificare,,,,alt. semaforo (corsia direzione Scalo S. Lorenzo),Scontro laterale fra veicoli in marcia,Rettilineo,Una carreggiata a senso unico di marcia,Asciutto,Asfaltata,Verticale ed orizzontale,Sereno,Scarso,Buona,Ore Diurne,0,0,0,2,12.5156,41.8912,-1,1,Autovettura privata,In marcia / fermata / arresto,Conducente,F,Illeso,0,,Non accertato,Inesploso,
3952296,9,11/08/2018 16:30:00,Strada Urbana,PIAZZALE LABICANO,da specificare,,,,alt. semaforo (corsia direzione Scalo S. Lorenzo),Scontro laterale fra veicoli in marcia,Rettilineo,Una carreggiata a senso unico di marcia,Asciutto,Asfaltata,Verticale ed orizzontale,Sereno,Scarso,Buona,Ore Diurne,0,0,0,2,12.5156,41.8912,-1,2,Autovettura privata,In marcia / fermata / arresto,Conducente,F,Illeso,0,,Non accertato,Inesploso,
3952299,23,12/08/2018 18:50:00,Strada Urbana,VIA CRISTOFORO COLOMBO,all'intersezione semaforizzata con,VIALE DELLA VILLA DI PLINIO,VIALE DELLA VILLA DI PLINIO,,,Scontro frontale/laterale SX fra veicoli in marcia,Intersezione semaforizzata,Pi� di due carreggiate,Asciutto,Asfaltata,Verticale ed orizzontale,Sereno,Scarso,Buona,Ore Diurne,2,0,0,2,12.3279,41.7227,-1,1,Autovettura di polizia,In marcia / fermata / arresto,Conducente,M,Rimandato,0,NON DECEDUTO,Non accertato,Inesploso,
3952299,23,12/08/2018 18:50:00,Strada Urbana,VIA CRISTOFORO COLOMBO,all'intersezione semaforizzata con,VIALE DELLA VILLA DI PLINIO,VIALE DELLA VILLA DI PLINIO,,,Scontro frontale/laterale SX fra veicoli in marcia,Intersezione semaforizzata,Pi� di due carreggiate,Asciutto,Asfaltata,Verticale ed orizzontale,Sereno,Scarso,Buona,Ore Diurne,2,0,0,2,12.3279,41.7227,-1,1,Autovettura di polizia,In marcia / fermata / arresto,Passeggero,M,Rimandato,0,NON DECEDUTO,Non accertato,Inesploso,
3952299,23,12/08/2018 18:50:00,Strada Urbana,VIA CRISTOFORO COLOMBO,all'intersezione semaforizzata con,VIALE DELLA VILLA DI PLINIO,VIALE DELLA VILLA DI PLINIO,,,Scontro frontale/laterale SX fra veicoli in marcia,Intersezione semaforizzata,Pi� di due carreggiate,Asciutto,Asfaltata,Verticale ed orizzontale,Sereno,Scarso,Buona,Ore Diurne,2,0,0,2,12.3279,41.7227,-1,2,Autovettura privata,In marcia / fermata / arresto,Conducente,M,Illeso,0,,Non accertato,Inesploso,
3952299,23,12/08/2018 18:50:00,Strada Urbana,VIA CRISTOFORO COLOMBO,all'intersezione semaforizzata con,VIALE DELLA VILLA DI PLINIO,VIALE DELLA VILLA DI PLINIO,,,Scontro frontale/laterale SX fra veicoli in marcia,Intersezione semaforizzata,Pi� di due carreggiate,Asciutto,Asfaltata,Verticale ed orizzontale,Sereno,Scarso,Buona,Ore Diurne,2,0,0,2,12.3279,41.7227,-1,2,Autovettura privata,In marcia / fermata / arresto,Passeggero,F,Illeso,0,,Non accertato,Inesploso,
3952302,19,10/08/2018 09:00:00,Strada Urbana,VIA DI S. MARIA DI GALERIA,in prossimit�,,del civico n.,472,,Tamponamento Multiplo,Curva senza visuale libera,Una carreggiata a doppio senso,Asciutto,Asfaltata,Assente,Sereno,Normale,Buona,Ore Diurne,2,0,0,5,12.3117,42.0104,-1,1,Autovettura privata,In marcia / fermata / arresto,Conducente,M,Illeso,0,,Non utilizzato,Inesploso,
3952302,19,10/08/2018 09:00:00,Strada Urbana,VIA DI S. MARIA DI GALERIA,in prossimit�,,del civico n.,472,,Tamponamento Multiplo,Curva senza visuale libera,Una carreggiata a doppio senso,Asciutto,Asfaltata,Assente,Sereno,Normale,Buona,Ore Diurne,2,0,0,5,12.3117,42.0104,-1,2,Autovettura privata,In marcia / fermata / arresto,Conducente,F,Illeso,0,,Non accertato,Inesploso,
3952302,19,10/08/2018 09:00:00,Strada Urbana,VIA DI S. MARIA DI GALERIA,in prossimit�,,del civico n.,472,,Tamponamento Multiplo,Curva senza visuale libera,Una carreggiata a doppio senso,Asciutto,Asfaltata,Assente,Sereno,Normale,Buona,Ore Diurne,2,0,0,5,12.3117,42.0104,-1,2,Autovettura privata,In marcia / fermata / arresto,Passeggero,F,Illeso,0,,Non accertato,Inesploso,
3952302,19,10/08/2018 09:00:00,Strada Urbana,VIA DI S. MARIA DI GALERIA,in prossimit�,,del civico n.,472,,Tamponamento Multiplo,Curva senza visuale libera,Una carreggiata a doppio senso,Asciutto,Asfaltata,Assente,Sereno,Normale,Buona,Ore Diurne,2,0,0,5,12.3117,42.0104,-1,3,Autovettura privata,In marcia / fermata / arresto,Conducente,M,Illeso,0,,Non accertato,Inesploso,
3952302,19,10/08/2018 09:00:00,Strada Urbana,VIA DI S. MARIA DI GALERIA,in prossimit�,,del civico n.,472,,Tamponamento Multiplo,Curva senza visuale libera,Una carreggiata a doppio senso,Asciutto,Asfaltata,Assente,Sereno,Normale,Buona,Ore Diurne,2,0,0,5,12.3117,42.0104,-1,3,Autovettura privata,In marcia / fermata / arresto,Passeggero,F,Illeso,0,,Non accertato,Inesploso,
3952302,19,10/08/2018 09:00:00,Strada Urbana,VIA DI S. MARIA DI GALERIA,in prossimit�,,del civico n.,472,,Tamponamento Multiplo,Curva senza visuale libera,Una carreggiata a doppio senso,Asciutto,Asfaltata,Assente,Sereno,Normale,Buona,Ore Diurne,2,0,0,5,12.3117,42.0104,-1,4,Autovettura privata,In marcia / fermata / arresto,Conducente,M,Rimandato,0,NON DECEDUTO,Non accertato,Inesploso,
3952302,19,10/08/2018 09:00:00,Strada Urbana,VIA DI S. MARIA DI GALERIA,in prossimit�,,del civico n.,472,,Tamponamento Multiplo,Curva senza visuale libera,Una carreggiata a doppio senso,Asciutto,Asfaltata,Assente,Sereno,Normale,Buona,Ore Diurne,2,0,0,5,12.3117,42.0104,-1,4,Autovettura privata,In marcia / fermata / arresto,Passeggero,F,Rimandato,0,NON DECEDUTO,Non accertato,Inesploso,
3952304,1,11/08/2018 00:30:00,Strada Urbana,LUNGOTEVERE DEI VALLATI,in prossimit�,,del civico n.,20,,Tamponamento,Rettilineo,Una carreggiata a senso unico di marcia,Asciutto,Asfaltata,Verticale ed orizzontale,Sereno,Scarso,Buona,Sufficiente,0,0,0,3,12.4729,41.892,-1,1,Autovettura privata,In marcia / fermata / arresto,Conducente,M,Illeso,0,,,,
3952304,1,11/08/2018 00:30:00,Strada Urbana,LUNGOTEVERE DEI VALLATI,in prossimit�,,del civico n.,20,,Tamponamento,Rettilineo,Una carreggiata a senso unico di marcia,Asciutto,Asfaltata,Verticale ed orizzontale,Sereno,Scarso,Buona,Sufficiente,0,0,0,3,12.4729,41.892,-1,2,Autovettura privata,In marcia / fermata / arresto,Conducente,F,Illeso,0,,,,
3952304,1,11/08/2018 00:30:00,Strada Urbana,LUNGOTEVERE DEI VALLATI,in prossimit�,,del civico n.,20,,Tamponamento,Rettilineo,Una carreggiata a senso unico di marcia,Asciutto,Asfaltata,Verticale ed orizzontale,Sereno,Scarso,Buona,Sufficiente,0,0,0,3,12.4729,41.892,-1,2,Autovettura privata,In marcia / fermata / arresto,Passeggero,F,Illeso,0,,,,
3952307,20,12/08/2018 18:30:00,Provinciale entro l'abitato,VIA ANGUILLARESE,da specificare,,,,prossimit� via della Casaccia,Fuoriuscita dalla sede stradale,Curva senza visuale libera,Una carreggiata a doppio senso,Asciutto,Asfaltata,Verticale ed orizzontale,Sereno,Scarso,Buona,Ore Diurne,0,0,0,3,12.2922,42.0626,-1,1,Autovettura privata,In marcia / fermata / arresto,Conducente,M,Illeso,0,,Non accertato,Inesploso,
3952307,20,12/08/2018 18:30:00,Provinciale entro l'abitato,VIA ANGUILLARESE,da specificare,,,,prossimit� via della Casaccia,Fuoriuscita dalla sede stradale,Curva senza visuale libera,Una carreggiata a doppio senso,Asciutto,Asfaltata,Verticale ed orizzontale,Sereno,Scarso,Buona,Ore Diurne,0,0,0,3,12.2922,42.0626,-1,1,Autovettura privata,In marcia / fermata / arresto,Passeggero,M,Illeso,0,,Non accertato,,
3952307,20,12/08/2018 18:30:00,Provinciale entro l'abitato,VIA ANGUILLARESE,da specificare,,,,prossimit� via della Casaccia,Fuoriuscita dalla sede stradale,Curva senza visuale libera,Una carreggiata a doppio senso,Asciutto,Asfaltata,Verticale ed orizzontale,Sereno,Scarso,Buona,Ore Diurne,0,0,0,3,12.2922,42.0626,-1,1,Autovettura privata,In marcia / fermata / arresto,Passeggero,M,Illeso,0,,Non accertato,,
3952308,10,12/08/2018 01:00:00,Strada Urbana,VIA DELLA TENUTA DEL CASALOTTO,in prossimit�,,del civico n.,23c,,Veicolo in marcia contro ostacolo accidentale,Rettilineo,Una carreggiata a senso unico di marcia,Asciutto,Asfaltata,Assente,Sereno,Scarso,Insufficiente,Inesistente,0,0,0,2,12.6149,41.8144,-1,1,Autovettura privata,In marcia / fermata / arresto,Conducente,M,Illeso,0,,Non accertato,Inesploso,