Protocollo,Gruppo,DataOraIncidente,Localizzazione1,STRADA1,Localizzazione2,STRADA2,Strada02,Chilometrica,DaSpecificare,NaturaIncidente,particolaritastrade,TipoStrada,FondoStradale,Pavimentazione,Segnaletica,CondizioneAtmosferica,Traffico,Visibilita,Illuminazione,NUM_FERITI,NUM_RISERVATA,NUM_MORTI,NUM_ILLESI,Longitudine,Latitudine,Confermato,Progressivo,TipoVeicolo,StatoVeicolo,TipoPersona,Sesso,Tipolesione,Deceduto,DecedutoDopo,CinturaCascoUtilizzato,Airbag,
3952308,10,12/08/2018 01:00:00,Strada Urbana,VIA DELLA TENUTA DEL CASALOTTO,in prossimit�,,del civico n.,23c,,Veicolo in marcia contro ostacolo accidentale,Rettilineo,Una carreggiata a senso unico di marcia,Asciutto,Asfaltata,Assente,Sereno,Scarso,Insufficiente,Inesistente,0,0,0,2,12.6149,41.8144,-1,1,Autovettura privata,In marcia / fermata / arresto,Passeggero,M,Illeso,0,,Non accertato,Inesploso,
3952316,12,12/08/2018 16:00:00,Strada Urbana,VIA CRISTOFORO COLOMBO,da specificare,,,,prossimit� P.LE 25 MARZO 1957 dir. Ostia,Tamponamento,Rettilineo,Pi� di due carreggiate,Asciutto,Asfaltata,Verticale ed orizzontale,Sereno,Scarso,Buona,Ore Diurne,0,0,0,5,12.4633,41.819,-1,1,Autovettura privata,In marcia / fermata / arresto,Conducente,M,Illeso,0,,,,
3952316,12,12/08/2018 16:00:00,Strada Urbana,VIA CRISTOFORO COLOMBO,da specificare,,,,prossimit� P.LE 25 MARZO 1957 dir. Ostia,Tamponamento,Rettilineo,Pi� di due carreggiate,Asciutto,Asfaltata,Verticale ed orizzontale,Sereno,Scarso,Buona,Ore Diurne,0,0,0,5,12.4633,41.819,-1,1,Autovettura privata,In marcia / fermata / arresto,Passeggero,F,Illeso,0,,,,
3952316,12,12/08/2018 16:00:00,Strada Urbana,VIA CRISTOFORO COLOMBO,da specificare,,,,prossimit� P.LE 25 MARZO 1957 dir. Ostia,Tamponamento,Rettilineo,Pi� di due carreggiate,Asciutto,Asfaltata,Verticale ed orizzontale,Sereno,Scarso,Buona,Ore Diurne,0,0,0,5,12.4633,41.819,-1,1,Autovettura privata,In marcia / fermata / arresto,Passeggero,M,Illeso,0,,,,
3952316,12,12/08/2018 16:00:00,Strada Urbana,VIA CRISTOFORO COLOMBO,da specificare,,,,prossimit� P.LE 25 MARZO 1957 dir. Ostia,Tamponamento,Rettilineo,Pi� di due carreggiate,Asciutto,Asfaltata,Verticale ed orizzontale,Sereno,Scarso,Buona,Ore Diurne,0,0,0,5,12.4633,41.819,-1,1,Autovettura privata,In marcia / fermata / arresto,Passeggero,M,Illeso,0,,,,
3952316,12,12/08/2018 16:00:00,Strada Urbana,VIA CRISTOFORO COLOMBO,da specificare,,,,prossimit� P.LE 25 MARZO 1957 dir. Ostia,Tamponamento,Rettilineo,Pi� di due carreggiate,Asciutto,Asfaltata,Verticale ed orizzontale,Sereno,Scarso,Buona,Ore Diurne,0,0,0,5,12.4633,41.819,-1,2,Autovettura privata,In marcia / fermata / arresto,Conducente,M,Illeso,0,,,,
3952318,18,11/08/2018 08:50:00,Strada Urbana,PIAZZA PIO XI,all'intersezione semaforizzata con,VIA ANASTASIO II,VIA ANASTASIO II,,,Scontro laterale fra veicoli in marcia,Incrocio,Una carreggiata a senso unico di marcia,Asciutto,Asfaltata,Verticale ed orizzontale,Sereno,Intenso,Buona,Ore Diurne,0,0,0,5,12.4386,41.895,-1,1,Autovettura privata,In marcia / fermata / arresto,Conducente,M,Illeso,0,,,,
3952318,18,11/08/2018 08:50:00,Strada Urbana,PIAZZA PIO XI,all'intersezione semaforizzata con,VIA ANASTASIO II,VIA ANASTASIO II,,,Scontro laterale fra veicoli in marcia,Incrocio,Una carreggiata a senso unico di marcia,Asciutto,Asfaltata,Verticale ed orizzontale,Sereno,Intenso,Buona,Ore Diurne,0,0,0,5,12.4386,41.895,-1,1,Autovettura privata,In marcia / fermata / arresto,Passeggero,M,Illeso,0,,,,
3952318,18,11/08/2018 08:50:00,Strada Urbana,PIAZZA PIO XI,all'intersezione semaforizzata con,VIA ANASTASIO II,VIA ANASTASIO II,,,Scontro laterale fra veicoli in marcia,Incrocio,Una carreggiata a senso unico di marcia,Asciutto,Asfaltata,Verticale ed orizzontale,Sereno,Intenso,Buona,Ore Diurne,0,0,0,5,12.4386,41.895,-1,1,Autovettura privata,In marcia / fermata / arresto,Passeggero,F,Illeso,0,,,,
3952318,18,11/08/2018 08:50:00,Strada Urbana,PIAZZA PIO XI,all'intersezione semaforizzata con,VIA ANASTASIO II,VIA ANASTASIO II,,,Scontro laterale fra veicoli in marcia,Incrocio,Una carreggiata a senso unico di marcia,Asciutto,Asfaltata,Verticale ed orizzontale,Sereno,Intenso,Buona,Ore Diurne,0,0,0,5,12.4386,41.895,-1,2,Autobus turistico,In marcia / fermata / arresto,Conducente,M,Illeso,0,,,,
3952318,18,11/08/2018 08:50:00,Strada Urbana,PIAZZA PIO XI,all'intersezione semaforizzata con,VIA ANASTASIO II,VIA ANASTASIO II,,,Scontro laterale fra veicoli in marcia,Incrocio,Una carreggiata a senso unico di marcia,Asciutto,Asfaltata,Verticale ed orizzontale,Sereno,Intenso,Buona,Ore Diurne,0,0,0,5,12.4386,41.895,-1,2,Autobus turistico,In marcia / fermata / arresto,Passeggero,M,Illeso,0,,,,
3952322,9,12/08/2018 11:10:00,Strada Urbana,VIA APPIA NUOVA,in corrispondenza,,del civico n.,272,,Scontro laterale fra veicoli in marcia,Rettilineo,Due carreggiate,Asciutto,Asfaltata,Assente,Sereno,Scarso,Buona,Ore Diurne,0,0,0,4,12.517,41.8791,-1,1,Autobus turistico,In marcia / fermata / arresto,Conducente,M,Illeso,0,,Non accertato,Inesploso,
3952322,9,12/08/2018 11:10:00,Strada Urbana,VIA APPIA NUOVA,in corrispondenza,,del civico n.,272,,Scontro laterale fra veicoli in marcia,Rettilineo,Due carreggiate,Asciutto,Asfaltata,Assente,Sereno,Scarso,Buona,Ore Diurne,0,0,0,4,12.517,41.8791,-1,1,Autobus turistico,In marcia / fermata / arresto,Passeggero,M,Illeso,0,,Non accertato,Inesistente,
3952322,9,12/08/2018 11:10:00,Strada Urbana,VIA APPIA NUOVA,in corrispondenza,,del civico n.,272,,Scontro laterale fra veicoli in marcia,Rettilineo,Due carreggiate,Asciutto,Asfaltata,Assente,Sereno,Scarso,Buona,Ore Diurne,0,0,0,4,12.517,41.8791,-1,2,Autovettura privata,In marcia / fermata / arresto,Conducente,F,Illeso,0,,Non accertato,Inesploso,
3952322,9,12/08/2018 11:10:00,Strada Urbana,VIA APPIA NUOVA,in corrispondenza,,del civico n.,272,,Scontro laterale fra veicoli in marcia,Rettilineo,Due carreggiate,Asciutto,Asfaltata,Assente,Sereno,Scarso,Buona,Ore Diurne,0,0,0,4,12.517,41.8791,-1,2,Autovettura privata,In marcia / fermata / arresto,Passeggero,M,Illeso,0,,Non accertato,Inesploso,
3952325,10,12/08/2018 06:45:00,Strada Urbana,VIA TUSCOLANA,all'intersezione semaforizzata con,VIALE PALMIRO TOGLIATTI,VIALE PALMIRO TOGLIATTI,,,Scontro frontale/laterale DX fra veicoli in marcia,Incrocio,Due carreggiate,Asciutto,Asfaltata,Verticale ed orizzontale,Sereno,Scarso,Buona,Ore Diurne,1,0,0,2,12.57,41.8524,-1,1,Autovettura privata,In marcia / fermata / arresto,Conducente,M,Illeso,0,,Non accertato,Inesploso,
3952325,10,12/08/2018 06:45:00,Strada Urbana,VIA TUSCOLANA,all'intersezione semaforizzata con,VIALE PALMIRO TOGLIATTI,VIALE PALMIRO TOGLIATTI,,,Scontro frontale/laterale DX fra veicoli in marcia,Incrocio,Due carreggiate,Asciutto,Asfaltata,Verticale ed orizzontale,Sereno,Scarso,Buona,Ore Diurne,1,0,0,2,12.57,41.8524,-1,2,Motociclo con passeggero,In marcia / fermata / arresto,Conducente,M,Illeso,0,,Non accertato,,
3952325,10,12/08/2018 06:45:00,Strada Urbana,VIA TUSCOLANA,all'intersezione semaforizzata con,VIALE PALMIRO TOGLIATTI,VIALE PALMIRO TOGLIATTI,,,Scontro frontale/laterale DX fra veicoli in marcia,Incrocio,Due carreggiate,Asciutto,Asfaltata,Verticale ed orizzontale,Sereno,Scarso,Buona,Ore Diurne,1,0,0,2,12.57,41.8524,-1,2,Motociclo con passeggero,In marcia / fermata / arresto,Passeggero,F,Rimandato,0,NON DECEDUTO,Non accertato,,
3952331,17,12/08/2018 22:15:00,Strada Urbana,LUNGOTEVERE RAFFAELLO SANZIO,all'intersezione semaforizzata con,PONTE GARIBALDI,PONTE GARIBALDI,,,Scontro laterale fra veicoli in marcia,Intersezione semaforizzata,Una carreggiata a senso unico di marcia,Asciutto,Asfaltata,Verticale ed orizzontale,Sereno,Normale,Buona,Sufficiente,0,0,0,2,12.4743,41.8903,-1,1,Autovettura pubblica,In marcia / fermata / arresto,Conducente,M,Illeso,0,,,,
3952331,17,12/08/2018 22:15:00,Strada Urbana,LUNGOTEVERE RAFFAELLO SANZIO,all'intersezione semaforizzata con,PONTE GARIBALDI,PONTE GARIBALDI,,,Scontro laterale fra veicoli in marcia,Intersezione semaforizzata,Una carreggiata a senso unico di marcia,Asciutto,Asfaltata,Verticale ed orizzontale,Sereno,Normale,Buona,Sufficiente,0,0,0,2,12.4743,41.8903,-1,2,Autovettura privata,In marcia / fermata / arresto,Conducente,M,Illeso,0,,,,
3952336,1,10/08/2018 12:20:00,Strada Urbana,VIA PRINCIPE AMEDEO,in corrispondenza,,del civico n.,287,,Veicolo in marcia contro ostacolo accidentale,Rettilineo,Una carreggiata a senso unico di marcia,Asciutto,Asfaltata,Verticale ed orizzontale,Sereno,Normale,Buona,Ore Diurne,0,0,0,2,12.5065,41.895,-1,1,Autovettura privata,In marcia / fermata / arresto,Conducente,M,Illeso,0,,Non accertato,,
3952336,1,10/08/2018 12:20:00,Strada Urbana,VIA PRINCIPE AMEDEO,in corrispondenza,,del civico n.,287,,Veicolo in marcia contro ostacolo accidentale,Rettilineo,Una carreggiata a senso unico di marcia,Asciutto,Asfaltata,Verticale ed orizzontale,Sereno,Normale,Buona,Ore Diurne,0,0,0,2,12.5065,41.895,-1,2,Autovettura privata,In marcia / fermata / arresto,Conducente,M,Illeso,0,,Non accertato,,
3952341,8,11/08/2018 10:50:00,Strada Urbana,VIA DELL'AQUILA REALE,all'intersezione con,VIA DEL PELLICANO,VIA DEL PELLICANO,,,Scontro frontale/laterale DX fra veicoli in marcia,Incrocio,Una carreggiata a doppio senso,Asciutto,Asfaltata,Orizzontale,Sereno,Scarso,Buona,Ore Diurne,1,0,0,1,12.5962,41.8644,-1,1,Autovettura privata,In marcia / fermata / arresto,Conducente,M,Rifiuta cure immediate,0,NON DECEDUTO,Non accertato,Inesploso,
3952341,8,11/08/2018 10:50:00,Strada Urbana,VIA DELL'AQUILA REALE,all'intersezione con,VIA DEL PELLICANO,VIA DEL PELLICANO,,,Scontro frontale/laterale DX fra veicoli in marcia,Incrocio,Una carreggiata a doppio senso,Asciutto,Asfaltata,Orizzontale,Sereno,Scarso,Buona,Ore Diurne,1,0,0,1,12.5962,41.8644,-1,2,Autovettura privata,In marcia / fermata / arresto,Conducente,M,Illeso,0,,Non accertato,Inesploso,
3952346,10,11/08/2018 10:35:00,Strada Urbana,VIA LUCREZIA ROMANA,all'intersezione con,VIA MARIO BROGLIO,VIA MARIO BROGLIO,,,Scontro frontale/laterale SX fra veicoli in marcia,Incrocio,Una carreggiata a doppio senso,Asciutto,Asfaltata,Verticale ed orizzontale,Sereno,Scarso,Buona,Ore Diurne,0,0,0,3,12.5784,41.8322,-1,1,Autovettura privata,In marcia / fermata / arresto,Conducente,M,Illeso,0,,Non accertato,Inesploso,
3952346,10,11/08/2018 10:35:00,Strada Urbana,VIA LUCREZIA ROMANA,all'intersezione con,VIA MARIO BROGLIO,VIA MARIO BROGLIO,,,Scontro frontale/laterale SX fra veicoli in marcia,Incrocio,Una carreggiata a doppio senso,Asciutto,Asfaltata,Verticale ed orizzontale,Sereno,Scarso,Buona,Ore Diurne,0,0,0,3,12.5784,41.8322,-1,1,Autovettura privata,In marcia / fermata / arresto,Passeggero,F,Illeso,0,,Non accertato,Inesploso,
3952346,10,11/08/2018 10:35:00,Strada Urbana,VIA LUCREZIA ROMANA,all'intersezione con,VIA MARIO BROGLIO,VIA MARIO BROGLIO,,,Scontro frontale/laterale SX fra veicoli in marcia,Incrocio,Una carreggiata a doppio senso,Asciutto,Asfaltata,Verticale ed orizzontale,Sereno,Scarso,Buona,Ore Diurne,0,0,0,3,12.5784,41.8322,-1,2,Autovettura privata,In marcia / fermata / arresto,Conducente,M,Illeso,0,,,,
3952349,8,12/08/2018 17:20:00,Strada Urbana,VIA BORGHESIANA,in prossimit�,,del civico n.,400,,Veicolo in marcia contro ostacolo accidentale,Rettilineo,Una carreggiata a doppio senso,Asciutto,Strada pavimentata dissestata,Orizzontale,Sereno,Normale,Buona,Ore Diurne,0,0,0,3,12.6752,41.8652,-1,1,Autovettura privata,In marcia / fermata / arresto,Conducente,M,Illeso,0,,,,
3952349,8,12/08/2018 17:20:00,Strada Urbana,VIA BORGHESIANA,in prossimit�,,del civico n.,400,,Veicolo in marcia contro ostacolo accidentale,Rettilineo,Una carreggiata a doppio senso,Asciutto,Strada pavimentata dissestata,Orizzontale,Sereno,Normale,Buona,Ore Diurne,0,0,0,3,12.6752,41.8652,-1,1,Autovettura privata,In marcia / fermata / arresto,Passeggero,M,Illeso,0,,,,
3952349,8,12/08/2018 17:20:00,Strada Urbana,VIA BORGHESIANA,in prossimit�,,del civico n.,400,,Veicolo in marcia contro ostacolo accidentale,Rettilineo,Una carreggiata a doppio senso,Asciutto,Strada pavimentata dissestata,Orizzontale,Sereno,Normale,Buona,Ore Diurne,0,0,0,3,12.6752,41.8652,-1,1,Autovettura privata,In marcia / fermata / arresto,Passeggero,M,Illeso,0,,,,
3952354,12,12/08/2018 16:30:00,Strada Urbana,VIA CRISTOFORO COLOMBO,da specificare,,,,Altezza P.le 25 Marzo 1957 dir.GRA,Tamponamento,Rettilineo,Due carreggiate,Asciutto,Asfaltata,Verticale ed orizzontale,Sereno,Normale,Buona,Ore Diurne,0,0,0,3,12.4633,41.8188,-1,1,Autovettura privata,In marcia / fermata / arresto,Conducente,F,Illeso,0,,,,
3952354,12,12/08/2018 16:30:00,Strada Urbana,VIA CRISTOFORO COLOMBO,da specificare,,,,Altezza P.le 25 Marzo 1957 dir.GRA,Tamponamento,Rettilineo,Due carreggiate,Asciutto,Asfaltata,Verticale ed orizzontale,Sereno,Normale,Buona,Ore Diurne,0,0,0,3,12.4633,41.8188,-1,2,Autovettura privata,In marcia / fermata / arresto,Conducente,M,Illeso,0,,,,
3952354,12,12/08/2018 16:30:00,Strada Urbana,VIA CRISTOFORO COLOMBO,da specificare,,,,Altezza P.le 25 Marzo 1957 dir.GRA,Tamponamento,Rettilineo,Due carreggiate,Asciutto,Asfaltata,Verticale ed orizzontale,Sereno,Normale,Buona,Ore Diurne,0,0,0,3,12.4633,41.8188,-1,2,Autovettura privata,In marcia / fermata / arresto,Passeggero,M,Illeso,0,,Utilizzato,,
3952361,19,10/08/2018 18:15:00,Strada Urbana,VIALE DELLE MEDAGLIE D'ORO,in prossimit�,,del civico n.,153,,Investimento di pedone,Rettilineo,Una carreggiata a doppio senso,Asciutto,Asfaltata,Orizzontale,Sereno,Scarso,Buona,Ore Diurne,1,0,0,1,12.4431,41.9146,-1,,,,Pedone,F,Rimandato,0,NON DECEDUTO,,,
3952361,19,10/08/2018 18:15:00,Strada Urbana,VIALE DELLE MEDAGLIE D'ORO,in prossimit�,,del civico n.,153,,Investimento di pedone,Rettilineo,Una carreggiata a doppio senso,Asciutto,Asfaltata,Orizzontale,Sereno,Scarso,Buona,Ore Diurne,1,0,0,1,12.4431,41.9146,-1,1,Motociclo a solo,In marcia / fermata / arresto,Conducente,M,Illeso,0,,Non accertato,,
3952367,1,11/08/2018 11:30:00,Strada Urbana,VIA DEL TRITONE,in corrispondenza,,del civico n.,28,,Investimento di pedone,Rettilineo,Una carreggiata a doppio senso,Asciutto,Asfaltata,Verticale ed orizzontale,Sereno,Scarso,Buona,Ore Diurne,1,0,0,2,12.4838,41.9024,-1,,,,Pedone,M,Rimandato,0,NON DECEDUTO,,,
3952367,1,11/08/2018 11:30:00,Strada Urbana,VIA DEL TRITONE,in corrispondenza,,del civico n.,28,,Investimento di pedone,Rettilineo,Una carreggiata a doppio senso,Asciutto,Asfaltata,Verticale ed orizzontale,Sereno,Scarso,Buona,Ore Diurne,1,0,0,2,12.4838,41.9024,-1,1,Autobus di linea,In marcia / fermata / arresto,Conducente,M,Illeso,0,,Non accertato,,
3952367,1,11/08/2018 11:30:00,Strada Urbana,VIA DEL TRITONE,in corrispondenza,,del civico n.,28,,Investimento di pedone,Rettilineo,Una carreggiata a doppio senso,Asciutto,Asfaltata,Verticale ed orizzontale,Sereno,Scarso,Buona,Ore Diurne,1,0,0,2,12.4838,41.9024,-1,1,Autobus di linea,In marcia / fermata / arresto,Passeggero,M,Illeso,0,,Esente,,
3952369,19,10/08/2018 22:15:00,Strada Urbana,VIA CASSIA,in corrispondenza,,del civico n.,413,,Scontro frontale/laterale SX fra veicoli in marcia,Curva senza visuale libera,Una carreggiata a doppio senso,Asciutto,Asfaltata,Orizzontale,Sereno,Scarso,Buona,Sufficiente,1,0,0,2,12.4573,41.9564,-1,1,Autovettura privata,In marcia / fermata / arresto,Conducente,M,Illeso,0,,Non accertato,Inesploso,
3952369,19,10/08/2018 22:15:00,Strada Urbana,VIA CASSIA,in corrispondenza,,del civico n.,413,,Scontro frontale/laterale SX fra veicoli in marcia,Curva senza visuale libera,Una carreggiata a doppio senso,Asciutto,Asfaltata,Orizzontale,Sereno,Scarso,Buona,Sufficiente,1,0,0,2,12.4573,41.9564,-1,1,Autovettura privata,In marcia / fermata / arresto,Passeggero,F,Rifiuta cure immediate,0,NON DECEDUTO,Non accertato,Inesploso,
3952369,19,10/08/2018 22:15:00,Strada Urbana,VIA CASSIA,in corrispondenza,,del civico n.,413,,Scontro frontale/laterale SX fra veicoli in marcia,Curva senza visuale libera,Una carreggiata a doppio senso,Asciutto,Asfaltata,Orizzontale,Sereno,Scarso,Buona,Sufficiente,1,0,0,2,12.4573,41.9564,-1,2,Autovettura privata,In marcia / fermata / arresto,Conducente,M,Illeso,0,,Non accertato,Inesploso,
3952374,18,11/08/2018 20:10:00,Strada Urbana,VIA BALDO DEGLI UBALDI,in corrispondenza,,del civico n.,173,,Scontro laterale fra veicoli in marcia,Rettilineo,Due carreggiate,Asciutto,Asfaltata,Verticale ed orizzontale,Sereno,Scarso,Sufficiente,Sufficiente,0,0,0,4,12.4355,41.8997,-1,1,Autovettura privata,In marcia / fermata / arresto,Conducente,F,Illeso,0,,,,
3952374,18,11/08/2018 20:10:00,Strada Urbana,VIA BALDO DEGLI UBALDI,in corrispondenza,,del civico n.,173,,Scontro laterale fra veicoli in marcia,Rettilineo,Due carreggiate,Asciutto,Asfaltata,Verticale ed orizzontale,Sereno,Scarso,Sufficiente,Sufficiente,0,0,0,4,12.4355,41.8997,-1,2,Autovettura privata,In marcia / fermata / arresto,Conducente,M,Illeso,0,,,,
3952374,18,11/08/2018 20:10:00,Strada Urbana,VIA BALDO DEGLI UBALDI,in corrispondenza,,del civico n.,173,,Scontro laterale fra veicoli in marcia,Rettilineo,Due carreggiate,Asciutto,Asfaltata,Verticale ed orizzontale,Sereno,Scarso,Sufficiente,Sufficiente,0,0,0,4,12.4355,41.8997,-1,2,Autovettura privata,In marcia / fermata / arresto,Passeggero,F,Illeso,0,,,,
3952374,18,11/08/2018 20:10:00,Strada Urbana,VIA BALDO DEGLI UBALDI,in corrispondenza,,del civico n.,173,,Scontro laterale fra veicoli in marcia,Rettilineo,Due carreggiate,Asciutto,Asfaltata,Verticale ed orizzontale,Sereno,Scarso,Sufficiente,Sufficiente,0,0,0,4,12.4355,41.8997,-1,2,Autovettura privata,In marcia / fermata / arresto,Passeggero,F,Illeso,0,,,,
3952378,23,11/08/2018 09:55:00,Strada Urbana,PIAZZALE CRISTOFORO COLOMBO,all'intersezione con,VIA CRISTOFORO COLOMBO,VIA CRISTOFORO COLOMBO,,,Scontro laterale fra veicoli in marcia,Incrocio,Pi� di due carreggiate,Asciutto,Asfaltata,Orizzontale,Sereno,Normale,Buona,Ore Diurne,0,0,0,5,12.4095,41.7936,-1,1,Autovettura privata,In marcia / fermata / arresto,Conducente,M,Illeso,0,,Utilizzato,Inesploso,
3952378,23,11/08/2018 09:55:00,Strada Urbana,PIAZZALE CRISTOFORO COLOMBO,all'intersezione con,VIA CRISTOFORO COLOMBO,VIA CRISTOFORO COLOMBO,,,Scontro laterale fra veicoli in marcia,Incrocio,Pi� di due carreggiate,Asciutto,Asfaltata,Orizzontale,Sereno,Normale,Buona,Ore Diurne,0,0,0,5,12.4095,41.7936,-1,1,Autovettura privata,In marcia / fermata / arresto,Passeggero,F,Illeso,0,,Utilizzato,Inesploso,
3952378,23,11/08/2018 09:55:00,Strada Urbana,PIAZZALE CRISTOFORO COLOMBO,all'intersezione con,VIA CRISTOFORO COLOMBO,VIA CRISTOFORO COLOMBO,,,Scontro laterale fra veicoli in marcia,Incrocio,Pi� di due carreggiate,Asciutto,Asfaltata,Orizzontale,Sereno,Normale,Buona,Ore Diurne,0,0,0,5,12.4095,41.7936,-1,2,Autovettura privata,In marcia / fermata / arresto,Conducente,M,Illeso,0,,Utilizzato,Inesploso,
3952378,23,11/08/2018 09:55:00,Strada Urbana,PIAZZALE CRISTOFORO COLOMBO,all'intersezione con,VIA CRISTOFORO COLOMBO,VIA CRISTOFORO COLOMBO,,,Scontro laterale fra veicoli in marcia,Incrocio,Pi� di due carreggiate,Asciutto,Asfaltata,Orizzontale,Sereno,Normale,Buona,Ore Diurne,0,0,0,5,12.4095,41.7936,-1,2,Autovettura privata,In marcia / fermata / arresto,Passeggero,M,Illeso,0,,Utilizzato,Inesploso,
3952378,23,11/08/2018 09:55:00,Strada Urbana,PIAZZALE CRISTOFORO COLOMBO,all'intersezione con,VIA CRISTOFORO COLOMBO,VIA CRISTOFORO COLOMBO,,,Scontro laterale fra veicoli in marcia,Incrocio,Pi� di due carreggiate,Asciutto,Asfaltata,Orizzontale,Sereno,Normale,Buona,Ore Diurne,0,0,0,5,12.4095,41.7936,-1,2,Autovettura privata,In marcia / fermata / arresto,Passeggero,F,Illeso,0,,Utilizzato,Inesploso,
3952382,19,10/08/2018 18:15:00,Strada Urbana,LARGO CARLO SACCONI,da specificare,,,,snc,Scontro frontale fra veicoli in marcia,Rettilineo,Una carreggiata a doppio senso,Asciutto,Asfaltata,Assente,Sereno,Scarso,Buona,Ore Diurne,0,0,0,3,12.4102,41.9137,-1,1,Autovettura di polizia,In marcia / fermata / arresto,Conducente,M,Illeso,0,,Non accertato,Inesploso,
3952382,19,10/08/2018 18:15:00,Strada Urbana,LARGO CARLO SACCONI,da specificare,,,,snc,Scontro frontale fra veicoli in marcia,Rettilineo,Una carreggiata a doppio senso,Asciutto,Asfaltata,Assente,Sereno,Scarso,Buona,Ore Diurne,0,0,0,3,12.4102,41.9137,-1,1,Autovettura di polizia,In marcia / fermata / arresto,Passeggero,M,Illeso,0,,Esente,Inesploso,
3952382,19,10/08/2018 18:15:00,Strada Urbana,LARGO CARLO SACCONI,da specificare,,,,snc,Scontro frontale fra veicoli in marcia,Rettilineo,Una carreggiata a doppio senso,Asciutto,Asfaltata,Assente,Sereno,Scarso,Buona,Ore Diurne,0,0,0,3,12.4102,41.9137,-1,2,Motociclo a solo,In marcia / fermata / arresto,Passeggero,M,Illeso,0,,Non accertato,,
3952384,10,11/08/2018 13:40:00,Altra strada,VIA ANAGNINA,da specificare,,,,interno parcheggio IKEA,Scontro frontale/laterale DX fra veicoli in marcia,Rettilineo,Una carreggiata a senso unico di marcia,Asciutto,Asfaltata,Verticale ed orizzontale,Sereno,Scarso,Buona,Ore Diurne,0,0,0,2,12.5925,41.8368,-1,1,Autovettura privata,In marcia / fermata / arresto,Conducente,M,Illeso,0,,Non accertato,Inesploso,
3952384,10,11/08/2018 13:40:00,Altra strada,VIA ANAGNINA,da specificare,,,,interno parcheggio IKEA,Scontro frontale/laterale DX fra veicoli in marcia,Rettilineo,Una carreggiata a senso unico di marcia,Asciutto,Asfaltata,Verticale ed orizzontale,Sereno,Scarso,Buona,Ore Diurne,0,0,0,2,12.5925,41.8368,-1,2,Motociclo a solo,In marcia / fermata / arresto,Conducente,M,Illeso,0,,Non accertato,,
3952388,10,11/08/2018 18:30:00,Strada Urbana,VIA DEI SETTE METRI,all'intersezione con,VIA DI TORRE MORENA,VIA DI TORRE MORENA,,,Scontro frontale fra veicoli in marcia,Incrocio,Una carreggiata a doppio senso,Asciutto,Asfaltata,Verticale ed orizzontale,Sereno,Normale,Buona,Ore Diurne,2,0,0,1,12.6069,41.8154,-1,1,Autovettura privata,In marcia / fermata / arresto,Conducente,M,Illeso,0,,Non accertato,Inesploso,
3952388,10,11/08/2018 18:30:00,Strada Urbana,VIA DEI SETTE METRI,all'intersezione con,VIA DI TORRE MORENA,VIA DI TORRE MORENA,,,Scontro frontale fra veicoli in marcia,Incrocio,Una carreggiata a doppio senso,Asciutto,Asfaltata,Verticale ed orizzontale,Sereno,Normale,Buona,Ore Diurne,2,0,0,1,12.6069,41.8154,-1,2,Ciclomotore,In marcia / fermata / arresto,Conducente,M,Ricoverato,0,NON DECEDUTO,Non accertato,,
3952388,10,11/08/2018 18:30:00,Strada Urbana,VIA DEI SETTE METRI,all'intersezione con,VIA DI TORRE MORENA,VIA DI TORRE MORENA,,,Scontro frontale fra veicoli in marcia,Incrocio,Una carreggiata a doppio senso,Asciutto,Asfaltata,Verticale ed orizzontale,Sereno,Normale,Buona,Ore Diurne,2,0,0,1,12.6069,41.8154,-1,2,Ciclomotore,In marcia / fermata / arresto,Passeggero,M,Rimandato,0,NON DECEDUTO,Non accertato,,
3952391,7,12/08/2018 16:50:00,Strada Urbana,VIA DI TOR CERVARA,all'intersezione con,VIA SALVIATI,VIA SALVIATI,,,Scontro laterale fra veicoli in marcia,Intersezione semaforizzata,Due carreggiate,Asciutto,Asfaltata,Verticale ed orizzontale,Sereno,Scarso,Buona,Ore Diurne,0,0,0,3,12.5895,41.9184,-1,1,Autovettura privata,In marcia / fermata / arresto,Conducente,M,Illeso,0,,Non accertato,Inesploso,
3952391,7,12/08/2018 16:50:00,Strada Urbana,VIA DI TOR CERVARA,all'intersezione con,VIA SALVIATI,VIA SALVIATI,,,Scontro laterale fra veicoli in marcia,Intersezione semaforizzata,Due carreggiate,Asciutto,Asfaltata,Verticale ed orizzontale,Sereno,Scarso,Buona,Ore Diurne,0,0,0,3,12.5895,41.9184,-1,2,Autovettura privata,In marcia / fermata / arresto,Conducente,M,Illeso,0,,,,
3952391,7,12/08/2018 16:50:00,Strada Urbana,VIA DI TOR CERVARA,all'intersezione con,VIA SALVIATI,VIA SALVIATI,,,Scontro laterale fra veicoli in marcia,Intersezione semaforizzata,Due carreggiate,Asciutto,Asfaltata,Verticale ed orizzontale,Sereno,Scarso,Buona,Ore Diurne,0,0,0,3,12.5895,41.9184,-1,2,Autovettura privata,In marcia / fermata / arresto,Passeggero,M,Illeso,0,,Non accertato,Inesploso,