Protocollo,Gruppo,DataOraIncidente,Localizzazione1,STRADA1,Localizzazione2,STRADA2,Strada02,Chilometrica,DaSpecificare,NaturaIncidente,particolaritastrade,TipoStrada,FondoStradale,Pavimentazione,Segnaletica,CondizioneAtmosferica,Traffico,Visibilita,Illuminazione,NUM_FERITI,NUM_RISERVATA,NUM_MORTI,NUM_ILLESI,Longitudine,Latitudine,Confermato,Progressivo,TipoVeicolo,StatoVeicolo,TipoPersona,Sesso,Tipolesione,Deceduto,DecedutoDopo,CinturaCascoUtilizzato,Airbag,
3952392,19,11/08/2018 18:00:00,Strada Urbana,VIA DELLA PINETA SACCHETTI,in prossimit�,,del civico n.,203,,Tamponamento,Curva a visuale libera,Una carreggiata a senso unico di marcia,Asciutto,Asfaltata,Verticale ed orizzontale,Sereno,Scarso,Buona,Ore Diurne,0,0,0,2,12.4262,41.9284,-1,1,Autovettura privata,In marcia / fermata / arresto,Conducente,F,Illeso,0,,Non accertato,Inesploso,
3952392,19,11/08/2018 18:00:00,Strada Urbana,VIA DELLA PINETA SACCHETTI,in prossimit�,,del civico n.,203,,Tamponamento,Curva a visuale libera,Una carreggiata a senso unico di marcia,Asciutto,Asfaltata,Verticale ed orizzontale,Sereno,Scarso,Buona,Ore Diurne,0,0,0,2,12.4262,41.9284,-1,2,Autovettura privata,In marcia / fermata / arresto,Conducente,F,Illeso,0,,Non accertato,Inesploso,
3952396,16,09/08/2018 19:30:00,Strada Urbana,VIA DEL CASALE LUMBROSO,in corrispondenza,,del civico n.,38/B,,Veicolo in marcia contro ostacolo accidentale,Rettilineo,Una carreggiata a doppio senso,Asciutto,Asfaltata,Orizzontale,Sereno,Scarso,Buona,Ore Diurne,1,0,0,0,12.3614,41.8809,-1,1,Motociclo a solo,In marcia / fermata / arresto,Conducente,M,Rimandato,0,NON DECEDUTO,Non accertato,,
3952403,1,11/08/2018 22:30:00,Strada Urbana,PIAZZA VITTORIO EMANUELE II,all'intersezione con,VIA CONTE VERDE,VIA CONTE VERDE,,,Veicolo in marcia contro ostacolo fisso,Intersezione non regolata/non segnalata,Una carreggiata a doppio senso,Asciutto,In cubetti di porfido,Orizzontale,Sereno,Normale,Sufficiente,Sufficiente,0,0,0,1,,,0,1,Autovettura privata,In marcia / fermata / arresto,Conducente,M,Illeso,0,,Non accertato,,
3952406,3,11/08/2018 23:15:00,Strada Urbana,VIA NOMENTANA,all'intersezione con,VIA DIEGO FABBRI,VIA DIEGO FABBRI,,,Scontro frontale/laterale DX fra veicoli in marcia,Incrocio,Una carreggiata a doppio senso,Asciutto,Asfaltata,Verticale ed orizzontale,Sereno,Scarso,Buona,Sufficiente,1,0,0,1,12.5728,41.9579,-1,1,Quadriciclo leggero,In marcia / fermata / arresto,Conducente,M,Illeso,0,,Non accertato,,
3952406,3,11/08/2018 23:15:00,Strada Urbana,VIA NOMENTANA,all'intersezione con,VIA DIEGO FABBRI,VIA DIEGO FABBRI,,,Scontro frontale/laterale DX fra veicoli in marcia,Incrocio,Una carreggiata a doppio senso,Asciutto,Asfaltata,Verticale ed orizzontale,Sereno,Scarso,Buona,Sufficiente,1,0,0,1,12.5728,41.9579,-1,2,Motociclo a solo,In marcia / fermata / arresto,Conducente,M,Rimandato,0,NON DECEDUTO,,,
3952408,19,11/08/2018 11:30:00,Strada Urbana,VIALE CORTINA D'AMPEZZO,da specificare,,,,fronte civ. 272,Scontro frontale/laterale DX fra veicoli in marcia,Curva a visuale libera,Una carreggiata a doppio senso,Asciutto,Asfaltata,Orizzontale,Sereno,Normale,Buona,Ore Diurne,0,0,0,2,12.4437,41.9478,-1,1,Autovettura privata,In marcia / fermata / arresto,Conducente,F,Illeso,0,,Non accertato,Inesploso,
3952408,19,11/08/2018 11:30:00,Strada Urbana,VIALE CORTINA D'AMPEZZO,da specificare,,,,fronte civ. 272,Scontro frontale/laterale DX fra veicoli in marcia,Curva a visuale libera,Una carreggiata a doppio senso,Asciutto,Asfaltata,Orizzontale,Sereno,Normale,Buona,Ore Diurne,0,0,0,2,12.4437,41.9478,-1,2,Autovettura privata,In marcia / fermata / arresto,Conducente,M,Illeso,0,,Non accertato,Inesploso,
3952427,1,11/08/2018 17:30:00,Strada Urbana,PIAZZA VITTORIO EMANUELE II,all'intersezione con,VIA CONTE VERDE,VIA CONTE VERDE,,,Investimento di pedone,Intersezione stradale segnalata,Una carreggiata a doppio senso,Asciutto,Lastricata,Verticale ed orizzontale,Sereno,Normale,Buona,Ore Diurne,0,0,0,2,,,0,,,,Pedone,M,Illeso,0,,,,
3952427,1,11/08/2018 17:30:00,Strada Urbana,PIAZZA VITTORIO EMANUELE II,all'intersezione con,VIA CONTE VERDE,VIA CONTE VERDE,,,Investimento di pedone,Intersezione stradale segnalata,Una carreggiata a doppio senso,Asciutto,Lastricata,Verticale ed orizzontale,Sereno,Normale,Buona,Ore Diurne,0,0,0,2,,,0,1,Autovettura privata,In marcia / fermata / arresto,Conducente,F,Illeso,0,,Non accertato,,
3952444,19,13/08/2018 10:30:00,Strada Urbana,VIA DI SELVA NERA,in prossimit�,,del civico n.,151,,Tamponamento,Rettilineo,Una carreggiata a doppio senso,Asciutto,Asfaltata,Assente,Sereno,Scarso,Buona,Ore Diurne,0,0,0,2,12.3639,41.9337,-1,1,Autovettura privata,In marcia / fermata / arresto,Conducente,M,Illeso,0,,Non accertato,Inesploso,
3952444,19,13/08/2018 10:30:00,Strada Urbana,VIA DI SELVA NERA,in prossimit�,,del civico n.,151,,Tamponamento,Rettilineo,Una carreggiata a doppio senso,Asciutto,Asfaltata,Assente,Sereno,Scarso,Buona,Ore Diurne,0,0,0,2,12.3639,41.9337,-1,2,Autocarro inferiore 35 q.,In marcia / fermata / arresto,Conducente,M,Illeso,0,,Non accertato,Inesploso,
3952452,6,13/08/2018 11:00:00,Strada Urbana,VIA ERASMO GATTAMELATA,all'intersezione con,VIA LANZONE DA CORTE,VIA LANZONE DA CORTE,,,Investimento di pedone,Incrocio,Una carreggiata a senso unico di marcia,Asciutto,Asfaltata,Orizzontale,Sereno,Normale,Buona,Ore Diurne,1,0,0,1,12.5367,41.8894,-1,,,,Pedone,M,Rimandato,0,NON DECEDUTO,,,
3952452,6,13/08/2018 11:00:00,Strada Urbana,VIA ERASMO GATTAMELATA,all'intersezione con,VIA LANZONE DA CORTE,VIA LANZONE DA CORTE,,,Investimento di pedone,Incrocio,Una carreggiata a senso unico di marcia,Asciutto,Asfaltata,Orizzontale,Sereno,Normale,Buona,Ore Diurne,1,0,0,1,12.5367,41.8894,-1,1,Autovettura privata,In marcia / fermata / arresto,Conducente,F,Illeso,0,,Non accertato,Inesploso,
3952453,18,11/08/2018 23:20:00,Strada Urbana,VIA DELLA MAGLIANELLA,in corrispondenza,,del civico n.,254,,Veicolo in marcia contro ostacolo fisso,Rettilineo,Una carreggiata a doppio senso,Asciutto,Asfaltata,Verticale ed orizzontale,Sereno,Scarso,Sufficiente,Sufficiente,1,0,0,0,12.3824,41.9079,-1,1,Autovettura privata,In marcia / fermata / arresto,Conducente,M,Rifiuta cure immediate,0,NON DECEDUTO,,,
3952454,19,11/08/2018 06:45:00,Strada Urbana,VIA DI TORREVECCHIA,all'intersezione con,VIA DELLA VALLE DEI FONTANILI,VIA DELLA VALLE DEI FONTANILI,,,Scontro frontale/laterale SX fra veicoli in marcia,Incrocio,Una carreggiata a doppio senso,Asciutto,Asfaltata,Verticale ed orizzontale,Sereno,Scarso,Buona,Ore Diurne,0,0,0,2,12.4122,41.9233,-1,1,Autovettura privata,In marcia / fermata / arresto,Conducente,F,Illeso,0,,Non accertato,Inesploso,
3952454,19,11/08/2018 06:45:00,Strada Urbana,VIA DI TORREVECCHIA,all'intersezione con,VIA DELLA VALLE DEI FONTANILI,VIA DELLA VALLE DEI FONTANILI,,,Scontro frontale/laterale SX fra veicoli in marcia,Incrocio,Una carreggiata a doppio senso,Asciutto,Asfaltata,Verticale ed orizzontale,Sereno,Scarso,Buona,Ore Diurne,0,0,0,2,12.4122,41.9233,-1,2,Autovettura privata,In marcia / fermata / arresto,Conducente,M,Illeso,0,,Non accertato,Inesploso,
3952469,10,12/08/2018 08:20:00,Strada Urbana,VIA TUSCOLANA,all'intersezione con,VIA ANTONINO ANILE,VIA ANTONINO ANILE,,,Scontro laterale fra veicoli in marcia,Incrocio,Due carreggiate,Asciutto,Asfaltata,Verticale ed orizzontale,Sereno,Scarso,Buona,Ore Diurne,1,0,0,2,12.6252,41.8274,-1,1,Autovettura privata,In marcia / fermata / arresto,Conducente,F,Rimandato,0,NON DECEDUTO,Non accertato,Inesploso,
3952469,10,12/08/2018 08:20:00,Strada Urbana,VIA TUSCOLANA,all'intersezione con,VIA ANTONINO ANILE,VIA ANTONINO ANILE,,,Scontro laterale fra veicoli in marcia,Incrocio,Due carreggiate,Asciutto,Asfaltata,Verticale ed orizzontale,Sereno,Scarso,Buona,Ore Diurne,1,0,0,2,12.6252,41.8274,-1,2,Autovettura privata,In marcia / fermata / arresto,Conducente,M,Illeso,0,,Non accertato,Inesploso,
3952469,10,12/08/2018 08:20:00,Strada Urbana,VIA TUSCOLANA,all'intersezione con,VIA ANTONINO ANILE,VIA ANTONINO ANILE,,,Scontro laterale fra veicoli in marcia,Incrocio,Due carreggiate,Asciutto,Asfaltata,Verticale ed orizzontale,Sereno,Scarso,Buona,Ore Diurne,1,0,0,2,12.6252,41.8274,-1,2,Autovettura privata,In marcia / fermata / arresto,Passeggero,M,Illeso,0,,Non accertato,Inesploso,
3952477,18,12/08/2018 23:05:00,Strada Urbana,VIA DELLA MAGLIANELLA,da specificare,,,,in prossimit� di Via Cornelia,Veicolo in marcia contro ostacolo accidentale,Rettilineo,Una carreggiata a doppio senso,Asciutto,Con buche,Verticale,Sereno,Scarso,Insufficiente,Insufficiente,1,0,0,0,12.3787,41.9013,-1,1,Motociclo a solo,In marcia / fermata / arresto,Conducente,M,Rifiuta cure immediate,0,NON DECEDUTO,,,
3952480,10,12/08/2018 20:50:00,Strada Urbana,VIA ACERENZA,in corrispondenza,,del civico n.,36,,Scontro frontale fra veicoli in marcia,Rettilineo,Una carreggiata a doppio senso,Asciutto,Asfaltata,Assente,Sereno,Scarso,Sufficiente,Sufficiente,1,0,0,1,12.5527,41.8406,-1,1,Motociclo con passeggero,In marcia / fermata / arresto,Conducente,M,Rifiuta cure immediate,0,NON DECEDUTO,Non accertato,,
3952480,10,12/08/2018 20:50:00,Strada Urbana,VIA ACERENZA,in corrispondenza,,del civico n.,36,,Scontro frontale fra veicoli in marcia,Rettilineo,Una carreggiata a doppio senso,Asciutto,Asfaltata,Assente,Sereno,Scarso,Sufficiente,Sufficiente,1,0,0,1,12.5527,41.8406,-1,2,Autovettura privata,In marcia / fermata / arresto,Conducente,M,Illeso,0,,Non accertato,Inesploso,
3952483,9,13/08/2018 10:30:00,Strada Urbana,VIA ACQUI,in prossimit�,,del civico n.,31 a,,Infortunio per sola frenata improvvisa,Rettilineo,Una carreggiata a doppio senso,Asciutto,Asfaltata,Orizzontale,Sereno,Normale,Buona,Ore Diurne,1,0,0,1,12.5163,41.8773,0,1,Motociclo a solo,In marcia / fermata / arresto,Conducente,M,Ricoverato,0,NON DECEDUTO,,,
3952483,9,13/08/2018 10:30:00,Strada Urbana,VIA ACQUI,in prossimit�,,del civico n.,31 a,,Infortunio per sola frenata improvvisa,Rettilineo,Una carreggiata a doppio senso,Asciutto,Asfaltata,Orizzontale,Sereno,Normale,Buona,Ore Diurne,1,0,0,1,12.5163,41.8773,0,2,Autovettura privata,In marcia / fermata / arresto,Conducente,M,Illeso,0,,Non accertato,Inesploso,
3952494,10,13/08/2018 11:30:00,Strada Urbana,VIALE LUIGI SCHIAVONETTI,all'intersezione con,VIA DI TOR VERGATA,VIA DI TOR VERGATA,,,Tamponamento,Rotatoria,Due carreggiate,Asciutto,Asfaltata,Verticale ed orizzontale,Sereno,Normale,Buona,Ore Diurne,0,0,0,3,12.6211,41.8413,-1,1,Autovettura privata,In marcia / fermata / arresto,Conducente,M,Illeso,0,,Non accertato,Inesploso,
3952494,10,13/08/2018 11:30:00,Strada Urbana,VIALE LUIGI SCHIAVONETTI,all'intersezione con,VIA DI TOR VERGATA,VIA DI TOR VERGATA,,,Tamponamento,Rotatoria,Due carreggiate,Asciutto,Asfaltata,Verticale ed orizzontale,Sereno,Normale,Buona,Ore Diurne,0,0,0,3,12.6211,41.8413,-1,1,Autovettura privata,In marcia / fermata / arresto,Passeggero,F,Illeso,0,,Non accertato,Inesploso,
3952494,10,13/08/2018 11:30:00,Strada Urbana,VIALE LUIGI SCHIAVONETTI,all'intersezione con,VIA DI TOR VERGATA,VIA DI TOR VERGATA,,,Tamponamento,Rotatoria,Due carreggiate,Asciutto,Asfaltata,Verticale ed orizzontale,Sereno,Normale,Buona,Ore Diurne,0,0,0,3,12.6211,41.8413,-1,2,Autovettura privata,In marcia / fermata / arresto,Conducente,F,Illeso,0,,Non accertato,Inesploso,
3952498,12,12/08/2018 15:25:00,Strada Urbana,VIA LAURENTINA,all'intersezione semaforizzata con,VIA DI ACQUA ACETOSA OSTIENSE,VIA DI ACQUA ACETOSA OSTIENSE,,,Scontro laterale fra veicoli in marcia,Intersezione semaforizzata,Due carreggiate,Asciutto,Asfaltata,Verticale ed orizzontale,Sereno,Scarso,Buona,Ore Diurne,0,0,0,7,12.4813,41.8012,-1,1,Autovettura privata,In marcia / fermata / arresto,Conducente,M,Illeso,0,,,,
3952498,12,12/08/2018 15:25:00,Strada Urbana,VIA LAURENTINA,all'intersezione semaforizzata con,VIA DI ACQUA ACETOSA OSTIENSE,VIA DI ACQUA ACETOSA OSTIENSE,,,Scontro laterale fra veicoli in marcia,Intersezione semaforizzata,Due carreggiate,Asciutto,Asfaltata,Verticale ed orizzontale,Sereno,Scarso,Buona,Ore Diurne,0,0,0,7,12.4813,41.8012,-1,1,Autovettura privata,In marcia / fermata / arresto,Passeggero,F,Illeso,0,,,,
3952498,12,12/08/2018 15:25:00,Strada Urbana,VIA LAURENTINA,all'intersezione semaforizzata con,VIA DI ACQUA ACETOSA OSTIENSE,VIA DI ACQUA ACETOSA OSTIENSE,,,Scontro laterale fra veicoli in marcia,Intersezione semaforizzata,Due carreggiate,Asciutto,Asfaltata,Verticale ed orizzontale,Sereno,Scarso,Buona,Ore Diurne,0,0,0,7,12.4813,41.8012,-1,1,Autovettura privata,In marcia / fermata / arresto,Passeggero,M,Illeso,0,,,,
3952498,12,12/08/2018 15:25:00,Strada Urbana,VIA LAURENTINA,all'intersezione semaforizzata con,VIA DI ACQUA ACETOSA OSTIENSE,VIA DI ACQUA ACETOSA OSTIENSE,,,Scontro laterale fra veicoli in marcia,Intersezione semaforizzata,Due carreggiate,Asciutto,Asfaltata,Verticale ed orizzontale,Sereno,Scarso,Buona,Ore Diurne,0,0,0,7,12.4813,41.8012,-1,1,Autovettura privata,In marcia / fermata / arresto,Passeggero,F,Illeso,0,,,,
3952498,12,12/08/2018 15:25:00,Strada Urbana,VIA LAURENTINA,all'intersezione semaforizzata con,VIA DI ACQUA ACETOSA OSTIENSE,VIA DI ACQUA ACETOSA OSTIENSE,,,Scontro laterale fra veicoli in marcia,Intersezione semaforizzata,Due carreggiate,Asciutto,Asfaltata,Verticale ed orizzontale,Sereno,Scarso,Buona,Ore Diurne,0,0,0,7,12.4813,41.8012,-1,2,Autovettura privata,In marcia / fermata / arresto,Conducente,M,Illeso,0,,,,
3952498,12,12/08/2018 15:25:00,Strada Urbana,VIA LAURENTINA,all'intersezione semaforizzata con,VIA DI ACQUA ACETOSA OSTIENSE,VIA DI ACQUA ACETOSA OSTIENSE,,,Scontro laterale fra veicoli in marcia,Intersezione semaforizzata,Due carreggiate,Asciutto,Asfaltata,Verticale ed orizzontale,Sereno,Scarso,Buona,Ore Diurne,0,0,0,7,12.4813,41.8012,-1,2,Autovettura privata,In marcia / fermata / arresto,Passeggero,F,Illeso,0,,,,
3952498,12,12/08/2018 15:25:00,Strada Urbana,VIA LAURENTINA,all'intersezione semaforizzata con,VIA DI ACQUA ACETOSA OSTIENSE,VIA DI ACQUA ACETOSA OSTIENSE,,,Scontro laterale fra veicoli in marcia,Intersezione semaforizzata,Due carreggiate,Asciutto,Asfaltata,Verticale ed orizzontale,Sereno,Scarso,Buona,Ore Diurne,0,0,0,7,12.4813,41.8012,-1,2,Autovettura privata,In marcia / fermata / arresto,Passeggero,F,Illeso,0,,,,
3952506,1,11/08/2018 21:50:00,Strada Urbana,PONTE PALATINO,da specificare,,,,DIR. LGT ALBERTESCHI,Tamponamento Multiplo,Rettilineo,Una carreggiata a senso unico di marcia,Asciutto,Asfaltata,Assente,Sereno,Intenso,Sufficiente,Sufficiente,2,0,0,3,12.4794,41.8891,-1,1,Autovettura privata,In marcia / fermata / arresto,Conducente,M,Illeso,0,,Non accertato,Inesistente,
3952506,1,11/08/2018 21:50:00,Strada Urbana,PONTE PALATINO,da specificare,,,,DIR. LGT ALBERTESCHI,Tamponamento Multiplo,Rettilineo,Una carreggiata a senso unico di marcia,Asciutto,Asfaltata,Assente,Sereno,Intenso,Sufficiente,Sufficiente,2,0,0,3,12.4794,41.8891,-1,1,Autovettura privata,In marcia / fermata / arresto,Passeggero,M,Illeso,0,,Non accertato,,
3952506,1,11/08/2018 21:50:00,Strada Urbana,PONTE PALATINO,da specificare,,,,DIR. LGT ALBERTESCHI,Tamponamento Multiplo,Rettilineo,Una carreggiata a senso unico di marcia,Asciutto,Asfaltata,Assente,Sereno,Intenso,Sufficiente,Sufficiente,2,0,0,3,12.4794,41.8891,-1,2,Autovettura privata,In marcia / fermata / arresto,Conducente,M,Rimandato,0,NON DECEDUTO,Non accertato,,
3952506,1,11/08/2018 21:50:00,Strada Urbana,PONTE PALATINO,da specificare,,,,DIR. LGT ALBERTESCHI,Tamponamento Multiplo,Rettilineo,Una carreggiata a senso unico di marcia,Asciutto,Asfaltata,Assente,Sereno,Intenso,Sufficiente,Sufficiente,2,0,0,3,12.4794,41.8891,-1,2,Autovettura privata,In marcia / fermata / arresto,Passeggero,F,Rimandato,0,NON DECEDUTO,Non accertato,,
3952506,1,11/08/2018 21:50:00,Strada Urbana,PONTE PALATINO,da specificare,,,,DIR. LGT ALBERTESCHI,Tamponamento Multiplo,Rettilineo,Una carreggiata a senso unico di marcia,Asciutto,Asfaltata,Assente,Sereno,Intenso,Sufficiente,Sufficiente,2,0,0,3,12.4794,41.8891,-1,3,Autovettura privata,In marcia / fermata / arresto,Conducente,M,Illeso,0,,Non accertato,,
3952545,19,13/08/2018 12:15:00,Strada Urbana,VIA DELLA PINETA SACCHETTI,all'intersezione con,VIA DI S. CLETO PAPA,VIA DI S. CLETO PAPA,,,Scontro laterale fra veicoli in marcia,Intersezione semaforizzata,Una carreggiata a doppio senso,Asciutto,Asfaltata,Verticale ed orizzontale,Sereno,Normale,Buona,Ore Diurne,0,0,0,2,12.4244,41.9231,-1,1,Autovettura privata,In marcia / fermata / arresto,Conducente,F,Illeso,0,,Non accertato,Inesploso,
3952545,19,13/08/2018 12:15:00,Strada Urbana,VIA DELLA PINETA SACCHETTI,all'intersezione con,VIA DI S. CLETO PAPA,VIA DI S. CLETO PAPA,,,Scontro laterale fra veicoli in marcia,Intersezione semaforizzata,Una carreggiata a doppio senso,Asciutto,Asfaltata,Verticale ed orizzontale,Sereno,Normale,Buona,Ore Diurne,0,0,0,2,12.4244,41.9231,-1,2,Autovettura privata,In marcia / fermata / arresto,Conducente,M,Illeso,0,,Non accertato,Inesploso,
3952558,1,12/08/2018 07:45:00,Strada Urbana,VIALE MARCO POLO,in corrispondenza,,del palo luce n.,702,,Investimento di pedone,Rettilineo,Una carreggiata a doppio senso,Asciutto,Asfaltata,Verticale,Sereno,Scarso,Buona,Ore Diurne,1,0,0,1,12.4893,41.8728,-1,,,,Pedone,M,Rimandato,0,NON DECEDUTO,,,
3952558,1,12/08/2018 07:45:00,Strada Urbana,VIALE MARCO POLO,in corrispondenza,,del palo luce n.,702,,Investimento di pedone,Rettilineo,Una carreggiata a doppio senso,Asciutto,Asfaltata,Verticale,Sereno,Scarso,Buona,Ore Diurne,1,0,0,1,12.4893,41.8728,-1,1,Autovettura privata,In marcia / fermata / arresto,Conducente,M,Illeso,0,,Non accertato,,
3952577,13,13/08/2018 10:45:00,Provinciale,VIA LITORANEA,in prossimit�,,della chilometrica,8.3,,Veicolo in marcia contro veicolo in sosta,Rettilineo,Una carreggiata a doppio senso,Asciutto,Asfaltata,Verticale ed orizzontale,Sereno,Intenso,Buona,Ore Diurne,1,0,0,1,12.398,41.6694,-1,2,Velocipede,In marcia / fermata / arresto,Conducente,M,Rimandato,0,NON DECEDUTO,Esente,,
3952577,13,13/08/2018 10:45:00,Provinciale,VIA LITORANEA,in prossimit�,,della chilometrica,8.3,,Veicolo in marcia contro veicolo in sosta,Rettilineo,Una carreggiata a doppio senso,Asciutto,Asfaltata,Verticale ed orizzontale,Sereno,Intenso,Buona,Ore Diurne,1,0,0,1,12.398,41.6694,-1,3,Velocipede,In marcia / fermata / arresto,Conducente,M,Illeso,0,,Esente,,
3952578,3,10/08/2018 18:30:00,Strada Urbana,VIA TIBURTINA,da specificare,,,,rampa immissione P.le Crociate dir. GRA/A24,Tamponamento Multiplo,Rettilineo,Una carreggiata a senso unico di marcia,Asciutto,Asfaltata,Verticale ed orizzontale,Sereno,Normale,Buona,Ore Diurne,3,0,0,2,12.5278,41.9081,0,1,Autovettura privata,In marcia / fermata / arresto,Conducente,M,Illeso,0,,Non accertato,Inesploso,
3952578,3,10/08/2018 18:30:00,Strada Urbana,VIA TIBURTINA,da specificare,,,,rampa immissione P.le Crociate dir. GRA/A24,Tamponamento Multiplo,Rettilineo,Una carreggiata a senso unico di marcia,Asciutto,Asfaltata,Verticale ed orizzontale,Sereno,Normale,Buona,Ore Diurne,3,0,0,2,12.5278,41.9081,0,2,Autovettura privata,In marcia / fermata / arresto,Conducente,M,Rimandato,0,NON DECEDUTO,Non accertato,Inesploso,
3952578,3,10/08/2018 18:30:00,Strada Urbana,VIA TIBURTINA,da specificare,,,,rampa immissione P.le Crociate dir. GRA/A24,Tamponamento Multiplo,Rettilineo,Una carreggiata a senso unico di marcia,Asciutto,Asfaltata,Verticale ed orizzontale,Sereno,Normale,Buona,Ore Diurne,3,0,0,2,12.5278,41.9081,0,2,Autovettura privata,In marcia / fermata / arresto,Passeggero,F,Rimandato,0,NON DECEDUTO,Non accertato,Inesploso,
3952578,3,10/08/2018 18:30:00,Strada Urbana,VIA TIBURTINA,da specificare,,,,rampa immissione P.le Crociate dir. GRA/A24,Tamponamento Multiplo,Rettilineo,Una carreggiata a senso unico di marcia,Asciutto,Asfaltata,Verticale ed orizzontale,Sereno,Normale,Buona,Ore Diurne,3,0,0,2,12.5278,41.9081,0,2,Autovettura privata,In marcia / fermata / arresto,Passeggero,F,Rimandato,0,NON DECEDUTO,Non accertato,Inesploso,
3952578,3,10/08/2018 18:30:00,Strada Urbana,VIA TIBURTINA,da specificare,,,,rampa immissione P.le Crociate dir. GRA/A24,Tamponamento Multiplo,Rettilineo,Una carreggiata a senso unico di marcia,Asciutto,Asfaltata,Verticale ed orizzontale,Sereno,Normale,Buona,Ore Diurne,3,0,0,2,12.5278,41.9081,0,3,Autocarro inferiore 35 q.,In marcia / fermata / arresto,Conducente,M,Illeso,0,,Non accertato,Inesploso,
3952614,8,11/08/2018 15:00:00,Strada Urbana,VIA DI FONTANA CANDIDA,in prossimit�,,del civico n.,37,,Tamponamento,Rettilineo,Una carreggiata a doppio senso,Asciutto,Asfaltata,Verticale,Sereno,Normale,Sufficiente,Ore Diurne,0,0,0,2,12.7007,41.8434,-1,1,Autovettura privata,In marcia / fermata / arresto,Conducente,M,Illeso,0,,Non accertato,Inesploso,
3952614,8,11/08/2018 15:00:00,Strada Urbana,VIA DI FONTANA CANDIDA,in prossimit�,,del civico n.,37,,Tamponamento,Rettilineo,Una carreggiata a doppio senso,Asciutto,Asfaltata,Verticale,Sereno,Normale,Sufficiente,Ore Diurne,0,0,0,2,12.7007,41.8434,-1,1,Autovettura privata,In marcia / fermata / arresto,Passeggero,F,Illeso,0,,Non accertato,Inesploso,
3952616,8,11/08/2018 17:15:00,Statale entro l'abitato,VIA CASILINA,da specificare,,,,"civ. 1674 prossimit� area parcheggio ""Superconti""",Veicolo in marcia contro ostacolo accidentale,Pianeggiante,Una carreggiata a doppio senso,Asciutto,Asfaltata,Verticale ed orizzontale,Sereno,Scarso,Sufficiente,Ore Diurne,0,0,0,1,12.6486,41.8622,-1,1,Autovettura privata,In marcia / fermata / arresto,Conducente,F,Illeso,0,,Non accertato,Inesploso,
3952620,8,11/08/2018 19:30:00,Strada Urbana,VIA POLENSE,all'intersezione con,VIA SANT'ELPIDIO A MARE,VIA SANT'ELPIDIO A MARE,,,Tamponamento,Intersezione semaforizzata,Una carreggiata a doppio senso,Asciutto,Asfaltata,Verticale ed orizzontale,Sereno,Normale,Buona,Ore Diurne,2,0,0,0,12.7079,41.902,-1,1,Autovettura privata,In marcia / fermata / arresto,Conducente,M,Rimandato,0,NON DECEDUTO,Non accertato,Inesploso,
3952620,8,11/08/2018 19:30:00,Strada Urbana,VIA POLENSE,all'intersezione con,VIA SANT'ELPIDIO A MARE,VIA SANT'ELPIDIO A MARE,,,Tamponamento,Intersezione semaforizzata,Una carreggiata a doppio senso,Asciutto,Asfaltata,Verticale ed orizzontale,Sereno,Normale,Buona,Ore Diurne,2,0,0,0,12.7079,41.902,-1,1,Autovettura privata,In marcia / fermata / arresto,Passeggero,M,Rimandato,0,NON DECEDUTO,Non accertato,Inesploso,
3952622,8,12/08/2018 11:30:00,Strada Urbana,VIA REALMONTE,all'intersezione con,VIA COMITINI,VIA COMITINI,,,Scontro frontale/laterale DX fra veicoli in marcia,Incrocio,Una carreggiata a doppio senso,Asciutto,Asfaltata,Assente,Sereno,Scarso,Sufficiente,Ore Diurne,0,0,0,2,12.6693,41.866,-1,1,Autovettura privata,In marcia / fermata / arresto,Conducente,M,Illeso,0,,Non accertato,Inesploso,
3952622,8,12/08/2018 11:30:00,Strada Urbana,VIA REALMONTE,all'intersezione con,VIA COMITINI,VIA COMITINI,,,Scontro frontale/laterale DX fra veicoli in marcia,Incrocio,Una carreggiata a doppio senso,Asciutto,Asfaltata,Assente,Sereno,Scarso,Sufficiente,Ore Diurne,0,0,0,2,12.6693,41.866,-1,2,Autovettura privata,In marcia / fermata / arresto,Conducente,M,Illeso,0,,Non accertato,Inesploso,
3952624,8,12/08/2018 19:45:00,Strada Urbana,VIA ANTONIO INGEGNOLI,in prossimit�,,del civico n.,15,,Veicolo in marcia contro veicolo in sosta,Rettilineo,Una carreggiata a senso unico di marcia,Asciutto,Asfaltata,Verticale,Sereno,Scarso,Buona,Sufficiente,0,0,0,1,12.6162,41.8597,-1,2,Autovettura privata,In marcia / fermata / arresto,Conducente,M,Illeso,0,,Non accertato,Inesploso,
3952651,1,12/08/2018 20:20:00,Strada Urbana,VIA DI S. GIOVANNI IN LATERANO,in corrispondenza,,del civico n.,8,,Infortunio per caduta del veicolo,Rettilineo,Una carreggiata a senso unico di marcia,Asciutto,Lastricata,Assente,Sereno,Scarso,Buona,Ore Diurne,0,0,0,1,12.4944,41.8901,-1,2,Motociclo a solo,In marcia / fermata / arresto,Conducente,M,Illeso,0,,,,