Protocollo,Gruppo,DataOraIncidente,Localizzazione1,STRADA1,Localizzazione2,STRADA2,Strada02,Chilometrica,DaSpecificare,NaturaIncidente,particolaritastrade,TipoStrada,FondoStradale,Pavimentazione,Segnaletica,CondizioneAtmosferica,Traffico,Visibilita,Illuminazione,NUM_FERITI,NUM_RISERVATA,NUM_MORTI,NUM_ILLESI,Longitudine,Latitudine,Confermato,Progressivo,TipoVeicolo,StatoVeicolo,TipoPersona,Sesso,Tipolesione,Deceduto,DecedutoDopo,CinturaCascoUtilizzato,Airbag,
3952688,3,13/08/2018 10:35:00,Strada Urbana,VIA DELLA LEGA LOMBARDA,all'intersezione con,VIA ARDUINO,VIA ARDUINO,,,Scontro laterale fra veicoli in marcia,Intersezione semaforizzata,Una carreggiata a doppio senso,Asciutto,Asfaltata,Verticale ed orizzontale,Sereno,Normale,Buona,Ore Diurne,1,0,0,1,12.5236,41.9088,-1,1,Motociclo a solo,In marcia / fermata / arresto,Conducente,M,Rimandato,0,NON DECEDUTO,Non accertato,,
3952688,3,13/08/2018 10:35:00,Strada Urbana,VIA DELLA LEGA LOMBARDA,all'intersezione con,VIA ARDUINO,VIA ARDUINO,,,Scontro laterale fra veicoli in marcia,Intersezione semaforizzata,Una carreggiata a doppio senso,Asciutto,Asfaltata,Verticale ed orizzontale,Sereno,Normale,Buona,Ore Diurne,1,0,0,1,12.5236,41.9088,-1,2,Autovettura privata,In marcia / fermata / arresto,Conducente,M,Illeso,0,,Non accertato,Inesploso,
3952693,19,11/08/2018 12:00:00,Strada Urbana,VIA DI TORREVECCHIA,all'intersezione con,VIA DELLA VALLE DEI FONTANILI,VIA DELLA VALLE DEI FONTANILI,,,Scontro frontale/laterale SX fra veicoli in marcia,Incrocio,Una carreggiata a doppio senso,Asciutto,Asfaltata,Verticale ed orizzontale,Sereno,Normale,Buona,Ore Diurne,1,0,0,1,12.4123,41.9234,-1,1,Autovettura privata,In marcia / fermata / arresto,Conducente,M,Illeso,0,,,,
3952693,19,11/08/2018 12:00:00,Strada Urbana,VIA DI TORREVECCHIA,all'intersezione con,VIA DELLA VALLE DEI FONTANILI,VIA DELLA VALLE DEI FONTANILI,,,Scontro frontale/laterale SX fra veicoli in marcia,Incrocio,Una carreggiata a doppio senso,Asciutto,Asfaltata,Verticale ed orizzontale,Sereno,Normale,Buona,Ore Diurne,1,0,0,1,12.4123,41.9234,-1,2,Motociclo a solo,In marcia / fermata / arresto,Conducente,M,Rimandato,0,NON DECEDUTO,,,
3952801,7,13/08/2018 18:00:00,Strada Urbana,VIA COLLATINA,in corrispondenza,,del civico n.,273,,Tamponamento,Rettilineo,Una carreggiata a doppio senso,Asciutto,Asfaltata,Orizzontale,Sereno,Normale,Buona,Ore Diurne,1,0,0,2,12.5903,41.9042,-1,1,Autovettura privata,In marcia / fermata / arresto,Conducente,M,Ricoverato,0,NON DECEDUTO,,,
3952801,7,13/08/2018 18:00:00,Strada Urbana,VIA COLLATINA,in corrispondenza,,del civico n.,273,,Tamponamento,Rettilineo,Una carreggiata a doppio senso,Asciutto,Asfaltata,Orizzontale,Sereno,Normale,Buona,Ore Diurne,1,0,0,2,12.5903,41.9042,-1,1,Autovettura privata,In marcia / fermata / arresto,Passeggero,F,Illeso,0,,Non accertato,Inesploso,
3952801,7,13/08/2018 18:00:00,Strada Urbana,VIA COLLATINA,in corrispondenza,,del civico n.,273,,Tamponamento,Rettilineo,Una carreggiata a doppio senso,Asciutto,Asfaltata,Orizzontale,Sereno,Normale,Buona,Ore Diurne,1,0,0,2,12.5903,41.9042,-1,2,Autovettura privata,In marcia / fermata / arresto,Conducente,M,Illeso,0,,,,
3952802,15,13/08/2018 17:00:00,Strada Urbana,VIA POGGIO VERDE,da specificare,,,,prossimit� rotatoria Via Maccagnani,Tamponamento,Rettilineo,Una carreggiata a senso unico di marcia,Asciutto,Asfaltata,Verticale ed orizzontale,Sereno,Scarso,Buona,Ore Diurne,0,0,0,2,12.4159,41.8534,-1,1,Autovettura privata,In marcia / fermata / arresto,Conducente,M,Illeso,0,,Utilizzato,Inesploso,
3952802,15,13/08/2018 17:00:00,Strada Urbana,VIA POGGIO VERDE,da specificare,,,,prossimit� rotatoria Via Maccagnani,Tamponamento,Rettilineo,Una carreggiata a senso unico di marcia,Asciutto,Asfaltata,Verticale ed orizzontale,Sereno,Scarso,Buona,Ore Diurne,0,0,0,2,12.4159,41.8534,-1,1,Autovettura privata,In marcia / fermata / arresto,Passeggero,F,Illeso,0,,Utilizzato,Inesploso,
3952803,20,13/08/2018 11:45:00,Strada Urbana,VIA VINCENZO TIERI,in prossimit�,,del civico n.,249,,Fuoriuscita dalla sede stradale,Rettilineo,Una carreggiata a doppio senso,Asciutto,Asfaltata,Verticale ed orizzontale,Sereno,Normale,Buona,Ore Diurne,0,0,0,1,12.3758,42.02,-1,1,Autovettura privata,In marcia / fermata / arresto,Conducente,M,Illeso,0,,Non accertato,Inesploso,
3953014,11,13/08/2018 14:00:00,Strada Urbana,VIA DI GROTTA PERFETTA,all'intersezione con,VIA DEI GRANAI DI NERVA,VIA DEI GRANAI DI NERVA,,,Veicolo in marcia contro ostacolo fisso,Rotatoria,Una carreggiata a doppio senso,Asciutto,Asfaltata,Verticale ed orizzontale,Sereno,Scarso,Buona,Ore Diurne,0,0,0,1,12.511,41.8354,-1,1,Autocarro inferiore 35 q.,In marcia / fermata / arresto,Conducente,F,Illeso,0,,,,
3953018,8,13/08/2018 10:30:00,Strada Urbana,VIA DI GIARDINETTI,all'intersezione con,VIA TOMMASO PIROLI,VIA TOMMASO PIROLI,,,Scontro frontale/laterale SX fra veicoli in marcia,Intersezione stradale segnalata,Una carreggiata a doppio senso,Asciutto,Asfaltata,Verticale,Sereno,Normale,Buona,Ore Diurne,0,0,0,2,12.6029,41.8596,-1,1,Autovettura privata,In marcia / fermata / arresto,Conducente,F,Illeso,0,,Non accertato,Inesploso,
3953018,8,13/08/2018 10:30:00,Strada Urbana,VIA DI GIARDINETTI,all'intersezione con,VIA TOMMASO PIROLI,VIA TOMMASO PIROLI,,,Scontro frontale/laterale SX fra veicoli in marcia,Intersezione stradale segnalata,Una carreggiata a doppio senso,Asciutto,Asfaltata,Verticale,Sereno,Normale,Buona,Ore Diurne,0,0,0,2,12.6029,41.8596,-1,2,Autovettura privata,In marcia / fermata / arresto,Conducente,M,Illeso,0,,,Inesploso,
3953021,8,13/08/2018 21:30:00,,VIA POLENSE,da specificare,,,,in prossimit� di via Valle Castiglione,Veicolo in marcia contro ostacolo fisso,,,,,,,,,,0,0,0,1,,,0,1,Autovettura privata,In marcia / fermata / arresto,Conducente,M,Illeso,0,,,,
3953035,20,13/08/2018 19:00:00,Strada Urbana,VIA TIBERINA,in corrispondenza,,del civico n.,281,,Scontro laterale fra veicoli in marcia,Rettilineo,Una carreggiata a doppio senso,Asciutto,Asfaltata,Orizzontale,Sereno,Scarso,Buona,Ore Diurne,0,0,0,5,12.5029,42.0129,-1,1,Autovettura privata,In marcia / fermata / arresto,Conducente,M,Illeso,0,,,,
3953035,20,13/08/2018 19:00:00,Strada Urbana,VIA TIBERINA,in corrispondenza,,del civico n.,281,,Scontro laterale fra veicoli in marcia,Rettilineo,Una carreggiata a doppio senso,Asciutto,Asfaltata,Orizzontale,Sereno,Scarso,Buona,Ore Diurne,0,0,0,5,12.5029,42.0129,-1,1,Autovettura privata,In marcia / fermata / arresto,Passeggero,M,Illeso,0,,,,
3953035,20,13/08/2018 19:00:00,Strada Urbana,VIA TIBERINA,in corrispondenza,,del civico n.,281,,Scontro laterale fra veicoli in marcia,Rettilineo,Una carreggiata a doppio senso,Asciutto,Asfaltata,Orizzontale,Sereno,Scarso,Buona,Ore Diurne,0,0,0,5,12.5029,42.0129,-1,1,Autovettura privata,In marcia / fermata / arresto,Passeggero,F,Illeso,0,,,,
3953035,20,13/08/2018 19:00:00,Strada Urbana,VIA TIBERINA,in corrispondenza,,del civico n.,281,,Scontro laterale fra veicoli in marcia,Rettilineo,Una carreggiata a doppio senso,Asciutto,Asfaltata,Orizzontale,Sereno,Scarso,Buona,Ore Diurne,0,0,0,5,12.5029,42.0129,-1,1,Autovettura privata,In marcia / fermata / arresto,Passeggero,M,Illeso,0,,,,
3953035,20,13/08/2018 19:00:00,Strada Urbana,VIA TIBERINA,in corrispondenza,,del civico n.,281,,Scontro laterale fra veicoli in marcia,Rettilineo,Una carreggiata a doppio senso,Asciutto,Asfaltata,Orizzontale,Sereno,Scarso,Buona,Ore Diurne,0,0,0,5,12.5029,42.0129,-1,2,Motociclo a solo,In marcia / fermata / arresto,Conducente,M,Illeso,0,,,,
3953040,5,13/08/2018 05:30:00,Strada Urbana,VIA TIBURTINA,all'intersezione con,VIA SAMBUCI,VIA SAMBUCI,,,Scontro frontale/laterale DX fra veicoli in marcia,Intersezione semaforizzata,Due carreggiate,Asciutto,Asfaltata,Verticale ed orizzontale,Sereno,Normale,Buona,Sufficiente,1,0,0,1,12.6125,41.9359,-1,1,Autocarro inferiore 35 q.,In marcia / fermata / arresto,Conducente,M,Illeso,0,,Non accertato,,
3953040,5,13/08/2018 05:30:00,Strada Urbana,VIA TIBURTINA,all'intersezione con,VIA SAMBUCI,VIA SAMBUCI,,,Scontro frontale/laterale DX fra veicoli in marcia,Intersezione semaforizzata,Due carreggiate,Asciutto,Asfaltata,Verticale ed orizzontale,Sereno,Normale,Buona,Sufficiente,1,0,0,1,12.6125,41.9359,-1,2,Autovettura privata,In marcia / fermata / arresto,Passeggero,M,Rimandato,0,NON DECEDUTO,Non accertato,,
3953046,10,13/08/2018 19:00:00,Altra strada,VIA FATTORIA RAMPA,da specificare,,,,interno park ikea altezza palo trifacciale ikea,Scontro frontale/laterale DX fra veicoli in marcia,Rettilineo,Una carreggiata a doppio senso,Asciutto,Asfaltata,Verticale ed orizzontale,Sereno,Scarso,Buona,Ore Diurne,0,0,0,4,12.593,41.8354,-1,1,Autovettura privata,In marcia / fermata / arresto,Conducente,F,Illeso,0,,Non accertato,Inesploso,
3953046,10,13/08/2018 19:00:00,Altra strada,VIA FATTORIA RAMPA,da specificare,,,,interno park ikea altezza palo trifacciale ikea,Scontro frontale/laterale DX fra veicoli in marcia,Rettilineo,Una carreggiata a doppio senso,Asciutto,Asfaltata,Verticale ed orizzontale,Sereno,Scarso,Buona,Ore Diurne,0,0,0,4,12.593,41.8354,-1,1,Autovettura privata,In marcia / fermata / arresto,Passeggero,M,Illeso,0,,Non accertato,Inesploso,
3953046,10,13/08/2018 19:00:00,Altra strada,VIA FATTORIA RAMPA,da specificare,,,,interno park ikea altezza palo trifacciale ikea,Scontro frontale/laterale DX fra veicoli in marcia,Rettilineo,Una carreggiata a doppio senso,Asciutto,Asfaltata,Verticale ed orizzontale,Sereno,Scarso,Buona,Ore Diurne,0,0,0,4,12.593,41.8354,-1,2,Autovettura privata,In marcia / fermata / arresto,Conducente,M,Illeso,0,,Non accertato,Inesploso,
3953046,10,13/08/2018 19:00:00,Altra strada,VIA FATTORIA RAMPA,da specificare,,,,interno park ikea altezza palo trifacciale ikea,Scontro frontale/laterale DX fra veicoli in marcia,Rettilineo,Una carreggiata a doppio senso,Asciutto,Asfaltata,Verticale ed orizzontale,Sereno,Scarso,Buona,Ore Diurne,0,0,0,4,12.593,41.8354,-1,2,Autovettura privata,In marcia / fermata / arresto,Passeggero,F,Illeso,0,,Non accertato,Inesploso,
3953052,17,13/08/2018 18:50:00,Strada Urbana,VIA ANGELO EMO,da specificare,,,,fronte civico 25-I,Veicolo in marcia contro veicoli in sosta,Rettilineo,Due carreggiate,Asciutto,Asfaltata,Verticale ed orizzontale,Sereno,Normale,Buona,Ore Diurne,0,0,0,1,12.4462,41.9044,-1,1,Autovettura privata,In marcia / fermata / arresto,Conducente,F,Illeso,0,,,,
3953057,17,14/08/2018 00:05:00,Strada Urbana,PIAZZA DEL RISORGIMENTO,in prossimit�,,del civico n.,13,,Veicolo in marcia contro veicoli in sosta,Rettilineo,Una carreggiata a senso unico di marcia,Asciutto,Asfaltata,Verticale ed orizzontale,Sereno,Scarso,Buona,Sufficiente,0,0,0,2,12.4571,41.9066,-1,1,Autovettura privata,In marcia / fermata / arresto,Conducente,F,Illeso,0,,,,
3953057,17,14/08/2018 00:05:00,Strada Urbana,PIAZZA DEL RISORGIMENTO,in prossimit�,,del civico n.,13,,Veicolo in marcia contro veicoli in sosta,Rettilineo,Una carreggiata a senso unico di marcia,Asciutto,Asfaltata,Verticale ed orizzontale,Sereno,Scarso,Buona,Sufficiente,0,0,0,2,12.4571,41.9066,-1,1,Autovettura privata,In marcia / fermata / arresto,Passeggero,M,Illeso,0,,,,
3953058,1,13/08/2018 19:05:00,Strada Urbana,PIAZZA DI S. CROCE IN GERUSALEMME,all'intersezione semaforizzata con,VIA DI S. CROCE IN GERUSALEMME,VIA DI S. CROCE IN GERUSALEMME,,,Scontro frontale/laterale SX fra veicoli in marcia,Intersezione semaforizzata,Pi� di due carreggiate,Asciutto,Asfaltata,Verticale ed orizzontale,Nebbia,Intenso,Buona,Ore Diurne,0,0,0,4,12.5147,41.8888,-1,1,Autovettura privata,In marcia / fermata / arresto,Conducente,M,Illeso,0,,Non accertato,Inesploso,
3953058,1,13/08/2018 19:05:00,Strada Urbana,PIAZZA DI S. CROCE IN GERUSALEMME,all'intersezione semaforizzata con,VIA DI S. CROCE IN GERUSALEMME,VIA DI S. CROCE IN GERUSALEMME,,,Scontro frontale/laterale SX fra veicoli in marcia,Intersezione semaforizzata,Pi� di due carreggiate,Asciutto,Asfaltata,Verticale ed orizzontale,Nebbia,Intenso,Buona,Ore Diurne,0,0,0,4,12.5147,41.8888,-1,2,Autoambulanza,In marcia / fermata / arresto,Conducente,M,Illeso,0,,Non accertato,Inesploso,
3953058,1,13/08/2018 19:05:00,Strada Urbana,PIAZZA DI S. CROCE IN GERUSALEMME,all'intersezione semaforizzata con,VIA DI S. CROCE IN GERUSALEMME,VIA DI S. CROCE IN GERUSALEMME,,,Scontro frontale/laterale SX fra veicoli in marcia,Intersezione semaforizzata,Pi� di due carreggiate,Asciutto,Asfaltata,Verticale ed orizzontale,Nebbia,Intenso,Buona,Ore Diurne,0,0,0,4,12.5147,41.8888,-1,2,Autoambulanza,In marcia / fermata / arresto,Passeggero,F,Illeso,0,,Non accertato,Inesploso,
3953058,1,13/08/2018 19:05:00,Strada Urbana,PIAZZA DI S. CROCE IN GERUSALEMME,all'intersezione semaforizzata con,VIA DI S. CROCE IN GERUSALEMME,VIA DI S. CROCE IN GERUSALEMME,,,Scontro frontale/laterale SX fra veicoli in marcia,Intersezione semaforizzata,Pi� di due carreggiate,Asciutto,Asfaltata,Verticale ed orizzontale,Nebbia,Intenso,Buona,Ore Diurne,0,0,0,4,12.5147,41.8888,-1,2,Autoambulanza,In marcia / fermata / arresto,Passeggero,M,Illeso,0,,Non accertato,Inesploso,
3953059,13,13/08/2018 22:45:00,Strada Urbana,VIA DEI PESCATORI,da specificare,,,,prossimit� via Fosso di Dragoncello,Veicolo in marcia contro ostacolo accidentale,Rettilineo,Una carreggiata a senso unico di marcia,Asciutto,Asfaltata,Verticale,Sereno,Scarso,Insufficiente,Insufficiente,0,0,0,2,12.3344,41.7522,-1,1,Autovettura privata,In marcia / fermata / arresto,Conducente,M,Illeso,0,,Non accertato,Inesploso,
3953059,13,13/08/2018 22:45:00,Strada Urbana,VIA DEI PESCATORI,da specificare,,,,prossimit� via Fosso di Dragoncello,Veicolo in marcia contro ostacolo accidentale,Rettilineo,Una carreggiata a senso unico di marcia,Asciutto,Asfaltata,Verticale,Sereno,Scarso,Insufficiente,Insufficiente,0,0,0,2,12.3344,41.7522,-1,1,Autovettura privata,In marcia / fermata / arresto,Passeggero,M,Illeso,0,,Non accertato,Inesploso,
3953069,1,12/08/2018 09:20:00,Strada Urbana,PIAZZALE UGO LA MALFA,da specificare,,,,0,Scontro laterale fra veicoli in marcia,Rotatoria,Una carreggiata a doppio senso,Asciutto,Asfaltata,Verticale ed orizzontale,Sereno,Scarso,Buona,Ore Diurne,0,0,0,3,12.4849,41.8853,-1,1,Autovettura privata,In marcia / fermata / arresto,Conducente,M,Illeso,0,,Non accertato,Inesploso,
3953069,1,12/08/2018 09:20:00,Strada Urbana,PIAZZALE UGO LA MALFA,da specificare,,,,0,Scontro laterale fra veicoli in marcia,Rotatoria,Una carreggiata a doppio senso,Asciutto,Asfaltata,Verticale ed orizzontale,Sereno,Scarso,Buona,Ore Diurne,0,0,0,3,12.4849,41.8853,-1,1,Autovettura privata,In marcia / fermata / arresto,Passeggero,F,Illeso,0,,,,
3953069,1,12/08/2018 09:20:00,Strada Urbana,PIAZZALE UGO LA MALFA,da specificare,,,,0,Scontro laterale fra veicoli in marcia,Rotatoria,Una carreggiata a doppio senso,Asciutto,Asfaltata,Verticale ed orizzontale,Sereno,Scarso,Buona,Ore Diurne,0,0,0,3,12.4849,41.8853,-1,2,Autovettura privata,In marcia / fermata / arresto,Conducente,F,Illeso,0,,Non accertato,Inesploso,
3953072,23,13/08/2018 17:35:00,Strada Urbana,VIA DEL LIDO DI CASTELPORZIANO,all'intersezione con,VIA DEL LIDO DI CASTELPORZIANO,VIA DEL LIDO DI CASTELPORZIANO,,,Scontro frontale/laterale SX fra veicoli in marcia,Intersezione stradale segnalata,Una carreggiata a doppio senso,Asciutto,Asfaltata,Verticale,Sereno,Normale,Buona,Ore Diurne,0,0,0,6,12.3507,41.7181,-1,1,Autovettura privata,In marcia / fermata / arresto,Conducente,F,Illeso,0,,Utilizzato,Inesploso,
3953072,23,13/08/2018 17:35:00,Strada Urbana,VIA DEL LIDO DI CASTELPORZIANO,all'intersezione con,VIA DEL LIDO DI CASTELPORZIANO,VIA DEL LIDO DI CASTELPORZIANO,,,Scontro frontale/laterale SX fra veicoli in marcia,Intersezione stradale segnalata,Una carreggiata a doppio senso,Asciutto,Asfaltata,Verticale,Sereno,Normale,Buona,Ore Diurne,0,0,0,6,12.3507,41.7181,-1,1,Autovettura privata,In marcia / fermata / arresto,Passeggero,F,Illeso,0,,Utilizzato,Inesploso,
3953072,23,13/08/2018 17:35:00,Strada Urbana,VIA DEL LIDO DI CASTELPORZIANO,all'intersezione con,VIA DEL LIDO DI CASTELPORZIANO,VIA DEL LIDO DI CASTELPORZIANO,,,Scontro frontale/laterale SX fra veicoli in marcia,Intersezione stradale segnalata,Una carreggiata a doppio senso,Asciutto,Asfaltata,Verticale,Sereno,Normale,Buona,Ore Diurne,0,0,0,6,12.3507,41.7181,-1,1,Autovettura privata,In marcia / fermata / arresto,Passeggero,M,Illeso,0,,Utilizzato,Inesistente,
3953072,23,13/08/2018 17:35:00,Strada Urbana,VIA DEL LIDO DI CASTELPORZIANO,all'intersezione con,VIA DEL LIDO DI CASTELPORZIANO,VIA DEL LIDO DI CASTELPORZIANO,,,Scontro frontale/laterale SX fra veicoli in marcia,Intersezione stradale segnalata,Una carreggiata a doppio senso,Asciutto,Asfaltata,Verticale,Sereno,Normale,Buona,Ore Diurne,0,0,0,6,12.3507,41.7181,-1,1,Autovettura privata,In marcia / fermata / arresto,Passeggero,M,Illeso,0,,Utilizzato,Inesistente,
3953072,23,13/08/2018 17:35:00,Strada Urbana,VIA DEL LIDO DI CASTELPORZIANO,all'intersezione con,VIA DEL LIDO DI CASTELPORZIANO,VIA DEL LIDO DI CASTELPORZIANO,,,Scontro frontale/laterale SX fra veicoli in marcia,Intersezione stradale segnalata,Una carreggiata a doppio senso,Asciutto,Asfaltata,Verticale,Sereno,Normale,Buona,Ore Diurne,0,0,0,6,12.3507,41.7181,-1,2,Autovettura privata,In marcia / fermata / arresto,Conducente,M,Illeso,0,,Non accertato,Inesploso,
3953072,23,13/08/2018 17:35:00,Strada Urbana,VIA DEL LIDO DI CASTELPORZIANO,all'intersezione con,VIA DEL LIDO DI CASTELPORZIANO,VIA DEL LIDO DI CASTELPORZIANO,,,Scontro frontale/laterale SX fra veicoli in marcia,Intersezione stradale segnalata,Una carreggiata a doppio senso,Asciutto,Asfaltata,Verticale,Sereno,Normale,Buona,Ore Diurne,0,0,0,6,12.3507,41.7181,-1,2,Autovettura privata,In marcia / fermata / arresto,Passeggero,F,Illeso,0,,Utilizzato,Inesploso,
3953073,17,13/08/2018 11:50:00,Strada Urbana,LARGO GIOVANNI XXIII,all'intersezione con,LUNGOTEVERE VATICANO,LUNGOTEVERE VATICANO,,,Scontro laterale fra veicoli in marcia,Incrocio,Due carreggiate,Asciutto,In cubetti di porfido,Verticale ed orizzontale,Sereno,Scarso,Sufficiente,Ore Diurne,1,0,0,2,12.4644,41.9021,-1,1,Autovettura privata,In marcia / fermata / arresto,Conducente,M,Illeso,0,,,,
3953073,17,13/08/2018 11:50:00,Strada Urbana,LARGO GIOVANNI XXIII,all'intersezione con,LUNGOTEVERE VATICANO,LUNGOTEVERE VATICANO,,,Scontro laterale fra veicoli in marcia,Incrocio,Due carreggiate,Asciutto,In cubetti di porfido,Verticale ed orizzontale,Sereno,Scarso,Sufficiente,Ore Diurne,1,0,0,2,12.4644,41.9021,-1,2,Motociclo con passeggero,In marcia / fermata / arresto,Conducente,F,Rifiuta cure immediate,0,NON DECEDUTO,,,
3953073,17,13/08/2018 11:50:00,Strada Urbana,LARGO GIOVANNI XXIII,all'intersezione con,LUNGOTEVERE VATICANO,LUNGOTEVERE VATICANO,,,Scontro laterale fra veicoli in marcia,Incrocio,Due carreggiate,Asciutto,In cubetti di porfido,Verticale ed orizzontale,Sereno,Scarso,Sufficiente,Ore Diurne,1,0,0,2,12.4644,41.9021,-1,3,Autovettura privata,In marcia / fermata / arresto,Conducente,M,Illeso,0,,,,
3953077,13,13/08/2018 11:00:00,Strada Urbana,VIA UMBERTO GIORDANO,all'intersezione con,VIA VINCENZO DAVICO,VIA VINCENZO DAVICO,,,Scontro frontale/laterale DX fra veicoli in marcia,Incrocio,Una carreggiata a doppio senso,Asciutto,Asfaltata,Verticale,Sereno,Normale,Buona,Ore Diurne,1,0,0,2,12.3613,41.7412,-1,1,Autovettura privata,In marcia / fermata / arresto,Conducente,M,Illeso,0,,Non accertato,Inesploso,
3953077,13,13/08/2018 11:00:00,Strada Urbana,VIA UMBERTO GIORDANO,all'intersezione con,VIA VINCENZO DAVICO,VIA VINCENZO DAVICO,,,Scontro frontale/laterale DX fra veicoli in marcia,Incrocio,Una carreggiata a doppio senso,Asciutto,Asfaltata,Verticale,Sereno,Normale,Buona,Ore Diurne,1,0,0,2,12.3613,41.7412,-1,1,Autovettura privata,In marcia / fermata / arresto,Passeggero,M,Illeso,0,,Non accertato,Inesploso,
3953077,13,13/08/2018 11:00:00,Strada Urbana,VIA UMBERTO GIORDANO,all'intersezione con,VIA VINCENZO DAVICO,VIA VINCENZO DAVICO,,,Scontro frontale/laterale DX fra veicoli in marcia,Incrocio,Una carreggiata a doppio senso,Asciutto,Asfaltata,Verticale,Sereno,Normale,Buona,Ore Diurne,1,0,0,2,12.3613,41.7412,-1,2,Velocipede,In marcia / fermata / arresto,Conducente,M,Rimandato,0,NON DECEDUTO,Esente,,
3953081,4,13/08/2018 13:20:00,Strada Urbana,VIA MONTE MASSICO,in prossimit�,,del civico n.,4,,Veicolo in marcia contro veicoli in sosta,Rettilineo,Una carreggiata a senso unico alternato,Asciutto,Asfaltata,Verticale ed orizzontale,Sereno,Normale,Buona,Ore Diurne,0,0,0,2,12.5366,41.9504,-1,1,Autovettura privata,In marcia / fermata / arresto,Conducente,F,Illeso,0,,Non accertato,,
3953081,4,13/08/2018 13:20:00,Strada Urbana,VIA MONTE MASSICO,in prossimit�,,del civico n.,4,,Veicolo in marcia contro veicoli in sosta,Rettilineo,Una carreggiata a senso unico alternato,Asciutto,Asfaltata,Verticale ed orizzontale,Sereno,Normale,Buona,Ore Diurne,0,0,0,2,12.5366,41.9504,-1,1,Autovettura privata,In marcia / fermata / arresto,Passeggero,M,Illeso,0,,Non accertato,,
3953084,10,13/08/2018 16:40:00,Strada Urbana,VIA TUSCOLANA,all'intersezione con,VIA DEL QUADRARO,VIA DEL QUADRARO,,,Infortunio per caduta del veicolo,Intersezione semaforizzata,Due carreggiate,Asciutto,Asfaltata,Verticale ed orizzontale,Sereno,Normale,Buona,Ore Diurne,1,0,0,3,12.5547,41.8609,-1,1,Motociclo a solo,In marcia / fermata / arresto,Conducente,M,Ricoverato,0,NON DECEDUTO,Non accertato,,
3953084,10,13/08/2018 16:40:00,Strada Urbana,VIA TUSCOLANA,all'intersezione con,VIA DEL QUADRARO,VIA DEL QUADRARO,,,Infortunio per caduta del veicolo,Intersezione semaforizzata,Due carreggiate,Asciutto,Asfaltata,Verticale ed orizzontale,Sereno,Normale,Buona,Ore Diurne,1,0,0,3,12.5547,41.8609,-1,2,Autovettura privata,In marcia / fermata / arresto,Conducente,M,Illeso,0,,Non accertato,Inesploso,
3953084,10,13/08/2018 16:40:00,Strada Urbana,VIA TUSCOLANA,all'intersezione con,VIA DEL QUADRARO,VIA DEL QUADRARO,,,Infortunio per caduta del veicolo,Intersezione semaforizzata,Due carreggiate,Asciutto,Asfaltata,Verticale ed orizzontale,Sereno,Normale,Buona,Ore Diurne,1,0,0,3,12.5547,41.8609,-1,2,Autovettura privata,In marcia / fermata / arresto,Passeggero,F,Illeso,0,,Non accertato,Inesploso,
3953084,10,13/08/2018 16:40:00,Strada Urbana,VIA TUSCOLANA,all'intersezione con,VIA DEL QUADRARO,VIA DEL QUADRARO,,,Infortunio per caduta del veicolo,Intersezione semaforizzata,Due carreggiate,Asciutto,Asfaltata,Verticale ed orizzontale,Sereno,Normale,Buona,Ore Diurne,1,0,0,3,12.5547,41.8609,-1,2,Autovettura privata,In marcia / fermata / arresto,Passeggero,F,Illeso,0,,Non accertato,Inesploso,
3953090,10,13/08/2018 12:30:00,Strada Urbana,VIA TUSCOLANA,in prossimit�,,del civico n.,1478,,Tamponamento,Rettilineo,Due carreggiate,Asciutto,Asfaltata,Verticale ed orizzontale,Sereno,Normale,Buona,Ore Diurne,0,0,0,2,12.5668,41.8541,-1,1,Autovettura privata,In marcia / fermata / arresto,Conducente,M,Illeso,0,,Non accertato,Inesploso,
3953090,10,13/08/2018 12:30:00,Strada Urbana,VIA TUSCOLANA,in prossimit�,,del civico n.,1478,,Tamponamento,Rettilineo,Due carreggiate,Asciutto,Asfaltata,Verticale ed orizzontale,Sereno,Normale,Buona,Ore Diurne,0,0,0,2,12.5668,41.8541,-1,2,Autovettura privata,In marcia / fermata / arresto,Conducente,F,Illeso,0,,Non accertato,Inesploso,
3953093,1,12/08/2018 14:10:00,Strada Urbana,PIAZZA DI PORTA S. GIOVANNI,in prossimit�,,del palo luce n.,62,,Scontro frontale/laterale SX fra veicoli in marcia,Rettilineo,Due carreggiate,Asciutto,Asfaltata,Verticale ed orizzontale,Sereno,Scarso,Buona,Ore Diurne,0,0,0,2,12.5089,41.8862,-1,1,Autovettura privata,In marcia / fermata / arresto,Conducente,M,Illeso,0,,Non accertato,Inesploso,
3953093,1,12/08/2018 14:10:00,Strada Urbana,PIAZZA DI PORTA S. GIOVANNI,in prossimit�,,del palo luce n.,62,,Scontro frontale/laterale SX fra veicoli in marcia,Rettilineo,Due carreggiate,Asciutto,Asfaltata,Verticale ed orizzontale,Sereno,Scarso,Buona,Ore Diurne,0,0,0,2,12.5089,41.8862,-1,2,Autovettura privata,In marcia / fermata / arresto,Conducente,M,Illeso,0,,Non accertato,Inesploso,