Protocollo,Gruppo,DataOraIncidente,Localizzazione1,STRADA1,Localizzazione2,STRADA2,Strada02,Chilometrica,DaSpecificare,NaturaIncidente,particolaritastrade,TipoStrada,FondoStradale,Pavimentazione,Segnaletica,CondizioneAtmosferica,Traffico,Visibilita,Illuminazione,NUM_FERITI,NUM_RISERVATA,NUM_MORTI,NUM_ILLESI,Longitudine,Latitudine,Confermato,Progressivo,TipoVeicolo,StatoVeicolo,TipoPersona,Sesso,Tipolesione,Deceduto,DecedutoDopo,CinturaCascoUtilizzato,Airbag,
3953101,9,13/08/2018 19:11:00,Strada Urbana,VIA AOSTA,da specificare,,,,fronte via Fidenza,Investimento di pedone,Rettilineo,Una carreggiata a doppio senso,Asciutto,Asfaltata,Verticale ed orizzontale,Sereno,Scarso,Buona,Ore Diurne,1,0,0,3,12.5147,41.8835,-1,,,,Pedone,M,Ricoverato,0,NON DECEDUTO,,,
3953101,9,13/08/2018 19:11:00,Strada Urbana,VIA AOSTA,da specificare,,,,fronte via Fidenza,Investimento di pedone,Rettilineo,Una carreggiata a doppio senso,Asciutto,Asfaltata,Verticale ed orizzontale,Sereno,Scarso,Buona,Ore Diurne,1,0,0,3,12.5147,41.8835,-1,1,Autovettura privata,In marcia / fermata / arresto,Conducente,M,Illeso,0,,,,
3953101,9,13/08/2018 19:11:00,Strada Urbana,VIA AOSTA,da specificare,,,,fronte via Fidenza,Investimento di pedone,Rettilineo,Una carreggiata a doppio senso,Asciutto,Asfaltata,Verticale ed orizzontale,Sereno,Scarso,Buona,Ore Diurne,1,0,0,3,12.5147,41.8835,-1,1,Autovettura privata,In marcia / fermata / arresto,Passeggero,F,Illeso,0,,,,
3953101,9,13/08/2018 19:11:00,Strada Urbana,VIA AOSTA,da specificare,,,,fronte via Fidenza,Investimento di pedone,Rettilineo,Una carreggiata a doppio senso,Asciutto,Asfaltata,Verticale ed orizzontale,Sereno,Scarso,Buona,Ore Diurne,1,0,0,3,12.5147,41.8835,-1,1,Autovettura privata,In marcia / fermata / arresto,Passeggero,F,Illeso,0,,,,
3953116,13,13/08/2018 18:00:00,Strada Urbana,LUNGOMARE PAOLO TOSCANELLI,in prossimit�,,del civico n.,63,,Tamponamento,Rettilineo,Due carreggiate,Asciutto,Asfaltata,Verticale ed orizzontale,Sereno,Normale,Buona,Ore Diurne,0,0,0,4,12.2795,41.7285,-1,1,Autovettura privata,In marcia / fermata / arresto,Conducente,M,Illeso,0,,Non accertato,Inesploso,
3953116,13,13/08/2018 18:00:00,Strada Urbana,LUNGOMARE PAOLO TOSCANELLI,in prossimit�,,del civico n.,63,,Tamponamento,Rettilineo,Due carreggiate,Asciutto,Asfaltata,Verticale ed orizzontale,Sereno,Normale,Buona,Ore Diurne,0,0,0,4,12.2795,41.7285,-1,1,Autovettura privata,In marcia / fermata / arresto,Passeggero,F,Illeso,0,,Non accertato,Inesploso,
3953116,13,13/08/2018 18:00:00,Strada Urbana,LUNGOMARE PAOLO TOSCANELLI,in prossimit�,,del civico n.,63,,Tamponamento,Rettilineo,Due carreggiate,Asciutto,Asfaltata,Verticale ed orizzontale,Sereno,Normale,Buona,Ore Diurne,0,0,0,4,12.2795,41.7285,-1,2,Ciclomotore con passeggero,In marcia / fermata / arresto,Conducente,M,Illeso,0,,Non accertato,,
3953116,13,13/08/2018 18:00:00,Strada Urbana,LUNGOMARE PAOLO TOSCANELLI,in prossimit�,,del civico n.,63,,Tamponamento,Rettilineo,Due carreggiate,Asciutto,Asfaltata,Verticale ed orizzontale,Sereno,Normale,Buona,Ore Diurne,0,0,0,4,12.2795,41.7285,-1,2,Ciclomotore con passeggero,In marcia / fermata / arresto,Passeggero,M,Illeso,0,,Non accertato,,
3953117,1,13/08/2018 09:10:00,Strada Urbana,VIA MERULANA,da specificare,,,,altezza VIA DI S. MARTINO AI MONTI,Tamponamento,Rettilineo,Una carreggiata a doppio senso,Asciutto,Asfaltata,Verticale ed orizzontale,Sereno,Normale,Buona,Ore Diurne,1,0,0,1,12.5022,41.8916,-1,1,Motociclo a solo,In marcia / fermata / arresto,Conducente,F,Rimandato,0,NON DECEDUTO,Non accertato,,
3953117,1,13/08/2018 09:10:00,Strada Urbana,VIA MERULANA,da specificare,,,,altezza VIA DI S. MARTINO AI MONTI,Tamponamento,Rettilineo,Una carreggiata a doppio senso,Asciutto,Asfaltata,Verticale ed orizzontale,Sereno,Normale,Buona,Ore Diurne,1,0,0,1,12.5022,41.8916,-1,2,Autovettura privata,In marcia / fermata / arresto,Conducente,M,Illeso,0,,,,
3953135,1,13/08/2018 11:10:00,Strada Urbana,VIA SALLUSTIANA,all'intersezione con,VIA PIEMONTE,VIA PIEMONTE,,,Infortunio per sola frenata improvvisa,Incrocio,Una carreggiata a senso unico di marcia,Asciutto,Asfaltata,Verticale ed orizzontale,Sereno,Scarso,Buona,Ore Diurne,0,0,0,2,,,0,1,Autovettura privata,In marcia / fermata / arresto,Conducente,M,Illeso,0,,Non accertato,Inesploso,
3953135,1,13/08/2018 11:10:00,Strada Urbana,VIA SALLUSTIANA,all'intersezione con,VIA PIEMONTE,VIA PIEMONTE,,,Infortunio per sola frenata improvvisa,Incrocio,Una carreggiata a senso unico di marcia,Asciutto,Asfaltata,Verticale ed orizzontale,Sereno,Scarso,Buona,Ore Diurne,0,0,0,2,,,0,2,Motociclo a solo,In marcia / fermata / arresto,Conducente,M,Illeso,0,,Non accertato,,
3953146,13,13/08/2018 14:00:00,Strada Urbana,VIA ANTONIO DA GAETA,all'intersezione con,VIA COSTANTINO BESCHI,VIA COSTANTINO BESCHI,,,Scontro frontale/laterale DX fra veicoli in marcia,Incrocio,Una carreggiata a senso unico di marcia,Asciutto,Asfaltata,Verticale,Sereno,Scarso,Buona,Ore Diurne,0,0,0,5,12.3674,41.7841,-1,1,Autovettura privata,In marcia / fermata / arresto,Conducente,F,Illeso,0,,Non accertato,Inesploso,
3953146,13,13/08/2018 14:00:00,Strada Urbana,VIA ANTONIO DA GAETA,all'intersezione con,VIA COSTANTINO BESCHI,VIA COSTANTINO BESCHI,,,Scontro frontale/laterale DX fra veicoli in marcia,Incrocio,Una carreggiata a senso unico di marcia,Asciutto,Asfaltata,Verticale,Sereno,Scarso,Buona,Ore Diurne,0,0,0,5,12.3674,41.7841,-1,2,Autovettura privata,In marcia / fermata / arresto,Conducente,M,Illeso,0,,Non accertato,Inesploso,
3953146,13,13/08/2018 14:00:00,Strada Urbana,VIA ANTONIO DA GAETA,all'intersezione con,VIA COSTANTINO BESCHI,VIA COSTANTINO BESCHI,,,Scontro frontale/laterale DX fra veicoli in marcia,Incrocio,Una carreggiata a senso unico di marcia,Asciutto,Asfaltata,Verticale,Sereno,Scarso,Buona,Ore Diurne,0,0,0,5,12.3674,41.7841,-1,2,Autovettura privata,In marcia / fermata / arresto,Passeggero,F,Illeso,0,,Non accertato,Inesploso,
3953146,13,13/08/2018 14:00:00,Strada Urbana,VIA ANTONIO DA GAETA,all'intersezione con,VIA COSTANTINO BESCHI,VIA COSTANTINO BESCHI,,,Scontro frontale/laterale DX fra veicoli in marcia,Incrocio,Una carreggiata a senso unico di marcia,Asciutto,Asfaltata,Verticale,Sereno,Scarso,Buona,Ore Diurne,0,0,0,5,12.3674,41.7841,-1,2,Autovettura privata,In marcia / fermata / arresto,Passeggero,M,Illeso,0,,Non accertato,Inesploso,
3953146,13,13/08/2018 14:00:00,Strada Urbana,VIA ANTONIO DA GAETA,all'intersezione con,VIA COSTANTINO BESCHI,VIA COSTANTINO BESCHI,,,Scontro frontale/laterale DX fra veicoli in marcia,Incrocio,Una carreggiata a senso unico di marcia,Asciutto,Asfaltata,Verticale,Sereno,Scarso,Buona,Ore Diurne,0,0,0,5,12.3674,41.7841,-1,2,Autovettura privata,In marcia / fermata / arresto,Passeggero,M,Illeso,0,,Non accertato,Inesploso,
3953165,1,13/08/2018 09:55:00,Strada Urbana,VIA PRINCIPE UMBERTO,in corrispondenza,,del civico n.,9,,Scontro laterale fra veicoli in marcia,Rettilineo,Una carreggiata a senso unico di marcia,Asciutto,Asfaltata,Verticale ed orizzontale,Sereno,Scarso,Buona,Ore Diurne,1,0,0,1,12.5094,41.8944,-1,1,Autocarro inferiore 35 q.,In marcia / fermata / arresto,Conducente,M,Illeso,0,,Non accertato,Inesploso,
3953165,1,13/08/2018 09:55:00,Strada Urbana,VIA PRINCIPE UMBERTO,in corrispondenza,,del civico n.,9,,Scontro laterale fra veicoli in marcia,Rettilineo,Una carreggiata a senso unico di marcia,Asciutto,Asfaltata,Verticale ed orizzontale,Sereno,Scarso,Buona,Ore Diurne,1,0,0,1,12.5094,41.8944,-1,2,Motociclo a solo,In marcia / fermata / arresto,Conducente,M,Rifiuta cure immediate,0,NON DECEDUTO,Non accertato,,
3953183,1,13/08/2018 23:35:00,Strada Urbana,PIAZZA DI S. GIOVANNI IN LATERANO,in corrispondenza,,del palo luce n.,39,,Tamponamento,Rettilineo,Pi� di due carreggiate,Asciutto,Asfaltata,Verticale ed orizzontale,Sereno,Scarso,Sufficiente,Sufficiente,4,0,0,0,12.5047,41.887,-1,1,Autovettura privata,In marcia / fermata / arresto,Conducente,M,Rifiuta cure immediate,0,NON DECEDUTO,Non accertato,Inesploso,
3953183,1,13/08/2018 23:35:00,Strada Urbana,PIAZZA DI S. GIOVANNI IN LATERANO,in corrispondenza,,del palo luce n.,39,,Tamponamento,Rettilineo,Pi� di due carreggiate,Asciutto,Asfaltata,Verticale ed orizzontale,Sereno,Scarso,Sufficiente,Sufficiente,4,0,0,0,12.5047,41.887,-1,1,Autovettura privata,In marcia / fermata / arresto,Passeggero,F,Rifiuta cure immediate,0,NON DECEDUTO,Non accertato,,
3953183,1,13/08/2018 23:35:00,Strada Urbana,PIAZZA DI S. GIOVANNI IN LATERANO,in corrispondenza,,del palo luce n.,39,,Tamponamento,Rettilineo,Pi� di due carreggiate,Asciutto,Asfaltata,Verticale ed orizzontale,Sereno,Scarso,Sufficiente,Sufficiente,4,0,0,0,12.5047,41.887,-1,1,Autovettura privata,In marcia / fermata / arresto,Passeggero,F,Rifiuta cure immediate,0,NON DECEDUTO,Non accertato,,
3953183,1,13/08/2018 23:35:00,Strada Urbana,PIAZZA DI S. GIOVANNI IN LATERANO,in corrispondenza,,del palo luce n.,39,,Tamponamento,Rettilineo,Pi� di due carreggiate,Asciutto,Asfaltata,Verticale ed orizzontale,Sereno,Scarso,Sufficiente,Sufficiente,4,0,0,0,12.5047,41.887,-1,1,Autovettura privata,In marcia / fermata / arresto,Passeggero,F,Rifiuta cure immediate,0,NON DECEDUTO,Non accertato,,
3953203,2,13/08/2018 11:00:00,Strada Urbana,VIA NOMENTANA,da specificare,,,,altezza Via Santa Costanza,Scontro laterale fra veicoli in marcia,Rettilineo,Due carreggiate,Asciutto,Asfaltata,Verticale ed orizzontale,Sereno,Scarso,Buona,Ore Diurne,0,0,0,2,12.5176,41.9212,-1,1,Autovettura privata,In marcia / fermata / arresto,Conducente,F,Illeso,0,,Non accertato,Inesploso,
3953203,2,13/08/2018 11:00:00,Strada Urbana,VIA NOMENTANA,da specificare,,,,altezza Via Santa Costanza,Scontro laterale fra veicoli in marcia,Rettilineo,Due carreggiate,Asciutto,Asfaltata,Verticale ed orizzontale,Sereno,Scarso,Buona,Ore Diurne,0,0,0,2,12.5176,41.9212,-1,2,Motociclo a solo,In marcia / fermata / arresto,Conducente,M,Illeso,0,,Non accertato,,
3953205,12,14/08/2018 01:15:00,Comunale extraurbana,VIA DI TOR PAGNOTTA,in prossimit�,,del palo luce n.,85,,Veicolo in marcia contro ostacolo fisso,Rettilineo,Una carreggiata a doppio senso,Asciutto,Asfaltata,Assente,Nuvoloso,Scarso,Insufficiente,Insufficiente,3,0,0,0,12.5042,41.8039,-1,1,Autovettura privata,In marcia / fermata / arresto,Conducente,F,Rimandato,0,NON DECEDUTO,Utilizzato,Esploso,
3953205,12,14/08/2018 01:15:00,Comunale extraurbana,VIA DI TOR PAGNOTTA,in prossimit�,,del palo luce n.,85,,Veicolo in marcia contro ostacolo fisso,Rettilineo,Una carreggiata a doppio senso,Asciutto,Asfaltata,Assente,Nuvoloso,Scarso,Insufficiente,Insufficiente,3,0,0,0,12.5042,41.8039,-1,1,Autovettura privata,In marcia / fermata / arresto,Passeggero,M,Rimandato,0,NON DECEDUTO,,,
3953205,12,14/08/2018 01:15:00,Comunale extraurbana,VIA DI TOR PAGNOTTA,in prossimit�,,del palo luce n.,85,,Veicolo in marcia contro ostacolo fisso,Rettilineo,Una carreggiata a doppio senso,Asciutto,Asfaltata,Assente,Nuvoloso,Scarso,Insufficiente,Insufficiente,3,0,0,0,12.5042,41.8039,-1,1,Autovettura privata,In marcia / fermata / arresto,Passeggero,M,Rimandato,0,NON DECEDUTO,,,
3953208,1,14/08/2018 04:10:00,Strada Urbana,VIA GIOBERTI,all'intersezione semaforizzata con,VIA FARINI,VIA FARINI,,,Scontro frontale/laterale SX fra veicoli in marcia,Intersezione semaforizzata,Una carreggiata a senso unico di marcia,Asciutto,Asfaltata,Verticale ed orizzontale,Sereno,Scarso,Insufficiente,Insufficiente,1,0,0,1,12.4999,41.8981,-1,1,Autovettura privata,In marcia / fermata / arresto,Conducente,M,Rifiuta cure immediate,0,NON DECEDUTO,Non accertato,Inesploso,
3953208,1,14/08/2018 04:10:00,Strada Urbana,VIA GIOBERTI,all'intersezione semaforizzata con,VIA FARINI,VIA FARINI,,,Scontro frontale/laterale SX fra veicoli in marcia,Intersezione semaforizzata,Una carreggiata a senso unico di marcia,Asciutto,Asfaltata,Verticale ed orizzontale,Sereno,Scarso,Insufficiente,Insufficiente,1,0,0,1,12.4999,41.8981,-1,2,Autovettura pubblica,In marcia / fermata / arresto,Conducente,M,Illeso,0,,Non accertato,Inesploso,
3953389,12,13/08/2018 06:45:00,Strada Urbana,VIA DI TORRE S. ANASTASIA,da specificare,,,,altezza civico 18 dir. Castel di Leva,Veicolo in marcia contro ostacolo accidentale,Curva senza visuale libera,Una carreggiata a doppio senso,Asciutto,Con buche,Verticale ed orizzontale,Sereno,Normale,Buona,Ore Diurne,0,0,0,1,12.5302,41.7738,-1,1,Autovettura privata,In marcia / fermata / arresto,Conducente,M,Illeso,0,,Utilizzato,Inesploso,
3953397,15,14/08/2018 10:10:00,Strada Urbana,VIA LA CONTEA,in corrispondenza,,del civico n.,3,,Scontro frontale/laterale DX fra veicoli in marcia,Rettilineo,Una carreggiata a doppio senso,Asciutto,Asfaltata,Verticale,Nuvoloso,Scarso,Buona,Ore Diurne,0,0,0,2,12.4203,41.8568,-1,1,Autovettura privata,In marcia / fermata / arresto,Conducente,F,Illeso,0,,Utilizzato,Inesploso,
3953397,15,14/08/2018 10:10:00,Strada Urbana,VIA LA CONTEA,in corrispondenza,,del civico n.,3,,Scontro frontale/laterale DX fra veicoli in marcia,Rettilineo,Una carreggiata a doppio senso,Asciutto,Asfaltata,Verticale,Nuvoloso,Scarso,Buona,Ore Diurne,0,0,0,2,12.4203,41.8568,-1,2,Autovettura privata,In marcia / fermata / arresto,Conducente,M,Illeso,0,,Utilizzato,Inesploso,
3953408,19,14/08/2018 13:45:00,Strada Urbana,VIA TRIONFALE,in prossimit�,,del civico n.,10922,,Tamponamento Multiplo,Rettilineo,Una carreggiata a doppio senso,Bagnato (pioggia),Asfaltata,Orizzontale,Pioggia in atto,Scarso,Buona,Ore Diurne,0,0,0,5,12.4126,41.9574,-1,1,Autovettura privata,In marcia / fermata / arresto,Conducente,F,Illeso,0,,,,
3953408,19,14/08/2018 13:45:00,Strada Urbana,VIA TRIONFALE,in prossimit�,,del civico n.,10922,,Tamponamento Multiplo,Rettilineo,Una carreggiata a doppio senso,Bagnato (pioggia),Asfaltata,Orizzontale,Pioggia in atto,Scarso,Buona,Ore Diurne,0,0,0,5,12.4126,41.9574,-1,1,Autovettura privata,In marcia / fermata / arresto,Passeggero,F,Illeso,0,,,,
3953408,19,14/08/2018 13:45:00,Strada Urbana,VIA TRIONFALE,in prossimit�,,del civico n.,10922,,Tamponamento Multiplo,Rettilineo,Una carreggiata a doppio senso,Bagnato (pioggia),Asfaltata,Orizzontale,Pioggia in atto,Scarso,Buona,Ore Diurne,0,0,0,5,12.4126,41.9574,-1,2,Autovettura privata,In marcia / fermata / arresto,Conducente,M,Illeso,0,,,,
3953408,19,14/08/2018 13:45:00,Strada Urbana,VIA TRIONFALE,in prossimit�,,del civico n.,10922,,Tamponamento Multiplo,Rettilineo,Una carreggiata a doppio senso,Bagnato (pioggia),Asfaltata,Orizzontale,Pioggia in atto,Scarso,Buona,Ore Diurne,0,0,0,5,12.4126,41.9574,-1,3,Autocarro inferiore 35 q.,In marcia / fermata / arresto,Conducente,M,Illeso,0,,,,
3953408,19,14/08/2018 13:45:00,Strada Urbana,VIA TRIONFALE,in prossimit�,,del civico n.,10922,,Tamponamento Multiplo,Rettilineo,Una carreggiata a doppio senso,Bagnato (pioggia),Asfaltata,Orizzontale,Pioggia in atto,Scarso,Buona,Ore Diurne,0,0,0,5,12.4126,41.9574,-1,3,Autocarro inferiore 35 q.,In marcia / fermata / arresto,Passeggero,F,Illeso,0,,,,
3953448,18,13/08/2018 17:30:00,Strada Urbana,VIA DI CASAL SELCE,in corrispondenza,,del civico n.,383,,Scontro laterale fra veicoli in marcia,Rettilineo,Una carreggiata a doppio senso,Asciutto,Asfaltata,Orizzontale,Sereno,Scarso,Buona,Ore Diurne,1,0,0,1,12.352,41.9152,-1,1,Motociclo a solo,In marcia / fermata / arresto,Conducente,M,Rifiuta cure immediate,0,NON DECEDUTO,,,
3953448,18,13/08/2018 17:30:00,Strada Urbana,VIA DI CASAL SELCE,in corrispondenza,,del civico n.,383,,Scontro laterale fra veicoli in marcia,Rettilineo,Una carreggiata a doppio senso,Asciutto,Asfaltata,Orizzontale,Sereno,Scarso,Buona,Ore Diurne,1,0,0,1,12.352,41.9152,-1,2,Autovettura privata,In marcia / fermata / arresto,Conducente,F,Illeso,0,,,,
3953476,3,13/08/2018 00:05:00,Strada Urbana,VIALE DELL'UNIVERSITA',all'intersezione semaforizzata con,VIALE DEL POLICLINICO,VIALE DEL POLICLINICO,,,Veicolo in marcia contro ostacolo fisso,Intersezione semaforizzata,Una carreggiata a doppio senso,Asciutto,Asfaltata,Verticale ed orizzontale,Sereno,Scarso,Buona,Ore Diurne,0,0,0,1,12.5109,41.9041,0,1,Autovettura privata,In marcia / fermata / arresto,Conducente,M,Illeso,0,,Non accertato,Inesploso,
3953481,16,13/08/2018 12:30:00,Strada Urbana,PIAZZALE EUGENIO MORELLI,da specificare,,,,fronte civico 5,Scontro laterale fra veicoli in marcia,Rettilineo,Una carreggiata a doppio senso,Asciutto,Asfaltata,Verticale ed orizzontale,Sereno,Scarso,Buona,Ore Diurne,0,0,0,1,12.4434,41.8602,-1,1,Autovettura privata,In marcia / fermata / arresto,Conducente,F,Illeso,0,,Non accertato,,
3953497,18,14/08/2018 12:05:00,Strada Urbana,VIA DI BOCCEA,in prossimit�,,del civico n.,450,,Scontro laterale fra veicoli in marcia,Curva senza visuale libera,Due carreggiate,Asciutto,Asfaltata,Verticale ed orizzontale,Nuvoloso,Normale,Buona,Ore Diurne,1,0,0,1,12.4059,41.9089,-1,1,Autovettura privata,In marcia / fermata / arresto,Conducente,M,Illeso,0,,,,
3953497,18,14/08/2018 12:05:00,Strada Urbana,VIA DI BOCCEA,in prossimit�,,del civico n.,450,,Scontro laterale fra veicoli in marcia,Curva senza visuale libera,Due carreggiate,Asciutto,Asfaltata,Verticale ed orizzontale,Nuvoloso,Normale,Buona,Ore Diurne,1,0,0,1,12.4059,41.9089,-1,2,Motociclo a solo,In marcia / fermata / arresto,Conducente,M,Rimandato,0,NON DECEDUTO,,,
3953498,18,14/08/2018 16:10:00,Strada Urbana,VIA DELLA MAGLIANELLA,in corrispondenza,,del civico n.,330,,Scontro frontale/laterale SX fra veicoli in marcia,Rettilineo,Una carreggiata a senso unico di marcia,Bagnato (pioggia),Asfaltata,Verticale ed orizzontale,Pioggia in atto,Normale,Buona,Ore Diurne,0,0,0,2,12.3839,41.9142,-1,1,Autovettura privata,In marcia / fermata / arresto,Conducente,F,Illeso,0,,Non accertato,Esploso,
3953498,18,14/08/2018 16:10:00,Strada Urbana,VIA DELLA MAGLIANELLA,in corrispondenza,,del civico n.,330,,Scontro frontale/laterale SX fra veicoli in marcia,Rettilineo,Una carreggiata a senso unico di marcia,Bagnato (pioggia),Asfaltata,Verticale ed orizzontale,Pioggia in atto,Normale,Buona,Ore Diurne,0,0,0,2,12.3839,41.9142,-1,2,Autovettura privata,In marcia / fermata / arresto,Conducente,M,Illeso,0,,Non accertato,Inesploso,
3953502,19,14/08/2018 16:30:00,Strada Urbana,VIA TRIONFALE,da specificare,,,,altezza Via Monfortani,Scontro laterale fra veicoli in marcia,Curva a visuale libera,Una carreggiata a senso unico di marcia,Asciutto,Asfaltata,Orizzontale,Nuvoloso,Scarso,Buona,Ore Diurne,1,0,0,2,12.4229,41.9409,-1,1,Autovettura privata,In marcia / fermata / arresto,Conducente,M,Illeso,0,,,,
3953502,19,14/08/2018 16:30:00,Strada Urbana,VIA TRIONFALE,da specificare,,,,altezza Via Monfortani,Scontro laterale fra veicoli in marcia,Curva a visuale libera,Una carreggiata a senso unico di marcia,Asciutto,Asfaltata,Orizzontale,Nuvoloso,Scarso,Buona,Ore Diurne,1,0,0,2,12.4229,41.9409,-1,1,Autovettura privata,In marcia / fermata / arresto,Passeggero,F,Illeso,0,,,,
3953502,19,14/08/2018 16:30:00,Strada Urbana,VIA TRIONFALE,da specificare,,,,altezza Via Monfortani,Scontro laterale fra veicoli in marcia,Curva a visuale libera,Una carreggiata a senso unico di marcia,Asciutto,Asfaltata,Orizzontale,Nuvoloso,Scarso,Buona,Ore Diurne,1,0,0,2,12.4229,41.9409,-1,2,Motociclo a solo,In marcia / fermata / arresto,Conducente,M,Rifiuta cure immediate,0,NON DECEDUTO,,,
3953557,10,14/08/2018 18:20:00,Strada Urbana,VIA WALTER PROCACCINI,all'intersezione con,VIA DI TORRE SPACCATA,VIA DI TORRE SPACCATA,,,Scontro laterale fra veicoli in marcia,Rotatoria,Due carreggiate,Bagnato (umidit� in atto),Asfaltata,Verticale ed orizzontale,Nuvoloso,Normale,Buona,Ore Diurne,0,0,0,3,12.583,41.8518,-1,1,Autovettura privata,In marcia / fermata / arresto,Conducente,M,Illeso,0,,Non accertato,Inesploso,
3953557,10,14/08/2018 18:20:00,Strada Urbana,VIA WALTER PROCACCINI,all'intersezione con,VIA DI TORRE SPACCATA,VIA DI TORRE SPACCATA,,,Scontro laterale fra veicoli in marcia,Rotatoria,Due carreggiate,Bagnato (umidit� in atto),Asfaltata,Verticale ed orizzontale,Nuvoloso,Normale,Buona,Ore Diurne,0,0,0,3,12.583,41.8518,-1,1,Autovettura privata,In marcia / fermata / arresto,Passeggero,M,Illeso,0,,Non accertato,Inesploso,
3953557,10,14/08/2018 18:20:00,Strada Urbana,VIA WALTER PROCACCINI,all'intersezione con,VIA DI TORRE SPACCATA,VIA DI TORRE SPACCATA,,,Scontro laterale fra veicoli in marcia,Rotatoria,Due carreggiate,Bagnato (umidit� in atto),Asfaltata,Verticale ed orizzontale,Nuvoloso,Normale,Buona,Ore Diurne,0,0,0,3,12.583,41.8518,-1,2,Autovettura privata,In marcia / fermata / arresto,Conducente,F,Illeso,0,,Non accertato,Inesploso,
3953581,3,12/08/2018 12:40:00,Strada Urbana,VIA ANTONIO BOSIO,in prossimit�,,del civico n.,2,,Veicolo in marcia contro veicoli in sosta,Rettilineo,Una carreggiata a senso unico di marcia,Asciutto,Asfaltata,Verticale ed orizzontale,Sereno,Scarso,Buona,Ore Diurne,0,0,0,1,12.5132,41.917,-1,1,Autovettura privata,In marcia / fermata / arresto,Conducente,M,Illeso,0,,Non accertato,Inesploso,
3953584,15,14/08/2018 17:20:00,Strada Urbana,PIAZZA AUGUSTO RIGHI,all'intersezione semaforizzata con,LUNGOTEVERE DI PIETRA PAPA,LUNGOTEVERE DI PIETRA PAPA,,,Investimento di pedone,Intersezione semaforizzata,Due carreggiate,Bagnato (umidit� in atto),Asfaltata,Verticale ed orizzontale,Nuvoloso,Normale,Buona,Ore Diurne,1,0,0,1,12.4701,41.8618,-1,,,,Pedone,F,Rimandato,0,NON DECEDUTO,,,
3953584,15,14/08/2018 17:20:00,Strada Urbana,PIAZZA AUGUSTO RIGHI,all'intersezione semaforizzata con,LUNGOTEVERE DI PIETRA PAPA,LUNGOTEVERE DI PIETRA PAPA,,,Investimento di pedone,Intersezione semaforizzata,Due carreggiate,Bagnato (umidit� in atto),Asfaltata,Verticale ed orizzontale,Nuvoloso,Normale,Buona,Ore Diurne,1,0,0,1,12.4701,41.8618,-1,1,Autovettura privata,In marcia / fermata / arresto,Conducente,M,Illeso,0,,Non accertato,Inesploso,
3953694,12,15/08/2018 01:00:00,Regionale,VIA PONTINA,da specificare,,,,in prossimit� del Km 20.700 dir. Roma,Scontro frontale/laterale DX fra veicoli in marcia,Rettilineo,Due carreggiate,Bagnato (pioggia),Asfaltata,Verticale ed orizzontale,Pioggia in atto,Scarso,Insufficiente,Inesistente,0,0,0,4,12.432,41.7353,-1,1,Autovettura privata,In marcia / fermata / arresto,Conducente,M,Illeso,0,,Non accertato,Inesploso,
3953694,12,15/08/2018 01:00:00,Regionale,VIA PONTINA,da specificare,,,,in prossimit� del Km 20.700 dir. Roma,Scontro frontale/laterale DX fra veicoli in marcia,Rettilineo,Due carreggiate,Bagnato (pioggia),Asfaltata,Verticale ed orizzontale,Pioggia in atto,Scarso,Insufficiente,Inesistente,0,0,0,4,12.432,41.7353,-1,1,Autovettura privata,In marcia / fermata / arresto,Passeggero,F,Illeso,0,,,,
3953694,12,15/08/2018 01:00:00,Regionale,VIA PONTINA,da specificare,,,,in prossimit� del Km 20.700 dir. Roma,Scontro frontale/laterale DX fra veicoli in marcia,Rettilineo,Due carreggiate,Bagnato (pioggia),Asfaltata,Verticale ed orizzontale,Pioggia in atto,Scarso,Insufficiente,Inesistente,0,0,0,4,12.432,41.7353,-1,2,Autovettura privata,In marcia / fermata / arresto,Conducente,M,Illeso,0,,Non accertato,Esploso,
3953694,12,15/08/2018 01:00:00,Regionale,VIA PONTINA,da specificare,,,,in prossimit� del Km 20.700 dir. Roma,Scontro frontale/laterale DX fra veicoli in marcia,Rettilineo,Due carreggiate,Bagnato (pioggia),Asfaltata,Verticale ed orizzontale,Pioggia in atto,Scarso,Insufficiente,Inesistente,0,0,0,4,12.432,41.7353,-1,2,Autovettura privata,In marcia / fermata / arresto,Passeggero,M,Illeso,0,,Non accertato,Esploso,
3953769,11,14/08/2018 12:00:00,Strada Urbana,VIA APPIA PIGNATELLI,da specificare,,,,fronte civico 119/A,Veicolo in marcia contro ostacolo accidentale,Rettilineo,Una carreggiata a senso unico di marcia,Asciutto,Acciotolata,Verticale ed orizzontale,Nuvoloso,Normale,Buona,Ore Diurne,0,0,0,1,12.527,41.8523,-1,1,Autovettura privata,In marcia / fermata / arresto,Conducente,M,Illeso,0,,Non accertato,Inesploso,
3953777,11,14/08/2018 21:40:00,Strada Urbana,LARGO GIUSEPPE PELLA,all'intersezione semaforizzata con,VIA CRISTOFORO COLOMBO,VIA CRISTOFORO COLOMBO,,,Veicolo in marcia contro ostacolo fisso,Intersezione semaforizzata,Due carreggiate,Bagnato (pioggia),Asfaltata,Verticale ed orizzontale,Pioggia in atto,Normale,Buona,Sufficiente,0,0,0,1,12.4688,41.8295,-1,1,Autovettura privata,In marcia / fermata / arresto,Conducente,M,Illeso,0,,Non accertato,Inesploso,