Protocollo,Gruppo,DataOraIncidente,Localizzazione1,STRADA1,Localizzazione2,STRADA2,Strada02,Chilometrica,DaSpecificare,NaturaIncidente,particolaritastrade,TipoStrada,FondoStradale,Pavimentazione,Segnaletica,CondizioneAtmosferica,Traffico,Visibilita,Illuminazione,NUM_FERITI,NUM_RISERVATA,NUM_MORTI,NUM_ILLESI,Longitudine,Latitudine,Confermato,Progressivo,TipoVeicolo,StatoVeicolo,TipoPersona,Sesso,Tipolesione,Deceduto,DecedutoDopo,CinturaCascoUtilizzato,Airbag,
3953783,11,15/08/2018 01:45:00,Strada Urbana,VIALE DEL TINTORETTO,all'intersezione con,VIA SOLARIO,VIA SOLARIO,,,Fuoriuscita dalla sede stradale,Intersezione stradale segnalata,Due carreggiate,Bagnato (pioggia),Asfaltata,Verticale ed orizzontale,Pioggia in atto,Scarso,Buona,Sufficiente,0,0,0,1,12.4866,41.837,-1,1,Autovettura privata,In marcia / fermata / arresto,Conducente,M,Illeso,0,,Utilizzato,Inesploso,
3953786,11,12/08/2018 16:05:00,Strada Urbana,VIA CRISTOFORO COLOMBO,all'intersezione semaforizzata con,VIA GIOVANNI GENOCCHI,VIA GIOVANNI GENOCCHI,,,Tamponamento,Intersezione semaforizzata,Pi� di due carreggiate,Asciutto,Asfaltata,Verticale ed orizzontale,Sereno,Scarso,Buona,Ore Diurne,0,0,0,3,12.4963,41.8587,-1,1,Autovettura privata,In marcia / fermata / arresto,Conducente,F,Illeso,0,,Non accertato,Inesploso,
3953786,11,12/08/2018 16:05:00,Strada Urbana,VIA CRISTOFORO COLOMBO,all'intersezione semaforizzata con,VIA GIOVANNI GENOCCHI,VIA GIOVANNI GENOCCHI,,,Tamponamento,Intersezione semaforizzata,Pi� di due carreggiate,Asciutto,Asfaltata,Verticale ed orizzontale,Sereno,Scarso,Buona,Ore Diurne,0,0,0,3,12.4963,41.8587,-1,2,Autovettura privata,In marcia / fermata / arresto,Conducente,M,Illeso,0,,Non accertato,Inesploso,
3953786,11,12/08/2018 16:05:00,Strada Urbana,VIA CRISTOFORO COLOMBO,all'intersezione semaforizzata con,VIA GIOVANNI GENOCCHI,VIA GIOVANNI GENOCCHI,,,Tamponamento,Intersezione semaforizzata,Pi� di due carreggiate,Asciutto,Asfaltata,Verticale ed orizzontale,Sereno,Scarso,Buona,Ore Diurne,0,0,0,3,12.4963,41.8587,-1,2,Autovettura privata,In marcia / fermata / arresto,Passeggero,M,Illeso,0,,Non accertato,Inesploso,
3953795,20,14/08/2018 13:20:00,Regionale entro l'abitato,VIA FLAMINIA,in prossimit�,,del civico n.,850,,Veicolo in marcia contro ostacolo fisso,Dosso,Due carreggiate,Bagnato (pioggia),Asfaltata,Verticale ed orizzontale,Pioggia in atto,Normale,Buona,Ore Diurne,0,0,0,1,12.4843,41.9533,-1,1,Autocarro inferiore 35 q.,In marcia / fermata / arresto,Conducente,M,Illeso,0,,Non accertato,,
3953811,6,14/08/2018 23:45:00,Strada Urbana,PIAZZA DEL PIGNETO,da specificare,,,,fronte civico 9/a,Tamponamento,Rettilineo,Una carreggiata a senso unico di marcia,Bagnato (pioggia),Asfaltata,Verticale ed orizzontale,Pioggia in atto,Scarso,Sufficiente,Sufficiente,0,0,0,5,12.5229,41.889,-1,1,Autovettura privata,In marcia / fermata / arresto,Conducente,M,Illeso,0,,,,
3953811,6,14/08/2018 23:45:00,Strada Urbana,PIAZZA DEL PIGNETO,da specificare,,,,fronte civico 9/a,Tamponamento,Rettilineo,Una carreggiata a senso unico di marcia,Bagnato (pioggia),Asfaltata,Verticale ed orizzontale,Pioggia in atto,Scarso,Sufficiente,Sufficiente,0,0,0,5,12.5229,41.889,-1,1,Autovettura privata,In marcia / fermata / arresto,Passeggero,M,Illeso,0,,,,
3953811,6,14/08/2018 23:45:00,Strada Urbana,PIAZZA DEL PIGNETO,da specificare,,,,fronte civico 9/a,Tamponamento,Rettilineo,Una carreggiata a senso unico di marcia,Bagnato (pioggia),Asfaltata,Verticale ed orizzontale,Pioggia in atto,Scarso,Sufficiente,Sufficiente,0,0,0,5,12.5229,41.889,-1,1,Autovettura privata,In marcia / fermata / arresto,Passeggero,M,Illeso,0,,,,
3953811,6,14/08/2018 23:45:00,Strada Urbana,PIAZZA DEL PIGNETO,da specificare,,,,fronte civico 9/a,Tamponamento,Rettilineo,Una carreggiata a senso unico di marcia,Bagnato (pioggia),Asfaltata,Verticale ed orizzontale,Pioggia in atto,Scarso,Sufficiente,Sufficiente,0,0,0,5,12.5229,41.889,-1,2,Autovettura privata,In marcia / fermata / arresto,Conducente,M,Illeso,0,,,,
3953811,6,14/08/2018 23:45:00,Strada Urbana,PIAZZA DEL PIGNETO,da specificare,,,,fronte civico 9/a,Tamponamento,Rettilineo,Una carreggiata a senso unico di marcia,Bagnato (pioggia),Asfaltata,Verticale ed orizzontale,Pioggia in atto,Scarso,Sufficiente,Sufficiente,0,0,0,5,12.5229,41.889,-1,2,Autovettura privata,In marcia / fermata / arresto,Passeggero,M,Illeso,0,,,,
3953982,8,14/08/2018 16:50:00,Provinciale,VIA COLLATINA,all'intersezione con,VIA DELL'ACQUA VERGINE,VIA DELL'ACQUA VERGINE,,,Veicolo in marcia contro ostacolo fisso,Intersezione stradale segnalata,Una carreggiata a doppio senso,Bagnato (pioggia),Asfaltata,Verticale ed orizzontale,Pioggia in atto,Normale,Buona,Ore Diurne,1,0,0,0,12.6271,41.9079,-1,1,Autovettura privata,In marcia / fermata / arresto,Conducente,F,Rimandato,0,NON DECEDUTO,Non accertato,,
3953995,8,15/08/2018 10:10:00,,VIA RAFFAELE DE FERRARI,all'intersezione con,VIA ANGELO MARABINI,VIA ANGELO MARABINI,,,Scontro frontale fra veicoli in marcia,,,,,,,,,,1,0,0,1,,,0,1,Autovettura privata,In marcia / fermata / arresto,Conducente,M,Illeso,0,,,,
3953995,8,15/08/2018 10:10:00,,VIA RAFFAELE DE FERRARI,all'intersezione con,VIA ANGELO MARABINI,VIA ANGELO MARABINI,,,Scontro frontale fra veicoli in marcia,,,,,,,,,,1,0,0,1,,,0,2,Velocipede,In marcia / fermata / arresto,Conducente,M,Rifiuta cure immediate,0,NON DECEDUTO,Esente,,
3954290,11,15/08/2018 13:00:00,Strada Urbana,VIA CRISTOFORO COLOMBO,da specificare,,,,ALTEZZA VIA LEONORI,Tamponamento,Rettilineo,Pi� di due carreggiate,Asciutto,Asfaltata,Verticale ed orizzontale,Sereno,Scarso,Buona,Ore Diurne,2,0,0,0,12.4858,41.851,-1,1,Autocarro inferiore 35 q.,In marcia / fermata / arresto,Conducente,M,Rimandato,0,NON DECEDUTO,Non accertato,,
3954290,11,15/08/2018 13:00:00,Strada Urbana,VIA CRISTOFORO COLOMBO,da specificare,,,,ALTEZZA VIA LEONORI,Tamponamento,Rettilineo,Pi� di due carreggiate,Asciutto,Asfaltata,Verticale ed orizzontale,Sereno,Scarso,Buona,Ore Diurne,2,0,0,0,12.4858,41.851,-1,2,Autovettura privata,In marcia / fermata / arresto,Conducente,M,Rimandato,0,NON DECEDUTO,Non accertato,,
3954291,13,14/08/2018 10:30:00,Strada Urbana,VIA ANDREA DA GARESSIO,all'intersezione con,VIA GIUSEPPE DA GALLIATE,VIA GIUSEPPE DA GALLIATE,,,Scontro frontale/laterale DX fra veicoli in marcia,Incrocio,Una carreggiata a doppio senso,Asciutto,Asfaltata,Verticale ed orizzontale,Nuvoloso,Normale,Buona,Ore Diurne,0,0,0,4,12.3551,41.7827,-1,1,Autovettura privata,In marcia / fermata / arresto,Conducente,F,Illeso,0,,Non accertato,Inesploso,
3954291,13,14/08/2018 10:30:00,Strada Urbana,VIA ANDREA DA GARESSIO,all'intersezione con,VIA GIUSEPPE DA GALLIATE,VIA GIUSEPPE DA GALLIATE,,,Scontro frontale/laterale DX fra veicoli in marcia,Incrocio,Una carreggiata a doppio senso,Asciutto,Asfaltata,Verticale ed orizzontale,Nuvoloso,Normale,Buona,Ore Diurne,0,0,0,4,12.3551,41.7827,-1,1,Autovettura privata,In marcia / fermata / arresto,Passeggero,F,Illeso,0,,Non accertato,Inesploso,
3954291,13,14/08/2018 10:30:00,Strada Urbana,VIA ANDREA DA GARESSIO,all'intersezione con,VIA GIUSEPPE DA GALLIATE,VIA GIUSEPPE DA GALLIATE,,,Scontro frontale/laterale DX fra veicoli in marcia,Incrocio,Una carreggiata a doppio senso,Asciutto,Asfaltata,Verticale ed orizzontale,Nuvoloso,Normale,Buona,Ore Diurne,0,0,0,4,12.3551,41.7827,-1,2,Autovettura privata,In marcia / fermata / arresto,Conducente,M,Illeso,0,,Non accertato,Inesploso,
3954291,13,14/08/2018 10:30:00,Strada Urbana,VIA ANDREA DA GARESSIO,all'intersezione con,VIA GIUSEPPE DA GALLIATE,VIA GIUSEPPE DA GALLIATE,,,Scontro frontale/laterale DX fra veicoli in marcia,Incrocio,Una carreggiata a doppio senso,Asciutto,Asfaltata,Verticale ed orizzontale,Nuvoloso,Normale,Buona,Ore Diurne,0,0,0,4,12.3551,41.7827,-1,2,Autovettura privata,In marcia / fermata / arresto,Passeggero,F,Illeso,0,,Non accertato,Inesploso,
3954296,9,14/08/2018 19:30:00,Strada Urbana,VIALE FURIO CAMILLO,da specificare,,,,fronte VIA EURIALO,Scontro frontale/laterale SX fra veicoli in marcia,Rettilineo,Due carreggiate,Asciutto,Asfaltata,Verticale ed orizzontale,Nuvoloso,Normale,Sufficiente,Ore Diurne,0,0,0,2,12.524,41.8754,-1,1,Autovettura privata,In marcia / fermata / arresto,Conducente,M,Illeso,0,,Non accertato,Inesploso,
3954296,9,14/08/2018 19:30:00,Strada Urbana,VIALE FURIO CAMILLO,da specificare,,,,fronte VIA EURIALO,Scontro frontale/laterale SX fra veicoli in marcia,Rettilineo,Due carreggiate,Asciutto,Asfaltata,Verticale ed orizzontale,Nuvoloso,Normale,Sufficiente,Ore Diurne,0,0,0,2,12.524,41.8754,-1,2,Autovettura privata,In marcia / fermata / arresto,Conducente,F,Illeso,0,,Non accertato,Inesploso,
3954298,15,15/08/2018 10:50:00,Strada Urbana,VIA DEI GROTTONI,all'intersezione semaforizzata con,VIA DELLA MAGLIANA NUOVA,VIA DELLA MAGLIANA NUOVA,,,Scontro frontale/laterale DX fra veicoli in marcia,Incrocio,Una carreggiata a senso unico di marcia,Asciutto,Asfaltata,Verticale ed orizzontale,Nuvoloso,Normale,Buona,Ore Diurne,2,0,0,3,12.4573,41.8564,-1,1,Autovettura privata,In marcia / fermata / arresto,Conducente,M,Illeso,0,,Non accertato,Esploso,
3954298,15,15/08/2018 10:50:00,Strada Urbana,VIA DEI GROTTONI,all'intersezione semaforizzata con,VIA DELLA MAGLIANA NUOVA,VIA DELLA MAGLIANA NUOVA,,,Scontro frontale/laterale DX fra veicoli in marcia,Incrocio,Una carreggiata a senso unico di marcia,Asciutto,Asfaltata,Verticale ed orizzontale,Nuvoloso,Normale,Buona,Ore Diurne,2,0,0,3,12.4573,41.8564,-1,1,Autovettura privata,In marcia / fermata / arresto,Passeggero,F,Illeso,0,,Non accertato,Esploso,
3954298,15,15/08/2018 10:50:00,Strada Urbana,VIA DEI GROTTONI,all'intersezione semaforizzata con,VIA DELLA MAGLIANA NUOVA,VIA DELLA MAGLIANA NUOVA,,,Scontro frontale/laterale DX fra veicoli in marcia,Incrocio,Una carreggiata a senso unico di marcia,Asciutto,Asfaltata,Verticale ed orizzontale,Nuvoloso,Normale,Buona,Ore Diurne,2,0,0,3,12.4573,41.8564,-1,2,Autovettura privata,In marcia / fermata / arresto,Conducente,M,Illeso,0,,Non accertato,Esploso,
3954298,15,15/08/2018 10:50:00,Strada Urbana,VIA DEI GROTTONI,all'intersezione semaforizzata con,VIA DELLA MAGLIANA NUOVA,VIA DELLA MAGLIANA NUOVA,,,Scontro frontale/laterale DX fra veicoli in marcia,Incrocio,Una carreggiata a senso unico di marcia,Asciutto,Asfaltata,Verticale ed orizzontale,Nuvoloso,Normale,Buona,Ore Diurne,2,0,0,3,12.4573,41.8564,-1,2,Autovettura privata,In marcia / fermata / arresto,Passeggero,M,Ricoverato,0,NON DECEDUTO,Non accertato,Esploso,
3954298,15,15/08/2018 10:50:00,Strada Urbana,VIA DEI GROTTONI,all'intersezione semaforizzata con,VIA DELLA MAGLIANA NUOVA,VIA DELLA MAGLIANA NUOVA,,,Scontro frontale/laterale DX fra veicoli in marcia,Incrocio,Una carreggiata a senso unico di marcia,Asciutto,Asfaltata,Verticale ed orizzontale,Nuvoloso,Normale,Buona,Ore Diurne,2,0,0,3,12.4573,41.8564,-1,2,Autovettura privata,In marcia / fermata / arresto,Passeggero,F,Rimandato,0,NON DECEDUTO,Non accertato,Inesploso,
3954314,6,15/08/2018 19:20:00,Strada Urbana,CIRCONVALLAZIONE CASILINA,in corrispondenza,,del civico n.,85/a,,Scontro laterale fra veicoli in marcia,Rettilineo,Una carreggiata a senso unico di marcia,Bagnato (pioggia),Asfaltata,Verticale ed orizzontale,Nuvoloso,Scarso,Sufficiente,Ore Diurne,0,0,0,5,12.5277,41.8891,-1,1,Autovettura privata,In marcia / fermata / arresto,Conducente,M,Illeso,0,,,,
3954314,6,15/08/2018 19:20:00,Strada Urbana,CIRCONVALLAZIONE CASILINA,in corrispondenza,,del civico n.,85/a,,Scontro laterale fra veicoli in marcia,Rettilineo,Una carreggiata a senso unico di marcia,Bagnato (pioggia),Asfaltata,Verticale ed orizzontale,Nuvoloso,Scarso,Sufficiente,Ore Diurne,0,0,0,5,12.5277,41.8891,-1,1,Autovettura privata,In marcia / fermata / arresto,Passeggero,M,Illeso,0,,,,
3954314,6,15/08/2018 19:20:00,Strada Urbana,CIRCONVALLAZIONE CASILINA,in corrispondenza,,del civico n.,85/a,,Scontro laterale fra veicoli in marcia,Rettilineo,Una carreggiata a senso unico di marcia,Bagnato (pioggia),Asfaltata,Verticale ed orizzontale,Nuvoloso,Scarso,Sufficiente,Ore Diurne,0,0,0,5,12.5277,41.8891,-1,1,Autovettura privata,In marcia / fermata / arresto,Passeggero,M,Illeso,0,,,,
3954314,6,15/08/2018 19:20:00,Strada Urbana,CIRCONVALLAZIONE CASILINA,in corrispondenza,,del civico n.,85/a,,Scontro laterale fra veicoli in marcia,Rettilineo,Una carreggiata a senso unico di marcia,Bagnato (pioggia),Asfaltata,Verticale ed orizzontale,Nuvoloso,Scarso,Sufficiente,Ore Diurne,0,0,0,5,12.5277,41.8891,-1,1,Autovettura privata,In marcia / fermata / arresto,Passeggero,M,Illeso,0,,,,
3954314,6,15/08/2018 19:20:00,Strada Urbana,CIRCONVALLAZIONE CASILINA,in corrispondenza,,del civico n.,85/a,,Scontro laterale fra veicoli in marcia,Rettilineo,Una carreggiata a senso unico di marcia,Bagnato (pioggia),Asfaltata,Verticale ed orizzontale,Nuvoloso,Scarso,Sufficiente,Ore Diurne,0,0,0,5,12.5277,41.8891,-1,2,Autovettura privata,In marcia / fermata / arresto,Conducente,M,Illeso,0,,,,
3954315,20,15/08/2018 12:00:00,Strada Urbana,VIA VEIENTANA VETERE,in corrispondenza,,del civico n.,397,,Tamponamento,Rettilineo,Una carreggiata a doppio senso,Asciutto,Asfaltata,Verticale,Sereno,Normale,Buona,Ore Diurne,1,0,0,4,12.483,41.99,-1,1,Autovettura privata,In marcia / fermata / arresto,Conducente,M,Illeso,0,,,,
3954315,20,15/08/2018 12:00:00,Strada Urbana,VIA VEIENTANA VETERE,in corrispondenza,,del civico n.,397,,Tamponamento,Rettilineo,Una carreggiata a doppio senso,Asciutto,Asfaltata,Verticale,Sereno,Normale,Buona,Ore Diurne,1,0,0,4,12.483,41.99,-1,2,Autovettura privata,In marcia / fermata / arresto,Conducente,M,Illeso,0,,,,
3954315,20,15/08/2018 12:00:00,Strada Urbana,VIA VEIENTANA VETERE,in corrispondenza,,del civico n.,397,,Tamponamento,Rettilineo,Una carreggiata a doppio senso,Asciutto,Asfaltata,Verticale,Sereno,Normale,Buona,Ore Diurne,1,0,0,4,12.483,41.99,-1,2,Autovettura privata,In marcia / fermata / arresto,Passeggero,M,Illeso,0,,,,
3954315,20,15/08/2018 12:00:00,Strada Urbana,VIA VEIENTANA VETERE,in corrispondenza,,del civico n.,397,,Tamponamento,Rettilineo,Una carreggiata a doppio senso,Asciutto,Asfaltata,Verticale,Sereno,Normale,Buona,Ore Diurne,1,0,0,4,12.483,41.99,-1,2,Autovettura privata,In marcia / fermata / arresto,Passeggero,M,Illeso,0,,,,
3954315,20,15/08/2018 12:00:00,Strada Urbana,VIA VEIENTANA VETERE,in corrispondenza,,del civico n.,397,,Tamponamento,Rettilineo,Una carreggiata a doppio senso,Asciutto,Asfaltata,Verticale,Sereno,Normale,Buona,Ore Diurne,1,0,0,4,12.483,41.99,-1,2,Autovettura privata,In marcia / fermata / arresto,Passeggero,F,Rimandato,0,NON DECEDUTO,,,
3954317,20,15/08/2018 18:00:00,Regionale entro l'abitato,VIALE DI TOR DI QUINTO,da specificare,,,,pros via Stazione Tor di Quinto dir GRA,Veicolo in marcia contro ostacolo fisso,Curva a visuale libera,Due carreggiate,Bagnato (pioggia),Asfaltata,Verticale ed orizzontale,Pioggia in atto,Scarso,Sufficiente,Ore Diurne,1,0,0,1,12.485,41.9508,-1,1,Autovettura privata,In marcia / fermata / arresto,Conducente,M,Illeso,0,,Non accertato,,
3954317,20,15/08/2018 18:00:00,Regionale entro l'abitato,VIALE DI TOR DI QUINTO,da specificare,,,,pros via Stazione Tor di Quinto dir GRA,Veicolo in marcia contro ostacolo fisso,Curva a visuale libera,Due carreggiate,Bagnato (pioggia),Asfaltata,Verticale ed orizzontale,Pioggia in atto,Scarso,Sufficiente,Ore Diurne,1,0,0,1,12.485,41.9508,-1,1,Autovettura privata,In marcia / fermata / arresto,Passeggero,F,Rimandato,0,NON DECEDUTO,Non accertato,Inesploso,
3954318,19,14/08/2018 23:30:00,Strada Urbana,VIALE CORTINA D'AMPEZZO,in prossimit�,,del civico n.,77,,Veicolo in marcia contro ostacolo fisso,Curva senza visuale libera,Una carreggiata a doppio senso,Bagnato (pioggia),Asfaltata,Assente,Pioggia in atto,Scarso,Sufficiente,Sufficiente,1,0,0,2,12.4493,41.9511,-1,1,Autovettura privata,In marcia / fermata / arresto,Conducente,M,Illeso,0,,,,
3954318,19,14/08/2018 23:30:00,Strada Urbana,VIALE CORTINA D'AMPEZZO,in prossimit�,,del civico n.,77,,Veicolo in marcia contro ostacolo fisso,Curva senza visuale libera,Una carreggiata a doppio senso,Bagnato (pioggia),Asfaltata,Assente,Pioggia in atto,Scarso,Sufficiente,Sufficiente,1,0,0,2,12.4493,41.9511,-1,1,Autovettura privata,In marcia / fermata / arresto,Passeggero,F,Rimandato,0,NON DECEDUTO,,,
3954318,19,14/08/2018 23:30:00,Strada Urbana,VIALE CORTINA D'AMPEZZO,in prossimit�,,del civico n.,77,,Veicolo in marcia contro ostacolo fisso,Curva senza visuale libera,Una carreggiata a doppio senso,Bagnato (pioggia),Asfaltata,Assente,Pioggia in atto,Scarso,Sufficiente,Sufficiente,1,0,0,2,12.4493,41.9511,-1,1,Autovettura privata,In marcia / fermata / arresto,Passeggero,M,Illeso,0,,,,
3954324,1,15/08/2018 00:30:00,Strada Urbana,VIALE AVENTINO,all'intersezione semaforizzata con,VIA DEL CIRCO MASSIMO,VIA DEL CIRCO MASSIMO,,,Tamponamento,Intersezione semaforizzata,Due carreggiate,Bagnato (pioggia),In cubetti di porfido,Verticale ed orizzontale,Pioggia in atto,Scarso,Buona,Sufficiente,0,0,0,4,12.4864,41.8824,-1,1,Autovettura privata,In marcia / fermata / arresto,Conducente,M,Illeso,0,,Non accertato,,
3954324,1,15/08/2018 00:30:00,Strada Urbana,VIALE AVENTINO,all'intersezione semaforizzata con,VIA DEL CIRCO MASSIMO,VIA DEL CIRCO MASSIMO,,,Tamponamento,Intersezione semaforizzata,Due carreggiate,Bagnato (pioggia),In cubetti di porfido,Verticale ed orizzontale,Pioggia in atto,Scarso,Buona,Sufficiente,0,0,0,4,12.4864,41.8824,-1,1,Autovettura privata,In marcia / fermata / arresto,Passeggero,M,Illeso,0,,Non accertato,,
3954324,1,15/08/2018 00:30:00,Strada Urbana,VIALE AVENTINO,all'intersezione semaforizzata con,VIA DEL CIRCO MASSIMO,VIA DEL CIRCO MASSIMO,,,Tamponamento,Intersezione semaforizzata,Due carreggiate,Bagnato (pioggia),In cubetti di porfido,Verticale ed orizzontale,Pioggia in atto,Scarso,Buona,Sufficiente,0,0,0,4,12.4864,41.8824,-1,1,Autovettura privata,In marcia / fermata / arresto,Passeggero,M,Illeso,0,,Non accertato,,
3954324,1,15/08/2018 00:30:00,Strada Urbana,VIALE AVENTINO,all'intersezione semaforizzata con,VIA DEL CIRCO MASSIMO,VIA DEL CIRCO MASSIMO,,,Tamponamento,Intersezione semaforizzata,Due carreggiate,Bagnato (pioggia),In cubetti di porfido,Verticale ed orizzontale,Pioggia in atto,Scarso,Buona,Sufficiente,0,0,0,4,12.4864,41.8824,-1,2,Autovettura pubblica,In marcia / fermata / arresto,Conducente,M,Illeso,0,,Non accertato,,
3954330,9,15/08/2018 12:15:00,Strada Urbana,VIA MAGNAGRECIA,all'intersezione semaforizzata con,VIA AMITERNO,VIA AMITERNO,,,Scontro frontale/laterale SX fra veicoli in marcia,Incrocio,Una carreggiata a doppio senso,Asciutto,Asfaltata,Verticale ed orizzontale,Sereno,Scarso,Buona,Ore Diurne,1,0,0,2,12.5085,41.8822,-1,1,Motociclo a solo,In marcia / fermata / arresto,Conducente,M,Rimandato,0,NON DECEDUTO,Non accertato,,
3954330,9,15/08/2018 12:15:00,Strada Urbana,VIA MAGNAGRECIA,all'intersezione semaforizzata con,VIA AMITERNO,VIA AMITERNO,,,Scontro frontale/laterale SX fra veicoli in marcia,Incrocio,Una carreggiata a doppio senso,Asciutto,Asfaltata,Verticale ed orizzontale,Sereno,Scarso,Buona,Ore Diurne,1,0,0,2,12.5085,41.8822,-1,2,Autovettura privata,In marcia / fermata / arresto,Conducente,M,Illeso,0,,Non accertato,Inesploso,
3954330,9,15/08/2018 12:15:00,Strada Urbana,VIA MAGNAGRECIA,all'intersezione semaforizzata con,VIA AMITERNO,VIA AMITERNO,,,Scontro frontale/laterale SX fra veicoli in marcia,Incrocio,Una carreggiata a doppio senso,Asciutto,Asfaltata,Verticale ed orizzontale,Sereno,Scarso,Buona,Ore Diurne,1,0,0,2,12.5085,41.8822,-1,2,Autovettura privata,In marcia / fermata / arresto,Passeggero,M,Illeso,0,,Non accertato,Inesploso,
3954332,7,15/08/2018 00:15:00,Strada Urbana,VIA PRENESTINA,all'intersezione con,VIA ARGENTINA ALTOBELLI,VIA ARGENTINA ALTOBELLI,,,Tamponamento,Incrocio,Due carreggiate,Bagnato (pioggia),Asfaltata,Verticale,Pioggia in atto,Scarso,Sufficiente,Sufficiente,0,0,0,3,12.6152,41.8933,-1,1,Autovettura privata,In marcia / fermata / arresto,Conducente,M,Illeso,0,,Non accertato,Inesploso,
3954332,7,15/08/2018 00:15:00,Strada Urbana,VIA PRENESTINA,all'intersezione con,VIA ARGENTINA ALTOBELLI,VIA ARGENTINA ALTOBELLI,,,Tamponamento,Incrocio,Due carreggiate,Bagnato (pioggia),Asfaltata,Verticale,Pioggia in atto,Scarso,Sufficiente,Sufficiente,0,0,0,3,12.6152,41.8933,-1,1,Autovettura privata,In marcia / fermata / arresto,Passeggero,M,Illeso,0,,Non accertato,Inesploso,
3954332,7,15/08/2018 00:15:00,Strada Urbana,VIA PRENESTINA,all'intersezione con,VIA ARGENTINA ALTOBELLI,VIA ARGENTINA ALTOBELLI,,,Tamponamento,Incrocio,Due carreggiate,Bagnato (pioggia),Asfaltata,Verticale,Pioggia in atto,Scarso,Sufficiente,Sufficiente,0,0,0,3,12.6152,41.8933,-1,2,Autovettura privata,In marcia / fermata / arresto,Conducente,M,Illeso,0,,Non accertato,Inesploso,
3954337,4,15/08/2018 10:00:00,Strada Urbana,VIALE CARNARO,da specificare,,,,altezza civici 28/29/29a,Veicolo in marcia contro veicoli in sosta,Curva senza visuale libera,Una carreggiata a senso unico di marcia,Asciutto,Asfaltata,Verticale ed orizzontale,Nuvoloso,Scarso,Buona,Ore Diurne,1,0,0,0,12.5328,41.939,-1,1,Filobus,In marcia / fermata / arresto,Conducente,M,Rimandato,0,NON DECEDUTO,Non accertato,,
3954339,19,16/08/2018 08:10:00,Strada Urbana,VIA TRIONFALE,all'intersezione con,VIA DELLA STAZIONE DI MONTE MARIO,VIA DELLA STAZIONE DI MONTE MARIO,,,Scontro laterale fra veicoli in marcia,Intersezione semaforizzata,Pi� di due carreggiate,Asciutto,Asfaltata,Verticale ed orizzontale,Sereno,Scarso,Buona,Ore Diurne,0,0,0,2,12.4186,41.9443,-1,1,Autovettura privata,In marcia / fermata / arresto,Conducente,F,Illeso,0,,,,
3954339,19,16/08/2018 08:10:00,Strada Urbana,VIA TRIONFALE,all'intersezione con,VIA DELLA STAZIONE DI MONTE MARIO,VIA DELLA STAZIONE DI MONTE MARIO,,,Scontro laterale fra veicoli in marcia,Intersezione semaforizzata,Pi� di due carreggiate,Asciutto,Asfaltata,Verticale ed orizzontale,Sereno,Scarso,Buona,Ore Diurne,0,0,0,2,12.4186,41.9443,-1,1,Autovettura privata,In marcia / fermata / arresto,Passeggero,M,Illeso,0,,,,
3954342,7,14/08/2018 20:30:00,Strada Urbana,VIA AVOLA,all'intersezione con,VIA PRENESTINA,VIA PRENESTINA,,,Scontro frontale/laterale SX fra veicoli in marcia,Incrocio,Una carreggiata a doppio senso,Bagnato (pioggia),Asfaltata,Verticale,Pioggia in atto,Scarso,Sufficiente,Sufficiente,0,0,0,3,12.6152,41.8933,-1,1,Autovettura privata,In marcia / fermata / arresto,Conducente,F,Illeso,0,,,,
3954342,7,14/08/2018 20:30:00,Strada Urbana,VIA AVOLA,all'intersezione con,VIA PRENESTINA,VIA PRENESTINA,,,Scontro frontale/laterale SX fra veicoli in marcia,Incrocio,Una carreggiata a doppio senso,Bagnato (pioggia),Asfaltata,Verticale,Pioggia in atto,Scarso,Sufficiente,Sufficiente,0,0,0,3,12.6152,41.8933,-1,2,Autovettura privata,In marcia / fermata / arresto,Conducente,M,Illeso,0,,,,
3954342,7,14/08/2018 20:30:00,Strada Urbana,VIA AVOLA,all'intersezione con,VIA PRENESTINA,VIA PRENESTINA,,,Scontro frontale/laterale SX fra veicoli in marcia,Incrocio,Una carreggiata a doppio senso,Bagnato (pioggia),Asfaltata,Verticale,Pioggia in atto,Scarso,Sufficiente,Sufficiente,0,0,0,3,12.6152,41.8933,-1,3,Autovettura privata,In marcia / fermata / arresto,Conducente,M,Illeso,0,,,,
3954355,7,16/08/2018 00:30:00,Strada Urbana,VIA DELL'ARCHEOLOGIA,in corrispondenza,,del civico n.,196,,Scontro frontale/laterale SX fra veicoli in marcia,Curva a visuale libera,Una carreggiata a doppio senso,Asciutto,Asfaltata,Verticale ed orizzontale,Sereno,Normale,Buona,Insufficiente,2,0,0,0,12.6246,41.8811,-1,1,Autovettura privata,In marcia / fermata / arresto,Conducente,F,Rimandato,0,NON DECEDUTO,Non accertato,Inesploso,