Protocollo,Gruppo,DataOraIncidente,Localizzazione1,STRADA1,Localizzazione2,STRADA2,Strada02,Chilometrica,DaSpecificare,NaturaIncidente,particolaritastrade,TipoStrada,FondoStradale,Pavimentazione,Segnaletica,CondizioneAtmosferica,Traffico,Visibilita,Illuminazione,NUM_FERITI,NUM_RISERVATA,NUM_MORTI,NUM_ILLESI,Longitudine,Latitudine,Confermato,Progressivo,TipoVeicolo,StatoVeicolo,TipoPersona,Sesso,Tipolesione,Deceduto,DecedutoDopo,CinturaCascoUtilizzato,Airbag,
3954355,7,16/08/2018 00:30:00,Strada Urbana,VIA DELL'ARCHEOLOGIA,in corrispondenza,,del civico n.,196,,Scontro frontale/laterale SX fra veicoli in marcia,Curva a visuale libera,Una carreggiata a doppio senso,Asciutto,Asfaltata,Verticale ed orizzontale,Sereno,Normale,Buona,Insufficiente,2,0,0,0,12.6246,41.8811,-1,1,Autovettura privata,In marcia / fermata / arresto,Passeggero,F,Rimandato,0,NON DECEDUTO,Non accertato,Inesploso,
3954358,6,16/08/2018 05:00:00,Strada Urbana,VIA CASILINA,all'intersezione con,VIA DI VILLA SERVENTI,VIA DI VILLA SERVENTI,,,Infortunio per sola frenata improvvisa,Incrocio,Due carreggiate,Asciutto,Asfaltata,Assente,Nuvoloso,Scarso,Buona,Inesistente,1,0,0,0,12.5303,41.8849,-1,1,Motociclo a solo,In marcia / fermata / arresto,Conducente,M,Rimandato,0,NON DECEDUTO,Utilizzato,,
3954368,7,15/08/2018 00:30:00,Strada Urbana,VIA DI LUNGHEZZINA,da specificare,,,,palo telefono,Fuoriuscita dalla sede stradale,Rettilineo,Una carreggiata a doppio senso,Bagnato (pioggia),Asfaltata,Orizzontale,Pioggia in atto,Scarso,Insufficiente,Insufficiente,1,0,0,0,12.707,41.9296,-1,1,Autovettura privata,In marcia / fermata / arresto,Conducente,F,Rimandato,0,NON DECEDUTO,,,
3954372,1,14/08/2018 10:15:00,Strada Urbana,VIA PRINCIPE EUGENIO,all'intersezione semaforizzata con,VIALE MANZONI,VIALE MANZONI,,,Tamponamento,Intersezione semaforizzata,Pi� di due carreggiate,Asciutto,Asfaltata,Verticale ed orizzontale,Nuvoloso,Scarso,Buona,Ore Diurne,0,0,0,3,12.5098,41.8932,-1,1,Autovettura pubblica,In marcia / fermata / arresto,Conducente,M,Illeso,0,,Non accertato,,
3954372,1,14/08/2018 10:15:00,Strada Urbana,VIA PRINCIPE EUGENIO,all'intersezione semaforizzata con,VIALE MANZONI,VIALE MANZONI,,,Tamponamento,Intersezione semaforizzata,Pi� di due carreggiate,Asciutto,Asfaltata,Verticale ed orizzontale,Nuvoloso,Scarso,Buona,Ore Diurne,0,0,0,3,12.5098,41.8932,-1,1,Autovettura pubblica,In marcia / fermata / arresto,Passeggero,F,Illeso,0,,Non accertato,,
3954372,1,14/08/2018 10:15:00,Strada Urbana,VIA PRINCIPE EUGENIO,all'intersezione semaforizzata con,VIALE MANZONI,VIALE MANZONI,,,Tamponamento,Intersezione semaforizzata,Pi� di due carreggiate,Asciutto,Asfaltata,Verticale ed orizzontale,Nuvoloso,Scarso,Buona,Ore Diurne,0,0,0,3,12.5098,41.8932,-1,2,Autovettura privata,In marcia / fermata / arresto,Conducente,M,Illeso,0,,,,
3954381,2,15/08/2018 15:30:00,Strada Urbana,VIA DEL FORO ITALICO,da specificare,,,,rampa di immissione da via salaria dir.centro,Veicolo in marcia contro ostacolo accidentale,Rettilineo,Due carreggiate,Asciutto,Asfaltata,Assente,Nuvoloso,Scarso,Buona,Ore Diurne,0,0,0,2,12.4828,41.94,-1,1,Ciclomotore,In marcia / fermata / arresto,Conducente,M,Illeso,0,,Non accertato,,
3954381,2,15/08/2018 15:30:00,Strada Urbana,VIA DEL FORO ITALICO,da specificare,,,,rampa di immissione da via salaria dir.centro,Veicolo in marcia contro ostacolo accidentale,Rettilineo,Due carreggiate,Asciutto,Asfaltata,Assente,Nuvoloso,Scarso,Buona,Ore Diurne,0,0,0,2,12.4828,41.94,-1,2,Autovettura privata,In marcia / fermata / arresto,Conducente,M,Illeso,0,,Non accertato,Inesploso,
3954386,2,15/08/2018 18:50:00,Strada Urbana,VIA TOPINO,in prossimit�,,del civico n.,40,,Veicolo in marcia contro veicolo in sosta,Rettilineo,Una carreggiata a doppio senso,Asciutto,Asfaltata,Verticale ed orizzontale,Sereno,Normale,Buona,Ore Diurne,0,0,0,2,12.5096,41.9215,-1,1,Autovettura privata,In marcia / fermata / arresto,Conducente,M,Illeso,0,,Non accertato,Inesploso,
3954386,2,15/08/2018 18:50:00,Strada Urbana,VIA TOPINO,in prossimit�,,del civico n.,40,,Veicolo in marcia contro veicolo in sosta,Rettilineo,Una carreggiata a doppio senso,Asciutto,Asfaltata,Verticale ed orizzontale,Sereno,Normale,Buona,Ore Diurne,0,0,0,2,12.5096,41.9215,-1,1,Autovettura privata,In marcia / fermata / arresto,Passeggero,M,Illeso,0,,Non accertato,Inesploso,
3954387,9,16/08/2018 07:00:00,Strada Urbana,VIA CASILINA,in prossimit�,,del civico n.,3/E,,Veicolo in marcia contro veicoli in sosta,Rettilineo,Una carreggiata a senso unico di marcia,Bagnato (umidit� in atto),Asfaltata,Assente,Sereno,Scarso,Buona,Ore Diurne,0,0,0,1,12.5173,41.8908,-1,1,Autovettura privata,In marcia / fermata / arresto,Conducente,M,Illeso,0,,,,
3954394,1,14/08/2018 18:10:00,Strada Urbana,VIA DEI CERCHI,in corrispondenza,,del palo luce n.,14,,Veicolo in marcia contro ostacolo accidentale,Rettilineo,Una carreggiata a senso unico di marcia,Asciutto,In cubetti di porfido,Verticale ed orizzontale,Nuvoloso,Normale,Buona,Ore Diurne,0,0,0,1,,,0,1,Motociclo a solo,In marcia / fermata / arresto,Conducente,M,Illeso,0,,Non accertato,,
3954416,1,15/08/2018 07:15:00,Strada Urbana,VIALE MANZONI,all'intersezione semaforizzata con,VIA DI PORTA MAGGIORE,VIA DI PORTA MAGGIORE,,,Scontro frontale/laterale SX fra veicoli in marcia,Intersezione semaforizzata,Una carreggiata a doppio senso,Bagnato (umidit� in atto),Asfaltata,Verticale ed orizzontale,Nuvoloso,Scarso,Buona,Ore Diurne,0,0,0,2,,,0,1,Velocipede,In marcia / fermata / arresto,Conducente,M,Illeso,0,,Esente,,
3954416,1,15/08/2018 07:15:00,Strada Urbana,VIALE MANZONI,all'intersezione semaforizzata con,VIA DI PORTA MAGGIORE,VIA DI PORTA MAGGIORE,,,Scontro frontale/laterale SX fra veicoli in marcia,Intersezione semaforizzata,Una carreggiata a doppio senso,Bagnato (umidit� in atto),Asfaltata,Verticale ed orizzontale,Nuvoloso,Scarso,Buona,Ore Diurne,0,0,0,2,,,0,2,Autovettura pubblica,In marcia / fermata / arresto,Conducente,M,Illeso,0,,Non accertato,,
3954421,13,14/08/2018 13:30:00,Provinciale,VIA DEL MARE,in corrispondenza,,della chilometrica,15.4,,Veicolo in marcia contro ostacolo accidentale,Rettilineo,Una carreggiata a doppio senso,Bagnato (pioggia),Asfaltata,Verticale ed orizzontale,Pioggia in atto,Normale,Sufficiente,Ore Diurne,0,0,0,1,12.3901,41.7932,-1,1,Ciclomotore,In marcia / fermata / arresto,Conducente,M,Illeso,0,,Non accertato,,
3954449,20,16/08/2018 08:00:00,Strada Urbana,VIA MONTI DELLA STORTA,in prossimit�,,del civico n.,32,,Scontro frontale/laterale SX fra veicoli in marcia,Rettilineo,Una carreggiata a doppio senso,Bagnato (umidit� in atto),Asfaltata,Assente,Sereno,Normale,Buona,Ore Diurne,0,0,0,2,12.3826,42.0121,-1,1,Autovettura privata,In marcia / fermata / arresto,Conducente,M,Illeso,0,,Non accertato,Inesploso,
3954449,20,16/08/2018 08:00:00,Strada Urbana,VIA MONTI DELLA STORTA,in prossimit�,,del civico n.,32,,Scontro frontale/laterale SX fra veicoli in marcia,Rettilineo,Una carreggiata a doppio senso,Bagnato (umidit� in atto),Asfaltata,Assente,Sereno,Normale,Buona,Ore Diurne,0,0,0,2,12.3826,42.0121,-1,2,Autovettura privata,In marcia / fermata / arresto,Conducente,M,Illeso,0,,Non accertato,Inesploso,
3954451,19,15/08/2018 11:00:00,Strada Urbana,VIA ROASCIO,all'intersezione con,VIA LIMONE PIEMONTE,VIA LIMONE PIEMONTE,,,Scontro frontale/laterale SX fra veicoli in marcia,Incrocio,Una carreggiata a senso unico alternato,Asciutto,Asfaltata,Verticale ed orizzontale,Sereno,Scarso,Buona,Ore Diurne,0,0,0,3,12.2497,42.0132,-1,1,Autovettura privata,In marcia / fermata / arresto,Conducente,M,Illeso,0,,,,
3954451,19,15/08/2018 11:00:00,Strada Urbana,VIA ROASCIO,all'intersezione con,VIA LIMONE PIEMONTE,VIA LIMONE PIEMONTE,,,Scontro frontale/laterale SX fra veicoli in marcia,Incrocio,Una carreggiata a senso unico alternato,Asciutto,Asfaltata,Verticale ed orizzontale,Sereno,Scarso,Buona,Ore Diurne,0,0,0,3,12.2497,42.0132,-1,1,Autovettura privata,In marcia / fermata / arresto,Passeggero,M,Illeso,0,,Non accertato,Inesploso,
3954451,19,15/08/2018 11:00:00,Strada Urbana,VIA ROASCIO,all'intersezione con,VIA LIMONE PIEMONTE,VIA LIMONE PIEMONTE,,,Scontro frontale/laterale SX fra veicoli in marcia,Incrocio,Una carreggiata a senso unico alternato,Asciutto,Asfaltata,Verticale ed orizzontale,Sereno,Scarso,Buona,Ore Diurne,0,0,0,3,12.2497,42.0132,-1,2,Autovettura privata,In marcia / fermata / arresto,Conducente,F,Illeso,0,,Non accertato,Inesploso,
3954458,1,15/08/2018 13:00:00,Strada Urbana,PIAZZA DI PORTA S. GIOVANNI,da specificare,,,,ALT ARCHI,Scontro laterale fra veicoli in marcia,Rettilineo,Pi� di due carreggiate,Asciutto,Asfaltata,Verticale ed orizzontale,Sereno,Scarso,Buona,Ore Diurne,7,0,0,2,12.5092,41.8858,-1,1,Autovettura privata,In marcia / fermata / arresto,Conducente,M,Rifiuta cure immediate,0,NON DECEDUTO,Non accertato,Inesploso,
3954458,1,15/08/2018 13:00:00,Strada Urbana,PIAZZA DI PORTA S. GIOVANNI,da specificare,,,,ALT ARCHI,Scontro laterale fra veicoli in marcia,Rettilineo,Pi� di due carreggiate,Asciutto,Asfaltata,Verticale ed orizzontale,Sereno,Scarso,Buona,Ore Diurne,7,0,0,2,12.5092,41.8858,-1,1,Autovettura privata,In marcia / fermata / arresto,Passeggero,M,Rimandato,0,NON DECEDUTO,Non accertato,Inesploso,
3954458,1,15/08/2018 13:00:00,Strada Urbana,PIAZZA DI PORTA S. GIOVANNI,da specificare,,,,ALT ARCHI,Scontro laterale fra veicoli in marcia,Rettilineo,Pi� di due carreggiate,Asciutto,Asfaltata,Verticale ed orizzontale,Sereno,Scarso,Buona,Ore Diurne,7,0,0,2,12.5092,41.8858,-1,1,Autovettura privata,In marcia / fermata / arresto,Passeggero,F,Rimandato,0,NON DECEDUTO,Non accertato,Inesploso,
3954458,1,15/08/2018 13:00:00,Strada Urbana,PIAZZA DI PORTA S. GIOVANNI,da specificare,,,,ALT ARCHI,Scontro laterale fra veicoli in marcia,Rettilineo,Pi� di due carreggiate,Asciutto,Asfaltata,Verticale ed orizzontale,Sereno,Scarso,Buona,Ore Diurne,7,0,0,2,12.5092,41.8858,-1,1,Autovettura privata,In marcia / fermata / arresto,Passeggero,F,Rimandato,0,NON DECEDUTO,Non accertato,Inesploso,
3954458,1,15/08/2018 13:00:00,Strada Urbana,PIAZZA DI PORTA S. GIOVANNI,da specificare,,,,ALT ARCHI,Scontro laterale fra veicoli in marcia,Rettilineo,Pi� di due carreggiate,Asciutto,Asfaltata,Verticale ed orizzontale,Sereno,Scarso,Buona,Ore Diurne,7,0,0,2,12.5092,41.8858,-1,2,Autovettura privata,In marcia / fermata / arresto,Conducente,M,Illeso,0,,Non accertato,Inesploso,
3954458,1,15/08/2018 13:00:00,Strada Urbana,PIAZZA DI PORTA S. GIOVANNI,da specificare,,,,ALT ARCHI,Scontro laterale fra veicoli in marcia,Rettilineo,Pi� di due carreggiate,Asciutto,Asfaltata,Verticale ed orizzontale,Sereno,Scarso,Buona,Ore Diurne,7,0,0,2,12.5092,41.8858,-1,2,Autovettura privata,In marcia / fermata / arresto,Passeggero,M,Illeso,0,,Non accertato,Inesploso,
3954458,1,15/08/2018 13:00:00,Strada Urbana,PIAZZA DI PORTA S. GIOVANNI,da specificare,,,,ALT ARCHI,Scontro laterale fra veicoli in marcia,Rettilineo,Pi� di due carreggiate,Asciutto,Asfaltata,Verticale ed orizzontale,Sereno,Scarso,Buona,Ore Diurne,7,0,0,2,12.5092,41.8858,-1,2,Autovettura privata,In marcia / fermata / arresto,Passeggero,F,Rifiuta cure immediate,0,NON DECEDUTO,Non accertato,Inesploso,
3954458,1,15/08/2018 13:00:00,Strada Urbana,PIAZZA DI PORTA S. GIOVANNI,da specificare,,,,ALT ARCHI,Scontro laterale fra veicoli in marcia,Rettilineo,Pi� di due carreggiate,Asciutto,Asfaltata,Verticale ed orizzontale,Sereno,Scarso,Buona,Ore Diurne,7,0,0,2,12.5092,41.8858,-1,3,Autovettura privata,In marcia / fermata / arresto,Conducente,M,Rimandato,0,NON DECEDUTO,Non accertato,Inesploso,
3954470,12,14/08/2018 16:30:00,Strada Urbana,VIA DI VALLERANO,in corrispondenza,,del civico n.,101,,Scontro laterale fra veicoli in marcia,Rettilineo,Una carreggiata a doppio senso,Bagnato (umidit� in atto),Asfaltata,Verticale ed orizzontale,Nuvoloso,Normale,Buona,Ore Diurne,0,0,0,2,12.4632,41.7862,-1,1,Autovettura privata,In marcia / fermata / arresto,Conducente,M,Illeso,0,,Utilizzato,Esploso,
3954470,12,14/08/2018 16:30:00,Strada Urbana,VIA DI VALLERANO,in corrispondenza,,del civico n.,101,,Scontro laterale fra veicoli in marcia,Rettilineo,Una carreggiata a doppio senso,Bagnato (umidit� in atto),Asfaltata,Verticale ed orizzontale,Nuvoloso,Normale,Buona,Ore Diurne,0,0,0,2,12.4632,41.7862,-1,2,Autovettura privata,In marcia / fermata / arresto,Conducente,M,Illeso,0,,Utilizzato,Inesploso,
3954483,13,15/08/2018 21:00:00,Strada Urbana,VIA ISOLE DEL CAPO VERDE,all'intersezione semaforizzata con,VIA DELLE BALENIERE,VIA DELLE BALENIERE,,,Tamponamento Multiplo,Incrocio,Due carreggiate,Bagnato (pioggia),Asfaltata,Verticale ed orizzontale,Nuvoloso,Normale,Sufficiente,Sufficiente,3,0,0,2,12.2795,41.7382,-1,1,Autovettura privata,In marcia / fermata / arresto,Conducente,M,Rifiuta cure immediate,0,NON DECEDUTO,Non accertato,Inesploso,
3954483,13,15/08/2018 21:00:00,Strada Urbana,VIA ISOLE DEL CAPO VERDE,all'intersezione semaforizzata con,VIA DELLE BALENIERE,VIA DELLE BALENIERE,,,Tamponamento Multiplo,Incrocio,Due carreggiate,Bagnato (pioggia),Asfaltata,Verticale ed orizzontale,Nuvoloso,Normale,Sufficiente,Sufficiente,3,0,0,2,12.2795,41.7382,-1,2,Autovettura privata,In marcia / fermata / arresto,Conducente,F,Rimandato,0,NON DECEDUTO,Non accertato,Inesploso,
3954483,13,15/08/2018 21:00:00,Strada Urbana,VIA ISOLE DEL CAPO VERDE,all'intersezione semaforizzata con,VIA DELLE BALENIERE,VIA DELLE BALENIERE,,,Tamponamento Multiplo,Incrocio,Due carreggiate,Bagnato (pioggia),Asfaltata,Verticale ed orizzontale,Nuvoloso,Normale,Sufficiente,Sufficiente,3,0,0,2,12.2795,41.7382,-1,2,Autovettura privata,In marcia / fermata / arresto,Passeggero,M,Rimandato,0,NON DECEDUTO,Non accertato,Inesploso,
3954483,13,15/08/2018 21:00:00,Strada Urbana,VIA ISOLE DEL CAPO VERDE,all'intersezione semaforizzata con,VIA DELLE BALENIERE,VIA DELLE BALENIERE,,,Tamponamento Multiplo,Incrocio,Due carreggiate,Bagnato (pioggia),Asfaltata,Verticale ed orizzontale,Nuvoloso,Normale,Sufficiente,Sufficiente,3,0,0,2,12.2795,41.7382,-1,3,Autovettura privata,In marcia / fermata / arresto,Conducente,M,Illeso,0,,Non accertato,Inesploso,
3954483,13,15/08/2018 21:00:00,Strada Urbana,VIA ISOLE DEL CAPO VERDE,all'intersezione semaforizzata con,VIA DELLE BALENIERE,VIA DELLE BALENIERE,,,Tamponamento Multiplo,Incrocio,Due carreggiate,Bagnato (pioggia),Asfaltata,Verticale ed orizzontale,Nuvoloso,Normale,Sufficiente,Sufficiente,3,0,0,2,12.2795,41.7382,-1,3,Autovettura privata,In marcia / fermata / arresto,Passeggero,F,Illeso,0,,Non accertato,Inesploso,
3954521,18,14/08/2018 20:30:00,Strada Urbana,VIA DI CASALOTTI,in prossimit�,,del civico n.,157,,Veicolo in marcia contro ostacolo fisso,Rettilineo,Una carreggiata a doppio senso,Asciutto,Asfaltata,Assente,Nuvoloso,Scarso,Buona,Sufficiente,0,0,0,1,12.3686,41.9158,-1,1,Autovettura privata,In marcia / fermata / arresto,Conducente,M,Illeso,0,,,,
3954527,12,16/08/2018 08:15:00,Strada Urbana,VIA CLARICE TARTUFARI,in corrispondenza,,del civico n.,161,,Scontro frontale/laterale DX fra veicoli in marcia,Rettilineo,Una carreggiata a doppio senso,Asciutto,Asfaltata,Verticale ed orizzontale,Sereno,Scarso,Buona,Ore Diurne,1,0,0,1,12.4376,41.7519,-1,1,Motociclo a solo,In marcia / fermata / arresto,Conducente,M,Rimandato,0,NON DECEDUTO,Utilizzato,,
3954527,12,16/08/2018 08:15:00,Strada Urbana,VIA CLARICE TARTUFARI,in corrispondenza,,del civico n.,161,,Scontro frontale/laterale DX fra veicoli in marcia,Rettilineo,Una carreggiata a doppio senso,Asciutto,Asfaltata,Verticale ed orizzontale,Sereno,Scarso,Buona,Ore Diurne,1,0,0,1,12.4376,41.7519,-1,2,Autocarro inferiore 35 q.,In marcia / fermata / arresto,Conducente,M,Illeso,0,,Non accertato,Inesploso,
3954560,10,16/08/2018 12:00:00,Strada Urbana,VIA TUSCOLANA,in prossimit�,,del civico n.,2112,,Scontro laterale fra veicoli in marcia,Rettilineo,Una carreggiata a senso unico di marcia,Asciutto,Asfaltata,Verticale,Sereno,Normale,Sufficiente,Ore Diurne,2,0,0,3,12.6248,41.8274,-1,1,Autovettura privata,In marcia / fermata / arresto,Conducente,M,Illeso,0,,Non accertato,Inesploso,
3954560,10,16/08/2018 12:00:00,Strada Urbana,VIA TUSCOLANA,in prossimit�,,del civico n.,2112,,Scontro laterale fra veicoli in marcia,Rettilineo,Una carreggiata a senso unico di marcia,Asciutto,Asfaltata,Verticale,Sereno,Normale,Sufficiente,Ore Diurne,2,0,0,3,12.6248,41.8274,-1,2,Autovettura privata,In marcia / fermata / arresto,Conducente,M,Rimandato,0,NON DECEDUTO,Non accertato,Inesploso,
3954560,10,16/08/2018 12:00:00,Strada Urbana,VIA TUSCOLANA,in prossimit�,,del civico n.,2112,,Scontro laterale fra veicoli in marcia,Rettilineo,Una carreggiata a senso unico di marcia,Asciutto,Asfaltata,Verticale,Sereno,Normale,Sufficiente,Ore Diurne,2,0,0,3,12.6248,41.8274,-1,3,Autovettura privata,In marcia / fermata / arresto,Conducente,M,Illeso,0,,Non accertato,Inesploso,
3954560,10,16/08/2018 12:00:00,Strada Urbana,VIA TUSCOLANA,in prossimit�,,del civico n.,2112,,Scontro laterale fra veicoli in marcia,Rettilineo,Una carreggiata a senso unico di marcia,Asciutto,Asfaltata,Verticale,Sereno,Normale,Sufficiente,Ore Diurne,2,0,0,3,12.6248,41.8274,-1,3,Autovettura privata,In marcia / fermata / arresto,Passeggero,F,Illeso,0,,Non accertato,Inesploso,
3954560,10,16/08/2018 12:00:00,Strada Urbana,VIA TUSCOLANA,in prossimit�,,del civico n.,2112,,Scontro laterale fra veicoli in marcia,Rettilineo,Una carreggiata a senso unico di marcia,Asciutto,Asfaltata,Verticale,Sereno,Normale,Sufficiente,Ore Diurne,2,0,0,3,12.6248,41.8274,-1,3,Autovettura privata,In marcia / fermata / arresto,Passeggero,M,Rifiuta cure immediate,0,NON DECEDUTO,Non accertato,Inesploso,
3954561,18,14/08/2018 23:30:00,Strada Urbana,VIA ANASTASIO II,in prossimit�,,del civico n.,148,,Scontro laterale fra veicoli in marcia,Curva senza visuale libera,Due carreggiate,Bagnato (pioggia),Asfaltata,Verticale ed orizzontale,Pioggia in atto,Scarso,Sufficiente,Sufficiente,0,0,0,4,12.4424,41.8973,-1,1,Autovettura privata,In marcia / fermata / arresto,Conducente,M,Illeso,0,,,,
3954561,18,14/08/2018 23:30:00,Strada Urbana,VIA ANASTASIO II,in prossimit�,,del civico n.,148,,Scontro laterale fra veicoli in marcia,Curva senza visuale libera,Due carreggiate,Bagnato (pioggia),Asfaltata,Verticale ed orizzontale,Pioggia in atto,Scarso,Sufficiente,Sufficiente,0,0,0,4,12.4424,41.8973,-1,1,Autovettura privata,In marcia / fermata / arresto,Passeggero,M,Illeso,0,,,,
3954561,18,14/08/2018 23:30:00,Strada Urbana,VIA ANASTASIO II,in prossimit�,,del civico n.,148,,Scontro laterale fra veicoli in marcia,Curva senza visuale libera,Due carreggiate,Bagnato (pioggia),Asfaltata,Verticale ed orizzontale,Pioggia in atto,Scarso,Sufficiente,Sufficiente,0,0,0,4,12.4424,41.8973,-1,2,Autovettura privata,In marcia / fermata / arresto,Conducente,M,Illeso,0,,,,
3954561,18,14/08/2018 23:30:00,Strada Urbana,VIA ANASTASIO II,in prossimit�,,del civico n.,148,,Scontro laterale fra veicoli in marcia,Curva senza visuale libera,Due carreggiate,Bagnato (pioggia),Asfaltata,Verticale ed orizzontale,Pioggia in atto,Scarso,Sufficiente,Sufficiente,0,0,0,4,12.4424,41.8973,-1,2,Autovettura privata,In marcia / fermata / arresto,Passeggero,M,Illeso,0,,,,
3954568,12,16/08/2018 10:00:00,Strada Urbana,VIALE DELL'ARTE,in corrispondenza,,del civico n.,20,,Scontro laterale fra veicoli in marcia,Rettilineo,Una carreggiata a doppio senso,Asciutto,Asfaltata,Orizzontale,Sereno,Scarso,Buona,Ore Diurne,0,0,0,2,12.4751,41.8308,-1,1,Autovettura privata,In marcia / fermata / arresto,Conducente,M,Illeso,0,,Utilizzato,Inesistente,
3954568,12,16/08/2018 10:00:00,Strada Urbana,VIALE DELL'ARTE,in corrispondenza,,del civico n.,20,,Scontro laterale fra veicoli in marcia,Rettilineo,Una carreggiata a doppio senso,Asciutto,Asfaltata,Orizzontale,Sereno,Scarso,Buona,Ore Diurne,0,0,0,2,12.4751,41.8308,-1,2,Autovettura privata,In marcia / fermata / arresto,Conducente,M,Illeso,0,,Utilizzato,Inesploso,
3954574,1,15/08/2018 17:50:00,Strada Urbana,VIA NICOLA FABRIZI,all'intersezione con,VIA CALANDRELLI,VIA CALANDRELLI,,,Veicolo in marcia contro ostacolo fisso,Incrocio,Una carreggiata a doppio senso,Bagnato (pioggia),Asfaltata,Verticale ed orizzontale,Pioggia in atto,Scarso,Sufficiente,Ore Diurne,0,0,0,1,,,0,1,Autovettura privata,In marcia / fermata / arresto,Conducente,M,Illeso,0,,Non accertato,,
3954594,12,14/08/2018 09:30:00,Provinciale,VIA DI PRATICA,in corrispondenza,,della chilometrica,5,,Ribaltamento senza urto contro ostacolo fisso,Rettilineo,Una carreggiata a doppio senso,Asciutto,Asfaltata,Verticale ed orizzontale,Sereno,Normale,Buona,Ore Diurne,3,0,0,0,,,0,1,Autovettura privata,In marcia / fermata / arresto,Conducente,F,Rimandato,0,NON DECEDUTO,Non accertato,Inesploso,
3954594,12,14/08/2018 09:30:00,Provinciale,VIA DI PRATICA,in corrispondenza,,della chilometrica,5,,Ribaltamento senza urto contro ostacolo fisso,Rettilineo,Una carreggiata a doppio senso,Asciutto,Asfaltata,Verticale ed orizzontale,Sereno,Normale,Buona,Ore Diurne,3,0,0,0,,,0,1,Autovettura privata,In marcia / fermata / arresto,Passeggero,M,Rimandato,0,NON DECEDUTO,Non accertato,Inesploso,
3954594,12,14/08/2018 09:30:00,Provinciale,VIA DI PRATICA,in corrispondenza,,della chilometrica,5,,Ribaltamento senza urto contro ostacolo fisso,Rettilineo,Una carreggiata a doppio senso,Asciutto,Asfaltata,Verticale ed orizzontale,Sereno,Normale,Buona,Ore Diurne,3,0,0,0,,,0,1,Autovettura privata,In marcia / fermata / arresto,Passeggero,M,Rimandato,0,NON DECEDUTO,Non accertato,Inesploso,
3954695,18,15/08/2018 18:00:00,Strada Urbana,CIRCONVALLAZIONE GIANICOLENSE,in corrispondenza,,del civico n.,247,,Investimento di pedone,Rettilineo,Pi� di due carreggiate,Bagnato (pioggia),Asfaltata,Verticale ed orizzontale,Pioggia in atto,Scarso,Buona,Ore Diurne,1,0,0,1,12.4437,41.8766,-1,,,,Pedone,F,Ricoverato,0,NON DECEDUTO,,,
3954695,18,15/08/2018 18:00:00,Strada Urbana,CIRCONVALLAZIONE GIANICOLENSE,in corrispondenza,,del civico n.,247,,Investimento di pedone,Rettilineo,Pi� di due carreggiate,Bagnato (pioggia),Asfaltata,Verticale ed orizzontale,Pioggia in atto,Scarso,Buona,Ore Diurne,1,0,0,1,12.4437,41.8766,-1,1,Autovettura privata,In marcia / fermata / arresto,Conducente,M,Illeso,0,,,,
3954721,18,15/08/2018 18:10:00,Strada Urbana,VIA ANASTASIO II,da specificare,,,,in prossimit� del fronte civico 167,Veicolo in marcia contro ostacolo fisso,Rettilineo,Due carreggiate,Bagnato (pioggia),Asfaltata,Orizzontale,Pioggia in atto,Scarso,Buona,Ore Diurne,1,0,0,0,12.4425,41.8999,-1,1,Autovettura privata,In marcia / fermata / arresto,Conducente,F,Rifiuta cure immediate,0,NON DECEDUTO,,,
3954730,18,15/08/2018 21:10:00,Statale,VIA AURELIA,in corrispondenza,,della chilometrica,9.1,,Veicolo in marcia contro ostacolo accidentale,Curva a visuale libera,Due carreggiate,Bagnato (pioggia),Asfaltata,Verticale ed orizzontale,Pioggia in atto,Normale,Buona,Sufficiente,0,0,0,2,12.3848,41.8862,-1,1,Autovettura privata,In marcia / fermata / arresto,Conducente,M,Illeso,0,,,,
3954730,18,15/08/2018 21:10:00,Statale,VIA AURELIA,in corrispondenza,,della chilometrica,9.1,,Veicolo in marcia contro ostacolo accidentale,Curva a visuale libera,Due carreggiate,Bagnato (pioggia),Asfaltata,Verticale ed orizzontale,Pioggia in atto,Normale,Buona,Sufficiente,0,0,0,2,12.3848,41.8862,-1,1,Autovettura privata,In marcia / fermata / arresto,Passeggero,F,Illeso,0,,,,
3954738,18,15/08/2018 21:10:00,Statale,VIA AURELIA,in corrispondenza,,della chilometrica,9.1,,Veicolo in marcia contro ostacolo fisso,Curva a visuale libera,Due carreggiate,Bagnato (umidit� in atto),Asfaltata,Verticale ed orizzontale,Nuvoloso,Normale,Buona,Sufficiente,1,0,0,0,12.4015,41.8862,-1,1,Autovettura privata,In marcia / fermata / arresto,Conducente,F,Rifiuta cure immediate,0,NON DECEDUTO,,,
3954742,6,16/08/2018 15:20:00,Strada Urbana,VIA TOR DE' SCHIAVI,in corrispondenza,,del civico n.,335,,Veicolo in marcia contro veicolo in sosta,Rettilineo,Due carreggiate,Asciutto,Asfaltata,Orizzontale,Nuvoloso,Scarso,Buona,Ore Diurne,0,0,0,1,12.5597,41.8926,-1,1,Autovettura pubblica,In marcia / fermata / arresto,Conducente,F,Illeso,0,,Non accertato,Inesploso,