Protocollo,Gruppo,DataOraIncidente,Localizzazione1,STRADA1,Localizzazione2,STRADA2,Strada02,Chilometrica,DaSpecificare,NaturaIncidente,particolaritastrade,TipoStrada,FondoStradale,Pavimentazione,Segnaletica,CondizioneAtmosferica,Traffico,Visibilita,Illuminazione,NUM_FERITI,NUM_RISERVATA,NUM_MORTI,NUM_ILLESI,Longitudine,Latitudine,Confermato,Progressivo,TipoVeicolo,StatoVeicolo,TipoPersona,Sesso,Tipolesione,Deceduto,DecedutoDopo,CinturaCascoUtilizzato,Airbag,
3954745,18,16/08/2018 04:40:00,Strada Urbana,VIA DI BOCCEA,all'intersezione con,VIA GREGORIO XI,VIA GREGORIO XI,,,Scontro frontale/laterale SX fra veicoli in marcia,Incrocio,Una carreggiata a doppio senso,Asciutto,Asfaltata,Verticale ed orizzontale,Sereno,Scarso,Sufficiente,Sufficiente,1,0,0,2,12.4067,41.892,-1,1,Autovettura privata,In marcia / fermata / arresto,Conducente,M,Illeso,0,,,,
3954745,18,16/08/2018 04:40:00,Strada Urbana,VIA DI BOCCEA,all'intersezione con,VIA GREGORIO XI,VIA GREGORIO XI,,,Scontro frontale/laterale SX fra veicoli in marcia,Incrocio,Una carreggiata a doppio senso,Asciutto,Asfaltata,Verticale ed orizzontale,Sereno,Scarso,Sufficiente,Sufficiente,1,0,0,2,12.4067,41.892,-1,2,Autovettura privata,In marcia / fermata / arresto,Conducente,M,Illeso,0,,,,
3954745,18,16/08/2018 04:40:00,Strada Urbana,VIA DI BOCCEA,all'intersezione con,VIA GREGORIO XI,VIA GREGORIO XI,,,Scontro frontale/laterale SX fra veicoli in marcia,Incrocio,Una carreggiata a doppio senso,Asciutto,Asfaltata,Verticale ed orizzontale,Sereno,Scarso,Sufficiente,Sufficiente,1,0,0,2,12.4067,41.892,-1,3,Autovettura privata,In marcia / fermata / arresto,Conducente,M,Rimandato,0,NON DECEDUTO,,,
3954755,18,16/08/2018 15:30:00,Strada Urbana,VIA DI TORREVECCHIA,all'intersezione semaforizzata con,VIA FRANCESCO GIOVANNI COMMENDONE,VIA FRANCESCO GIOVANNI COMMENDONE,,,Scontro frontale/laterale SX fra veicoli in marcia,Intersezione semaforizzata,Due carreggiate,Asciutto,Asfaltata,Verticale ed orizzontale,Sereno,Normale,Buona,Ore Diurne,0,0,0,3,12.4122,41.9233,-1,1,Autovettura privata,In marcia / fermata / arresto,Conducente,M,Illeso,0,,Non accertato,Inesploso,
3954755,18,16/08/2018 15:30:00,Strada Urbana,VIA DI TORREVECCHIA,all'intersezione semaforizzata con,VIA FRANCESCO GIOVANNI COMMENDONE,VIA FRANCESCO GIOVANNI COMMENDONE,,,Scontro frontale/laterale SX fra veicoli in marcia,Intersezione semaforizzata,Due carreggiate,Asciutto,Asfaltata,Verticale ed orizzontale,Sereno,Normale,Buona,Ore Diurne,0,0,0,3,12.4122,41.9233,-1,1,Autovettura privata,In marcia / fermata / arresto,Passeggero,M,Illeso,0,,Non accertato,Inesploso,
3954755,18,16/08/2018 15:30:00,Strada Urbana,VIA DI TORREVECCHIA,all'intersezione semaforizzata con,VIA FRANCESCO GIOVANNI COMMENDONE,VIA FRANCESCO GIOVANNI COMMENDONE,,,Scontro frontale/laterale SX fra veicoli in marcia,Intersezione semaforizzata,Due carreggiate,Asciutto,Asfaltata,Verticale ed orizzontale,Sereno,Normale,Buona,Ore Diurne,0,0,0,3,12.4122,41.9233,-1,2,Autovettura privata,In marcia / fermata / arresto,Conducente,M,Illeso,0,,Non accertato,Inesploso,
3955141,11,16/08/2018 10:25:00,Strada Urbana,VIA CRISTOFORO COLOMBO,in corrispondenza,,del palo luce n.,76,,Scontro laterale fra veicoli in marcia,Rettilineo,Pi� di due carreggiate,Asciutto,Asfaltata,Verticale ed orizzontale,Sereno,Normale,Buona,Ore Diurne,0,0,0,2,12.4974,41.8636,-1,1,Autovettura privata,In marcia / fermata / arresto,Conducente,M,Illeso,0,,,,
3955141,11,16/08/2018 10:25:00,Strada Urbana,VIA CRISTOFORO COLOMBO,in corrispondenza,,del palo luce n.,76,,Scontro laterale fra veicoli in marcia,Rettilineo,Pi� di due carreggiate,Asciutto,Asfaltata,Verticale ed orizzontale,Sereno,Normale,Buona,Ore Diurne,0,0,0,2,12.4974,41.8636,-1,2,Motociclo a solo,In marcia / fermata / arresto,Conducente,M,Illeso,0,,,,
3955147,13,16/08/2018 15:00:00,Strada Urbana,VIA DEL FOSSO DI DRAGONCELLO,all'intersezione con,VIA DI SAPONARA,VIA DI SAPONARA,,,Scontro frontale/laterale SX fra veicoli in marcia,Incrocio,Una carreggiata a doppio senso,Asciutto,Asfaltata,Verticale,Sereno,Normale,Buona,Ore Diurne,0,0,0,2,12.3299,41.757,-1,1,Autocarro inferiore 35 q.,In marcia / fermata / arresto,Conducente,F,Illeso,0,,Non accertato,Inesploso,
3955147,13,16/08/2018 15:00:00,Strada Urbana,VIA DEL FOSSO DI DRAGONCELLO,all'intersezione con,VIA DI SAPONARA,VIA DI SAPONARA,,,Scontro frontale/laterale SX fra veicoli in marcia,Incrocio,Una carreggiata a doppio senso,Asciutto,Asfaltata,Verticale,Sereno,Normale,Buona,Ore Diurne,0,0,0,2,12.3299,41.757,-1,2,Autovettura privata,In marcia / fermata / arresto,Conducente,M,Illeso,0,,Non accertato,Inesploso,
3955149,13,17/08/2018 00:50:00,Strada Urbana,VIALE DEI PROMONTORI,in corrispondenza,,del civico n.,440,,Veicolo in marcia contro ostacolo accidentale,Rettilineo,Due carreggiate,Asciutto,Asfaltata,Verticale ed orizzontale,Sereno,Scarso,Buona,Insufficiente,0,0,0,1,12.3015,41.7339,-1,1,Autovettura privata,In marcia / fermata / arresto,Conducente,M,Illeso,0,,Non accertato,Inesploso,
3955156,12,16/08/2018 20:00:00,Strada Urbana,VIA CARMELO MAESTRINI,in prossimit�,,del civico n.,293,,Veicolo in marcia contro veicolo arresto,Curva a visuale libera,Una carreggiata a senso unico di marcia,Asciutto,Asfaltata,Verticale ed orizzontale,Nuvoloso,Normale,Buona,Ore Diurne,0,0,0,2,12.4455,41.7951,-1,1,Autovettura privata,In marcia / fermata / arresto,Conducente,M,Illeso,0,,Utilizzato,Inesploso,
3955156,12,16/08/2018 20:00:00,Strada Urbana,VIA CARMELO MAESTRINI,in prossimit�,,del civico n.,293,,Veicolo in marcia contro veicolo arresto,Curva a visuale libera,Una carreggiata a senso unico di marcia,Asciutto,Asfaltata,Verticale ed orizzontale,Nuvoloso,Normale,Buona,Ore Diurne,0,0,0,2,12.4455,41.7951,-1,2,Autovettura privata,In marcia / fermata / arresto,Conducente,M,Illeso,0,,Utilizzato,Esploso,
3955165,9,16/08/2018 12:30:00,Strada Urbana,VIA LA SPEZIA,in corrispondenza,,del civico n.,70B,,Tamponamento,Rettilineo,Una carreggiata a doppio senso,Asciutto,Asfaltata,Verticale ed orizzontale,Sereno,Normale,Buona,Ore Diurne,0,0,0,2,12.5188,41.8867,-1,1,Autovettura privata,In marcia / fermata / arresto,Conducente,M,Illeso,0,,Non accertato,Inesploso,
3955165,9,16/08/2018 12:30:00,Strada Urbana,VIA LA SPEZIA,in corrispondenza,,del civico n.,70B,,Tamponamento,Rettilineo,Una carreggiata a doppio senso,Asciutto,Asfaltata,Verticale ed orizzontale,Sereno,Normale,Buona,Ore Diurne,0,0,0,2,12.5188,41.8867,-1,2,Autocarro inferiore 35 q.,In marcia / fermata / arresto,Conducente,M,Illeso,0,,Non accertato,Inesploso,
3955176,19,17/08/2018 01:50:00,Strada Urbana,VIA GIOVANNI ANTONIO RAYNERI,in corrispondenza,,del civico n.,9,,Veicolo in marcia contro veicolo in sosta,Rettilineo,Una carreggiata a doppio senso,Asciutto,Asfaltata,Assente,Nuvoloso,Scarso,Buona,Sufficiente,0,0,0,1,12.4215,41.9438,-1,1,Autovettura privata,In marcia / fermata / arresto,Conducente,M,Illeso,0,,Non accertato,Inesploso,
3955183,11,16/08/2018 23:30:00,Strada Urbana,VIA LAURENTINA,da specificare,,,,direzione Colombo fronte civico 400,Scontro frontale/laterale DX fra veicoli in marcia,Rettilineo,Due carreggiate,Asciutto,Asfaltata,Verticale ed orizzontale,Sereno,Scarso,Buona,Sufficiente,0,0,0,2,12.4802,41.8362,-1,1,Autovettura di polizia,In marcia / fermata / arresto,Conducente,M,Illeso,0,,,,
3955183,11,16/08/2018 23:30:00,Strada Urbana,VIA LAURENTINA,da specificare,,,,direzione Colombo fronte civico 400,Scontro frontale/laterale DX fra veicoli in marcia,Rettilineo,Due carreggiate,Asciutto,Asfaltata,Verticale ed orizzontale,Sereno,Scarso,Buona,Sufficiente,0,0,0,2,12.4802,41.8362,-1,2,Autocarro inferiore 35 q.,In marcia / fermata / arresto,Conducente,M,Illeso,0,,,,
3955184,16,14/08/2018 21:50:00,Strada Urbana,VIA AURELIA ANTICA,in prossimit�,,del palo luce n.,20,,Scontro frontale/laterale SX fra veicoli in marcia,Rettilineo,Una carreggiata a doppio senso,Bagnato (pioggia),Asfaltata,Verticale,Pioggia in atto,Scarso,Buona,Sufficiente,3,0,0,2,12.4346,41.8902,-1,1,Autovettura privata,In marcia / fermata / arresto,Conducente,F,Rimandato,0,NON DECEDUTO,Non accertato,,
3955184,16,14/08/2018 21:50:00,Strada Urbana,VIA AURELIA ANTICA,in prossimit�,,del palo luce n.,20,,Scontro frontale/laterale SX fra veicoli in marcia,Rettilineo,Una carreggiata a doppio senso,Bagnato (pioggia),Asfaltata,Verticale,Pioggia in atto,Scarso,Buona,Sufficiente,3,0,0,2,12.4346,41.8902,-1,2,Autovettura privata,In marcia / fermata / arresto,Conducente,M,Illeso,0,,Non accertato,,
3955184,16,14/08/2018 21:50:00,Strada Urbana,VIA AURELIA ANTICA,in prossimit�,,del palo luce n.,20,,Scontro frontale/laterale SX fra veicoli in marcia,Rettilineo,Una carreggiata a doppio senso,Bagnato (pioggia),Asfaltata,Verticale,Pioggia in atto,Scarso,Buona,Sufficiente,3,0,0,2,12.4346,41.8902,-1,2,Autovettura privata,In marcia / fermata / arresto,Passeggero,M,Rimandato,0,NON DECEDUTO,Non accertato,,
3955184,16,14/08/2018 21:50:00,Strada Urbana,VIA AURELIA ANTICA,in prossimit�,,del palo luce n.,20,,Scontro frontale/laterale SX fra veicoli in marcia,Rettilineo,Una carreggiata a doppio senso,Bagnato (pioggia),Asfaltata,Verticale,Pioggia in atto,Scarso,Buona,Sufficiente,3,0,0,2,12.4346,41.8902,-1,2,Autovettura privata,In marcia / fermata / arresto,Passeggero,F,Illeso,0,,Non accertato,,
3955184,16,14/08/2018 21:50:00,Strada Urbana,VIA AURELIA ANTICA,in prossimit�,,del palo luce n.,20,,Scontro frontale/laterale SX fra veicoli in marcia,Rettilineo,Una carreggiata a doppio senso,Bagnato (pioggia),Asfaltata,Verticale,Pioggia in atto,Scarso,Buona,Sufficiente,3,0,0,2,12.4346,41.8902,-1,2,Autovettura privata,In marcia / fermata / arresto,Passeggero,F,Rimandato,0,NON DECEDUTO,Non accertato,,
3955185,7,16/08/2018 19:00:00,Strada Urbana,VIA WALTER TOBAGI,da specificare,,,,150 mt. dopo incrocio Via Tor Tre Teste,Veicolo in marcia contro ostacolo fisso,Rettilineo,Una carreggiata a doppio senso,Bagnato (pioggia),Asfaltata,Verticale,Pioggia in atto,Scarso,Buona,Ore Diurne,0,0,0,1,12.5971,41.8756,-1,1,Autovettura privata,In marcia / fermata / arresto,Conducente,M,Illeso,0,,Non accertato,Inesistente,
3955186,9,16/08/2018 13:00:00,Strada Urbana,VIALE FURIO CAMILLO,in corrispondenza,,del civico n.,11,,Veicolo in marcia contro veicolo in sosta,Rettilineo,Due carreggiate,Asciutto,Asfaltata,Verticale ed orizzontale,Sereno,Normale,Sufficiente,Ore Diurne,0,0,0,1,12.5232,41.8751,-1,2,Autovettura privata,In marcia / fermata / arresto,Conducente,M,Illeso,0,,Non accertato,Inesploso,
3955194,7,17/08/2018 02:30:00,Strada Urbana,VIA SAMASSI,in corrispondenza,,del civico n.,8,,Scontro frontale/laterale DX fra veicoli in marcia,Rettilineo,Una carreggiata a doppio senso,Bagnato (umidit� in atto),Asfaltata,Assente,Sereno,Scarso,Buona,Sufficiente,0,0,0,3,12.6757,41.8902,-1,1,Autovettura di polizia,In marcia / fermata / arresto,Conducente,M,Illeso,0,,,,
3955194,7,17/08/2018 02:30:00,Strada Urbana,VIA SAMASSI,in corrispondenza,,del civico n.,8,,Scontro frontale/laterale DX fra veicoli in marcia,Rettilineo,Una carreggiata a doppio senso,Bagnato (umidit� in atto),Asfaltata,Assente,Sereno,Scarso,Buona,Sufficiente,0,0,0,3,12.6757,41.8902,-1,1,Autovettura di polizia,In marcia / fermata / arresto,Passeggero,M,Illeso,0,,,,
3955194,7,17/08/2018 02:30:00,Strada Urbana,VIA SAMASSI,in corrispondenza,,del civico n.,8,,Scontro frontale/laterale DX fra veicoli in marcia,Rettilineo,Una carreggiata a doppio senso,Bagnato (umidit� in atto),Asfaltata,Assente,Sereno,Scarso,Buona,Sufficiente,0,0,0,3,12.6757,41.8902,-1,2,Autovettura privata,In marcia / fermata / arresto,Conducente,M,Illeso,0,,,,
3955213,4,16/08/2018 09:30:00,Strada Urbana,VIA MARIO SOLDATI,all'intersezione con,VIALE CARMELO BENE,VIALE CARMELO BENE,,,Scontro frontale/laterale DX fra veicoli in marcia,Intersezione semaforizzata,Due carreggiate,Asciutto,Asfaltata,Verticale ed orizzontale,Sereno,Normale,Buona,Ore Diurne,0,0,0,2,12.5348,41.9698,-1,1,Autovettura privata,In marcia / fermata / arresto,Conducente,M,Illeso,0,,Non accertato,,
3955213,4,16/08/2018 09:30:00,Strada Urbana,VIA MARIO SOLDATI,all'intersezione con,VIALE CARMELO BENE,VIALE CARMELO BENE,,,Scontro frontale/laterale DX fra veicoli in marcia,Intersezione semaforizzata,Due carreggiate,Asciutto,Asfaltata,Verticale ed orizzontale,Sereno,Normale,Buona,Ore Diurne,0,0,0,2,12.5348,41.9698,-1,2,Autovettura privata,In marcia / fermata / arresto,Conducente,M,Illeso,0,,Non accertato,,
3955216,17,14/08/2018 13:10:00,Strada Urbana,VIALE GIULIO CESARE,in corrispondenza,,del civico n.,88,,Veicolo in marcia contro veicolo in sosta,Rettilineo,Una carreggiata a senso unico di marcia,Bagnato (pioggia),Asfaltata,Verticale ed orizzontale,Sereno,Scarso,Buona,Ore Diurne,0,0,0,4,12.4567,41.9093,-1,1,Autovettura privata,In marcia / fermata / arresto,Conducente,M,Illeso,0,,,,
3955216,17,14/08/2018 13:10:00,Strada Urbana,VIALE GIULIO CESARE,in corrispondenza,,del civico n.,88,,Veicolo in marcia contro veicolo in sosta,Rettilineo,Una carreggiata a senso unico di marcia,Bagnato (pioggia),Asfaltata,Verticale ed orizzontale,Sereno,Scarso,Buona,Ore Diurne,0,0,0,4,12.4567,41.9093,-1,1,Autovettura privata,In marcia / fermata / arresto,Passeggero,F,Illeso,0,,,,
3955216,17,14/08/2018 13:10:00,Strada Urbana,VIALE GIULIO CESARE,in corrispondenza,,del civico n.,88,,Veicolo in marcia contro veicolo in sosta,Rettilineo,Una carreggiata a senso unico di marcia,Bagnato (pioggia),Asfaltata,Verticale ed orizzontale,Sereno,Scarso,Buona,Ore Diurne,0,0,0,4,12.4567,41.9093,-1,1,Autovettura privata,In marcia / fermata / arresto,Passeggero,M,Illeso,0,,,,
3955216,17,14/08/2018 13:10:00,Strada Urbana,VIALE GIULIO CESARE,in corrispondenza,,del civico n.,88,,Veicolo in marcia contro veicolo in sosta,Rettilineo,Una carreggiata a senso unico di marcia,Bagnato (pioggia),Asfaltata,Verticale ed orizzontale,Sereno,Scarso,Buona,Ore Diurne,0,0,0,4,12.4567,41.9093,-1,1,Autovettura privata,In marcia / fermata / arresto,Passeggero,F,Illeso,0,,,,
3955220,9,16/08/2018 23:00:00,Strada Urbana,VIA GALLIA,da specificare,,,,fronte civico 120,Infortunio per sola frenata improvvisa,Rettilineo,Una carreggiata a doppio senso,Bagnato (pioggia),Asfaltata,Verticale ed orizzontale,Sereno,Scarso,Buona,Sufficiente,0,0,0,2,,,0,1,Autovettura privata,In marcia / fermata / arresto,Conducente,F,Illeso,0,,Non accertato,Inesploso,
3955220,9,16/08/2018 23:00:00,Strada Urbana,VIA GALLIA,da specificare,,,,fronte civico 120,Infortunio per sola frenata improvvisa,Rettilineo,Una carreggiata a doppio senso,Bagnato (pioggia),Asfaltata,Verticale ed orizzontale,Sereno,Scarso,Buona,Sufficiente,0,0,0,2,,,0,2,Motociclo a solo,In marcia / fermata / arresto,Conducente,M,Illeso,0,,Non accertato,,
3955245,19,16/08/2018 22:40:00,Strada Urbana,VIA DEI MONTI DI PRIMAVALLE,in corrispondenza,,del civico n.,151,,Veicolo in marcia contro veicoli in sosta,Rettilineo,Una carreggiata a doppio senso,Asciutto,Asfaltata,Orizzontale,Nuvoloso,Scarso,Buona,Sufficiente,0,0,0,1,12.4134,41.9091,-1,1,Autovettura privata,In marcia / fermata / arresto,Conducente,F,Illeso,0,,Non accertato,Inesploso,
3955264,8,16/08/2018 10:20:00,,VIA DI LUNGHEZZINA,da specificare,,,,800 METRI PRIMA INTERSEZIONE VIA POLENSE,Veicolo in marcia contro ostacolo accidentale,,,,,,,,,,0,0,0,4,,,0,1,Autovettura privata,In marcia / fermata / arresto,Conducente,M,Illeso,0,,,,
3955264,8,16/08/2018 10:20:00,,VIA DI LUNGHEZZINA,da specificare,,,,800 METRI PRIMA INTERSEZIONE VIA POLENSE,Veicolo in marcia contro ostacolo accidentale,,,,,,,,,,0,0,0,4,,,0,1,Autovettura privata,In marcia / fermata / arresto,Passeggero,M,Illeso,0,,,,
3955264,8,16/08/2018 10:20:00,,VIA DI LUNGHEZZINA,da specificare,,,,800 METRI PRIMA INTERSEZIONE VIA POLENSE,Veicolo in marcia contro ostacolo accidentale,,,,,,,,,,0,0,0,4,,,0,1,Autovettura privata,In marcia / fermata / arresto,Passeggero,M,Illeso,0,,,,
3955265,8,16/08/2018 12:30:00,Strada Urbana,VIA SALEMI,all'intersezione con,VIA PARTANNA,VIA PARTANNA,,,Scontro laterale fra veicoli in marcia,Incrocio,Una carreggiata a senso unico di marcia,Asciutto,Asfaltata,Verticale,Sereno,Scarso,Buona,Ore Diurne,0,0,0,2,12.651,41.8664,-1,1,Autovettura privata,In marcia / fermata / arresto,Conducente,F,Illeso,0,,Non accertato,,
3955265,8,16/08/2018 12:30:00,Strada Urbana,VIA SALEMI,all'intersezione con,VIA PARTANNA,VIA PARTANNA,,,Scontro laterale fra veicoli in marcia,Incrocio,Una carreggiata a senso unico di marcia,Asciutto,Asfaltata,Verticale,Sereno,Scarso,Buona,Ore Diurne,0,0,0,2,12.651,41.8664,-1,2,Autobus urbano,In marcia / fermata / arresto,Conducente,M,Illeso,0,,,,
3955266,8,16/08/2018 13:10:00,Strada Urbana,VIA DI TOR BELLA MONACA,da specificare,,,,RAMPA IMMISSIONE SU CARREGGIATA INT GRA,Veicolo in marcia contro ostacolo accidentale,Curva senza visuale libera,Una carreggiata a senso unico di marcia,Asciutto,Asfaltata,Orizzontale,Nuvoloso,Scarso,Buona,Ore Diurne,0,0,0,2,12.6282,41.8763,-1,1,Autovettura privata,In marcia / fermata / arresto,Conducente,M,Illeso,0,,Non accertato,Inesploso,
3955266,8,16/08/2018 13:10:00,Strada Urbana,VIA DI TOR BELLA MONACA,da specificare,,,,RAMPA IMMISSIONE SU CARREGGIATA INT GRA,Veicolo in marcia contro ostacolo accidentale,Curva senza visuale libera,Una carreggiata a senso unico di marcia,Asciutto,Asfaltata,Orizzontale,Nuvoloso,Scarso,Buona,Ore Diurne,0,0,0,2,12.6282,41.8763,-1,1,Autovettura privata,In marcia / fermata / arresto,Passeggero,M,Illeso,0,,Non accertato,Inesploso,
3955269,8,16/08/2018 14:15:00,Strada Urbana,VIA LUIGI OLTOLINA,in prossimit�,,del palo luce n.,2,,Veicolo in marcia contro veicolo arresto,Rettilineo,Una carreggiata a senso unico di marcia,Asciutto,Con buche,Verticale,Sereno,Normale,Buona,Ore Diurne,0,0,0,2,12.6206,41.8616,-1,1,Autovettura privata,In marcia / fermata / arresto,Conducente,F,Illeso,0,,Non accertato,,
3955269,8,16/08/2018 14:15:00,Strada Urbana,VIA LUIGI OLTOLINA,in prossimit�,,del palo luce n.,2,,Veicolo in marcia contro veicolo arresto,Rettilineo,Una carreggiata a senso unico di marcia,Asciutto,Con buche,Verticale,Sereno,Normale,Buona,Ore Diurne,0,0,0,2,12.6206,41.8616,-1,2,Autovettura privata,In marcia / fermata / arresto,Conducente,F,Illeso,0,,,,
3955274,18,16/08/2018 18:15:00,Strada Urbana,VIA ANASTASIO II,in prossimit�,,del civico n.,149,,Veicolo in marcia contro ostacolo fisso,Curva senza visuale libera,Una carreggiata a senso unico di marcia,Bagnato (pioggia),Asfaltata,Verticale ed orizzontale,Pioggia in atto,Normale,Buona,Ore Diurne,1,0,0,0,12.4421,41.8975,-1,1,Autovettura privata,In marcia / fermata / arresto,Conducente,F,Rimandato,0,NON DECEDUTO,Non utilizzato,Esploso,
3955276,17,14/08/2018 15:50:00,Strada Urbana,VIA CICERONE,all'intersezione con,PIAZZA GIUSEPPE GIOACHINO BELLI,PIAZZA GIUSEPPE GIOACHINO BELLI,,,Scontro frontale/laterale DX fra veicoli in marcia,Intersezione stradale segnalata,Una carreggiata a doppio senso,Asciutto,Asfaltata,Verticale ed orizzontale,Nuvoloso,Scarso,Buona,Ore Diurne,2,0,0,1,12.4686,41.9072,-1,1,Autovettura pubblica,In marcia / fermata / arresto,Conducente,M,Illeso,0,,,,
3955276,17,14/08/2018 15:50:00,Strada Urbana,VIA CICERONE,all'intersezione con,PIAZZA GIUSEPPE GIOACHINO BELLI,PIAZZA GIUSEPPE GIOACHINO BELLI,,,Scontro frontale/laterale DX fra veicoli in marcia,Intersezione stradale segnalata,Una carreggiata a doppio senso,Asciutto,Asfaltata,Verticale ed orizzontale,Nuvoloso,Scarso,Buona,Ore Diurne,2,0,0,1,12.4686,41.9072,-1,2,Autovettura privata,In marcia / fermata / arresto,Conducente,F,Rimandato,0,NON DECEDUTO,,,
3955276,17,14/08/2018 15:50:00,Strada Urbana,VIA CICERONE,all'intersezione con,PIAZZA GIUSEPPE GIOACHINO BELLI,PIAZZA GIUSEPPE GIOACHINO BELLI,,,Scontro frontale/laterale DX fra veicoli in marcia,Intersezione stradale segnalata,Una carreggiata a doppio senso,Asciutto,Asfaltata,Verticale ed orizzontale,Nuvoloso,Scarso,Buona,Ore Diurne,2,0,0,1,12.4686,41.9072,-1,2,Autovettura privata,In marcia / fermata / arresto,Passeggero,F,Rimandato,0,NON DECEDUTO,,,
3955311,17,15/08/2018 18:40:00,Strada Urbana,VIALE DELLO STADIO OLIMPICO,in prossimit�,,del palo luce n.,52,,Ribaltamento senza urto contro ostacolo fisso,Rettilineo,Una carreggiata a senso unico di marcia,Bagnato (pioggia),Asfaltata,Verticale ed orizzontale,Nuvoloso,Scarso,Sufficiente,Ore Diurne,0,0,0,1,12.4542,41.9299,0,1,Autovettura privata,In marcia / fermata / arresto,Conducente,M,Illeso,0,,,,
3955330,2,16/08/2018 19:10:00,Strada Urbana,VIALE DEL MURO TORTO,da specificare,,,,in corrispondenza palo luce 1,Scontro frontale/laterale SX fra veicoli in marcia,Curva a visuale libera,Due carreggiate,Bagnato (pioggia),Asfaltata,Orizzontale,Nuvoloso,Scarso,Sufficiente,Ore Diurne,0,0,0,4,12.4812,41.9124,-1,1,Autovettura privata,In marcia / fermata / arresto,Conducente,M,Illeso,0,,,,
3955330,2,16/08/2018 19:10:00,Strada Urbana,VIALE DEL MURO TORTO,da specificare,,,,in corrispondenza palo luce 1,Scontro frontale/laterale SX fra veicoli in marcia,Curva a visuale libera,Due carreggiate,Bagnato (pioggia),Asfaltata,Orizzontale,Nuvoloso,Scarso,Sufficiente,Ore Diurne,0,0,0,4,12.4812,41.9124,-1,1,Autovettura privata,In marcia / fermata / arresto,Passeggero,F,Illeso,0,,,,
3955330,2,16/08/2018 19:10:00,Strada Urbana,VIALE DEL MURO TORTO,da specificare,,,,in corrispondenza palo luce 1,Scontro frontale/laterale SX fra veicoli in marcia,Curva a visuale libera,Due carreggiate,Bagnato (pioggia),Asfaltata,Orizzontale,Nuvoloso,Scarso,Sufficiente,Ore Diurne,0,0,0,4,12.4812,41.9124,-1,2,Autovettura privata,In marcia / fermata / arresto,Conducente,M,Illeso,0,,,,
3955330,2,16/08/2018 19:10:00,Strada Urbana,VIALE DEL MURO TORTO,da specificare,,,,in corrispondenza palo luce 1,Scontro frontale/laterale SX fra veicoli in marcia,Curva a visuale libera,Due carreggiate,Bagnato (pioggia),Asfaltata,Orizzontale,Nuvoloso,Scarso,Sufficiente,Ore Diurne,0,0,0,4,12.4812,41.9124,-1,2,Autovettura privata,In marcia / fermata / arresto,Passeggero,M,Illeso,0,,,,
3955332,18,17/08/2018 10:15:00,Strada Urbana,VIA DEI CASALI SANTOVETTI,all'intersezione con,VIA VINCENZO ARANGIO RUIZ,VIA VINCENZO ARANGIO RUIZ,,,Scontro frontale fra veicoli in marcia,Intersezione stradale segnalata,Due carreggiate,Asciutto,Asfaltata,Verticale ed orizzontale,Sereno,Normale,Buona,Ore Diurne,0,0,0,4,12.4042,41.8893,-1,1,Autovettura privata,In marcia / fermata / arresto,Conducente,F,Illeso,0,,Non accertato,Inesploso,
3955332,18,17/08/2018 10:15:00,Strada Urbana,VIA DEI CASALI SANTOVETTI,all'intersezione con,VIA VINCENZO ARANGIO RUIZ,VIA VINCENZO ARANGIO RUIZ,,,Scontro frontale fra veicoli in marcia,Intersezione stradale segnalata,Due carreggiate,Asciutto,Asfaltata,Verticale ed orizzontale,Sereno,Normale,Buona,Ore Diurne,0,0,0,4,12.4042,41.8893,-1,2,Autovettura privata,In marcia / fermata / arresto,Conducente,M,Illeso,0,,Non accertato,Inesploso,
3955332,18,17/08/2018 10:15:00,Strada Urbana,VIA DEI CASALI SANTOVETTI,all'intersezione con,VIA VINCENZO ARANGIO RUIZ,VIA VINCENZO ARANGIO RUIZ,,,Scontro frontale fra veicoli in marcia,Intersezione stradale segnalata,Due carreggiate,Asciutto,Asfaltata,Verticale ed orizzontale,Sereno,Normale,Buona,Ore Diurne,0,0,0,4,12.4042,41.8893,-1,2,Autovettura privata,In marcia / fermata / arresto,Passeggero,M,Illeso,0,,Non accertato,Inesploso,
3955332,18,17/08/2018 10:15:00,Strada Urbana,VIA DEI CASALI SANTOVETTI,all'intersezione con,VIA VINCENZO ARANGIO RUIZ,VIA VINCENZO ARANGIO RUIZ,,,Scontro frontale fra veicoli in marcia,Intersezione stradale segnalata,Due carreggiate,Asciutto,Asfaltata,Verticale ed orizzontale,Sereno,Normale,Buona,Ore Diurne,0,0,0,4,12.4042,41.8893,-1,2,Autovettura privata,In marcia / fermata / arresto,Passeggero,F,Illeso,0,,Non accertato,Inesploso,
3955350,1,15/08/2018 14:50:00,Strada Urbana,PIAZZA D'ARACOELI,da specificare,,,,altezza palo Acea N. 10,Investimento di pedone,Rettilineo,Una carreggiata a senso unico di marcia,Asciutto,In cubetti di porfido,Verticale ed orizzontale,Sereno,Scarso,Buona,Ore Diurne,1,0,0,1,,,0,,,,Pedone,M,Rimandato,0,NON DECEDUTO,,,