Protocollo,Gruppo,DataOraIncidente,Localizzazione1,STRADA1,Localizzazione2,STRADA2,Strada02,Chilometrica,DaSpecificare,NaturaIncidente,particolaritastrade,TipoStrada,FondoStradale,Pavimentazione,Segnaletica,CondizioneAtmosferica,Traffico,Visibilita,Illuminazione,NUM_FERITI,NUM_RISERVATA,NUM_MORTI,NUM_ILLESI,Longitudine,Latitudine,Confermato,Progressivo,TipoVeicolo,StatoVeicolo,TipoPersona,Sesso,Tipolesione,Deceduto,DecedutoDopo,CinturaCascoUtilizzato,Airbag,
3955350,1,15/08/2018 14:50:00,Strada Urbana,PIAZZA D'ARACOELI,da specificare,,,,altezza palo Acea N. 10,Investimento di pedone,Rettilineo,Una carreggiata a senso unico di marcia,Asciutto,In cubetti di porfido,Verticale ed orizzontale,Sereno,Scarso,Buona,Ore Diurne,1,0,0,1,,,0,1,Autovettura pubblica,In marcia / fermata / arresto,Conducente,M,Illeso,0,,,,
3955353,18,16/08/2018 22:15:00,Strada Urbana,VIA DI SELVA CANDIDA,in corrispondenza,,del civico n.,356,,Scontro frontale/laterale SX fra veicoli in marcia,Rettilineo,Una carreggiata a doppio senso,Asciutto,Asfaltata,Verticale ed orizzontale,Sereno,Scarso,Buona,Sufficiente,0,0,0,3,12.3782,41.9374,-1,1,Autovettura pubblica,In marcia / fermata / arresto,Conducente,M,Illeso,0,,,,
3955353,18,16/08/2018 22:15:00,Strada Urbana,VIA DI SELVA CANDIDA,in corrispondenza,,del civico n.,356,,Scontro frontale/laterale SX fra veicoli in marcia,Rettilineo,Una carreggiata a doppio senso,Asciutto,Asfaltata,Verticale ed orizzontale,Sereno,Scarso,Buona,Sufficiente,0,0,0,3,12.3782,41.9374,-1,2,Autovettura privata,In marcia / fermata / arresto,Conducente,M,Illeso,0,,,,
3955353,18,16/08/2018 22:15:00,Strada Urbana,VIA DI SELVA CANDIDA,in corrispondenza,,del civico n.,356,,Scontro frontale/laterale SX fra veicoli in marcia,Rettilineo,Una carreggiata a doppio senso,Asciutto,Asfaltata,Verticale ed orizzontale,Sereno,Scarso,Buona,Sufficiente,0,0,0,3,12.3782,41.9374,-1,2,Autovettura privata,In marcia / fermata / arresto,Passeggero,F,Illeso,0,,,,
3955383,1,16/08/2018 17:35:00,Strada Urbana,VIA CAVOUR,da specificare,,,,FRONTE CIVICO 112,Tamponamento,Rettilineo,Una carreggiata a doppio senso,Bagnato (pioggia),Asfaltata,Verticale ed orizzontale,Pioggia in atto,Scarso,Buona,Ore Diurne,2,0,0,3,12.4951,41.8965,-1,1,Autovettura pubblica,In marcia / fermata / arresto,Conducente,M,Rifiuta cure immediate,0,NON DECEDUTO,Non accertato,Inesploso,
3955383,1,16/08/2018 17:35:00,Strada Urbana,VIA CAVOUR,da specificare,,,,FRONTE CIVICO 112,Tamponamento,Rettilineo,Una carreggiata a doppio senso,Bagnato (pioggia),Asfaltata,Verticale ed orizzontale,Pioggia in atto,Scarso,Buona,Ore Diurne,2,0,0,3,12.4951,41.8965,-1,1,Autovettura pubblica,In marcia / fermata / arresto,Passeggero,M,Illeso,0,,Non accertato,Inesploso,
3955383,1,16/08/2018 17:35:00,Strada Urbana,VIA CAVOUR,da specificare,,,,FRONTE CIVICO 112,Tamponamento,Rettilineo,Una carreggiata a doppio senso,Bagnato (pioggia),Asfaltata,Verticale ed orizzontale,Pioggia in atto,Scarso,Buona,Ore Diurne,2,0,0,3,12.4951,41.8965,-1,1,Autovettura pubblica,In marcia / fermata / arresto,Passeggero,F,Rimandato,0,NON DECEDUTO,Non accertato,Inesploso,
3955383,1,16/08/2018 17:35:00,Strada Urbana,VIA CAVOUR,da specificare,,,,FRONTE CIVICO 112,Tamponamento,Rettilineo,Una carreggiata a doppio senso,Bagnato (pioggia),Asfaltata,Verticale ed orizzontale,Pioggia in atto,Scarso,Buona,Ore Diurne,2,0,0,3,12.4951,41.8965,-1,1,Autovettura pubblica,In marcia / fermata / arresto,Passeggero,M,Illeso,0,,Non accertato,Inesploso,
3955383,1,16/08/2018 17:35:00,Strada Urbana,VIA CAVOUR,da specificare,,,,FRONTE CIVICO 112,Tamponamento,Rettilineo,Una carreggiata a doppio senso,Bagnato (pioggia),Asfaltata,Verticale ed orizzontale,Pioggia in atto,Scarso,Buona,Ore Diurne,2,0,0,3,12.4951,41.8965,-1,2,Veicolo speciale,In marcia / fermata / arresto,Conducente,M,Illeso,0,,Non accertato,Inesploso,
3955402,17,15/08/2018 12:00:00,Strada Urbana,VIA ANGELO EMO,in prossimit�,,del civico n.,76,,Tamponamento,Rettilineo,Una carreggiata a doppio senso,Asciutto,Asfaltata,Verticale ed orizzontale,Sereno,Scarso,Buona,Ore Diurne,0,0,0,3,12.4467,41.9048,-1,1,Autovettura privata,In marcia / fermata / arresto,Conducente,M,Illeso,0,,,,
3955402,17,15/08/2018 12:00:00,Strada Urbana,VIA ANGELO EMO,in prossimit�,,del civico n.,76,,Tamponamento,Rettilineo,Una carreggiata a doppio senso,Asciutto,Asfaltata,Verticale ed orizzontale,Sereno,Scarso,Buona,Ore Diurne,0,0,0,3,12.4467,41.9048,-1,2,Autovettura privata,In marcia / fermata / arresto,Conducente,F,Illeso,0,,,,
3955402,17,15/08/2018 12:00:00,Strada Urbana,VIA ANGELO EMO,in prossimit�,,del civico n.,76,,Tamponamento,Rettilineo,Una carreggiata a doppio senso,Asciutto,Asfaltata,Verticale ed orizzontale,Sereno,Scarso,Buona,Ore Diurne,0,0,0,3,12.4467,41.9048,-1,2,Autovettura privata,In marcia / fermata / arresto,Passeggero,M,Illeso,0,,,,
3955406,9,08/08/2018 16:10:00,,PIAZZA ZAMA,all'intersezione con,VIA CONCORDIA,VIA CONCORDIA,,,Scontro frontale/laterale SX fra veicoli in marcia,,,,,,,,,,1,0,0,2,,,0,1,Autovettura privata,In marcia / fermata / arresto,Conducente,M,Rimandato,0,NON DECEDUTO,,,
3955406,9,08/08/2018 16:10:00,,PIAZZA ZAMA,all'intersezione con,VIA CONCORDIA,VIA CONCORDIA,,,Scontro frontale/laterale SX fra veicoli in marcia,,,,,,,,,,1,0,0,2,,,0,2,Autovettura privata,In marcia / fermata / arresto,Conducente,M,Illeso,0,,,,
3955406,9,08/08/2018 16:10:00,,PIAZZA ZAMA,all'intersezione con,VIA CONCORDIA,VIA CONCORDIA,,,Scontro frontale/laterale SX fra veicoli in marcia,,,,,,,,,,1,0,0,2,,,0,3,Autovettura privata,In marcia / fermata / arresto,Conducente,M,Illeso,0,,,,
3955439,19,17/08/2018 09:40:00,Strada Urbana,VIALE MONFORTANI,in corrispondenza,,del civico n.,51,,Tamponamento,Rettilineo,Una carreggiata a doppio senso,Asciutto,Asfaltata,Verticale ed orizzontale,Sereno,Normale,Buona,Ore Diurne,0,0,0,2,12.4239,41.9369,-1,1,Autovettura privata,In marcia / fermata / arresto,Conducente,M,Illeso,0,,,,
3955439,19,17/08/2018 09:40:00,Strada Urbana,VIALE MONFORTANI,in corrispondenza,,del civico n.,51,,Tamponamento,Rettilineo,Una carreggiata a doppio senso,Asciutto,Asfaltata,Verticale ed orizzontale,Sereno,Normale,Buona,Ore Diurne,0,0,0,2,12.4239,41.9369,-1,2,Autovettura privata,In marcia / fermata / arresto,Conducente,M,Illeso,0,,,,
3955445,15,17/08/2018 11:00:00,Strada Urbana,VIA GIUSEPPE TROIANI,in corrispondenza,,del civico n.,9,,Veicolo in marcia contro veicoli in sosta,Rettilineo,Una carreggiata a senso unico di marcia,Asciutto,Asfaltata,Assente,Sereno,Scarso,Buona,Ore Diurne,0,0,0,1,12.4518,41.8592,-1,1,Autovettura privata,In marcia / fermata / arresto,Conducente,F,Illeso,0,,,,
3955460,10,17/08/2018 12:30:00,Strada Urbana,VIALE LUIGI SCHIAVONETTI,all'intersezione con,VIA BERNARDINO ALIMENA,VIA BERNARDINO ALIMENA,,,Tamponamento Multiplo,Rotatoria,Una carreggiata a senso unico di marcia,Asciutto,Asfaltata,Verticale ed orizzontale,Sereno,Normale,Sufficiente,Ore Diurne,0,0,0,9,12.6111,41.8452,-1,1,Autovettura privata,In marcia / fermata / arresto,Conducente,M,Illeso,0,,Non accertato,Inesploso,
3955460,10,17/08/2018 12:30:00,Strada Urbana,VIALE LUIGI SCHIAVONETTI,all'intersezione con,VIA BERNARDINO ALIMENA,VIA BERNARDINO ALIMENA,,,Tamponamento Multiplo,Rotatoria,Una carreggiata a senso unico di marcia,Asciutto,Asfaltata,Verticale ed orizzontale,Sereno,Normale,Sufficiente,Ore Diurne,0,0,0,9,12.6111,41.8452,-1,1,Autovettura privata,In marcia / fermata / arresto,Passeggero,M,Illeso,0,,Non accertato,Inesploso,
3955460,10,17/08/2018 12:30:00,Strada Urbana,VIALE LUIGI SCHIAVONETTI,all'intersezione con,VIA BERNARDINO ALIMENA,VIA BERNARDINO ALIMENA,,,Tamponamento Multiplo,Rotatoria,Una carreggiata a senso unico di marcia,Asciutto,Asfaltata,Verticale ed orizzontale,Sereno,Normale,Sufficiente,Ore Diurne,0,0,0,9,12.6111,41.8452,-1,1,Autovettura privata,In marcia / fermata / arresto,Passeggero,F,Illeso,0,,Non accertato,Inesploso,
3955460,10,17/08/2018 12:30:00,Strada Urbana,VIALE LUIGI SCHIAVONETTI,all'intersezione con,VIA BERNARDINO ALIMENA,VIA BERNARDINO ALIMENA,,,Tamponamento Multiplo,Rotatoria,Una carreggiata a senso unico di marcia,Asciutto,Asfaltata,Verticale ed orizzontale,Sereno,Normale,Sufficiente,Ore Diurne,0,0,0,9,12.6111,41.8452,-1,1,Autovettura privata,In marcia / fermata / arresto,Passeggero,M,Illeso,0,,Non accertato,Inesploso,
3955460,10,17/08/2018 12:30:00,Strada Urbana,VIALE LUIGI SCHIAVONETTI,all'intersezione con,VIA BERNARDINO ALIMENA,VIA BERNARDINO ALIMENA,,,Tamponamento Multiplo,Rotatoria,Una carreggiata a senso unico di marcia,Asciutto,Asfaltata,Verticale ed orizzontale,Sereno,Normale,Sufficiente,Ore Diurne,0,0,0,9,12.6111,41.8452,-1,2,Autovettura privata,In marcia / fermata / arresto,Conducente,M,Illeso,0,,Non accertato,Inesploso,
3955460,10,17/08/2018 12:30:00,Strada Urbana,VIALE LUIGI SCHIAVONETTI,all'intersezione con,VIA BERNARDINO ALIMENA,VIA BERNARDINO ALIMENA,,,Tamponamento Multiplo,Rotatoria,Una carreggiata a senso unico di marcia,Asciutto,Asfaltata,Verticale ed orizzontale,Sereno,Normale,Sufficiente,Ore Diurne,0,0,0,9,12.6111,41.8452,-1,2,Autovettura privata,In marcia / fermata / arresto,Passeggero,F,Illeso,0,,Non accertato,Inesploso,
3955460,10,17/08/2018 12:30:00,Strada Urbana,VIALE LUIGI SCHIAVONETTI,all'intersezione con,VIA BERNARDINO ALIMENA,VIA BERNARDINO ALIMENA,,,Tamponamento Multiplo,Rotatoria,Una carreggiata a senso unico di marcia,Asciutto,Asfaltata,Verticale ed orizzontale,Sereno,Normale,Sufficiente,Ore Diurne,0,0,0,9,12.6111,41.8452,-1,2,Autovettura privata,In marcia / fermata / arresto,Passeggero,F,Illeso,0,,Non accertato,Inesploso,
3955460,10,17/08/2018 12:30:00,Strada Urbana,VIALE LUIGI SCHIAVONETTI,all'intersezione con,VIA BERNARDINO ALIMENA,VIA BERNARDINO ALIMENA,,,Tamponamento Multiplo,Rotatoria,Una carreggiata a senso unico di marcia,Asciutto,Asfaltata,Verticale ed orizzontale,Sereno,Normale,Sufficiente,Ore Diurne,0,0,0,9,12.6111,41.8452,-1,2,Autovettura privata,In marcia / fermata / arresto,Passeggero,F,Illeso,0,,Non accertato,Inesploso,
3955460,10,17/08/2018 12:30:00,Strada Urbana,VIALE LUIGI SCHIAVONETTI,all'intersezione con,VIA BERNARDINO ALIMENA,VIA BERNARDINO ALIMENA,,,Tamponamento Multiplo,Rotatoria,Una carreggiata a senso unico di marcia,Asciutto,Asfaltata,Verticale ed orizzontale,Sereno,Normale,Sufficiente,Ore Diurne,0,0,0,9,12.6111,41.8452,-1,3,Autovettura privata,In marcia / fermata / arresto,Conducente,M,Illeso,0,,Non accertato,Inesploso,
3955461,3,16/08/2018 17:00:00,Strada Urbana,VIALE PIERO GOBETTI,in prossimit�,,del civico n.,4,,Veicolo in marcia contro ostacolo accidentale,Rettilineo,Due carreggiate,Bagnato (pioggia),Asfaltata,Verticale ed orizzontale,Pioggia in atto,Scarso,Buona,Ore Diurne,2,0,0,0,12.5094,41.9012,-1,1,Autovettura privata,In marcia / fermata / arresto,Conducente,M,Rimandato,0,NON DECEDUTO,Non accertato,,
3955461,3,16/08/2018 17:00:00,Strada Urbana,VIALE PIERO GOBETTI,in prossimit�,,del civico n.,4,,Veicolo in marcia contro ostacolo accidentale,Rettilineo,Due carreggiate,Bagnato (pioggia),Asfaltata,Verticale ed orizzontale,Pioggia in atto,Scarso,Buona,Ore Diurne,2,0,0,0,12.5094,41.9012,-1,1,Autovettura privata,In marcia / fermata / arresto,Passeggero,F,Rimandato,0,NON DECEDUTO,Non accertato,,
3955462,2,17/08/2018 11:00:00,Strada Urbana,VIA NOMENTANA,all'intersezione semaforizzata con,VIA ZARA,VIA ZARA,,,Investimento di pedone,Intersezione stradale segnalata,Una carreggiata a doppio senso,Asciutto,Asfaltata,Verticale ed orizzontale,Sereno,Scarso,Buona,Ore Diurne,1,0,0,4,12.5728,41.9579,-1,,,,Pedone,F,Rimandato,0,NON DECEDUTO,,,
3955462,2,17/08/2018 11:00:00,Strada Urbana,VIA NOMENTANA,all'intersezione semaforizzata con,VIA ZARA,VIA ZARA,,,Investimento di pedone,Intersezione stradale segnalata,Una carreggiata a doppio senso,Asciutto,Asfaltata,Verticale ed orizzontale,Sereno,Scarso,Buona,Ore Diurne,1,0,0,4,12.5728,41.9579,-1,1,Autovettura privata,In marcia / fermata / arresto,Conducente,M,Illeso,0,,,,
3955462,2,17/08/2018 11:00:00,Strada Urbana,VIA NOMENTANA,all'intersezione semaforizzata con,VIA ZARA,VIA ZARA,,,Investimento di pedone,Intersezione stradale segnalata,Una carreggiata a doppio senso,Asciutto,Asfaltata,Verticale ed orizzontale,Sereno,Scarso,Buona,Ore Diurne,1,0,0,4,12.5728,41.9579,-1,1,Autovettura privata,In marcia / fermata / arresto,Passeggero,F,Illeso,0,,,,
3955462,2,17/08/2018 11:00:00,Strada Urbana,VIA NOMENTANA,all'intersezione semaforizzata con,VIA ZARA,VIA ZARA,,,Investimento di pedone,Intersezione stradale segnalata,Una carreggiata a doppio senso,Asciutto,Asfaltata,Verticale ed orizzontale,Sereno,Scarso,Buona,Ore Diurne,1,0,0,4,12.5728,41.9579,-1,2,Autovettura privata,In marcia / fermata / arresto,Conducente,M,Illeso,0,,,,
3955462,2,17/08/2018 11:00:00,Strada Urbana,VIA NOMENTANA,all'intersezione semaforizzata con,VIA ZARA,VIA ZARA,,,Investimento di pedone,Intersezione stradale segnalata,Una carreggiata a doppio senso,Asciutto,Asfaltata,Verticale ed orizzontale,Sereno,Scarso,Buona,Ore Diurne,1,0,0,4,12.5728,41.9579,-1,2,Autovettura privata,In marcia / fermata / arresto,Passeggero,M,Illeso,0,,,,
3955505,1,16/08/2018 15:00:00,Strada Urbana,VIA CAVOUR,da specificare,,,,altezza civico 266,Veicolo in marcia contro veicolo in sosta,Rettilineo,Una carreggiata a doppio senso,Asciutto,Asfaltata,Verticale ed orizzontale,Sereno,Normale,Buona,Ore Diurne,0,0,0,1,,,0,2,Autovettura privata,In marcia / fermata / arresto,Conducente,F,Illeso,0,,,,
3955527,10,17/08/2018 13:45:00,Strada Urbana,VIA TUSCOLANA,in corrispondenza,,del civico n.,1245,,Scontro frontale/laterale SX fra veicoli in marcia,Rettilineo,Pi� di due carreggiate,Asciutto,Asfaltata,Verticale ed orizzontale,Sereno,Normale,Sufficiente,Ore Diurne,0,0,0,2,12.6023,41.8366,-1,1,Autovettura privata,In marcia / fermata / arresto,Conducente,M,Illeso,0,,Non accertato,Inesploso,
3955527,10,17/08/2018 13:45:00,Strada Urbana,VIA TUSCOLANA,in corrispondenza,,del civico n.,1245,,Scontro frontale/laterale SX fra veicoli in marcia,Rettilineo,Pi� di due carreggiate,Asciutto,Asfaltata,Verticale ed orizzontale,Sereno,Normale,Sufficiente,Ore Diurne,0,0,0,2,12.6023,41.8366,-1,2,Autovettura privata,In marcia / fermata / arresto,Conducente,M,Illeso,0,,Non accertato,Inesploso,
3955572,3,17/08/2018 10:00:00,Strada Urbana,VIA NOMENTANA,da specificare,,,,fronte civico 2,Scontro laterale fra veicoli in marcia,Rettilineo,Due carreggiate,Asciutto,Asfaltata,Verticale ed orizzontale,Sereno,Scarso,Buona,Ore Diurne,0,0,0,3,12.5031,41.9097,-1,1,Autovettura privata,In marcia / fermata / arresto,Conducente,M,Illeso,0,,Non accertato,Inesploso,
3955572,3,17/08/2018 10:00:00,Strada Urbana,VIA NOMENTANA,da specificare,,,,fronte civico 2,Scontro laterale fra veicoli in marcia,Rettilineo,Due carreggiate,Asciutto,Asfaltata,Verticale ed orizzontale,Sereno,Scarso,Buona,Ore Diurne,0,0,0,3,12.5031,41.9097,-1,1,Autovettura privata,In marcia / fermata / arresto,Passeggero,M,Illeso,0,,Non accertato,Inesploso,
3955572,3,17/08/2018 10:00:00,Strada Urbana,VIA NOMENTANA,da specificare,,,,fronte civico 2,Scontro laterale fra veicoli in marcia,Rettilineo,Due carreggiate,Asciutto,Asfaltata,Verticale ed orizzontale,Sereno,Scarso,Buona,Ore Diurne,0,0,0,3,12.5031,41.9097,-1,2,Motociclo a solo,In marcia / fermata / arresto,Conducente,M,Illeso,0,,Non accertato,,
3955634,10,17/08/2018 15:50:00,Strada Urbana,VIALE BRUNO PELIZZI,all'intersezione semaforizzata con,VIA DI TORRE SPACCATA,VIA DI TORRE SPACCATA,,,Tamponamento,Intersezione semaforizzata,Pi� di due carreggiate,Bagnato (pioggia),Asfaltata,Verticale ed orizzontale,Nuvoloso,Normale,Sufficiente,Ore Diurne,0,0,0,2,12.5838,41.8553,-1,1,Autovettura privata,In marcia / fermata / arresto,Conducente,M,Illeso,0,,Non accertato,Inesploso,
3955634,10,17/08/2018 15:50:00,Strada Urbana,VIALE BRUNO PELIZZI,all'intersezione semaforizzata con,VIA DI TORRE SPACCATA,VIA DI TORRE SPACCATA,,,Tamponamento,Intersezione semaforizzata,Pi� di due carreggiate,Bagnato (pioggia),Asfaltata,Verticale ed orizzontale,Nuvoloso,Normale,Sufficiente,Ore Diurne,0,0,0,2,12.5838,41.8553,-1,2,Autovettura privata,In marcia / fermata / arresto,Conducente,F,Illeso,0,,Non accertato,Inesploso,
3955745,10,17/08/2018 17:30:00,Strada Urbana,VIA MARCO VALERIO CORVO,in corrispondenza,,del civico n.,1,,Investimento di pedone,Rettilineo,Una carreggiata a senso unico di marcia,Asciutto,Asfaltata,Verticale ed orizzontale,Sereno,Normale,Buona,Ore Diurne,2,0,0,1,12.5544,41.8597,-1,,,,Pedone,F,Ricoverato,0,NON DECEDUTO,,,
3955745,10,17/08/2018 17:30:00,Strada Urbana,VIA MARCO VALERIO CORVO,in corrispondenza,,del civico n.,1,,Investimento di pedone,Rettilineo,Una carreggiata a senso unico di marcia,Asciutto,Asfaltata,Verticale ed orizzontale,Sereno,Normale,Buona,Ore Diurne,2,0,0,1,12.5544,41.8597,-1,1,Autovettura privata,In marcia / fermata / arresto,Conducente,M,Rifiuta cure immediate,0,NON DECEDUTO,Non accertato,Inesploso,
3955745,10,17/08/2018 17:30:00,Strada Urbana,VIA MARCO VALERIO CORVO,in corrispondenza,,del civico n.,1,,Investimento di pedone,Rettilineo,Una carreggiata a senso unico di marcia,Asciutto,Asfaltata,Verticale ed orizzontale,Sereno,Normale,Buona,Ore Diurne,2,0,0,1,12.5544,41.8597,-1,1,Autovettura privata,In marcia / fermata / arresto,Passeggero,F,Illeso,0,,Non accertato,Inesploso,
3956043,15,17/08/2018 23:00:00,Strada Urbana,VIA DELLA MAGLIANA,da specificare,,,,altezza stazione FF.SS.,Veicolo in marcia contro ostacolo fisso,Curva senza visuale libera,Una carreggiata a doppio senso,Asciutto,Asfaltata,Verticale ed orizzontale,Sereno,Scarso,Sufficiente,Sufficiente,0,0,0,1,12.4196,41.8317,-1,1,Autovettura privata,In marcia / fermata / arresto,Conducente,M,Illeso,0,,Utilizzato,Esploso,
3956081,9,17/08/2018 17:40:00,Strada Urbana,VIA GENZANO,all'intersezione con,VIA ALBANO,VIA ALBANO,,,Scontro frontale/laterale DX fra veicoli in marcia,Incrocio,Una carreggiata a doppio senso,Asciutto,Asfaltata,Verticale ed orizzontale,Sereno,Scarso,Buona,Ore Diurne,1,0,0,1,12.5329,41.8705,-1,1,Autovettura privata,In marcia / fermata / arresto,Conducente,M,Illeso,0,,Non accertato,Inesploso,
3956081,9,17/08/2018 17:40:00,Strada Urbana,VIA GENZANO,all'intersezione con,VIA ALBANO,VIA ALBANO,,,Scontro frontale/laterale DX fra veicoli in marcia,Incrocio,Una carreggiata a doppio senso,Asciutto,Asfaltata,Verticale ed orizzontale,Sereno,Scarso,Buona,Ore Diurne,1,0,0,1,12.5329,41.8705,-1,2,Autovettura privata,In marcia / fermata / arresto,Conducente,F,Rimandato,0,NON DECEDUTO,Non accertato,Inesploso,
3956093,1,17/08/2018 17:55:00,Strada Urbana,VIA DEI LATERANI,in prossimit�,,del civico n.,41,,Scontro frontale/laterale SX fra veicoli in marcia,Rettilineo,Una carreggiata a doppio senso,Asciutto,Asfaltata,Temporanea di cantiere,Sereno,Scarso,Insufficiente,Ore Diurne,2,0,0,0,12.5031,41.8845,-1,1,Autovettura privata,In marcia / fermata / arresto,Conducente,M,Rimandato,0,NON DECEDUTO,,,
3956093,1,17/08/2018 17:55:00,Strada Urbana,VIA DEI LATERANI,in prossimit�,,del civico n.,41,,Scontro frontale/laterale SX fra veicoli in marcia,Rettilineo,Una carreggiata a doppio senso,Asciutto,Asfaltata,Temporanea di cantiere,Sereno,Scarso,Insufficiente,Ore Diurne,2,0,0,0,12.5031,41.8845,-1,2,Autovettura privata,In marcia / fermata / arresto,Conducente,M,Rimandato,0,NON DECEDUTO,,,
3956122,1,17/08/2018 15:30:00,Strada Urbana,PIAZZA DEL COLOSSEO,da specificare,,,,IN PROSSIMIT� DEL pALO aCEA 5,Veicolo in marcia contro veicolo in sosta,Rettilineo,Una carreggiata a doppio senso,Bagnato (pioggia),Asfaltata,Orizzontale,Pioggia in atto,Scarso,Buona,Ore Diurne,0,0,0,1,,,0,1,Autobus di linea,In marcia / fermata / arresto,Conducente,M,Illeso,0,,,,
3956327,20,17/08/2018 15:55:00,Strada Urbana,LUNGOTEVERE MARESCIALLO DIAZ,da specificare,,,,prossimit� Piazzale Mareciallo Diaz,Veicolo in marcia contro ostacolo accidentale,Rettilineo,Due carreggiate,Bagnato (pioggia),Asfaltata,Verticale ed orizzontale,Pioggia in atto,Normale,Buona,Ore Diurne,0,0,0,2,12.462,41.9339,-1,1,Autovettura privata,In marcia / fermata / arresto,Conducente,M,Illeso,0,,Non accertato,,
3956327,20,17/08/2018 15:55:00,Strada Urbana,LUNGOTEVERE MARESCIALLO DIAZ,da specificare,,,,prossimit� Piazzale Mareciallo Diaz,Veicolo in marcia contro ostacolo accidentale,Rettilineo,Due carreggiate,Bagnato (pioggia),Asfaltata,Verticale ed orizzontale,Pioggia in atto,Normale,Buona,Ore Diurne,0,0,0,2,12.462,41.9339,-1,1,Autovettura privata,In marcia / fermata / arresto,Passeggero,M,Illeso,0,,Non accertato,,
3956357,23,17/08/2018 21:15:00,Strada Urbana,VIA CRISTOFORO COLOMBO,in prossimit�,,della chilometrica,25.3,,Tamponamento,Rettilineo,Due carreggiate,Asciutto,Asfaltata,Orizzontale,Sereno,Scarso,Sufficiente,Inesistente,1,0,0,3,12.4121,41.786,-1,1,Autovettura privata,In marcia / fermata / arresto,Conducente,M,Illeso,0,,Non accertato,Inesploso,
3956357,23,17/08/2018 21:15:00,Strada Urbana,VIA CRISTOFORO COLOMBO,in prossimit�,,della chilometrica,25.3,,Tamponamento,Rettilineo,Due carreggiate,Asciutto,Asfaltata,Orizzontale,Sereno,Scarso,Sufficiente,Inesistente,1,0,0,3,12.4121,41.786,-1,1,Autovettura privata,In marcia / fermata / arresto,Passeggero,F,Illeso,0,,,,
3956357,23,17/08/2018 21:15:00,Strada Urbana,VIA CRISTOFORO COLOMBO,in prossimit�,,della chilometrica,25.3,,Tamponamento,Rettilineo,Due carreggiate,Asciutto,Asfaltata,Orizzontale,Sereno,Scarso,Sufficiente,Inesistente,1,0,0,3,12.4121,41.786,-1,1,Autovettura privata,In marcia / fermata / arresto,Passeggero,M,Illeso,0,,,,
3956357,23,17/08/2018 21:15:00,Strada Urbana,VIA CRISTOFORO COLOMBO,in prossimit�,,della chilometrica,25.3,,Tamponamento,Rettilineo,Due carreggiate,Asciutto,Asfaltata,Orizzontale,Sereno,Scarso,Sufficiente,Inesistente,1,0,0,3,12.4121,41.786,-1,2,Motociclo a solo,In marcia / fermata / arresto,Conducente,M,Rimandato,0,NON DECEDUTO,Non accertato,,
3956365,20,17/08/2018 10:20:00,Strada Urbana,VIA DELLA CAMILLUCCIA,all'intersezione con,VIA TEHERAN,VIA TEHERAN,,,Scontro frontale/laterale SX fra veicoli in marcia,Incrocio,Una carreggiata a doppio senso,Asciutto,Asfaltata,Verticale ed orizzontale,Sereno,Scarso,Buona,Ore Diurne,1,0,0,4,12.4488,41.9429,-1,1,Motociclo a solo,In marcia / fermata / arresto,Conducente,M,Rimandato,0,NON DECEDUTO,Non accertato,,
3956365,20,17/08/2018 10:20:00,Strada Urbana,VIA DELLA CAMILLUCCIA,all'intersezione con,VIA TEHERAN,VIA TEHERAN,,,Scontro frontale/laterale SX fra veicoli in marcia,Incrocio,Una carreggiata a doppio senso,Asciutto,Asfaltata,Verticale ed orizzontale,Sereno,Scarso,Buona,Ore Diurne,1,0,0,4,12.4488,41.9429,-1,2,Autovettura privata,In marcia / fermata / arresto,Conducente,M,Illeso,0,,Non accertato,,
3956365,20,17/08/2018 10:20:00,Strada Urbana,VIA DELLA CAMILLUCCIA,all'intersezione con,VIA TEHERAN,VIA TEHERAN,,,Scontro frontale/laterale SX fra veicoli in marcia,Incrocio,Una carreggiata a doppio senso,Asciutto,Asfaltata,Verticale ed orizzontale,Sereno,Scarso,Buona,Ore Diurne,1,0,0,4,12.4488,41.9429,-1,2,Autovettura privata,In marcia / fermata / arresto,Passeggero,M,Illeso,0,,Non accertato,,
3956365,20,17/08/2018 10:20:00,Strada Urbana,VIA DELLA CAMILLUCCIA,all'intersezione con,VIA TEHERAN,VIA TEHERAN,,,Scontro frontale/laterale SX fra veicoli in marcia,Incrocio,Una carreggiata a doppio senso,Asciutto,Asfaltata,Verticale ed orizzontale,Sereno,Scarso,Buona,Ore Diurne,1,0,0,4,12.4488,41.9429,-1,2,Autovettura privata,In marcia / fermata / arresto,Passeggero,M,Illeso,0,,Non accertato,,
3956365,20,17/08/2018 10:20:00,Strada Urbana,VIA DELLA CAMILLUCCIA,all'intersezione con,VIA TEHERAN,VIA TEHERAN,,,Scontro frontale/laterale SX fra veicoli in marcia,Incrocio,Una carreggiata a doppio senso,Asciutto,Asfaltata,Verticale ed orizzontale,Sereno,Scarso,Buona,Ore Diurne,1,0,0,4,12.4488,41.9429,-1,2,Autovettura privata,In marcia / fermata / arresto,Passeggero,M,Illeso,0,,Non accertato,,