Protocollo,Gruppo,DataOraIncidente,Localizzazione1,STRADA1,Localizzazione2,STRADA2,Strada02,Chilometrica,DaSpecificare,NaturaIncidente,particolaritastrade,TipoStrada,FondoStradale,Pavimentazione,Segnaletica,CondizioneAtmosferica,Traffico,Visibilita,Illuminazione,NUM_FERITI,NUM_RISERVATA,NUM_MORTI,NUM_ILLESI,Longitudine,Latitudine,Confermato,Progressivo,TipoVeicolo,StatoVeicolo,TipoPersona,Sesso,Tipolesione,Deceduto,DecedutoDopo,CinturaCascoUtilizzato,Airbag,
3956367,15,18/08/2018 15:45:00,Strada Urbana,VIA GAETANO RAPPINI,in corrispondenza,,del civico n.,9,,Veicolo in marcia contro veicoli in sosta,Rettilineo,Una carreggiata a senso unico di marcia,Asciutto,Asfaltata,Assente,Nuvoloso,Scarso,Buona,Ore Diurne,0,0,0,1,12.454,41.8623,-1,1,Autovettura privata,In marcia / fermata / arresto,Conducente,M,Illeso,0,,Non accertato,Esploso,
3956435,7,18/08/2018 17:30:00,Strada Urbana,VIA DEI PLATANI,all'intersezione con,VIALE PALMIRO TOGLIATTI,VIALE PALMIRO TOGLIATTI,,,Tamponamento,Intersezione stradale segnalata,Una carreggiata a senso unico di marcia,Asciutto,Asfaltata,Orizzontale,Sereno,Normale,Sufficiente,Ore Diurne,0,0,0,2,12.567,41.8811,-1,1,Autovettura privata,In marcia / fermata / arresto,Conducente,M,Illeso,0,,,,
3956435,7,18/08/2018 17:30:00,Strada Urbana,VIA DEI PLATANI,all'intersezione con,VIALE PALMIRO TOGLIATTI,VIALE PALMIRO TOGLIATTI,,,Tamponamento,Intersezione stradale segnalata,Una carreggiata a senso unico di marcia,Asciutto,Asfaltata,Orizzontale,Sereno,Normale,Sufficiente,Ore Diurne,0,0,0,2,12.567,41.8811,-1,2,Autovettura privata,Allontanatosi,Conducente,M,Illeso,0,,,,
3956638,2,19/08/2018 00:10:00,Strada Urbana,VIALE REGINA MARGHERITA,all'intersezione semaforizzata con,VIA GARIGLIANO,VIA GARIGLIANO,,,Scontro frontale/laterale SX fra veicoli in marcia,Incrocio,Una carreggiata a doppio senso,Asciutto,Asfaltata,Verticale ed orizzontale,Sereno,Scarso,Sufficiente,Ore Diurne,2,0,0,4,12.4995,41.9188,-1,1,Autovettura privata,In marcia / fermata / arresto,Conducente,M,Rimandato,0,NON DECEDUTO,,,
3956638,2,19/08/2018 00:10:00,Strada Urbana,VIALE REGINA MARGHERITA,all'intersezione semaforizzata con,VIA GARIGLIANO,VIA GARIGLIANO,,,Scontro frontale/laterale SX fra veicoli in marcia,Incrocio,Una carreggiata a doppio senso,Asciutto,Asfaltata,Verticale ed orizzontale,Sereno,Scarso,Sufficiente,Ore Diurne,2,0,0,4,12.4995,41.9188,-1,1,Autovettura privata,In marcia / fermata / arresto,Passeggero,M,Illeso,0,,Non accertato,Inesploso,
3956638,2,19/08/2018 00:10:00,Strada Urbana,VIALE REGINA MARGHERITA,all'intersezione semaforizzata con,VIA GARIGLIANO,VIA GARIGLIANO,,,Scontro frontale/laterale SX fra veicoli in marcia,Incrocio,Una carreggiata a doppio senso,Asciutto,Asfaltata,Verticale ed orizzontale,Sereno,Scarso,Sufficiente,Ore Diurne,2,0,0,4,12.4995,41.9188,-1,2,Autovettura privata,In marcia / fermata / arresto,Conducente,M,Illeso,0,,Non accertato,Inesploso,
3956638,2,19/08/2018 00:10:00,Strada Urbana,VIALE REGINA MARGHERITA,all'intersezione semaforizzata con,VIA GARIGLIANO,VIA GARIGLIANO,,,Scontro frontale/laterale SX fra veicoli in marcia,Incrocio,Una carreggiata a doppio senso,Asciutto,Asfaltata,Verticale ed orizzontale,Sereno,Scarso,Sufficiente,Ore Diurne,2,0,0,4,12.4995,41.9188,-1,2,Autovettura privata,In marcia / fermata / arresto,Passeggero,M,Illeso,0,,Non accertato,Inesploso,
3956638,2,19/08/2018 00:10:00,Strada Urbana,VIALE REGINA MARGHERITA,all'intersezione semaforizzata con,VIA GARIGLIANO,VIA GARIGLIANO,,,Scontro frontale/laterale SX fra veicoli in marcia,Incrocio,Una carreggiata a doppio senso,Asciutto,Asfaltata,Verticale ed orizzontale,Sereno,Scarso,Sufficiente,Ore Diurne,2,0,0,4,12.4995,41.9188,-1,2,Autovettura privata,In marcia / fermata / arresto,Passeggero,M,Illeso,0,,,,
3956638,2,19/08/2018 00:10:00,Strada Urbana,VIALE REGINA MARGHERITA,all'intersezione semaforizzata con,VIA GARIGLIANO,VIA GARIGLIANO,,,Scontro frontale/laterale SX fra veicoli in marcia,Incrocio,Una carreggiata a doppio senso,Asciutto,Asfaltata,Verticale ed orizzontale,Sereno,Scarso,Sufficiente,Ore Diurne,2,0,0,4,12.4995,41.9188,-1,2,Autovettura privata,In marcia / fermata / arresto,Passeggero,M,Rimandato,0,NON DECEDUTO,,,
3956691,20,19/08/2018 00:05:00,Strada Urbana,VIA DEI DUE PONTI,da specificare,,,,prossimit� palo ACEA N� 74,Veicolo in marcia contro ostacolo fisso,Rettilineo,Una carreggiata a doppio senso,Bagnato (umidit� in atto),Asfaltata,Verticale ed orizzontale,Sereno,Scarso,Insufficiente,Insufficiente,0,0,0,1,12.4695,41.9659,-1,1,Autovettura privata,In marcia / fermata / arresto,Conducente,M,Illeso,0,,Non accertato,,
3956719,10,18/08/2018 18:00:00,Strada Urbana,VIALE ANTONIO CIAMARRA,in corrispondenza,,del civico n.,129,,Tamponamento,Rettilineo,Due carreggiate,Bagnato (pioggia),Asfaltata,Verticale ed orizzontale,Pioggia in atto,Scarso,Buona,Ore Diurne,0,0,0,2,12.5907,41.8505,-1,1,Autovettura privata,In marcia / fermata / arresto,Conducente,F,Illeso,0,,Non accertato,Inesploso,
3956719,10,18/08/2018 18:00:00,Strada Urbana,VIALE ANTONIO CIAMARRA,in corrispondenza,,del civico n.,129,,Tamponamento,Rettilineo,Due carreggiate,Bagnato (pioggia),Asfaltata,Verticale ed orizzontale,Pioggia in atto,Scarso,Buona,Ore Diurne,0,0,0,2,12.5907,41.8505,-1,2,Autovettura privata,In marcia / fermata / arresto,Conducente,M,Illeso,0,,Non accertato,Inesploso,
3956723,10,18/08/2018 18:20:00,Strada Urbana,VIA ANAGNINA,da specificare,,,,fronte via R. Gravina,Scontro frontale/laterale SX fra veicoli in marcia,Curva a visuale libera,Una carreggiata a senso unico di marcia,Bagnato (pioggia),Asfaltata,Verticale ed orizzontale,Nuvoloso,Normale,Buona,Ore Diurne,0,0,0,7,12.5899,41.8383,-1,1,Autovettura privata,In marcia / fermata / arresto,Conducente,M,Illeso,0,,Non accertato,Inesploso,
3956723,10,18/08/2018 18:20:00,Strada Urbana,VIA ANAGNINA,da specificare,,,,fronte via R. Gravina,Scontro frontale/laterale SX fra veicoli in marcia,Curva a visuale libera,Una carreggiata a senso unico di marcia,Bagnato (pioggia),Asfaltata,Verticale ed orizzontale,Nuvoloso,Normale,Buona,Ore Diurne,0,0,0,7,12.5899,41.8383,-1,1,Autovettura privata,In marcia / fermata / arresto,Passeggero,F,Illeso,0,,Non accertato,Inesploso,
3956723,10,18/08/2018 18:20:00,Strada Urbana,VIA ANAGNINA,da specificare,,,,fronte via R. Gravina,Scontro frontale/laterale SX fra veicoli in marcia,Curva a visuale libera,Una carreggiata a senso unico di marcia,Bagnato (pioggia),Asfaltata,Verticale ed orizzontale,Nuvoloso,Normale,Buona,Ore Diurne,0,0,0,7,12.5899,41.8383,-1,2,Autovettura privata,In marcia / fermata / arresto,Conducente,M,Illeso,0,,Non accertato,Inesploso,
3956723,10,18/08/2018 18:20:00,Strada Urbana,VIA ANAGNINA,da specificare,,,,fronte via R. Gravina,Scontro frontale/laterale SX fra veicoli in marcia,Curva a visuale libera,Una carreggiata a senso unico di marcia,Bagnato (pioggia),Asfaltata,Verticale ed orizzontale,Nuvoloso,Normale,Buona,Ore Diurne,0,0,0,7,12.5899,41.8383,-1,2,Autovettura privata,In marcia / fermata / arresto,Passeggero,M,Illeso,0,,Non accertato,Inesploso,
3956723,10,18/08/2018 18:20:00,Strada Urbana,VIA ANAGNINA,da specificare,,,,fronte via R. Gravina,Scontro frontale/laterale SX fra veicoli in marcia,Curva a visuale libera,Una carreggiata a senso unico di marcia,Bagnato (pioggia),Asfaltata,Verticale ed orizzontale,Nuvoloso,Normale,Buona,Ore Diurne,0,0,0,7,12.5899,41.8383,-1,2,Autovettura privata,In marcia / fermata / arresto,Passeggero,F,Illeso,0,,Non accertato,Inesistente,
3956723,10,18/08/2018 18:20:00,Strada Urbana,VIA ANAGNINA,da specificare,,,,fronte via R. Gravina,Scontro frontale/laterale SX fra veicoli in marcia,Curva a visuale libera,Una carreggiata a senso unico di marcia,Bagnato (pioggia),Asfaltata,Verticale ed orizzontale,Nuvoloso,Normale,Buona,Ore Diurne,0,0,0,7,12.5899,41.8383,-1,2,Autovettura privata,In marcia / fermata / arresto,Passeggero,M,Illeso,0,,Non accertato,Inesistente,
3956723,10,18/08/2018 18:20:00,Strada Urbana,VIA ANAGNINA,da specificare,,,,fronte via R. Gravina,Scontro frontale/laterale SX fra veicoli in marcia,Curva a visuale libera,Una carreggiata a senso unico di marcia,Bagnato (pioggia),Asfaltata,Verticale ed orizzontale,Nuvoloso,Normale,Buona,Ore Diurne,0,0,0,7,12.5899,41.8383,-1,2,Autovettura privata,In marcia / fermata / arresto,Passeggero,M,Illeso,0,,Non accertato,Inesistente,
3956782,18,19/08/2018 10:30:00,Strada Urbana,VIA GREGORIO VII,da specificare,,,,altezza largo Jacobini,Scontro frontale/laterale SX fra veicoli in marcia,Rettilineo,Pi� di due carreggiate,Asciutto,Asfaltata,Verticale ed orizzontale,Sereno,Normale,Buona,Ore Diurne,0,0,0,3,12.4428,41.8963,-1,1,Autovettura pubblica,In marcia / fermata / arresto,Conducente,F,Illeso,0,,Non accertato,Inesploso,
3956782,18,19/08/2018 10:30:00,Strada Urbana,VIA GREGORIO VII,da specificare,,,,altezza largo Jacobini,Scontro frontale/laterale SX fra veicoli in marcia,Rettilineo,Pi� di due carreggiate,Asciutto,Asfaltata,Verticale ed orizzontale,Sereno,Normale,Buona,Ore Diurne,0,0,0,3,12.4428,41.8963,-1,2,Autovettura privata,In marcia / fermata / arresto,Conducente,M,Illeso,0,,Non accertato,Inesploso,
3956782,18,19/08/2018 10:30:00,Strada Urbana,VIA GREGORIO VII,da specificare,,,,altezza largo Jacobini,Scontro frontale/laterale SX fra veicoli in marcia,Rettilineo,Pi� di due carreggiate,Asciutto,Asfaltata,Verticale ed orizzontale,Sereno,Normale,Buona,Ore Diurne,0,0,0,3,12.4428,41.8963,-1,2,Autovettura privata,In marcia / fermata / arresto,Passeggero,F,Illeso,0,,Non accertato,Inesploso,
3956894,20,18/08/2018 23:00:00,Strada Urbana,VIA CARLO PIRZIO BIROLI,in prossimit�,,del civico n.,52,,Veicolo in marcia contro veicolo in sosta,Rettilineo,Una carreggiata a doppio senso,Asciutto,Sterrata,Assente,Nuvoloso,Normale,Buona,Sufficiente,0,0,0,1,12.4517,41.9686,0,1,Autovettura privata,In marcia / fermata / arresto,Conducente,M,Illeso,0,,Non accertato,Inesploso,
3956951,9,18/08/2018 16:40:00,Strada Urbana,VIA TARANTO,in corrispondenza,,del civico n.,144/F,,Veicolo in marcia contro ostacolo accidentale,Rettilineo,Una carreggiata a doppio senso,Bagnato (pioggia),Asfaltata,Verticale ed orizzontale,Pioggia in atto,Scarso,Buona,Ore Diurne,0,0,0,1,,,0,1,Autovettura privata,In marcia / fermata / arresto,Conducente,M,Illeso,0,,,,
3956990,12,19/08/2018 15:50:00,Strada Urbana,PIAZZA GUGLIELMO MARCONI,da specificare,,,,per Via C. Colombo direzione GRA,Scontro laterale fra veicoli in marcia,Rotatoria,Due carreggiate,Asciutto,Asfaltata,Verticale ed orizzontale,Sereno,Normale,Buona,Ore Diurne,1,0,0,2,12.4711,41.8335,-1,1,Autovettura privata,In marcia / fermata / arresto,Conducente,M,Illeso,0,,Utilizzato,Inesploso,
3956990,12,19/08/2018 15:50:00,Strada Urbana,PIAZZA GUGLIELMO MARCONI,da specificare,,,,per Via C. Colombo direzione GRA,Scontro laterale fra veicoli in marcia,Rotatoria,Due carreggiate,Asciutto,Asfaltata,Verticale ed orizzontale,Sereno,Normale,Buona,Ore Diurne,1,0,0,2,12.4711,41.8335,-1,1,Autovettura privata,In marcia / fermata / arresto,Passeggero,F,Illeso,0,,Utilizzato,Inesploso,
3956990,12,19/08/2018 15:50:00,Strada Urbana,PIAZZA GUGLIELMO MARCONI,da specificare,,,,per Via C. Colombo direzione GRA,Scontro laterale fra veicoli in marcia,Rotatoria,Due carreggiate,Asciutto,Asfaltata,Verticale ed orizzontale,Sereno,Normale,Buona,Ore Diurne,1,0,0,2,12.4711,41.8335,-1,2,Autovettura privata,In marcia / fermata / arresto,Conducente,F,Rimandato,0,NON DECEDUTO,Utilizzato,Esploso,
3957182,11,19/08/2018 07:30:00,Strada Urbana,VIA CRISTOFORO COLOMBO,all'intersezione semaforizzata con,VIA OROPA,VIA OROPA,,,Scontro frontale/laterale DX fra veicoli in marcia,Intersezione semaforizzata,Pi� di due carreggiate,Asciutto,Asfaltata,Verticale ed orizzontale,Sereno,Normale,Buona,Ore Diurne,2,0,0,1,12.4809,41.8475,-1,1,Autovettura privata,In marcia / fermata / arresto,Conducente,M,Rimandato,0,NON DECEDUTO,Non accertato,,
3957182,11,19/08/2018 07:30:00,Strada Urbana,VIA CRISTOFORO COLOMBO,all'intersezione semaforizzata con,VIA OROPA,VIA OROPA,,,Scontro frontale/laterale DX fra veicoli in marcia,Intersezione semaforizzata,Pi� di due carreggiate,Asciutto,Asfaltata,Verticale ed orizzontale,Sereno,Normale,Buona,Ore Diurne,2,0,0,1,12.4809,41.8475,-1,1,Autovettura privata,In marcia / fermata / arresto,Passeggero,F,Rimandato,0,NON DECEDUTO,Non accertato,,
3957182,11,19/08/2018 07:30:00,Strada Urbana,VIA CRISTOFORO COLOMBO,all'intersezione semaforizzata con,VIA OROPA,VIA OROPA,,,Scontro frontale/laterale DX fra veicoli in marcia,Intersezione semaforizzata,Pi� di due carreggiate,Asciutto,Asfaltata,Verticale ed orizzontale,Sereno,Normale,Buona,Ore Diurne,2,0,0,1,12.4809,41.8475,-1,2,Autovettura privata,In marcia / fermata / arresto,Conducente,M,Illeso,0,,Non accertato,,
3957187,10,19/08/2018 10:30:00,Strada Urbana,VIA BERNARDINO ALIMENA,da specificare,,,,fronte civico 30,Investimento di pedone,Rettilineo,Una carreggiata a doppio senso,Asciutto,Asfaltata,Verticale ed orizzontale,Sereno,Normale,Buona,Ore Diurne,0,0,1,2,12.6004,41.8479,-1,,,,Pedone,F,Deceduto durante trasporto,-1,,,,
3957187,10,19/08/2018 10:30:00,Strada Urbana,VIA BERNARDINO ALIMENA,da specificare,,,,fronte civico 30,Investimento di pedone,Rettilineo,Una carreggiata a doppio senso,Asciutto,Asfaltata,Verticale ed orizzontale,Sereno,Normale,Buona,Ore Diurne,0,0,1,2,12.6004,41.8479,-1,1,Autovettura privata,In marcia / fermata / arresto,Conducente,M,Illeso,0,,Non accertato,Inesploso,
3957187,10,19/08/2018 10:30:00,Strada Urbana,VIA BERNARDINO ALIMENA,da specificare,,,,fronte civico 30,Investimento di pedone,Rettilineo,Una carreggiata a doppio senso,Asciutto,Asfaltata,Verticale ed orizzontale,Sereno,Normale,Buona,Ore Diurne,0,0,1,2,12.6004,41.8479,-1,1,Autovettura privata,In marcia / fermata / arresto,Passeggero,F,Illeso,0,,Non accertato,Inesploso,
3957188,15,19/08/2018 06:00:00,Strada Urbana,VIALE GUGLIELMO MARCONI,all'intersezione con,VIA ANTONINO LO SURDO,VIA ANTONINO LO SURDO,,,Veicolo in marcia contro ostacolo fisso,Incrocio,Due carreggiate,Asciutto,Asfaltata,Orizzontale,Sereno,Scarso,Buona,Ore Diurne,0,0,0,2,12.4715,41.8567,-1,1,Autovettura privata,In marcia / fermata / arresto,Conducente,M,Illeso,0,,,Inesploso,
3957188,15,19/08/2018 06:00:00,Strada Urbana,VIALE GUGLIELMO MARCONI,all'intersezione con,VIA ANTONINO LO SURDO,VIA ANTONINO LO SURDO,,,Veicolo in marcia contro ostacolo fisso,Incrocio,Due carreggiate,Asciutto,Asfaltata,Orizzontale,Sereno,Scarso,Buona,Ore Diurne,0,0,0,2,12.4715,41.8567,-1,1,Autovettura privata,In marcia / fermata / arresto,Passeggero,M,Illeso,0,,,,
3957189,9,18/08/2018 11:30:00,Strada Urbana,VIA CARLO CIPOLLA,in prossimit�,,del civico n.,42,,Veicolo in marcia contro veicolo in sosta,Rettilineo,Una carreggiata a doppio senso,Asciutto,Asfaltata,Assente,Sereno,Scarso,Buona,Ore Diurne,0,0,0,1,12.5294,41.866,-1,1,Autovettura privata,In marcia / fermata / arresto,Conducente,M,Illeso,0,,Non accertato,Inesploso,
3957192,1,20/08/2018 01:10:00,Strada Urbana,VIA MERULANA,in prossimit�,,del civico n.,234,,Veicolo in marcia contro veicoli in sosta,Rettilineo,Una carreggiata a doppio senso,Asciutto,Asfaltata,Verticale ed orizzontale,Sereno,Normale,Sufficiente,Sufficiente,0,0,0,1,12.5012,41.8931,-1,1,Autovettura privata,In marcia / fermata / arresto,Conducente,M,Illeso,0,,Non accertato,,
3957199,15,19/08/2018 19:00:00,Strada Urbana,PIAZZA ANDREA AMPERE,da specificare,,,,area parcheggio,Veicolo in marcia contro veicolo in sosta,Rettilineo,Una carreggiata a doppio senso,Asciutto,Asfaltata,Orizzontale,Sereno,Scarso,Buona,Ore Diurne,0,0,0,1,12.454,41.8623,-1,2,Autovettura privata,In marcia / fermata / arresto,Conducente,F,Illeso,0,,,,
3957206,13,18/08/2018 02:15:00,Strada Urbana,VIALE DESIDERATO PIETRI,in prossimit�,,del civico n.,12,,Veicolo in marcia contro veicolo in sosta,Rettilineo,Due carreggiate,Asciutto,Asfaltata,Assente,Sereno,Normale,Sufficiente,Sufficiente,0,0,0,1,12.289,41.728,-1,1,Autovettura privata,In marcia / fermata / arresto,Conducente,M,Illeso,0,,Non accertato,Esploso,
3957232,20,19/08/2018 10:50:00,Strada Urbana,VIA MONTEROSI,all'intersezione con,VIA CIVITELLA D'AGLIANO,VIA CIVITELLA D'AGLIANO,,,Scontro frontale/laterale DX fra veicoli in marcia,Incrocio,Una carreggiata a senso unico di marcia,Asciutto,Asfaltata,Verticale ed orizzontale,Sereno,Scarso,Insufficiente,Ore Diurne,0,0,0,2,12.4722,41.9491,-1,1,Autovettura privata,In marcia / fermata / arresto,Conducente,M,Illeso,0,,Non accertato,,
3957232,20,19/08/2018 10:50:00,Strada Urbana,VIA MONTEROSI,all'intersezione con,VIA CIVITELLA D'AGLIANO,VIA CIVITELLA D'AGLIANO,,,Scontro frontale/laterale DX fra veicoli in marcia,Incrocio,Una carreggiata a senso unico di marcia,Asciutto,Asfaltata,Verticale ed orizzontale,Sereno,Scarso,Insufficiente,Ore Diurne,0,0,0,2,12.4722,41.9491,-1,2,Autovettura privata,In marcia / fermata / arresto,Conducente,M,Illeso,0,,Non accertato,,
3957236,5,18/08/2018 10:30:00,Strada Urbana,VIA DI S. ROMANO,in corrispondenza,,del civico n.,23,,Veicolo in marcia contro veicolo in sosta,Rettilineo,Una carreggiata a doppio senso,Asciutto,Asfaltata,Verticale ed orizzontale,Sereno,Normale,Buona,Ore Diurne,0,0,0,1,12.538,41.9072,-1,1,Autovettura privata,In marcia / fermata / arresto,Conducente,F,Illeso,0,,Non accertato,Inesploso,
3957239,6,18/08/2018 00:20:00,Strada Urbana,VIA DI TOR PIGNATTARA,in prossimit�,,del civico n.,79,,Investimento di pedone,Rettilineo,Una carreggiata a doppio senso,Asciutto,Asfaltata,Orizzontale,Sereno,Normale,Buona,Sufficiente,1,0,0,0,12.5421,41.8783,0,,,,Pedone,M,Rimandato,0,NON DECEDUTO,,,
3957244,5,18/08/2018 18:00:00,Strada Urbana,VIA DEI CRISPOLTI,in corrispondenza,,del civico n.,126,,Veicolo in marcia contro veicolo in sosta,Rettilineo,Due carreggiate,Asciutto,Asfaltata,Verticale,Sereno,Scarso,Buona,Ore Diurne,0,0,0,1,12.5509,41.9097,-1,1,Autovettura privata,In marcia / fermata / arresto,Conducente,M,Illeso,0,,Non accertato,Inesploso,
3957248,5,19/08/2018 17:35:00,Strada Urbana,VIA DI MARCO SIMONE,in prossimit�,,del civico n.,34,,Veicolo in marcia contro ostacolo accidentale,Curva a visuale libera,Una carreggiata a doppio senso,Bagnato (pioggia),Asfaltata,Assente,Pioggia in atto,Scarso,Buona,Ore Diurne,0,0,0,2,12.6454,41.9487,-1,1,Autovettura privata,In marcia / fermata / arresto,Conducente,M,Illeso,0,,Non accertato,,
3957248,5,19/08/2018 17:35:00,Strada Urbana,VIA DI MARCO SIMONE,in prossimit�,,del civico n.,34,,Veicolo in marcia contro ostacolo accidentale,Curva a visuale libera,Una carreggiata a doppio senso,Bagnato (pioggia),Asfaltata,Assente,Pioggia in atto,Scarso,Buona,Ore Diurne,0,0,0,2,12.6454,41.9487,-1,1,Autovettura privata,In marcia / fermata / arresto,Passeggero,F,Illeso,0,,Non accertato,,
3957251,6,19/08/2018 22:15:00,Strada Urbana,VIA DI ACQUA BULLICANTE,all'intersezione con,VIA GRAZIOSO BENINCASA,VIA GRAZIOSO BENINCASA,,,Scontro frontale fra veicoli in marcia,Incrocio,Una carreggiata a doppio senso,Asciutto,Asfaltata,Verticale ed orizzontale,Sereno,Scarso,Sufficiente,Sufficiente,1,0,0,1,12.5432,41.8864,-1,1,Autovettura privata,In marcia / fermata / arresto,Conducente,M,Illeso,0,,Non accertato,Inesploso,
3957251,6,19/08/2018 22:15:00,Strada Urbana,VIA DI ACQUA BULLICANTE,all'intersezione con,VIA GRAZIOSO BENINCASA,VIA GRAZIOSO BENINCASA,,,Scontro frontale fra veicoli in marcia,Incrocio,Una carreggiata a doppio senso,Asciutto,Asfaltata,Verticale ed orizzontale,Sereno,Scarso,Sufficiente,Sufficiente,1,0,0,1,12.5432,41.8864,-1,2,Ciclomotore,In marcia / fermata / arresto,Conducente,M,Rifiuta cure immediate,0,NON DECEDUTO,,,
3957253,5,19/08/2018 18:30:00,Strada Urbana,VIA DI MARCO SIMONE,in prossimit�,,del civico n.,34,,Veicolo in marcia contro ostacolo accidentale,Curva a visuale libera,Una carreggiata a doppio senso,Bagnato (pioggia),Asfaltata,Assente,Pioggia in atto,Scarso,Buona,Ore Diurne,0,0,0,1,12.6454,41.9487,-1,1,Autovettura privata,In marcia / fermata / arresto,Conducente,M,Illeso,0,,Non accertato,,
3957258,13,17/08/2018 10:50:00,Strada Urbana,LUNGOMARE AMERIGO VESPUCCI,in corrispondenza,,del civico n.,164,,Scontro laterale fra veicoli in marcia,Rettilineo,Una carreggiata a doppio senso,Asciutto,Asfaltata,Orizzontale,Sereno,Normale,Buona,Ore Diurne,1,0,0,1,12.3424,41.7033,-1,1,Motociclo con passeggero,In marcia / fermata / arresto,Conducente,M,Rimandato,0,NON DECEDUTO,Utilizzato,,
3957258,13,17/08/2018 10:50:00,Strada Urbana,LUNGOMARE AMERIGO VESPUCCI,in corrispondenza,,del civico n.,164,,Scontro laterale fra veicoli in marcia,Rettilineo,Una carreggiata a doppio senso,Asciutto,Asfaltata,Orizzontale,Sereno,Normale,Buona,Ore Diurne,1,0,0,1,12.3424,41.7033,-1,2,Autovettura privata,In marcia / fermata / arresto,Conducente,F,Illeso,0,,Non accertato,,
3957259,19,18/08/2018 18:30:00,Strada Urbana,VIA DI ACQUAFREDDA,all'intersezione semaforizzata con,VIA DI BOCCEA,VIA DI BOCCEA,,,Tamponamento,Intersezione semaforizzata,Una carreggiata a doppio senso,Asciutto,Asfaltata,Verticale ed orizzontale,Sereno,Normale,Buona,Ore Diurne,0,0,0,4,12.3956,41.8939,-1,1,Autovettura privata,In marcia / fermata / arresto,Conducente,M,Illeso,0,,Non accertato,Inesploso,
3957259,19,18/08/2018 18:30:00,Strada Urbana,VIA DI ACQUAFREDDA,all'intersezione semaforizzata con,VIA DI BOCCEA,VIA DI BOCCEA,,,Tamponamento,Intersezione semaforizzata,Una carreggiata a doppio senso,Asciutto,Asfaltata,Verticale ed orizzontale,Sereno,Normale,Buona,Ore Diurne,0,0,0,4,12.3956,41.8939,-1,1,Autovettura privata,In marcia / fermata / arresto,Passeggero,M,Illeso,0,,Non accertato,Inesploso,
3957259,19,18/08/2018 18:30:00,Strada Urbana,VIA DI ACQUAFREDDA,all'intersezione semaforizzata con,VIA DI BOCCEA,VIA DI BOCCEA,,,Tamponamento,Intersezione semaforizzata,Una carreggiata a doppio senso,Asciutto,Asfaltata,Verticale ed orizzontale,Sereno,Normale,Buona,Ore Diurne,0,0,0,4,12.3956,41.8939,-1,1,Autovettura privata,In marcia / fermata / arresto,Passeggero,M,Illeso,0,,Non accertato,Inesploso,
3957259,19,18/08/2018 18:30:00,Strada Urbana,VIA DI ACQUAFREDDA,all'intersezione semaforizzata con,VIA DI BOCCEA,VIA DI BOCCEA,,,Tamponamento,Intersezione semaforizzata,Una carreggiata a doppio senso,Asciutto,Asfaltata,Verticale ed orizzontale,Sereno,Normale,Buona,Ore Diurne,0,0,0,4,12.3956,41.8939,-1,2,Autovettura privata,In marcia / fermata / arresto,Conducente,M,Illeso,0,,Non accertato,Inesploso,
3957264,7,19/08/2018 21:00:00,Strada Urbana,VIA DEGLI OLMI,all'intersezione con,VIA DELLE SPIGHE,VIA DELLE SPIGHE,,,Veicolo in marcia contro veicoli in sosta,Incrocio,Una carreggiata a senso unico di marcia,Asciutto,Asfaltata,Assente,Sereno,Scarso,Sufficiente,Sufficiente,0,0,0,2,12.5738,41.8784,-1,1,Autovettura privata,In marcia / fermata / arresto,Conducente,M,Illeso,0,,Non accertato,,
3957264,7,19/08/2018 21:00:00,Strada Urbana,VIA DEGLI OLMI,all'intersezione con,VIA DELLE SPIGHE,VIA DELLE SPIGHE,,,Veicolo in marcia contro veicoli in sosta,Incrocio,Una carreggiata a senso unico di marcia,Asciutto,Asfaltata,Assente,Sereno,Scarso,Sufficiente,Sufficiente,0,0,0,2,12.5738,41.8784,-1,1,Autovettura privata,In marcia / fermata / arresto,Passeggero,M,Illeso,0,,Non accertato,Inesploso,
3957284,19,19/08/2018 14:45:00,Strada Urbana,VIA DELLA STORTA,in corrispondenza,,del civico n.,591,,Scontro frontale/laterale SX fra veicoli in marcia,Curva senza visuale libera,Una carreggiata a doppio senso,Asciutto,Asfaltata,Verticale ed orizzontale,Sereno,Scarso,Buona,Ore Diurne,3,0,0,0,12.3667,41.9748,-1,1,Autovettura privata,In marcia / fermata / arresto,Conducente,M,Rimandato,0,NON DECEDUTO,Non accertato,Inesploso,
3957284,19,19/08/2018 14:45:00,Strada Urbana,VIA DELLA STORTA,in corrispondenza,,del civico n.,591,,Scontro frontale/laterale SX fra veicoli in marcia,Curva senza visuale libera,Una carreggiata a doppio senso,Asciutto,Asfaltata,Verticale ed orizzontale,Sereno,Scarso,Buona,Ore Diurne,3,0,0,0,12.3667,41.9748,-1,1,Autovettura privata,In marcia / fermata / arresto,Passeggero,F,Rimandato,0,NON DECEDUTO,Non accertato,Inesploso,