Protocollo,Gruppo,DataOraIncidente,Localizzazione1,STRADA1,Localizzazione2,STRADA2,Strada02,Chilometrica,DaSpecificare,NaturaIncidente,particolaritastrade,TipoStrada,FondoStradale,Pavimentazione,Segnaletica,CondizioneAtmosferica,Traffico,Visibilita,Illuminazione,NUM_FERITI,NUM_RISERVATA,NUM_MORTI,NUM_ILLESI,Longitudine,Latitudine,Confermato,Progressivo,TipoVeicolo,StatoVeicolo,TipoPersona,Sesso,Tipolesione,Deceduto,DecedutoDopo,CinturaCascoUtilizzato,Airbag,
3957284,19,19/08/2018 14:45:00,Strada Urbana,VIA DELLA STORTA,in corrispondenza,,del civico n.,591,,Scontro frontale/laterale SX fra veicoli in marcia,Curva senza visuale libera,Una carreggiata a doppio senso,Asciutto,Asfaltata,Verticale ed orizzontale,Sereno,Scarso,Buona,Ore Diurne,3,0,0,0,12.3667,41.9748,-1,2,Autovettura privata,In marcia / fermata / arresto,Conducente,M,Rimandato,0,NON DECEDUTO,Non accertato,Inesploso,
3957291,6,20/08/2018 01:50:00,Strada Urbana,VIA PRENESTINA,da specificare,,,,altezza civico 240,Tamponamento Multiplo,Rettilineo,Pi� di due carreggiate,Asciutto,Asfaltata,Verticale ed orizzontale,Sereno,Scarso,Sufficiente,Sufficiente,1,0,0,4,12.5402,41.8922,-1,1,Autovettura privata,In marcia / fermata / arresto,Conducente,M,Illeso,0,,,Esploso,
3957291,6,20/08/2018 01:50:00,Strada Urbana,VIA PRENESTINA,da specificare,,,,altezza civico 240,Tamponamento Multiplo,Rettilineo,Pi� di due carreggiate,Asciutto,Asfaltata,Verticale ed orizzontale,Sereno,Scarso,Sufficiente,Sufficiente,1,0,0,4,12.5402,41.8922,-1,1,Autovettura privata,In marcia / fermata / arresto,Passeggero,F,Illeso,0,,,,
3957291,6,20/08/2018 01:50:00,Strada Urbana,VIA PRENESTINA,da specificare,,,,altezza civico 240,Tamponamento Multiplo,Rettilineo,Pi� di due carreggiate,Asciutto,Asfaltata,Verticale ed orizzontale,Sereno,Scarso,Sufficiente,Sufficiente,1,0,0,4,12.5402,41.8922,-1,2,Autovettura privata,In marcia / fermata / arresto,Conducente,F,Rimandato,0,NON DECEDUTO,,,
3957291,6,20/08/2018 01:50:00,Strada Urbana,VIA PRENESTINA,da specificare,,,,altezza civico 240,Tamponamento Multiplo,Rettilineo,Pi� di due carreggiate,Asciutto,Asfaltata,Verticale ed orizzontale,Sereno,Scarso,Sufficiente,Sufficiente,1,0,0,4,12.5402,41.8922,-1,3,Autovettura pubblica,In marcia / fermata / arresto,Conducente,M,Illeso,0,,,,
3957291,6,20/08/2018 01:50:00,Strada Urbana,VIA PRENESTINA,da specificare,,,,altezza civico 240,Tamponamento Multiplo,Rettilineo,Pi� di due carreggiate,Asciutto,Asfaltata,Verticale ed orizzontale,Sereno,Scarso,Sufficiente,Sufficiente,1,0,0,4,12.5402,41.8922,-1,4,Autobus di linea,In marcia / fermata / arresto,Conducente,M,Illeso,0,,,,
3957299,13,17/08/2018 11:15:00,Strada Urbana,VIA ALESSANDRO PIOLA CASELLI,all'intersezione con,VIA CAPO SPARTIVENTO,VIA CAPO SPARTIVENTO,,,Scontro frontale/laterale DX fra veicoli in marcia,Incrocio,Una carreggiata a doppio senso,Asciutto,Asfaltata,Verticale ed orizzontale,Sereno,Normale,Buona,Ore Diurne,0,0,0,4,12.2881,41.7373,-1,1,Autovettura privata,In marcia / fermata / arresto,Conducente,M,Illeso,0,,Non accertato,Inesploso,
3957299,13,17/08/2018 11:15:00,Strada Urbana,VIA ALESSANDRO PIOLA CASELLI,all'intersezione con,VIA CAPO SPARTIVENTO,VIA CAPO SPARTIVENTO,,,Scontro frontale/laterale DX fra veicoli in marcia,Incrocio,Una carreggiata a doppio senso,Asciutto,Asfaltata,Verticale ed orizzontale,Sereno,Normale,Buona,Ore Diurne,0,0,0,4,12.2881,41.7373,-1,1,Autovettura privata,In marcia / fermata / arresto,Passeggero,F,Illeso,0,,Non accertato,Inesploso,
3957299,13,17/08/2018 11:15:00,Strada Urbana,VIA ALESSANDRO PIOLA CASELLI,all'intersezione con,VIA CAPO SPARTIVENTO,VIA CAPO SPARTIVENTO,,,Scontro frontale/laterale DX fra veicoli in marcia,Incrocio,Una carreggiata a doppio senso,Asciutto,Asfaltata,Verticale ed orizzontale,Sereno,Normale,Buona,Ore Diurne,0,0,0,4,12.2881,41.7373,-1,1,Autovettura privata,In marcia / fermata / arresto,Passeggero,F,Illeso,0,,Non accertato,,
3957299,13,17/08/2018 11:15:00,Strada Urbana,VIA ALESSANDRO PIOLA CASELLI,all'intersezione con,VIA CAPO SPARTIVENTO,VIA CAPO SPARTIVENTO,,,Scontro frontale/laterale DX fra veicoli in marcia,Incrocio,Una carreggiata a doppio senso,Asciutto,Asfaltata,Verticale ed orizzontale,Sereno,Normale,Buona,Ore Diurne,0,0,0,4,12.2881,41.7373,-1,2,Autovettura privata,In marcia / fermata / arresto,Conducente,M,Illeso,0,,Non accertato,Inesploso,
3957311,19,18/08/2018 10:00:00,Strada Urbana,VIA DI TORREVECCHIA,all'intersezione con,VIA GIOVANNI NICOLETTI,VIA GIOVANNI NICOLETTI,,,Scontro frontale/laterale SX fra veicoli in marcia,Intersezione stradale segnalata,Una carreggiata a doppio senso,Asciutto,Asfaltata,Verticale ed orizzontale,Sereno,Normale,Buona,Ore Diurne,2,0,0,1,12.4122,41.9233,-1,1,Motociclo a solo,In marcia / fermata / arresto,Conducente,M,Rifiuta cure immediate,0,NON DECEDUTO,Non accertato,,
3957311,19,18/08/2018 10:00:00,Strada Urbana,VIA DI TORREVECCHIA,all'intersezione con,VIA GIOVANNI NICOLETTI,VIA GIOVANNI NICOLETTI,,,Scontro frontale/laterale SX fra veicoli in marcia,Intersezione stradale segnalata,Una carreggiata a doppio senso,Asciutto,Asfaltata,Verticale ed orizzontale,Sereno,Normale,Buona,Ore Diurne,2,0,0,1,12.4122,41.9233,-1,2,Motociclo a solo,In marcia / fermata / arresto,Conducente,M,Rifiuta cure immediate,0,NON DECEDUTO,Non accertato,,
3957311,19,18/08/2018 10:00:00,Strada Urbana,VIA DI TORREVECCHIA,all'intersezione con,VIA GIOVANNI NICOLETTI,VIA GIOVANNI NICOLETTI,,,Scontro frontale/laterale SX fra veicoli in marcia,Intersezione stradale segnalata,Una carreggiata a doppio senso,Asciutto,Asfaltata,Verticale ed orizzontale,Sereno,Normale,Buona,Ore Diurne,2,0,0,1,12.4122,41.9233,-1,3,Autovettura pubblica,In marcia / fermata / arresto,Conducente,M,Illeso,0,,Non accertato,Inesploso,
3957315,12,19/08/2018 00:30:00,Strada Urbana,VIA CRISTOFORO COLOMBO,da specificare,,,,corrispondenza P.le Nazioni Unite direzione Roma,Scontro frontale/laterale DX fra veicoli in marcia,Rettilineo,Una carreggiata a senso unico di marcia,Asciutto,Asfaltata,Verticale ed orizzontale,Sereno,Normale,Buona,Sufficiente,1,0,0,1,12.4121,41.786,-1,1,Autovettura privata,In marcia / fermata / arresto,Conducente,M,Illeso,0,,Non accertato,Inesploso,
3957315,12,19/08/2018 00:30:00,Strada Urbana,VIA CRISTOFORO COLOMBO,da specificare,,,,corrispondenza P.le Nazioni Unite direzione Roma,Scontro frontale/laterale DX fra veicoli in marcia,Rettilineo,Una carreggiata a senso unico di marcia,Asciutto,Asfaltata,Verticale ed orizzontale,Sereno,Normale,Buona,Sufficiente,1,0,0,1,12.4121,41.786,-1,2,Autovettura privata,In marcia / fermata / arresto,Conducente,M,Rimandato,0,NON DECEDUTO,Non accertato,Inesploso,
3957316,1,20/08/2018 00:10:00,Strada Urbana,VIA GIOBERTI,all'intersezione semaforizzata con,VIA FARINI,VIA FARINI,,,Scontro frontale/laterale SX fra veicoli in marcia,Incrocio,Una carreggiata a senso unico di marcia,Asciutto,Asfaltata,Verticale ed orizzontale,Sereno,Normale,Sufficiente,Sufficiente,0,0,0,4,12.5005,41.8988,-1,1,Autovettura privata,In marcia / fermata / arresto,Conducente,M,Illeso,0,,,,
3957316,1,20/08/2018 00:10:00,Strada Urbana,VIA GIOBERTI,all'intersezione semaforizzata con,VIA FARINI,VIA FARINI,,,Scontro frontale/laterale SX fra veicoli in marcia,Incrocio,Una carreggiata a senso unico di marcia,Asciutto,Asfaltata,Verticale ed orizzontale,Sereno,Normale,Sufficiente,Sufficiente,0,0,0,4,12.5005,41.8988,-1,2,Autovettura privata,In marcia / fermata / arresto,Conducente,M,Illeso,0,,,,
3957316,1,20/08/2018 00:10:00,Strada Urbana,VIA GIOBERTI,all'intersezione semaforizzata con,VIA FARINI,VIA FARINI,,,Scontro frontale/laterale SX fra veicoli in marcia,Incrocio,Una carreggiata a senso unico di marcia,Asciutto,Asfaltata,Verticale ed orizzontale,Sereno,Normale,Sufficiente,Sufficiente,0,0,0,4,12.5005,41.8988,-1,2,Autovettura privata,In marcia / fermata / arresto,Passeggero,F,Illeso,0,,,,
3957316,1,20/08/2018 00:10:00,Strada Urbana,VIA GIOBERTI,all'intersezione semaforizzata con,VIA FARINI,VIA FARINI,,,Scontro frontale/laterale SX fra veicoli in marcia,Incrocio,Una carreggiata a senso unico di marcia,Asciutto,Asfaltata,Verticale ed orizzontale,Sereno,Normale,Sufficiente,Sufficiente,0,0,0,4,12.5005,41.8988,-1,2,Autovettura privata,In marcia / fermata / arresto,Passeggero,F,Illeso,0,,,,
3957323,19,19/08/2018 17:05:00,Strada Urbana,VIA DELLA STORTA,in corrispondenza,,del civico n.,410,,Infortunio per caduta del veicolo,Rettilineo,Una carreggiata a doppio senso,Asciutto,Strada pavimentata dissestata,Verticale ed orizzontale,Nuvoloso,Normale,Buona,Ore Diurne,1,0,0,0,12.3621,41.9627,-1,1,Motociclo a solo,In marcia / fermata / arresto,Conducente,M,Rimandato,0,NON DECEDUTO,,,
3957335,18,17/08/2018 19:30:00,Strada Urbana,VIA DI BOCCEA,in prossimit�,,del civico n.,464,,Tamponamento,Rettilineo,Due carreggiate,Asciutto,Asfaltata,Verticale ed orizzontale,Nuvoloso,Normale,Buona,Ore Diurne,1,0,0,1,12.4031,41.9092,-1,1,Autobus di linea,In marcia / fermata / arresto,Conducente,M,Illeso,0,,,,
3957335,18,17/08/2018 19:30:00,Strada Urbana,VIA DI BOCCEA,in prossimit�,,del civico n.,464,,Tamponamento,Rettilineo,Due carreggiate,Asciutto,Asfaltata,Verticale ed orizzontale,Nuvoloso,Normale,Buona,Ore Diurne,1,0,0,1,12.4031,41.9092,-1,2,Motociclo a solo,In marcia / fermata / arresto,Conducente,M,Rimandato,0,NON DECEDUTO,,,
3957336,12,19/08/2018 13:15:00,Comunale extraurbana,VIA DI PORTA MEDAGLIA,da specificare,,,,500 m. dopo Via Ardeatina ,Veicolo in marcia contro ostacolo accidentale,Curva a visuale libera,Una carreggiata a doppio senso,Asciutto,Asfaltata,Verticale ed orizzontale,Sereno,Scarso,Buona,Ore Diurne,0,0,0,2,12.552,41.7561,-1,1,Autovettura privata,In marcia / fermata / arresto,Conducente,M,Illeso,0,,,,
3957336,12,19/08/2018 13:15:00,Comunale extraurbana,VIA DI PORTA MEDAGLIA,da specificare,,,,500 m. dopo Via Ardeatina ,Veicolo in marcia contro ostacolo accidentale,Curva a visuale libera,Una carreggiata a doppio senso,Asciutto,Asfaltata,Verticale ed orizzontale,Sereno,Scarso,Buona,Ore Diurne,0,0,0,2,12.552,41.7561,-1,1,Autovettura privata,In marcia / fermata / arresto,Passeggero,M,Illeso,0,,,,
3957341,4,18/08/2018 15:40:00,Strada Urbana,VIA GIOVANNI CONTI,all'intersezione con,VIA DELLE VIGNE NUOVE,VIA DELLE VIGNE NUOVE,,,Tamponamento Multiplo,Incrocio,Due carreggiate,Bagnato (pioggia),Asfaltata,Verticale ed orizzontale,Pioggia in atto,Scarso,Buona,Ore Diurne,0,0,0,3,12.5316,41.9551,-1,1,Autovettura privata,In marcia / fermata / arresto,Conducente,M,Illeso,0,,,,
3957341,4,18/08/2018 15:40:00,Strada Urbana,VIA GIOVANNI CONTI,all'intersezione con,VIA DELLE VIGNE NUOVE,VIA DELLE VIGNE NUOVE,,,Tamponamento Multiplo,Incrocio,Due carreggiate,Bagnato (pioggia),Asfaltata,Verticale ed orizzontale,Pioggia in atto,Scarso,Buona,Ore Diurne,0,0,0,3,12.5316,41.9551,-1,2,Autovettura privata,In marcia / fermata / arresto,Conducente,M,Illeso,0,,,,
3957341,4,18/08/2018 15:40:00,Strada Urbana,VIA GIOVANNI CONTI,all'intersezione con,VIA DELLE VIGNE NUOVE,VIA DELLE VIGNE NUOVE,,,Tamponamento Multiplo,Incrocio,Due carreggiate,Bagnato (pioggia),Asfaltata,Verticale ed orizzontale,Pioggia in atto,Scarso,Buona,Ore Diurne,0,0,0,3,12.5316,41.9551,-1,3,Autovettura privata,In marcia / fermata / arresto,Conducente,M,Illeso,0,,,,
3957344,12,18/08/2018 21:00:00,Strada Urbana,VIA CINA,all'intersezione con,VIA DEL FOSSO DEL TORRINO,VIA DEL FOSSO DEL TORRINO,,,Infortunio per caduta del veicolo,Incrocio,Una carreggiata a doppio senso,Sdrucciolevole (terriccio),Asfaltata,Verticale ed orizzontale,Sereno,Scarso,Insufficiente,Insufficiente,0,0,0,2,12.4362,41.8149,-1,1,Motociclo con passeggero,In marcia / fermata / arresto,Conducente,M,Illeso,0,,Utilizzato,,
3957344,12,18/08/2018 21:00:00,Strada Urbana,VIA CINA,all'intersezione con,VIA DEL FOSSO DEL TORRINO,VIA DEL FOSSO DEL TORRINO,,,Infortunio per caduta del veicolo,Incrocio,Una carreggiata a doppio senso,Sdrucciolevole (terriccio),Asfaltata,Verticale ed orizzontale,Sereno,Scarso,Insufficiente,Insufficiente,0,0,0,2,12.4362,41.8149,-1,1,Motociclo con passeggero,In marcia / fermata / arresto,Passeggero,F,Illeso,0,,,,
3957345,4,18/08/2018 23:10:00,Strada Urbana,LUNGOTEVERE SALVO D'ACQUISTO,all'intersezione con,VIA URUGUAY,VIA URUGUAY,,,Scontro frontale fra veicoli in marcia,Incrocio,Una carreggiata a doppio senso,Bagnato (umidit� in atto),Asfaltata,Verticale ed orizzontale,Sereno,Normale,Buona,Sufficiente,0,0,0,2,12.4693,41.935,-1,1,Autovettura privata,In marcia / fermata / arresto,Conducente,M,Illeso,0,,Non accertato,Inesploso,
3957345,4,18/08/2018 23:10:00,Strada Urbana,LUNGOTEVERE SALVO D'ACQUISTO,all'intersezione con,VIA URUGUAY,VIA URUGUAY,,,Scontro frontale fra veicoli in marcia,Incrocio,Una carreggiata a doppio senso,Bagnato (umidit� in atto),Asfaltata,Verticale ed orizzontale,Sereno,Normale,Buona,Sufficiente,0,0,0,2,12.4693,41.935,-1,2,Motociclo a solo,In marcia / fermata / arresto,Conducente,M,Illeso,0,,Non accertato,,
3957356,13,18/08/2018 19:00:00,,VIA MARCELLO PUCCI BONCAMBI,in corrispondenza,,del civico n.,31,,Scontro laterale fra veicoli in marcia,,,,,,,,,,1,0,0,1,,,0,1,Velocipede,In marcia / fermata / arresto,Conducente,M,Rimandato,0,NON DECEDUTO,Esente,,
3957356,13,18/08/2018 19:00:00,,VIA MARCELLO PUCCI BONCAMBI,in corrispondenza,,del civico n.,31,,Scontro laterale fra veicoli in marcia,,,,,,,,,,1,0,0,1,,,0,2,Autovettura privata,In marcia / fermata / arresto,Conducente,M,Illeso,0,,,,
3957371,18,19/08/2018 23:00:00,Strada Urbana,VIA DI ACQUAFREDDA,da specificare,,,,PALO ILLUMINAZIONE PUBBLICA ACEA N 10,Veicolo in marcia contro ostacolo fisso,Curva a visuale libera,Una carreggiata a doppio senso,Asciutto,Asfaltata,Orizzontale,Nuvoloso,Scarso,Sufficiente,Sufficiente,0,0,0,1,12.3955,41.8945,-1,1,Autovettura privata,In marcia / fermata / arresto,Conducente,F,Illeso,0,,,,
3957375,2,19/08/2018 17:15:00,Strada Urbana,VIA SALARIA,in prossimit�,,del civico n.,403,,Scontro laterale fra veicoli in marcia,Rettilineo,Una carreggiata a doppio senso,Asciutto,Asfaltata,Verticale ed orizzontale,Nuvoloso,Scarso,Buona,Ore Diurne,1,0,0,1,12.5068,41.934,-1,1,Autovettura privata,In marcia / fermata / arresto,Conducente,M,Illeso,0,,Non accertato,Inesploso,
3957375,2,19/08/2018 17:15:00,Strada Urbana,VIA SALARIA,in prossimit�,,del civico n.,403,,Scontro laterale fra veicoli in marcia,Rettilineo,Una carreggiata a doppio senso,Asciutto,Asfaltata,Verticale ed orizzontale,Nuvoloso,Scarso,Buona,Ore Diurne,1,0,0,1,12.5068,41.934,-1,2,Motociclo a solo,In marcia / fermata / arresto,Conducente,M,Rimandato,0,NON DECEDUTO,Non accertato,,
3957377,12,17/08/2018 15:00:00,Strada Urbana,VIALE DELL'ARTE,in prossimit�,,del civico n.,64,,Scontro laterale fra veicoli in marcia,Rettilineo,Una carreggiata a doppio senso,Asciutto,Asfaltata,Verticale ed orizzontale,Sereno,Scarso,Buona,Ore Diurne,2,0,0,0,12.4737,41.8288,-1,1,Autovettura privata,In marcia / fermata / arresto,Conducente,M,Rimandato,0,NON DECEDUTO,Non accertato,Inesploso,
3957377,12,17/08/2018 15:00:00,Strada Urbana,VIALE DELL'ARTE,in prossimit�,,del civico n.,64,,Scontro laterale fra veicoli in marcia,Rettilineo,Una carreggiata a doppio senso,Asciutto,Asfaltata,Verticale ed orizzontale,Sereno,Scarso,Buona,Ore Diurne,2,0,0,0,12.4737,41.8288,-1,2,Motociclo a solo,In marcia / fermata / arresto,Conducente,M,Rimandato,0,NON DECEDUTO,Utilizzato,,
3957379,2,18/08/2018 20:10:00,Strada Urbana,VIA DEL FORO ITALICO,da specificare,,,,uscita VIA SALARIA - dir. centro,Scontro laterale fra veicoli in marcia,Curva a visuale libera,Due carreggiate,Bagnato (umidit� in atto),Asfaltata,Verticale ed orizzontale,Nuvoloso,Scarso,Buona,Ore Diurne,0,0,0,2,12.5088,41.9378,-1,1,Autovettura privata,In marcia / fermata / arresto,Conducente,M,Illeso,0,,,,
3957379,2,18/08/2018 20:10:00,Strada Urbana,VIA DEL FORO ITALICO,da specificare,,,,uscita VIA SALARIA - dir. centro,Scontro laterale fra veicoli in marcia,Curva a visuale libera,Due carreggiate,Bagnato (umidit� in atto),Asfaltata,Verticale ed orizzontale,Nuvoloso,Scarso,Buona,Ore Diurne,0,0,0,2,12.5088,41.9378,-1,2,Autovettura privata,In marcia / fermata / arresto,Conducente,F,Illeso,0,,,,
3957380,12,17/08/2018 12:35:00,Strada Urbana,VIALE UMBERTO TUPINI,in prossimit�,,del civico n.,135,,Scontro laterale fra veicoli in marcia,Rettilineo,Una carreggiata a doppio senso,Asciutto,Asfaltata,Verticale ed orizzontale,Sereno,Normale,Buona,Ore Diurne,1,0,0,2,12.4615,41.8319,-1,1,Autovettura privata,In marcia / fermata / arresto,Conducente,F,Illeso,0,,Utilizzato,Inesploso,
3957380,12,17/08/2018 12:35:00,Strada Urbana,VIALE UMBERTO TUPINI,in prossimit�,,del civico n.,135,,Scontro laterale fra veicoli in marcia,Rettilineo,Una carreggiata a doppio senso,Asciutto,Asfaltata,Verticale ed orizzontale,Sereno,Normale,Buona,Ore Diurne,1,0,0,2,12.4615,41.8319,-1,1,Autovettura privata,In marcia / fermata / arresto,Passeggero,F,Illeso,0,,Utilizzato,Inesploso,
3957380,12,17/08/2018 12:35:00,Strada Urbana,VIALE UMBERTO TUPINI,in prossimit�,,del civico n.,135,,Scontro laterale fra veicoli in marcia,Rettilineo,Una carreggiata a doppio senso,Asciutto,Asfaltata,Verticale ed orizzontale,Sereno,Normale,Buona,Ore Diurne,1,0,0,2,12.4615,41.8319,-1,2,Motociclo a solo,In marcia / fermata / arresto,Conducente,M,Rimandato,0,NON DECEDUTO,Utilizzato,,
3957395,13,18/08/2018 08:45:00,Strada Urbana,VIA TAGASTE,all'intersezione con,VIA CORRADO DEL GRECO,VIA CORRADO DEL GRECO,,,Scontro frontale/laterale SX fra veicoli in marcia,Incrocio,Una carreggiata a doppio senso,Asciutto,Asfaltata,Orizzontale,Sereno,Normale,Buona,Ore Diurne,0,0,0,3,12.2709,41.7382,-1,1,Autovettura privata,In marcia / fermata / arresto,Conducente,M,Illeso,0,,Non accertato,Inesploso,
3957395,13,18/08/2018 08:45:00,Strada Urbana,VIA TAGASTE,all'intersezione con,VIA CORRADO DEL GRECO,VIA CORRADO DEL GRECO,,,Scontro frontale/laterale SX fra veicoli in marcia,Incrocio,Una carreggiata a doppio senso,Asciutto,Asfaltata,Orizzontale,Sereno,Normale,Buona,Ore Diurne,0,0,0,3,12.2709,41.7382,-1,2,Autovettura privata,In marcia / fermata / arresto,Conducente,M,Illeso,0,,Non accertato,Inesploso,
3957395,13,18/08/2018 08:45:00,Strada Urbana,VIA TAGASTE,all'intersezione con,VIA CORRADO DEL GRECO,VIA CORRADO DEL GRECO,,,Scontro frontale/laterale SX fra veicoli in marcia,Incrocio,Una carreggiata a doppio senso,Asciutto,Asfaltata,Orizzontale,Sereno,Normale,Buona,Ore Diurne,0,0,0,3,12.2709,41.7382,-1,2,Autovettura privata,In marcia / fermata / arresto,Passeggero,F,Illeso,0,,,,
3957397,12,19/08/2018 10:00:00,Strada Urbana,VIA CRISTOFORO COLOMBO,da specificare,,,,prossimit� Viale Europa direzione GRA,Scontro laterale fra veicoli in marcia,Rettilineo,Pi� di due carreggiate,Asciutto,Asfaltata,Verticale ed orizzontale,Sereno,Normale,Buona,Ore Diurne,0,0,0,5,12.4121,41.786,-1,1,Autovettura privata,In marcia / fermata / arresto,Conducente,F,Illeso,0,,,,
3957397,12,19/08/2018 10:00:00,Strada Urbana,VIA CRISTOFORO COLOMBO,da specificare,,,,prossimit� Viale Europa direzione GRA,Scontro laterale fra veicoli in marcia,Rettilineo,Pi� di due carreggiate,Asciutto,Asfaltata,Verticale ed orizzontale,Sereno,Normale,Buona,Ore Diurne,0,0,0,5,12.4121,41.786,-1,2,Autovettura privata,In marcia / fermata / arresto,Conducente,M,Illeso,0,,,,
3957397,12,19/08/2018 10:00:00,Strada Urbana,VIA CRISTOFORO COLOMBO,da specificare,,,,prossimit� Viale Europa direzione GRA,Scontro laterale fra veicoli in marcia,Rettilineo,Pi� di due carreggiate,Asciutto,Asfaltata,Verticale ed orizzontale,Sereno,Normale,Buona,Ore Diurne,0,0,0,5,12.4121,41.786,-1,2,Autovettura privata,In marcia / fermata / arresto,Passeggero,M,Illeso,0,,,,
3957397,12,19/08/2018 10:00:00,Strada Urbana,VIA CRISTOFORO COLOMBO,da specificare,,,,prossimit� Viale Europa direzione GRA,Scontro laterale fra veicoli in marcia,Rettilineo,Pi� di due carreggiate,Asciutto,Asfaltata,Verticale ed orizzontale,Sereno,Normale,Buona,Ore Diurne,0,0,0,5,12.4121,41.786,-1,2,Autovettura privata,In marcia / fermata / arresto,Passeggero,F,Illeso,0,,,,
3957397,12,19/08/2018 10:00:00,Strada Urbana,VIA CRISTOFORO COLOMBO,da specificare,,,,prossimit� Viale Europa direzione GRA,Scontro laterale fra veicoli in marcia,Rettilineo,Pi� di due carreggiate,Asciutto,Asfaltata,Verticale ed orizzontale,Sereno,Normale,Buona,Ore Diurne,0,0,0,5,12.4121,41.786,-1,2,Autovettura privata,In marcia / fermata / arresto,Passeggero,F,Illeso,0,,,,
3957398,12,20/08/2018 08:15:00,Strada Urbana,VIALE CAMILLO SABATINI,all'intersezione semaforizzata con,VIA DI DECIMA,VIA DI DECIMA,,,Scontro frontale/laterale DX fra veicoli in marcia,Incrocio,Due carreggiate,Asciutto,Asfaltata,Verticale ed orizzontale,Sereno,Normale,Buona,Ore Diurne,1,0,0,1,12.4437,41.8209,-1,1,Autovettura privata,In marcia / fermata / arresto,Conducente,M,Illeso,0,,Utilizzato,Inesploso,
3957398,12,20/08/2018 08:15:00,Strada Urbana,VIALE CAMILLO SABATINI,all'intersezione semaforizzata con,VIA DI DECIMA,VIA DI DECIMA,,,Scontro frontale/laterale DX fra veicoli in marcia,Incrocio,Due carreggiate,Asciutto,Asfaltata,Verticale ed orizzontale,Sereno,Normale,Buona,Ore Diurne,1,0,0,1,12.4437,41.8209,-1,2,Autovettura privata,In marcia / fermata / arresto,Conducente,F,Rimandato,0,NON DECEDUTO,Utilizzato,Inesploso,
3957403,18,18/08/2018 21:00:00,Statale,VIA AURELIA,in prossimit�,,della chilometrica,20.5,,Veicolo in marcia contro ostacolo fisso,Rettilineo,Due carreggiate,Asciutto,Asfaltata,Verticale ed orizzontale,Sereno,Normale,Sufficiente,Sufficiente,1,0,0,0,12.362,41.8853,-1,1,Autovettura privata,In marcia / fermata / arresto,Conducente,M,Rimandato,0,NON DECEDUTO,,,
3957410,1,18/08/2018 16:20:00,Strada Urbana,VIA MERULANA,in corrispondenza,,del civico n.,231,,Scontro laterale fra veicoli in marcia,Rettilineo,Due carreggiate,Bagnato (umidit� in atto),Asfaltata,Orizzontale,Pioggia in atto,Scarso,Buona,Ore Diurne,1,0,0,1,12.5022,41.8916,-1,1,Motociclo con passeggero,In marcia / fermata / arresto,Conducente,M,Rimandato,0,NON DECEDUTO,,,
3957410,1,18/08/2018 16:20:00,Strada Urbana,VIA MERULANA,in corrispondenza,,del civico n.,231,,Scontro laterale fra veicoli in marcia,Rettilineo,Due carreggiate,Bagnato (umidit� in atto),Asfaltata,Orizzontale,Pioggia in atto,Scarso,Buona,Ore Diurne,1,0,0,1,12.5022,41.8916,-1,2,Autovettura privata,In marcia / fermata / arresto,Conducente,F,Illeso,0,,Non accertato,,
3957417,6,20/08/2018 09:45:00,Strada Urbana,VIA DELLA MARRANELLA,in corrispondenza,,del civico n.,46,,Scontro laterale fra veicoli in marcia,Rettilineo,Una carreggiata a senso unico di marcia,Asciutto,Asfaltata,Verticale ed orizzontale,Sereno,Scarso,Buona,Ore Diurne,0,0,0,2,12.5424,41.8817,-1,1,Motociclo a solo,In marcia / fermata / arresto,Conducente,M,Illeso,0,,Non accertato,,
3957417,6,20/08/2018 09:45:00,Strada Urbana,VIA DELLA MARRANELLA,in corrispondenza,,del civico n.,46,,Scontro laterale fra veicoli in marcia,Rettilineo,Una carreggiata a senso unico di marcia,Asciutto,Asfaltata,Verticale ed orizzontale,Sereno,Scarso,Buona,Ore Diurne,0,0,0,2,12.5424,41.8817,-1,2,Autocarro inferiore 35 q.,In marcia / fermata / arresto,Conducente,M,Illeso,0,,Non accertato,Inesploso,
3957418,12,19/08/2018 13:00:00,Comunale extraurbana,VIA DI PORTA MEDAGLIA,da specificare,,,,500 m dopo Via Ardeatina direzione Laurentina,Veicolo in marcia contro ostacolo accidentale,Curva a visuale libera,Una carreggiata a doppio senso,Asciutto,Asfaltata,Verticale ed orizzontale,Sereno,Scarso,Buona,Ore Diurne,0,0,0,2,12.5525,41.7563,-1,1,Motociclo con passeggero,In marcia / fermata / arresto,Conducente,M,Illeso,0,,Utilizzato,,
3957418,12,19/08/2018 13:00:00,Comunale extraurbana,VIA DI PORTA MEDAGLIA,da specificare,,,,500 m dopo Via Ardeatina direzione Laurentina,Veicolo in marcia contro ostacolo accidentale,Curva a visuale libera,Una carreggiata a doppio senso,Asciutto,Asfaltata,Verticale ed orizzontale,Sereno,Scarso,Buona,Ore Diurne,0,0,0,2,12.5525,41.7563,-1,1,Motociclo con passeggero,In marcia / fermata / arresto,Passeggero,F,Illeso,0,,Utilizzato,,