Protocollo,Gruppo,DataOraIncidente,Localizzazione1,STRADA1,Localizzazione2,STRADA2,Strada02,Chilometrica,DaSpecificare,NaturaIncidente,particolaritastrade,TipoStrada,FondoStradale,Pavimentazione,Segnaletica,CondizioneAtmosferica,Traffico,Visibilita,Illuminazione,NUM_FERITI,NUM_RISERVATA,NUM_MORTI,NUM_ILLESI,Longitudine,Latitudine,Confermato,Progressivo,TipoVeicolo,StatoVeicolo,TipoPersona,Sesso,Tipolesione,Deceduto,DecedutoDopo,CinturaCascoUtilizzato,Airbag,
3957430,12,17/08/2018 16:00:00,Strada Urbana,VIA DELLA CECCHIGNOLA,da specificare,,,,altezza palo Acea 58,Veicolo in marcia contro ostacolo accidentale,Rettilineo,Una carreggiata a doppio senso,Bagnato (pioggia),Asfaltata,Verticale ed orizzontale,Pioggia in atto,Scarso,Insufficiente,Ore Diurne,0,0,0,1,12.5159,41.8208,-1,1,Autovettura privata,In marcia / fermata / arresto,Conducente,M,Illeso,0,,,,
3957436,8,18/08/2018 09:30:00,Strada Urbana,VIA MONTALLEGRO,in prossimit�,,del civico n.,111,,Veicolo in marcia contro veicolo in sosta,Rettilineo,Una carreggiata a doppio senso,Asciutto,Asfaltata,Assente,Sereno,Scarso,Buona,Ore Diurne,0,0,0,1,12.6587,41.8713,-1,2,Autocarro inferiore 35 q.,In marcia / fermata / arresto,Conducente,M,Illeso,0,,Non accertato,,
3957437,8,18/08/2018 17:45:00,Strada Urbana,VIA DELL'ACQUA VERGINE,da specificare,,,,tra i pali Acea 27 e 28,Scontro frontale fra veicoli in marcia,Curva senza visuale libera,Una carreggiata a doppio senso,Bagnato (pioggia),Asfaltata,Verticale ed orizzontale,Nuvoloso,Normale,Sufficiente,Ore Diurne,4,0,0,1,12.6252,41.9001,-1,1,Autovettura privata,In marcia / fermata / arresto,Conducente,M,Rifiuta cure immediate,0,NON DECEDUTO,,,
3957437,8,18/08/2018 17:45:00,Strada Urbana,VIA DELL'ACQUA VERGINE,da specificare,,,,tra i pali Acea 27 e 28,Scontro frontale fra veicoli in marcia,Curva senza visuale libera,Una carreggiata a doppio senso,Bagnato (pioggia),Asfaltata,Verticale ed orizzontale,Nuvoloso,Normale,Sufficiente,Ore Diurne,4,0,0,1,12.6252,41.9001,-1,1,Autovettura privata,In marcia / fermata / arresto,Passeggero,F,Rifiuta cure immediate,0,NON DECEDUTO,,,
3957437,8,18/08/2018 17:45:00,Strada Urbana,VIA DELL'ACQUA VERGINE,da specificare,,,,tra i pali Acea 27 e 28,Scontro frontale fra veicoli in marcia,Curva senza visuale libera,Una carreggiata a doppio senso,Bagnato (pioggia),Asfaltata,Verticale ed orizzontale,Nuvoloso,Normale,Sufficiente,Ore Diurne,4,0,0,1,12.6252,41.9001,-1,1,Autovettura privata,In marcia / fermata / arresto,Passeggero,F,Rimandato,0,NON DECEDUTO,,,
3957437,8,18/08/2018 17:45:00,Strada Urbana,VIA DELL'ACQUA VERGINE,da specificare,,,,tra i pali Acea 27 e 28,Scontro frontale fra veicoli in marcia,Curva senza visuale libera,Una carreggiata a doppio senso,Bagnato (pioggia),Asfaltata,Verticale ed orizzontale,Nuvoloso,Normale,Sufficiente,Ore Diurne,4,0,0,1,12.6252,41.9001,-1,2,Autovettura privata,In marcia / fermata / arresto,Conducente,F,Rifiuta cure immediate,0,NON DECEDUTO,,,
3957437,8,18/08/2018 17:45:00,Strada Urbana,VIA DELL'ACQUA VERGINE,da specificare,,,,tra i pali Acea 27 e 28,Scontro frontale fra veicoli in marcia,Curva senza visuale libera,Una carreggiata a doppio senso,Bagnato (pioggia),Asfaltata,Verticale ed orizzontale,Nuvoloso,Normale,Sufficiente,Ore Diurne,4,0,0,1,12.6252,41.9001,-1,2,Autovettura privata,In marcia / fermata / arresto,Passeggero,M,Illeso,0,,,,
3957439,8,17/08/2018 18:30:00,,VIA BOLOGNETTA,all'intersezione con,VIA CIMINNA,VIA CIMINNA,,,Scontro laterale fra veicoli in marcia,,,,,,,,,,1,0,0,0,,,0,1,Velocipede,In marcia / fermata / arresto,Conducente,M,Rifiuta cure immediate,0,NON DECEDUTO,Esente,,
3957448,13,17/08/2018 18:45:00,Strada Urbana,VIA DI CASTEL FUSANO,all'intersezione con,VIA DEL MARE,VIA DEL MARE,,,Tamponamento,Incrocio,Una carreggiata a senso unico di marcia,Asciutto,Asfaltata,Verticale ed orizzontale,Sereno,Normale,Buona,Ore Diurne,0,0,0,3,12.3043,41.759,-1,1,Autovettura privata,In marcia / fermata / arresto,Conducente,M,Illeso,0,,,,
3957448,13,17/08/2018 18:45:00,Strada Urbana,VIA DI CASTEL FUSANO,all'intersezione con,VIA DEL MARE,VIA DEL MARE,,,Tamponamento,Incrocio,Una carreggiata a senso unico di marcia,Asciutto,Asfaltata,Verticale ed orizzontale,Sereno,Normale,Buona,Ore Diurne,0,0,0,3,12.3043,41.759,-1,2,Autovettura privata,In marcia / fermata / arresto,Conducente,M,Illeso,0,,,,
3957448,13,17/08/2018 18:45:00,Strada Urbana,VIA DI CASTEL FUSANO,all'intersezione con,VIA DEL MARE,VIA DEL MARE,,,Tamponamento,Incrocio,Una carreggiata a senso unico di marcia,Asciutto,Asfaltata,Verticale ed orizzontale,Sereno,Normale,Buona,Ore Diurne,0,0,0,3,12.3043,41.759,-1,2,Autovettura privata,In marcia / fermata / arresto,Passeggero,F,Illeso,0,,,,
3957459,12,15/08/2018 09:30:00,Strada Urbana,VICOLO DEL CAPPELLACCIO,da specificare,,,,SNC DIREZIONE OSTIENSE,Tamponamento,Curva senza visuale libera,Una carreggiata a senso unico di marcia,Bagnato (umidit� in atto),Asfaltata,Verticale ed orizzontale,Nuvoloso,Scarso,Sufficiente,Ore Diurne,0,0,0,3,12.4583,41.8354,-1,1,Autovettura privata,In marcia / fermata / arresto,Conducente,M,Illeso,0,,,,
3957459,12,15/08/2018 09:30:00,Strada Urbana,VICOLO DEL CAPPELLACCIO,da specificare,,,,SNC DIREZIONE OSTIENSE,Tamponamento,Curva senza visuale libera,Una carreggiata a senso unico di marcia,Bagnato (umidit� in atto),Asfaltata,Verticale ed orizzontale,Nuvoloso,Scarso,Sufficiente,Ore Diurne,0,0,0,3,12.4583,41.8354,-1,1,Autovettura privata,In marcia / fermata / arresto,Passeggero,F,Illeso,0,,,,
3957459,12,15/08/2018 09:30:00,Strada Urbana,VICOLO DEL CAPPELLACCIO,da specificare,,,,SNC DIREZIONE OSTIENSE,Tamponamento,Curva senza visuale libera,Una carreggiata a senso unico di marcia,Bagnato (umidit� in atto),Asfaltata,Verticale ed orizzontale,Nuvoloso,Scarso,Sufficiente,Ore Diurne,0,0,0,3,12.4583,41.8354,-1,2,Autovettura privata,In marcia / fermata / arresto,Conducente,F,Illeso,0,,,,
3957460,7,18/08/2018 05:45:00,Strada Urbana,VIALE PALMIRO TOGLIATTI,in corrispondenza,,del civico n.,581,,Veicolo in marcia contro veicolo in sosta,Rettilineo,Due carreggiate,Asciutto,Asfaltata,Verticale ed orizzontale,Sereno,Normale,Buona,Ore Diurne,0,0,0,1,12.5715,41.8769,-1,1,Autovettura privata,In marcia / fermata / arresto,Conducente,M,Illeso,0,,,,
3957472,1,20/08/2018 05:00:00,Strada Urbana,VIA CARLO MADERNO,in corrispondenza,,del civico n.,2,,Veicolo in marcia contro veicolo in sosta,Rettilineo,Una carreggiata a senso unico di marcia,Asciutto,Asfaltata,Verticale ed orizzontale,Sereno,Scarso,Buona,Ore Diurne,0,0,0,1,,,0,2,Autovettura privata,In marcia / fermata / arresto,Conducente,F,Illeso,0,,,,
3957476,18,17/08/2018 19:30:00,Strada Urbana,VIA BALDO DEGLI UBALDI,in prossimit�,,del civico n.,149,,Scontro laterale fra veicoli in marcia,Rettilineo,Due carreggiate,Asciutto,Asfaltata,Verticale ed orizzontale,Sereno,Normale,Sufficiente,Ore Diurne,0,0,0,2,12.4349,41.8995,-1,1,Autovettura privata,In marcia / fermata / arresto,Conducente,M,Illeso,0,,,,
3957476,18,17/08/2018 19:30:00,Strada Urbana,VIA BALDO DEGLI UBALDI,in prossimit�,,del civico n.,149,,Scontro laterale fra veicoli in marcia,Rettilineo,Due carreggiate,Asciutto,Asfaltata,Verticale ed orizzontale,Sereno,Normale,Sufficiente,Ore Diurne,0,0,0,2,12.4349,41.8995,-1,2,Autocarro inferiore 35 q.,In marcia / fermata / arresto,Conducente,M,Illeso,0,,,,
3957487,13,20/08/2018 05:30:00,Strada Urbana,LUNGOMARE AMERIGO VESPUCCI,da specificare,,,,"alt. stabilimento ""ex-Amanusa""",Veicolo in marcia contro veicoli in sosta,Rettilineo,Due carreggiate,Asciutto,Asfaltata,Orizzontale,Sereno,Scarso,Sufficiente,Sufficiente,1,0,0,0,12.3396,41.7047,-1,1,Autovettura privata,In marcia / fermata / arresto,Conducente,M,Rimandato,0,NON DECEDUTO,Non accertato,Inesploso,
3957492,10,18/08/2018 17:10:00,Strada Urbana,VIA RANUCCIO BIANCHI BANDINELLI,da specificare,,,,altezza via Paolo Orsi,Scontro laterale fra veicoli in marcia,Rettilineo,Una carreggiata a doppio senso,Bagnato (pioggia),Asfaltata,Verticale ed orizzontale,Sereno,Normale,Sufficiente,Ore Diurne,0,0,0,1,12.5826,41.8211,-1,1,Autobus urbano,In marcia / fermata / arresto,Conducente,M,Illeso,0,,Non accertato,Inesploso,
3957508,6,20/08/2018 11:30:00,Strada Urbana,VIA ETTORE GIOVENALE,da specificare,,,,altezza Mariano da Sarno/Piazza Nuccitelli,Veicolo in marcia contro ostacolo accidentale,Rettilineo,Una carreggiata a senso unico di marcia,Asciutto,Asfaltata,Orizzontale,Sereno,Scarso,Buona,Ore Diurne,0,0,0,1,12.5319,41.8888,-1,1,Autovettura privata,In marcia / fermata / arresto,Conducente,M,Illeso,0,,Non accertato,Inesploso,
3957514,2,17/08/2018 17:15:00,Strada Urbana,VIALE DEL MURO TORTO,da specificare,,,,tra ponte Pincio e curvone dir. P.le Flaminio,Veicolo in marcia contro ostacolo accidentale,Curva a visuale libera,Due carreggiate,Asciutto,Asfaltata,Verticale ed orizzontale,Sereno,Normale,Buona,Ore Diurne,0,0,0,1,12.4817,41.9107,-1,1,Autovettura privata,In marcia / fermata / arresto,Conducente,M,Illeso,0,,Non accertato,Inesploso,
3957526,13,19/08/2018 10:10:00,Strada Urbana,VIA DEL PARCO,all'intersezione con,VIALE DELLA PINETA DI OSTIA,VIALE DELLA PINETA DI OSTIA,,,Scontro laterale fra veicoli in marcia,Intersezione stradale segnalata,Una carreggiata a doppio senso,Asciutto,Asfaltata,Verticale ed orizzontale,Sereno,Normale,Buona,Ore Diurne,1,0,0,5,12.2833,41.7286,-1,1,Autovettura privata,In marcia / fermata / arresto,Conducente,M,Illeso,0,,,,
3957526,13,19/08/2018 10:10:00,Strada Urbana,VIA DEL PARCO,all'intersezione con,VIALE DELLA PINETA DI OSTIA,VIALE DELLA PINETA DI OSTIA,,,Scontro laterale fra veicoli in marcia,Intersezione stradale segnalata,Una carreggiata a doppio senso,Asciutto,Asfaltata,Verticale ed orizzontale,Sereno,Normale,Buona,Ore Diurne,1,0,0,5,12.2833,41.7286,-1,1,Autovettura privata,In marcia / fermata / arresto,Passeggero,F,Illeso,0,,,Inesploso,
3957526,13,19/08/2018 10:10:00,Strada Urbana,VIA DEL PARCO,all'intersezione con,VIALE DELLA PINETA DI OSTIA,VIALE DELLA PINETA DI OSTIA,,,Scontro laterale fra veicoli in marcia,Intersezione stradale segnalata,Una carreggiata a doppio senso,Asciutto,Asfaltata,Verticale ed orizzontale,Sereno,Normale,Buona,Ore Diurne,1,0,0,5,12.2833,41.7286,-1,1,Autovettura privata,In marcia / fermata / arresto,Passeggero,F,Illeso,0,,Non accertato,Inesploso,
3957526,13,19/08/2018 10:10:00,Strada Urbana,VIA DEL PARCO,all'intersezione con,VIALE DELLA PINETA DI OSTIA,VIALE DELLA PINETA DI OSTIA,,,Scontro laterale fra veicoli in marcia,Intersezione stradale segnalata,Una carreggiata a doppio senso,Asciutto,Asfaltata,Verticale ed orizzontale,Sereno,Normale,Buona,Ore Diurne,1,0,0,5,12.2833,41.7286,-1,1,Autovettura privata,In marcia / fermata / arresto,Passeggero,F,Illeso,0,,Non accertato,Inesploso,
3957526,13,19/08/2018 10:10:00,Strada Urbana,VIA DEL PARCO,all'intersezione con,VIALE DELLA PINETA DI OSTIA,VIALE DELLA PINETA DI OSTIA,,,Scontro laterale fra veicoli in marcia,Intersezione stradale segnalata,Una carreggiata a doppio senso,Asciutto,Asfaltata,Verticale ed orizzontale,Sereno,Normale,Buona,Ore Diurne,1,0,0,5,12.2833,41.7286,-1,2,Autovettura privata,In marcia / fermata / arresto,Conducente,F,Rimandato,0,NON DECEDUTO,,,
3957526,13,19/08/2018 10:10:00,Strada Urbana,VIA DEL PARCO,all'intersezione con,VIALE DELLA PINETA DI OSTIA,VIALE DELLA PINETA DI OSTIA,,,Scontro laterale fra veicoli in marcia,Intersezione stradale segnalata,Una carreggiata a doppio senso,Asciutto,Asfaltata,Verticale ed orizzontale,Sereno,Normale,Buona,Ore Diurne,1,0,0,5,12.2833,41.7286,-1,2,Autovettura privata,In marcia / fermata / arresto,Passeggero,M,Illeso,0,,,,
3957571,17,15/08/2018 17:35:00,Strada Urbana,VIA S. PIO X,all'intersezione con,LUNGOTEVERE VATICANO,LUNGOTEVERE VATICANO,,,Scontro frontale/laterale SX fra veicoli in marcia,Intersezione semaforizzata,Due carreggiate,Bagnato (pioggia),In cubetti di porfido,Verticale ed orizzontale,Pioggia in atto,Scarso,Buona,Ore Diurne,0,0,0,3,12.4634,41.9018,-1,1,Autovettura privata,In marcia / fermata / arresto,Conducente,M,Illeso,0,,,,
3957571,17,15/08/2018 17:35:00,Strada Urbana,VIA S. PIO X,all'intersezione con,LUNGOTEVERE VATICANO,LUNGOTEVERE VATICANO,,,Scontro frontale/laterale SX fra veicoli in marcia,Intersezione semaforizzata,Due carreggiate,Bagnato (pioggia),In cubetti di porfido,Verticale ed orizzontale,Pioggia in atto,Scarso,Buona,Ore Diurne,0,0,0,3,12.4634,41.9018,-1,1,Autovettura privata,In marcia / fermata / arresto,Passeggero,F,Illeso,0,,,,
3957571,17,15/08/2018 17:35:00,Strada Urbana,VIA S. PIO X,all'intersezione con,LUNGOTEVERE VATICANO,LUNGOTEVERE VATICANO,,,Scontro frontale/laterale SX fra veicoli in marcia,Intersezione semaforizzata,Due carreggiate,Bagnato (pioggia),In cubetti di porfido,Verticale ed orizzontale,Pioggia in atto,Scarso,Buona,Ore Diurne,0,0,0,3,12.4634,41.9018,-1,2,Autovettura pubblica,In marcia / fermata / arresto,Conducente,M,Illeso,0,,,,
3957576,17,19/08/2018 13:35:00,Strada Urbana,VIA GERMANICO,all'intersezione con,VIA PAOLO EMILIO,VIA PAOLO EMILIO,,,Scontro frontale/laterale DX fra veicoli in marcia,Intersezione stradale segnalata,Una carreggiata a senso unico di marcia,Asciutto,Asfaltata,Verticale ed orizzontale,Sereno,Scarso,Buona,Ore Diurne,0,0,0,5,12.4633,41.9091,-1,1,Autovettura privata,In marcia / fermata / arresto,Conducente,M,Illeso,0,,,,
3957576,17,19/08/2018 13:35:00,Strada Urbana,VIA GERMANICO,all'intersezione con,VIA PAOLO EMILIO,VIA PAOLO EMILIO,,,Scontro frontale/laterale DX fra veicoli in marcia,Intersezione stradale segnalata,Una carreggiata a senso unico di marcia,Asciutto,Asfaltata,Verticale ed orizzontale,Sereno,Scarso,Buona,Ore Diurne,0,0,0,5,12.4633,41.9091,-1,2,Autovettura privata,In marcia / fermata / arresto,Conducente,M,Illeso,0,,,,
3957576,17,19/08/2018 13:35:00,Strada Urbana,VIA GERMANICO,all'intersezione con,VIA PAOLO EMILIO,VIA PAOLO EMILIO,,,Scontro frontale/laterale DX fra veicoli in marcia,Intersezione stradale segnalata,Una carreggiata a senso unico di marcia,Asciutto,Asfaltata,Verticale ed orizzontale,Sereno,Scarso,Buona,Ore Diurne,0,0,0,5,12.4633,41.9091,-1,2,Autovettura privata,In marcia / fermata / arresto,Passeggero,F,Illeso,0,,,,
3957576,17,19/08/2018 13:35:00,Strada Urbana,VIA GERMANICO,all'intersezione con,VIA PAOLO EMILIO,VIA PAOLO EMILIO,,,Scontro frontale/laterale DX fra veicoli in marcia,Intersezione stradale segnalata,Una carreggiata a senso unico di marcia,Asciutto,Asfaltata,Verticale ed orizzontale,Sereno,Scarso,Buona,Ore Diurne,0,0,0,5,12.4633,41.9091,-1,2,Autovettura privata,In marcia / fermata / arresto,Passeggero,M,Illeso,0,,,,
3957576,17,19/08/2018 13:35:00,Strada Urbana,VIA GERMANICO,all'intersezione con,VIA PAOLO EMILIO,VIA PAOLO EMILIO,,,Scontro frontale/laterale DX fra veicoli in marcia,Intersezione stradale segnalata,Una carreggiata a senso unico di marcia,Asciutto,Asfaltata,Verticale ed orizzontale,Sereno,Scarso,Buona,Ore Diurne,0,0,0,5,12.4633,41.9091,-1,2,Autovettura privata,In marcia / fermata / arresto,Passeggero,M,Illeso,0,,,,
3957578,12,17/08/2018 22:15:00,Strada Urbana,VIA CRISTOFORO COLOMBO,all'intersezione semaforizzata con,VIALE EUROPA,VIALE EUROPA,,,Scontro frontale/laterale DX fra veicoli in marcia,Intersezione semaforizzata,Due carreggiate,Asciutto,Asfaltata,Verticale ed orizzontale,Sereno,Normale,Buona,Sufficiente,3,0,0,0,12.4694,41.8308,-1,1,Autovettura privata,In marcia / fermata / arresto,Conducente,F,Rimandato,0,NON DECEDUTO,,,
3957578,12,17/08/2018 22:15:00,Strada Urbana,VIA CRISTOFORO COLOMBO,all'intersezione semaforizzata con,VIALE EUROPA,VIALE EUROPA,,,Scontro frontale/laterale DX fra veicoli in marcia,Intersezione semaforizzata,Due carreggiate,Asciutto,Asfaltata,Verticale ed orizzontale,Sereno,Normale,Buona,Sufficiente,3,0,0,0,12.4694,41.8308,-1,2,Autovettura di polizia,In marcia / fermata / arresto,Conducente,M,Rimandato,0,NON DECEDUTO,,,
3957578,12,17/08/2018 22:15:00,Strada Urbana,VIA CRISTOFORO COLOMBO,all'intersezione semaforizzata con,VIALE EUROPA,VIALE EUROPA,,,Scontro frontale/laterale DX fra veicoli in marcia,Intersezione semaforizzata,Due carreggiate,Asciutto,Asfaltata,Verticale ed orizzontale,Sereno,Normale,Buona,Sufficiente,3,0,0,0,12.4694,41.8308,-1,2,Autovettura di polizia,In marcia / fermata / arresto,Passeggero,F,Rimandato,0,NON DECEDUTO,,,
3957579,17,15/08/2018 00:01:00,Strada Urbana,PIAZZA DEI TRIBUNALI,all'intersezione semaforizzata con,PONTE UMBERTO I,PONTE UMBERTO I,,,Veicolo in marcia contro ostacolo fisso,Incrocio,Due carreggiate,Bagnato (pioggia),Asfaltata,Verticale ed orizzontale,Pioggia in atto,Scarso,Buona,Sufficiente,0,0,0,2,12.4709,41.9032,-1,1,Quadriciclo,In marcia / fermata / arresto,Conducente,M,Illeso,0,,,,
3957579,17,15/08/2018 00:01:00,Strada Urbana,PIAZZA DEI TRIBUNALI,all'intersezione semaforizzata con,PONTE UMBERTO I,PONTE UMBERTO I,,,Veicolo in marcia contro ostacolo fisso,Incrocio,Due carreggiate,Bagnato (pioggia),Asfaltata,Verticale ed orizzontale,Pioggia in atto,Scarso,Buona,Sufficiente,0,0,0,2,12.4709,41.9032,-1,1,Quadriciclo,In marcia / fermata / arresto,Passeggero,M,Illeso,0,,Non accertato,Inesploso,
3957589,13,18/08/2018 13:20:00,Strada Urbana,VIA DEL MARE,all'intersezione semaforizzata con,VIA DI CASTEL FUSANO,VIA DI CASTEL FUSANO,,,Scontro laterale fra veicoli in marcia,Intersezione semaforizzata,Pi� di due carreggiate,Asciutto,Asfaltata,Verticale ed orizzontale,Sereno,Normale,Buona,Ore Diurne,0,0,0,2,12.3041,41.7593,-1,1,Autovettura privata,In marcia / fermata / arresto,Conducente,F,Illeso,0,,Non accertato,Inesploso,
3957589,13,18/08/2018 13:20:00,Strada Urbana,VIA DEL MARE,all'intersezione semaforizzata con,VIA DI CASTEL FUSANO,VIA DI CASTEL FUSANO,,,Scontro laterale fra veicoli in marcia,Intersezione semaforizzata,Pi� di due carreggiate,Asciutto,Asfaltata,Verticale ed orizzontale,Sereno,Normale,Buona,Ore Diurne,0,0,0,2,12.3041,41.7593,-1,2,Autocarro inferiore 35 q.,In marcia / fermata / arresto,Conducente,M,Illeso,0,,Non accertato,Inesploso,
3957597,17,16/08/2018 08:50:00,Strada Urbana,VIA MONTE SANTO,all'intersezione con,VIA SABOTINO,VIA SABOTINO,,,Scontro frontale/laterale SX fra veicoli in marcia,Incrocio,Due carreggiate,Asciutto,Asfaltata,Verticale ed orizzontale,Sereno,Scarso,Sufficiente,Ore Diurne,1,0,0,1,12.4601,41.917,-1,1,Autovettura privata,In marcia / fermata / arresto,Conducente,M,Illeso,0,,,,
3957597,17,16/08/2018 08:50:00,Strada Urbana,VIA MONTE SANTO,all'intersezione con,VIA SABOTINO,VIA SABOTINO,,,Scontro frontale/laterale SX fra veicoli in marcia,Incrocio,Due carreggiate,Asciutto,Asfaltata,Verticale ed orizzontale,Sereno,Scarso,Sufficiente,Ore Diurne,1,0,0,1,12.4601,41.917,-1,2,Motociclo a solo,In marcia / fermata / arresto,Conducente,M,Rimandato,0,NON DECEDUTO,,,
3957605,13,18/08/2018,Strada Urbana,VIA ISOLE DEL CAPO VERDE,all'intersezione con,VIA DEI VELIERI,VIA DEI VELIERI,,,Scontro laterale fra veicoli in marcia,Incrocio,Due carreggiate,Asciutto,Asfaltata,Verticale ed orizzontale,Sereno,Normale,Buona,Ore Diurne,0,0,0,2,12.276,41.7383,-1,1,Motociclo a solo,In marcia / fermata / arresto,Conducente,M,Illeso,0,,,,
3957605,13,18/08/2018,Strada Urbana,VIA ISOLE DEL CAPO VERDE,all'intersezione con,VIA DEI VELIERI,VIA DEI VELIERI,,,Scontro laterale fra veicoli in marcia,Incrocio,Due carreggiate,Asciutto,Asfaltata,Verticale ed orizzontale,Sereno,Normale,Buona,Ore Diurne,0,0,0,2,12.276,41.7383,-1,2,Autovettura privata,In marcia / fermata / arresto,Conducente,M,Illeso,0,,,,
3957607,13,19/08/2018 16:15:00,,VIA CARLO BOSIO,all'intersezione con,VIA CORRADO DEL GRECO,VIA CORRADO DEL GRECO,,,Scontro frontale/laterale DX fra veicoli in marcia,,,,,,,,,,0,0,0,5,12.2726,41.7385,0,1,Autovettura privata,In marcia / fermata / arresto,Conducente,M,Illeso,0,,,,
3957607,13,19/08/2018 16:15:00,,VIA CARLO BOSIO,all'intersezione con,VIA CORRADO DEL GRECO,VIA CORRADO DEL GRECO,,,Scontro frontale/laterale DX fra veicoli in marcia,,,,,,,,,,0,0,0,5,12.2726,41.7385,0,1,Autovettura privata,In marcia / fermata / arresto,Passeggero,F,Illeso,0,,Non accertato,Inesploso,
3957607,13,19/08/2018 16:15:00,,VIA CARLO BOSIO,all'intersezione con,VIA CORRADO DEL GRECO,VIA CORRADO DEL GRECO,,,Scontro frontale/laterale DX fra veicoli in marcia,,,,,,,,,,0,0,0,5,12.2726,41.7385,0,2,Autovettura privata,In marcia / fermata / arresto,Conducente,F,Illeso,0,,,,
3957607,13,19/08/2018 16:15:00,,VIA CARLO BOSIO,all'intersezione con,VIA CORRADO DEL GRECO,VIA CORRADO DEL GRECO,,,Scontro frontale/laterale DX fra veicoli in marcia,,,,,,,,,,0,0,0,5,12.2726,41.7385,0,2,Autovettura privata,In marcia / fermata / arresto,Passeggero,F,Illeso,0,,Non accertato,Inesploso,
3957608,16,17/08/2018 19:45:00,Strada Urbana,CIRCONVALLAZIONE GIANICOLENSE,all'intersezione semaforizzata con,VIA DEL CASALETTO,VIA DEL CASALETTO,,,Investimento di pedone,Intersezione semaforizzata,Pi� di due carreggiate,Asciutto,Asfaltata,Verticale ed orizzontale,Sereno,Scarso,Buona,Ore Diurne,1,0,0,2,12.4496,41.8725,-1,,,,Pedone,M,Ricoverato,0,NON DECEDUTO,,,
3957608,16,17/08/2018 19:45:00,Strada Urbana,CIRCONVALLAZIONE GIANICOLENSE,all'intersezione semaforizzata con,VIA DEL CASALETTO,VIA DEL CASALETTO,,,Investimento di pedone,Intersezione semaforizzata,Pi� di due carreggiate,Asciutto,Asfaltata,Verticale ed orizzontale,Sereno,Scarso,Buona,Ore Diurne,1,0,0,2,12.4496,41.8725,-1,1,Autovettura privata,In marcia / fermata / arresto,Conducente,M,Illeso,0,,Non accertato,,
3957608,16,17/08/2018 19:45:00,Strada Urbana,CIRCONVALLAZIONE GIANICOLENSE,all'intersezione semaforizzata con,VIA DEL CASALETTO,VIA DEL CASALETTO,,,Investimento di pedone,Intersezione semaforizzata,Pi� di due carreggiate,Asciutto,Asfaltata,Verticale ed orizzontale,Sereno,Scarso,Buona,Ore Diurne,1,0,0,2,12.4496,41.8725,-1,1,Autovettura privata,In marcia / fermata / arresto,Passeggero,F,Illeso,0,,Non accertato,,
3957614,10,20/08/2018 12:15:00,Strada Urbana,VIA PAESTUM,all'intersezione con,VIA ERMINIO,VIA ERMINIO,,,Scontro frontale/laterale SX fra veicoli in marcia,Incrocio,Una carreggiata a senso unico di marcia,Asciutto,Asfaltata,Verticale ed orizzontale,Sereno,Scarso,Buona,Ore Diurne,1,0,0,1,12.5519,41.8577,-1,1,Autovettura privata,In marcia / fermata / arresto,Conducente,M,Illeso,0,,Non accertato,Inesploso,
3957614,10,20/08/2018 12:15:00,Strada Urbana,VIA PAESTUM,all'intersezione con,VIA ERMINIO,VIA ERMINIO,,,Scontro frontale/laterale SX fra veicoli in marcia,Incrocio,Una carreggiata a senso unico di marcia,Asciutto,Asfaltata,Verticale ed orizzontale,Sereno,Scarso,Buona,Ore Diurne,1,0,0,1,12.5519,41.8577,-1,2,Motociclo a solo,In marcia / fermata / arresto,Conducente,F,Rimandato,0,NON DECEDUTO,Non accertato,,
3957656,17,17/08/2018 09:45:00,Strada Urbana,PIAZZA DEI QUIRITI,in corrispondenza,,del civico n.,4,,Scontro laterale fra veicoli in marcia,Curva a visuale libera,Una carreggiata a senso unico di marcia,Asciutto,Asfaltata,Verticale ed orizzontale,Sereno,Scarso,Buona,Ore Diurne,1,0,0,1,12.4644,41.909,-1,1,Autovettura privata,In marcia / fermata / arresto,Conducente,M,Illeso,0,,,,
3957656,17,17/08/2018 09:45:00,Strada Urbana,PIAZZA DEI QUIRITI,in corrispondenza,,del civico n.,4,,Scontro laterale fra veicoli in marcia,Curva a visuale libera,Una carreggiata a senso unico di marcia,Asciutto,Asfaltata,Verticale ed orizzontale,Sereno,Scarso,Buona,Ore Diurne,1,0,0,1,12.4644,41.909,-1,2,Motociclo a solo,In marcia / fermata / arresto,Conducente,M,Rifiuta cure immediate,0,NON DECEDUTO,,,
3957659,16,17/08/2018 19:45:00,Strada Urbana,VIA DI MONTE VERDE,in prossimit�,,del civico n.,122,,Infortunio per sola frenata improvvisa,Rettilineo,Una carreggiata a doppio senso,Asciutto,Asfaltata,Verticale ed orizzontale,Sereno,Scarso,Buona,Ore Diurne,1,0,0,1,12.4467,41.87,-1,1,Autovettura privata,In marcia / fermata / arresto,Conducente,F,Illeso,0,,Non accertato,,