Protocollo,Gruppo,DataOraIncidente,Localizzazione1,STRADA1,Localizzazione2,STRADA2,Strada02,Chilometrica,DaSpecificare,NaturaIncidente,particolaritastrade,TipoStrada,FondoStradale,Pavimentazione,Segnaletica,CondizioneAtmosferica,Traffico,Visibilita,Illuminazione,NUM_FERITI,NUM_RISERVATA,NUM_MORTI,NUM_ILLESI,Longitudine,Latitudine,Confermato,Progressivo,TipoVeicolo,StatoVeicolo,TipoPersona,Sesso,Tipolesione,Deceduto,DecedutoDopo,CinturaCascoUtilizzato,Airbag,
3957659,16,17/08/2018 19:45:00,Strada Urbana,VIA DI MONTE VERDE,in prossimit�,,del civico n.,122,,Infortunio per sola frenata improvvisa,Rettilineo,Una carreggiata a doppio senso,Asciutto,Asfaltata,Verticale ed orizzontale,Sereno,Scarso,Buona,Ore Diurne,1,0,0,1,12.4467,41.87,-1,2,Motociclo a solo,In marcia / fermata / arresto,Conducente,M,Rimandato,0,NON DECEDUTO,Non accertato,,
3957671,17,19/08/2018 12:40:00,Strada Urbana,VIA MARCANTONIO COLONNA,all'intersezione con,VIA POMPEO MAGNO,VIA POMPEO MAGNO,,,Scontro frontale/laterale DX fra veicoli in marcia,Incrocio,Una carreggiata a doppio senso,Asciutto,Asfaltata,Verticale,Sereno,Scarso,Buona,Ore Diurne,1,0,0,3,12.467,41.91,-1,1,Autovettura privata,In marcia / fermata / arresto,Conducente,M,Illeso,0,,,,
3957671,17,19/08/2018 12:40:00,Strada Urbana,VIA MARCANTONIO COLONNA,all'intersezione con,VIA POMPEO MAGNO,VIA POMPEO MAGNO,,,Scontro frontale/laterale DX fra veicoli in marcia,Incrocio,Una carreggiata a doppio senso,Asciutto,Asfaltata,Verticale,Sereno,Scarso,Buona,Ore Diurne,1,0,0,3,12.467,41.91,-1,2,Autovettura pubblica,In marcia / fermata / arresto,Conducente,M,Illeso,0,,,,
3957671,17,19/08/2018 12:40:00,Strada Urbana,VIA MARCANTONIO COLONNA,all'intersezione con,VIA POMPEO MAGNO,VIA POMPEO MAGNO,,,Scontro frontale/laterale DX fra veicoli in marcia,Incrocio,Una carreggiata a doppio senso,Asciutto,Asfaltata,Verticale,Sereno,Scarso,Buona,Ore Diurne,1,0,0,3,12.467,41.91,-1,2,Autovettura pubblica,In marcia / fermata / arresto,Passeggero,F,Rimandato,0,NON DECEDUTO,,,
3957671,17,19/08/2018 12:40:00,Strada Urbana,VIA MARCANTONIO COLONNA,all'intersezione con,VIA POMPEO MAGNO,VIA POMPEO MAGNO,,,Scontro frontale/laterale DX fra veicoli in marcia,Incrocio,Una carreggiata a doppio senso,Asciutto,Asfaltata,Verticale,Sereno,Scarso,Buona,Ore Diurne,1,0,0,3,12.467,41.91,-1,2,Autovettura pubblica,In marcia / fermata / arresto,Passeggero,M,Illeso,0,,,,
3957683,17,17/08/2018 17:30:00,Strada Urbana,VIA MUGGIA,all'intersezione semaforizzata con,VIALE ANGELICO,VIALE ANGELICO,,,Veicolo in marcia contro ostacolo accidentale,Intersezione semaforizzata,Due carreggiate,Bagnato (pioggia),Asfaltata,Verticale ed orizzontale,Nuvoloso,Scarso,Sufficiente,Ore Diurne,0,0,0,1,12.4586,41.9188,-1,1,Autovettura privata,In marcia / fermata / arresto,Conducente,F,Illeso,0,,,,
3957712,17,20/08/2018 01:40:00,Strada Urbana,LARGO MAGNANAPOLI,all'intersezione semaforizzata con,VIA NAZIONALE,VIA NAZIONALE,,,Scontro frontale/laterale SX fra veicoli in marcia,Intersezione semaforizzata,Una carreggiata a senso unico di marcia,Asciutto,In cubetti di porfido,Verticale ed orizzontale,Sereno,Scarso,Sufficiente,Sufficiente,0,0,0,6,12.4852,41.8961,-1,1,Autovettura privata,In marcia / fermata / arresto,Conducente,M,Illeso,0,,,,
3957712,17,20/08/2018 01:40:00,Strada Urbana,LARGO MAGNANAPOLI,all'intersezione semaforizzata con,VIA NAZIONALE,VIA NAZIONALE,,,Scontro frontale/laterale SX fra veicoli in marcia,Intersezione semaforizzata,Una carreggiata a senso unico di marcia,Asciutto,In cubetti di porfido,Verticale ed orizzontale,Sereno,Scarso,Sufficiente,Sufficiente,0,0,0,6,12.4852,41.8961,-1,1,Autovettura privata,In marcia / fermata / arresto,Passeggero,F,Illeso,0,,,,
3957712,17,20/08/2018 01:40:00,Strada Urbana,LARGO MAGNANAPOLI,all'intersezione semaforizzata con,VIA NAZIONALE,VIA NAZIONALE,,,Scontro frontale/laterale SX fra veicoli in marcia,Intersezione semaforizzata,Una carreggiata a senso unico di marcia,Asciutto,In cubetti di porfido,Verticale ed orizzontale,Sereno,Scarso,Sufficiente,Sufficiente,0,0,0,6,12.4852,41.8961,-1,1,Autovettura privata,In marcia / fermata / arresto,Passeggero,M,Illeso,0,,,,
3957712,17,20/08/2018 01:40:00,Strada Urbana,LARGO MAGNANAPOLI,all'intersezione semaforizzata con,VIA NAZIONALE,VIA NAZIONALE,,,Scontro frontale/laterale SX fra veicoli in marcia,Intersezione semaforizzata,Una carreggiata a senso unico di marcia,Asciutto,In cubetti di porfido,Verticale ed orizzontale,Sereno,Scarso,Sufficiente,Sufficiente,0,0,0,6,12.4852,41.8961,-1,1,Autovettura privata,In marcia / fermata / arresto,Passeggero,F,Illeso,0,,,,
3957712,17,20/08/2018 01:40:00,Strada Urbana,LARGO MAGNANAPOLI,all'intersezione semaforizzata con,VIA NAZIONALE,VIA NAZIONALE,,,Scontro frontale/laterale SX fra veicoli in marcia,Intersezione semaforizzata,Una carreggiata a senso unico di marcia,Asciutto,In cubetti di porfido,Verticale ed orizzontale,Sereno,Scarso,Sufficiente,Sufficiente,0,0,0,6,12.4852,41.8961,-1,1,Autovettura privata,In marcia / fermata / arresto,Passeggero,M,Illeso,0,,,,
3957712,17,20/08/2018 01:40:00,Strada Urbana,LARGO MAGNANAPOLI,all'intersezione semaforizzata con,VIA NAZIONALE,VIA NAZIONALE,,,Scontro frontale/laterale SX fra veicoli in marcia,Intersezione semaforizzata,Una carreggiata a senso unico di marcia,Asciutto,In cubetti di porfido,Verticale ed orizzontale,Sereno,Scarso,Sufficiente,Sufficiente,0,0,0,6,12.4852,41.8961,-1,2,Autovettura privata,In marcia / fermata / arresto,Conducente,F,Illeso,0,,,Esploso,
3957713,6,20/08/2018 14:20:00,Strada Urbana,VIA FRA MAURO,in prossimit�,,del civico n.,2,,Veicolo in marcia contro veicolo in sosta,Rettilineo,Una carreggiata a senso unico di marcia,Asciutto,Asfaltata,Assente,Sereno,Normale,Buona,Ore Diurne,0,0,0,1,12.5329,41.8862,-1,1,Autovettura privata,In marcia / fermata / arresto,Conducente,M,Illeso,0,,Non accertato,Esploso,
3957739,12,15/08/2018 23:30:00,Strada Urbana,VIA OSTIENSE,da specificare,,,,direzione ROMA 500 mt dopo G.R.A.,Veicolo in marcia contro ostacolo accidentale,Rettilineo,Una carreggiata a senso unico di marcia,Bagnato (umidit� in atto),Asfaltata,Verticale ed orizzontale,Nuvoloso,Scarso,Insufficiente,Inesistente,0,0,0,1,12.4229,41.8109,-1,1,Autovettura privata,In marcia / fermata / arresto,Conducente,M,Illeso,0,,Non accertato,Inesploso,
3957759,12,20/08/2018 15:00:00,Provinciale entro l'abitato,VIA LAURENTINA,da specificare,,,,direzione Trigoria alt. rampa G.R.A. dir.Fiumicino,Veicolo in marcia contro ostacolo fisso,Rettilineo,Due carreggiate,Asciutto,Asfaltata,Verticale,Nuvoloso,Normale,Buona,Ore Diurne,1,0,0,1,12.4801,41.7981,-1,1,Autovettura privata,In marcia / fermata / arresto,Conducente,F,Rimandato,0,NON DECEDUTO,Utilizzato,Esploso,
3957759,12,20/08/2018 15:00:00,Provinciale entro l'abitato,VIA LAURENTINA,da specificare,,,,direzione Trigoria alt. rampa G.R.A. dir.Fiumicino,Veicolo in marcia contro ostacolo fisso,Rettilineo,Due carreggiate,Asciutto,Asfaltata,Verticale,Nuvoloso,Normale,Buona,Ore Diurne,1,0,0,1,12.4801,41.7981,-1,1,Autovettura privata,In marcia / fermata / arresto,Passeggero,F,Illeso,0,,Utilizzato,Esploso,
3957760,12,15/08/2018 14:30:00,Strada Urbana,VIALE BEETHOVEN,da specificare,,,,altezza POSTE ITALIANE,Veicolo in marcia contro ostacolo fisso,Rettilineo,Una carreggiata a doppio senso,Asciutto,Asfaltata,Verticale ed orizzontale,Nuvoloso,Scarso,Buona,Ore Diurne,1,0,0,0,,,0,1,Autovettura privata,In marcia / fermata / arresto,Conducente,M,Ricoverato,0,NON DECEDUTO,,,
3957770,12,16/08/2018 17:15:00,Regionale,VIA PONTINA,in prossimit�,,della chilometrica,18,,Veicolo in marcia contro ostacolo accidentale,Curva senza visuale libera,Due carreggiate,Asciutto,Asfaltata,Verticale ed orizzontale,Nuvoloso,Normale,Buona,Ore Diurne,0,0,0,1,12.4367,41.7466,-1,1,Autovettura privata,In marcia / fermata / arresto,Conducente,F,Illeso,0,,Utilizzato,Inesploso,
3957797,12,16/08/2018 00:30:00,Statale,VIA OSTIENSE,da specificare,,,,direzione ROMA 500 mt dopo svincolo G.R.A.,Veicolo in marcia contro ostacolo accidentale,Rettilineo,Una carreggiata a senso unico di marcia,Bagnato (pioggia),Asfaltata,Verticale ed orizzontale,Nuvoloso,Scarso,Insufficiente,Inesistente,0,0,0,4,12.4319,41.8162,-1,1,Autovettura privata,In marcia / fermata / arresto,Conducente,M,Illeso,0,,Utilizzato,Inesploso,
3957797,12,16/08/2018 00:30:00,Statale,VIA OSTIENSE,da specificare,,,,direzione ROMA 500 mt dopo svincolo G.R.A.,Veicolo in marcia contro ostacolo accidentale,Rettilineo,Una carreggiata a senso unico di marcia,Bagnato (pioggia),Asfaltata,Verticale ed orizzontale,Nuvoloso,Scarso,Insufficiente,Inesistente,0,0,0,4,12.4319,41.8162,-1,1,Autovettura privata,In marcia / fermata / arresto,Passeggero,M,Illeso,0,,,,
3957797,12,16/08/2018 00:30:00,Statale,VIA OSTIENSE,da specificare,,,,direzione ROMA 500 mt dopo svincolo G.R.A.,Veicolo in marcia contro ostacolo accidentale,Rettilineo,Una carreggiata a senso unico di marcia,Bagnato (pioggia),Asfaltata,Verticale ed orizzontale,Nuvoloso,Scarso,Insufficiente,Inesistente,0,0,0,4,12.4319,41.8162,-1,1,Autovettura privata,In marcia / fermata / arresto,Passeggero,F,Illeso,0,,,,
3957797,12,16/08/2018 00:30:00,Statale,VIA OSTIENSE,da specificare,,,,direzione ROMA 500 mt dopo svincolo G.R.A.,Veicolo in marcia contro ostacolo accidentale,Rettilineo,Una carreggiata a senso unico di marcia,Bagnato (pioggia),Asfaltata,Verticale ed orizzontale,Nuvoloso,Scarso,Insufficiente,Inesistente,0,0,0,4,12.4319,41.8162,-1,1,Autovettura privata,In marcia / fermata / arresto,Passeggero,F,Illeso,0,,,,
3957825,13,20/08/2018 11:10:00,Strada Urbana,VIA DELLE ALGHE,all'intersezione con,VIA GIOVANNI FRANZONI,VIA GIOVANNI FRANZONI,,,Scontro frontale/laterale SX fra veicoli in marcia,Incrocio,Una carreggiata a doppio senso,Asciutto,Asfaltata,Verticale ed orizzontale,Sereno,Scarso,Sufficiente,Ore Diurne,1,0,0,1,12.3565,41.7863,-1,1,Autovettura privata,In marcia / fermata / arresto,Conducente,M,Illeso,0,,Non accertato,Inesploso,
3957825,13,20/08/2018 11:10:00,Strada Urbana,VIA DELLE ALGHE,all'intersezione con,VIA GIOVANNI FRANZONI,VIA GIOVANNI FRANZONI,,,Scontro frontale/laterale SX fra veicoli in marcia,Incrocio,Una carreggiata a doppio senso,Asciutto,Asfaltata,Verticale ed orizzontale,Sereno,Scarso,Sufficiente,Ore Diurne,1,0,0,1,12.3565,41.7863,-1,2,Velocipede,In marcia / fermata / arresto,Conducente,M,Ricoverato,0,NON DECEDUTO,Esente,,
3957843,12,16/08/2018 17:50:00,Strada Urbana,VIALE DELLA CIVILTA' DEL LAVORO,all'intersezione con,PIAZZALE KONRAD ADENAUER,PIAZZALE KONRAD ADENAUER,,,Scontro frontale/laterale DX fra veicoli in marcia,Incrocio,Due carreggiate,Asciutto,Asfaltata,Verticale ed orizzontale,Nuvoloso,Scarso,Buona,Ore Diurne,0,0,0,3,12.4677,41.8362,-1,1,Autovettura privata,In marcia / fermata / arresto,Conducente,M,Illeso,0,,Utilizzato,Inesploso,
3957843,12,16/08/2018 17:50:00,Strada Urbana,VIALE DELLA CIVILTA' DEL LAVORO,all'intersezione con,PIAZZALE KONRAD ADENAUER,PIAZZALE KONRAD ADENAUER,,,Scontro frontale/laterale DX fra veicoli in marcia,Incrocio,Due carreggiate,Asciutto,Asfaltata,Verticale ed orizzontale,Nuvoloso,Scarso,Buona,Ore Diurne,0,0,0,3,12.4677,41.8362,-1,1,Autovettura privata,In marcia / fermata / arresto,Passeggero,M,Illeso,0,,Utilizzato,Inesploso,
3957843,12,16/08/2018 17:50:00,Strada Urbana,VIALE DELLA CIVILTA' DEL LAVORO,all'intersezione con,PIAZZALE KONRAD ADENAUER,PIAZZALE KONRAD ADENAUER,,,Scontro frontale/laterale DX fra veicoli in marcia,Incrocio,Due carreggiate,Asciutto,Asfaltata,Verticale ed orizzontale,Nuvoloso,Scarso,Buona,Ore Diurne,0,0,0,3,12.4677,41.8362,-1,2,Autovettura privata,In marcia / fermata / arresto,Conducente,F,Illeso,0,,Utilizzato,Inesploso,
3957852,18,20/08/2018 15:50:00,Strada Urbana,VIA DI ACQUAFREDDA,in prossimit�,,del civico n.,56,,Veicolo in marcia contro ostacolo accidentale,Curva a visuale libera,Una carreggiata a doppio senso,Bagnato (pioggia),Asfaltata,Orizzontale,Nuvoloso,Normale,Buona,Ore Diurne,0,0,0,2,12.392,41.8897,-1,1,Autovettura privata,In marcia / fermata / arresto,Conducente,M,Illeso,0,,Non accertato,Inesploso,
3957852,18,20/08/2018 15:50:00,Strada Urbana,VIA DI ACQUAFREDDA,in prossimit�,,del civico n.,56,,Veicolo in marcia contro ostacolo accidentale,Curva a visuale libera,Una carreggiata a doppio senso,Bagnato (pioggia),Asfaltata,Orizzontale,Nuvoloso,Normale,Buona,Ore Diurne,0,0,0,2,12.392,41.8897,-1,1,Autovettura privata,In marcia / fermata / arresto,Passeggero,F,Illeso,0,,Non accertato,Inesploso,
3957864,12,20/08/2018 12:00:00,Strada Urbana,VIA CRISTOFORO COLOMBO,da specificare,,,,prossimit� VIA DON PASQUINO BORGHI dir. Ostia,Scontro frontale/laterale DX fra veicoli in marcia,Rettilineo,Pi� di due carreggiate,Asciutto,Asfaltata,Verticale ed orizzontale,Sereno,Normale,Buona,Ore Diurne,1,0,0,4,12.4496,41.8055,-1,1,Motociclo a solo,In marcia / fermata / arresto,Conducente,M,Rimandato,0,NON DECEDUTO,Utilizzato,,
3957864,12,20/08/2018 12:00:00,Strada Urbana,VIA CRISTOFORO COLOMBO,da specificare,,,,prossimit� VIA DON PASQUINO BORGHI dir. Ostia,Scontro frontale/laterale DX fra veicoli in marcia,Rettilineo,Pi� di due carreggiate,Asciutto,Asfaltata,Verticale ed orizzontale,Sereno,Normale,Buona,Ore Diurne,1,0,0,4,12.4496,41.8055,-1,2,Autovettura privata,In marcia / fermata / arresto,Conducente,M,Illeso,0,,Utilizzato,Inesploso,
3957864,12,20/08/2018 12:00:00,Strada Urbana,VIA CRISTOFORO COLOMBO,da specificare,,,,prossimit� VIA DON PASQUINO BORGHI dir. Ostia,Scontro frontale/laterale DX fra veicoli in marcia,Rettilineo,Pi� di due carreggiate,Asciutto,Asfaltata,Verticale ed orizzontale,Sereno,Normale,Buona,Ore Diurne,1,0,0,4,12.4496,41.8055,-1,2,Autovettura privata,In marcia / fermata / arresto,Passeggero,F,Illeso,0,,Utilizzato,Inesploso,
3957864,12,20/08/2018 12:00:00,Strada Urbana,VIA CRISTOFORO COLOMBO,da specificare,,,,prossimit� VIA DON PASQUINO BORGHI dir. Ostia,Scontro frontale/laterale DX fra veicoli in marcia,Rettilineo,Pi� di due carreggiate,Asciutto,Asfaltata,Verticale ed orizzontale,Sereno,Normale,Buona,Ore Diurne,1,0,0,4,12.4496,41.8055,-1,2,Autovettura privata,In marcia / fermata / arresto,Passeggero,M,Illeso,0,,Utilizzato,Inesploso,
3957864,12,20/08/2018 12:00:00,Strada Urbana,VIA CRISTOFORO COLOMBO,da specificare,,,,prossimit� VIA DON PASQUINO BORGHI dir. Ostia,Scontro frontale/laterale DX fra veicoli in marcia,Rettilineo,Pi� di due carreggiate,Asciutto,Asfaltata,Verticale ed orizzontale,Sereno,Normale,Buona,Ore Diurne,1,0,0,4,12.4496,41.8055,-1,2,Autovettura privata,In marcia / fermata / arresto,Passeggero,F,Illeso,0,,Utilizzato,Inesploso,
3957899,10,20/08/2018 17:00:00,Strada Urbana,VIA GIUSEPPE SALVIOLI,all'intersezione con,VIALE MARCO FULVIO NOBILIORE,VIALE MARCO FULVIO NOBILIORE,,,Scontro frontale/laterale SX fra veicoli in marcia,Incrocio,Una carreggiata a senso unico di marcia,Bagnato (pioggia),Asfaltata,Verticale ed orizzontale,Pioggia in atto,Normale,Buona,Ore Diurne,0,0,0,3,12.5662,41.8607,-1,1,Autovettura privata,In marcia / fermata / arresto,Conducente,M,Illeso,0,,Non accertato,Inesploso,
3957899,10,20/08/2018 17:00:00,Strada Urbana,VIA GIUSEPPE SALVIOLI,all'intersezione con,VIALE MARCO FULVIO NOBILIORE,VIALE MARCO FULVIO NOBILIORE,,,Scontro frontale/laterale SX fra veicoli in marcia,Incrocio,Una carreggiata a senso unico di marcia,Bagnato (pioggia),Asfaltata,Verticale ed orizzontale,Pioggia in atto,Normale,Buona,Ore Diurne,0,0,0,3,12.5662,41.8607,-1,1,Autovettura privata,In marcia / fermata / arresto,Passeggero,F,Illeso,0,,Non accertato,Inesploso,
3957899,10,20/08/2018 17:00:00,Strada Urbana,VIA GIUSEPPE SALVIOLI,all'intersezione con,VIALE MARCO FULVIO NOBILIORE,VIALE MARCO FULVIO NOBILIORE,,,Scontro frontale/laterale SX fra veicoli in marcia,Incrocio,Una carreggiata a senso unico di marcia,Bagnato (pioggia),Asfaltata,Verticale ed orizzontale,Pioggia in atto,Normale,Buona,Ore Diurne,0,0,0,3,12.5662,41.8607,-1,2,Autovettura privata,In marcia / fermata / arresto,Conducente,M,Illeso,0,,Non accertato,Inesploso,
3957930,20,20/08/2018 11:50:00,Regionale entro l'abitato,VIA CASSIA,all'intersezione con,VIA DELLA STORTA,VIA DELLA STORTA,,,Scontro laterale fra veicoli in marcia,Intersezione non regolata/non segnalata,Una carreggiata a doppio senso,Asciutto,Asfaltata,Orizzontale,Sereno,Normale,Buona,Ore Diurne,2,0,0,2,12.4139,41.9827,-1,1,Autovettura privata,In marcia / fermata / arresto,Conducente,F,Illeso,0,,Non accertato,Inesploso,
3957930,20,20/08/2018 11:50:00,Regionale entro l'abitato,VIA CASSIA,all'intersezione con,VIA DELLA STORTA,VIA DELLA STORTA,,,Scontro laterale fra veicoli in marcia,Intersezione non regolata/non segnalata,Una carreggiata a doppio senso,Asciutto,Asfaltata,Orizzontale,Sereno,Normale,Buona,Ore Diurne,2,0,0,2,12.4139,41.9827,-1,1,Autovettura privata,In marcia / fermata / arresto,Passeggero,M,Illeso,0,,Non accertato,Inesploso,
3957930,20,20/08/2018 11:50:00,Regionale entro l'abitato,VIA CASSIA,all'intersezione con,VIA DELLA STORTA,VIA DELLA STORTA,,,Scontro laterale fra veicoli in marcia,Intersezione non regolata/non segnalata,Una carreggiata a doppio senso,Asciutto,Asfaltata,Orizzontale,Sereno,Normale,Buona,Ore Diurne,2,0,0,2,12.4139,41.9827,-1,2,Motociclo con passeggero,In marcia / fermata / arresto,Conducente,M,Ricoverato,0,NON DECEDUTO,,,
3957930,20,20/08/2018 11:50:00,Regionale entro l'abitato,VIA CASSIA,all'intersezione con,VIA DELLA STORTA,VIA DELLA STORTA,,,Scontro laterale fra veicoli in marcia,Intersezione non regolata/non segnalata,Una carreggiata a doppio senso,Asciutto,Asfaltata,Orizzontale,Sereno,Normale,Buona,Ore Diurne,2,0,0,2,12.4139,41.9827,-1,2,Motociclo con passeggero,In marcia / fermata / arresto,Passeggero,F,Rifiuta cure immediate,0,NON DECEDUTO,Non accertato,,
3957932,12,20/08/2018 17:45:00,Strada Urbana,VIALE CITTA' D'EUROPA,in prossimit�,,del civico n.,142,,Veicolo in marcia contro ostacolo fisso,Curva a visuale libera,Due carreggiate,Bagnato (pioggia),Asfaltata,Verticale ed orizzontale,Pioggia in atto,Scarso,Buona,Ore Diurne,0,0,0,2,12.449,41.8215,-1,1,Autovettura privata,In marcia / fermata / arresto,Conducente,F,Illeso,0,,Non accertato,Inesploso,
3957932,12,20/08/2018 17:45:00,Strada Urbana,VIALE CITTA' D'EUROPA,in prossimit�,,del civico n.,142,,Veicolo in marcia contro ostacolo fisso,Curva a visuale libera,Due carreggiate,Bagnato (pioggia),Asfaltata,Verticale ed orizzontale,Pioggia in atto,Scarso,Buona,Ore Diurne,0,0,0,2,12.449,41.8215,-1,1,Autovettura privata,In marcia / fermata / arresto,Passeggero,F,Illeso,0,,Non accertato,Inesploso,
3958186,9,20/08/2018 16:40:00,Strada Urbana,VIA TUSCOLANA,in corrispondenza,,del civico n.,624,,Scontro laterale fra veicoli in marcia,Rettilineo,Due carreggiate,Bagnato (umidit� in atto),Asfaltata,Orizzontale,Nuvoloso,Normale,Buona,Ore Diurne,0,0,0,2,12.5388,41.8685,-1,1,Autovettura privata,In marcia / fermata / arresto,Conducente,M,Illeso,0,,Non accertato,Inesploso,
3958186,9,20/08/2018 16:40:00,Strada Urbana,VIA TUSCOLANA,in corrispondenza,,del civico n.,624,,Scontro laterale fra veicoli in marcia,Rettilineo,Due carreggiate,Bagnato (umidit� in atto),Asfaltata,Orizzontale,Nuvoloso,Normale,Buona,Ore Diurne,0,0,0,2,12.5388,41.8685,-1,2,Autocarro inferiore 35 q.,In marcia / fermata / arresto,Conducente,M,Illeso,0,,Non accertato,Inesploso,
3958187,8,20/08/2018 15:20:00,Strada Urbana,VIA DI LUNGHEZZINA,da specificare,,,,a 200 mt. dal civico 95 direzione LUNGHEZZA,Veicolo in marcia contro ostacolo accidentale,Rettilineo,Una carreggiata a doppio senso,Bagnato (pioggia),Asfaltata,Orizzontale,Pioggia in atto,Scarso,Buona,Ore Diurne,1,0,0,0,12.707,41.9296,-1,1,Autovettura privata,In marcia / fermata / arresto,Conducente,M,Rimandato,0,NON DECEDUTO,Non accertato,Inesploso,
3958189,8,20/08/2018 11:30:00,,VIA DI TOR BELLA MONACA,da specificare,,,,direzione PRENESTINA, ramapa via ARCHEOLOGIA,Veicolo in marcia contro ostacolo fisso,,,,,,,,,,0,0,0,2,,,0,1,Autovettura privata,In marcia / fermata / arresto,Conducente,M,Illeso,0,,Non accertato,Inesploso
3958189,8,20/08/2018 11:30:00,,VIA DI TOR BELLA MONACA,da specificare,,,,direzione PRENESTINA, ramapa via ARCHEOLOGIA,Veicolo in marcia contro ostacolo fisso,,,,,,,,,,0,0,0,2,,,0,1,Autovettura privata,In marcia / fermata / arresto,Passeggero,M,Illeso,0,,Non accertato,Inesploso
3958191,9,20/08/2018 17:15:00,Strada Urbana,PIAZZA CAMERINO,all'intersezione semaforizzata con,VIA LA SPEZIA,VIA LA SPEZIA,,,Scontro laterale fra veicoli in marcia,Intersezione semaforizzata,Una carreggiata a doppio senso,Bagnato (pioggia),Asfaltata,Verticale ed orizzontale,Nuvoloso,Scarso,Buona,Ore Diurne,1,0,0,2,12.519,41.8869,-1,1,Autovettura privata,In marcia / fermata / arresto,Conducente,F,Illeso,0,,,,
3958191,9,20/08/2018 17:15:00,Strada Urbana,PIAZZA CAMERINO,all'intersezione semaforizzata con,VIA LA SPEZIA,VIA LA SPEZIA,,,Scontro laterale fra veicoli in marcia,Intersezione semaforizzata,Una carreggiata a doppio senso,Bagnato (pioggia),Asfaltata,Verticale ed orizzontale,Nuvoloso,Scarso,Buona,Ore Diurne,1,0,0,2,12.519,41.8869,-1,2,Motociclo con passeggero,In marcia / fermata / arresto,Conducente,M,Rimandato,0,NON DECEDUTO,,,
3958191,9,20/08/2018 17:15:00,Strada Urbana,PIAZZA CAMERINO,all'intersezione semaforizzata con,VIA LA SPEZIA,VIA LA SPEZIA,,,Scontro laterale fra veicoli in marcia,Intersezione semaforizzata,Una carreggiata a doppio senso,Bagnato (pioggia),Asfaltata,Verticale ed orizzontale,Nuvoloso,Scarso,Buona,Ore Diurne,1,0,0,2,12.519,41.8869,-1,2,Motociclo con passeggero,In marcia / fermata / arresto,Passeggero,F,Illeso,0,,,,
3958193,8,20/08/2018 16:40:00,Strada Urbana,VIA CASILINA,all'intersezione semaforizzata con,VIA DI TOR VERGATA,VIA DI TOR VERGATA,,,Tamponamento,Intersezione semaforizzata,Una carreggiata a senso unico di marcia,Bagnato (pioggia),Asfaltata,Verticale ed orizzontale,Nuvoloso,Scarso,Buona,Ore Diurne,1,0,0,1,12.6194,41.8629,-1,1,Autobus di linea,In marcia / fermata / arresto,Conducente,M,Illeso,0,,Non accertato,Inesploso,
3958193,8,20/08/2018 16:40:00,Strada Urbana,VIA CASILINA,all'intersezione semaforizzata con,VIA DI TOR VERGATA,VIA DI TOR VERGATA,,,Tamponamento,Intersezione semaforizzata,Una carreggiata a senso unico di marcia,Bagnato (pioggia),Asfaltata,Verticale ed orizzontale,Nuvoloso,Scarso,Buona,Ore Diurne,1,0,0,1,12.6194,41.8629,-1,2,Autovettura privata,In marcia / fermata / arresto,Conducente,M,Rifiuta cure immediate,0,NON DECEDUTO,Non accertato,Inesploso,
3958196,11,21/08/2018 00:20:00,Strada Urbana,VIA ARDEATINA,in corrispondenza,,del palo luce n.,439,,Fuoriuscita dalla sede stradale,Rotatoria,Pi� di due carreggiate,Asciutto,Asfaltata,Verticale ed orizzontale,Sereno,Scarso,Sufficiente,Sufficiente,1,0,0,0,12.5282,41.8103,-1,1,Autovettura privata,In marcia / fermata / arresto,Conducente,M,Rimandato,0,NON DECEDUTO,,,
3958212,15,20/08/2018 14:00:00,Strada Urbana,VIA DELLA MAGLIANA,da specificare,,,,altezza fermata atac n. 78828,Tamponamento,Rettilineo,Una carreggiata a doppio senso,Asciutto,Asfaltata,Verticale ed orizzontale,Sereno,Normale,Buona,Ore Diurne,0,0,0,2,12.4196,41.8317,-1,1,Motociclo a solo,In marcia / fermata / arresto,Conducente,M,Illeso,0,,Non accertato,,
3958212,15,20/08/2018 14:00:00,Strada Urbana,VIA DELLA MAGLIANA,da specificare,,,,altezza fermata atac n. 78828,Tamponamento,Rettilineo,Una carreggiata a doppio senso,Asciutto,Asfaltata,Verticale ed orizzontale,Sereno,Normale,Buona,Ore Diurne,0,0,0,2,12.4196,41.8317,-1,2,Autovettura privata,In marcia / fermata / arresto,Conducente,M,Illeso,0,,Non accertato,Inesploso,
3958214,3,19/08/2018 17:00:00,Strada Urbana,VIA TIBURTINA,all'intersezione semaforizzata con,PIAZZALE VALERIO MASSIMO,PIAZZALE VALERIO MASSIMO,,,Veicolo in marcia contro veicoli fermi,Incrocio,Una carreggiata a senso unico di marcia,Asciutto,Asfaltata,Verticale ed orizzontale,Sereno,Scarso,Buona,Ore Diurne,1,0,0,4,12.5738,41.9256,-1,1,Autovettura privata,In marcia / fermata / arresto,Conducente,M,Illeso,0,,Non accertato,Inesploso,