Protocollo,Gruppo,DataOraIncidente,Localizzazione1,STRADA1,Localizzazione2,STRADA2,Strada02,Chilometrica,DaSpecificare,NaturaIncidente,particolaritastrade,TipoStrada,FondoStradale,Pavimentazione,Segnaletica,CondizioneAtmosferica,Traffico,Visibilita,Illuminazione,NUM_FERITI,NUM_RISERVATA,NUM_MORTI,NUM_ILLESI,Longitudine,Latitudine,Confermato,Progressivo,TipoVeicolo,StatoVeicolo,TipoPersona,Sesso,Tipolesione,Deceduto,DecedutoDopo,CinturaCascoUtilizzato,Airbag,
3958761,9,21/08/2018 13:10:00,Strada Urbana,PIAZZA EPIRO,da specificare,,,,VIA AQUITANIA,Investimento di pedone,Rettilineo,Una carreggiata a senso unico di marcia,Asciutto,Asfaltata,Verticale,Sereno,Scarso,Buona,Ore Diurne,1,0,0,1,12.5033,41.8792,-1,,,,Pedone,F,Rimandato,0,NON DECEDUTO,,,
3958761,9,21/08/2018 13:10:00,Strada Urbana,PIAZZA EPIRO,da specificare,,,,VIA AQUITANIA,Investimento di pedone,Rettilineo,Una carreggiata a senso unico di marcia,Asciutto,Asfaltata,Verticale,Sereno,Scarso,Buona,Ore Diurne,1,0,0,1,12.5033,41.8792,-1,1,Autovettura privata,In marcia / fermata / arresto,Conducente,M,Illeso,0,,Non accertato,Inesploso,
3958762,17,21/08/2018 09:00:00,Strada Urbana,VIA ANDREA DORIA,in corrispondenza,,del civico n.,36/A,,Veicolo in marcia contro veicolo fermo,Rettilineo,Una carreggiata a doppio senso,Asciutto,Asfaltata,Verticale ed orizzontale,Sereno,Normale,Buona,Ore Diurne,0,0,0,2,12.4523,41.91,-1,1,Autovettura privata,In marcia / fermata / arresto,Conducente,F,Illeso,0,,,,
3958762,17,21/08/2018 09:00:00,Strada Urbana,VIA ANDREA DORIA,in corrispondenza,,del civico n.,36/A,,Veicolo in marcia contro veicolo fermo,Rettilineo,Una carreggiata a doppio senso,Asciutto,Asfaltata,Verticale ed orizzontale,Sereno,Normale,Buona,Ore Diurne,0,0,0,2,12.4523,41.91,-1,2,Autocarro inferiore 35 q.,In marcia / fermata / arresto,Conducente,M,Illeso,0,,,,
3958770,1,21/08/2018 11:10:00,Strada Urbana,VIA BONCOMPAGNI,all'intersezione semaforizzata con,VIA PIEMONTE,VIA PIEMONTE,,,Scontro frontale/laterale SX fra veicoli in marcia,Incrocio,Una carreggiata a doppio senso,Asciutto,Asfaltata,Verticale ed orizzontale,Sereno,Normale,Buona,Ore Diurne,0,0,0,3,12.4935,41.9084,-1,1,Autovettura privata,In marcia / fermata / arresto,Conducente,F,Illeso,0,,,,
3958770,1,21/08/2018 11:10:00,Strada Urbana,VIA BONCOMPAGNI,all'intersezione semaforizzata con,VIA PIEMONTE,VIA PIEMONTE,,,Scontro frontale/laterale SX fra veicoli in marcia,Incrocio,Una carreggiata a doppio senso,Asciutto,Asfaltata,Verticale ed orizzontale,Sereno,Normale,Buona,Ore Diurne,0,0,0,3,12.4935,41.9084,-1,2,Autovettura privata,In marcia / fermata / arresto,Conducente,M,Illeso,0,,,,
3958770,1,21/08/2018 11:10:00,Strada Urbana,VIA BONCOMPAGNI,all'intersezione semaforizzata con,VIA PIEMONTE,VIA PIEMONTE,,,Scontro frontale/laterale SX fra veicoli in marcia,Incrocio,Una carreggiata a doppio senso,Asciutto,Asfaltata,Verticale ed orizzontale,Sereno,Normale,Buona,Ore Diurne,0,0,0,3,12.4935,41.9084,-1,2,Autovettura privata,In marcia / fermata / arresto,Passeggero,M,Illeso,0,,,,
3958779,17,21/08/2018 14:20:00,Strada Urbana,VIA SANTAMAURA,all'intersezione con,VIA CANDIA,VIA CANDIA,,,Scontro laterale fra veicoli in marcia,Incrocio,Una carreggiata a senso unico di marcia,Asciutto,Asfaltata,Verticale ed orizzontale,Sereno,Scarso,Buona,Ore Diurne,0,0,0,2,12.4538,41.9083,-1,1,Autovettura privata,In marcia / fermata / arresto,Conducente,M,Illeso,0,,,,
3958779,17,21/08/2018 14:20:00,Strada Urbana,VIA SANTAMAURA,all'intersezione con,VIA CANDIA,VIA CANDIA,,,Scontro laterale fra veicoli in marcia,Incrocio,Una carreggiata a senso unico di marcia,Asciutto,Asfaltata,Verticale ed orizzontale,Sereno,Scarso,Buona,Ore Diurne,0,0,0,2,12.4538,41.9083,-1,2,Autovettura pubblica,In marcia / fermata / arresto,Conducente,M,Illeso,0,,,,
3958800,1,14/08/2018 14:10:00,Strada Urbana,PASSEGGIATA DEL GIANICOLO,da specificare,,,,IN PROSSIMITA DEL PALO LUCE N. 2,Veicolo in marcia contro ostacolo fisso,Curva a visuale libera,Una carreggiata a doppio senso,Bagnato (umidit� in atto),Asfaltata,Verticale ed orizzontale,Sereno,Normale,Buona,Ore Diurne,0,0,0,1,,,0,1,Autobus di linea,In marcia / fermata / arresto,Conducente,M,Illeso,0,,,,
3958841,6,21/08/2018 14:15:00,Strada Urbana,VIA SILVIO BENCO,all'intersezione con,VIA GIORGIO PITACCO,VIA GIORGIO PITACCO,,,Scontro frontale/laterale DX fra veicoli in marcia,Incrocio,Una carreggiata a senso unico di marcia,Asciutto,Asfaltata,Verticale ed orizzontale,Sereno,Scarso,Buona,Ore Diurne,1,0,0,1,12.5475,41.8947,-1,1,Autovettura privata,In marcia / fermata / arresto,Conducente,M,Illeso,0,,Non accertato,Inesploso,
3958841,6,21/08/2018 14:15:00,Strada Urbana,VIA SILVIO BENCO,all'intersezione con,VIA GIORGIO PITACCO,VIA GIORGIO PITACCO,,,Scontro frontale/laterale DX fra veicoli in marcia,Incrocio,Una carreggiata a senso unico di marcia,Asciutto,Asfaltata,Verticale ed orizzontale,Sereno,Scarso,Buona,Ore Diurne,1,0,0,1,12.5475,41.8947,-1,2,Motociclo a solo,In marcia / fermata / arresto,Conducente,M,Rimandato,0,NON DECEDUTO,Non accertato,,
3958878,17,21/08/2018 15:50:00,Strada Urbana,VIA S. PIO X,all'intersezione con,BORGO S. SPIRITO,BORGO S. SPIRITO,,,Scontro laterale fra veicoli in marcia,Incrocio,Una carreggiata a senso unico di marcia,Asciutto,Asfaltata,Verticale ed orizzontale,Sereno,Normale,Buona,Ore Diurne,1,0,0,1,12.4634,41.9018,-1,1,Autobus turistico,In marcia / fermata / arresto,Conducente,M,Illeso,0,,,,
3958878,17,21/08/2018 15:50:00,Strada Urbana,VIA S. PIO X,all'intersezione con,BORGO S. SPIRITO,BORGO S. SPIRITO,,,Scontro laterale fra veicoli in marcia,Incrocio,Una carreggiata a senso unico di marcia,Asciutto,Asfaltata,Verticale ed orizzontale,Sereno,Normale,Buona,Ore Diurne,1,0,0,1,12.4634,41.9018,-1,2,Motociclo a solo,In marcia / fermata / arresto,Conducente,M,Rimandato,0,NON DECEDUTO,,,
3958943,16,20/08/2018 15:15:00,Strada Urbana,CIRCONVALLAZIONE GIANICOLENSE,all'intersezione semaforizzata con,VIALE DEI COLLI PORTUENSI,VIALE DEI COLLI PORTUENSI,,,Scontro frontale/laterale DX fra veicoli in marcia,Intersezione semaforizzata,Pi� di due carreggiate,Asciutto,Asfaltata,Verticale ed orizzontale,Sereno,Normale,Buona,Ore Diurne,1,0,0,2,12.4496,41.8725,-1,1,Autovettura privata,In marcia / fermata / arresto,Conducente,M,Illeso,0,,Non accertato,Inesploso,
3958943,16,20/08/2018 15:15:00,Strada Urbana,CIRCONVALLAZIONE GIANICOLENSE,all'intersezione semaforizzata con,VIALE DEI COLLI PORTUENSI,VIALE DEI COLLI PORTUENSI,,,Scontro frontale/laterale DX fra veicoli in marcia,Intersezione semaforizzata,Pi� di due carreggiate,Asciutto,Asfaltata,Verticale ed orizzontale,Sereno,Normale,Buona,Ore Diurne,1,0,0,2,12.4496,41.8725,-1,2,Autovettura privata,In marcia / fermata / arresto,Conducente,M,Illeso,0,,Non accertato,Inesploso,
3958943,16,20/08/2018 15:15:00,Strada Urbana,CIRCONVALLAZIONE GIANICOLENSE,all'intersezione semaforizzata con,VIALE DEI COLLI PORTUENSI,VIALE DEI COLLI PORTUENSI,,,Scontro frontale/laterale DX fra veicoli in marcia,Intersezione semaforizzata,Pi� di due carreggiate,Asciutto,Asfaltata,Verticale ed orizzontale,Sereno,Normale,Buona,Ore Diurne,1,0,0,2,12.4496,41.8725,-1,2,Autovettura privata,In marcia / fermata / arresto,Passeggero,F,Rimandato,0,NON DECEDUTO,Non accertato,Inesploso,
3958953,16,21/08/2018 11:40:00,Strada Urbana,VIA ETTORE ROLLI,in corrispondenza,,del civico n.,53,,Scontro laterale fra veicoli in marcia,Rettilineo,Una carreggiata a doppio senso,Asciutto,Asfaltata,Verticale ed orizzontale,Sereno,Normale,Buona,Ore Diurne,1,0,0,1,12.4677,41.8731,-1,1,Autovettura privata,In marcia / fermata / arresto,Conducente,F,Illeso,0,,Non accertato,,
3958953,16,21/08/2018 11:40:00,Strada Urbana,VIA ETTORE ROLLI,in corrispondenza,,del civico n.,53,,Scontro laterale fra veicoli in marcia,Rettilineo,Una carreggiata a doppio senso,Asciutto,Asfaltata,Verticale ed orizzontale,Sereno,Normale,Buona,Ore Diurne,1,0,0,1,12.4677,41.8731,-1,2,Motociclo a solo,In marcia / fermata / arresto,Conducente,M,Rimandato,0,NON DECEDUTO,Non accertato,,
3958992,12,21/08/2018 18:20:00,Provinciale,VIA LAURENTINA,da specificare,,,,km 18.000 direzione Roma,Veicolo in marcia contro ostacolo fisso,Rettilineo,Una carreggiata a doppio senso,Asciutto,Asfaltata,Verticale ed orizzontale,Nuvoloso,Normale,Buona,Ore Diurne,0,0,0,1,12.4807,41.7786,-1,1,Autovettura privata,In marcia / fermata / arresto,Conducente,M,Illeso,0,,Utilizzato,Inesploso,
3959116,11,21/08/2018 22:15:00,Strada Urbana,PIAZZA GUGLIELMO MARCONI,in prossimit�,,del palo luce n.,69,,Scontro frontale/laterale SX fra veicoli in marcia,Rotatoria,Pi� di due carreggiate,Asciutto,Asfaltata,Verticale ed orizzontale,Sereno,Normale,Buona,Sufficiente,1,0,0,2,12.4711,41.8335,-1,1,Motociclo a solo,In marcia / fermata / arresto,Conducente,M,Rifiuta cure immediate,0,NON DECEDUTO,Non accertato,,
3959116,11,21/08/2018 22:15:00,Strada Urbana,PIAZZA GUGLIELMO MARCONI,in prossimit�,,del palo luce n.,69,,Scontro frontale/laterale SX fra veicoli in marcia,Rotatoria,Pi� di due carreggiate,Asciutto,Asfaltata,Verticale ed orizzontale,Sereno,Normale,Buona,Sufficiente,1,0,0,2,12.4711,41.8335,-1,2,Autovettura privata,In marcia / fermata / arresto,Conducente,M,Illeso,0,,Non accertato,Inesploso,
3959116,11,21/08/2018 22:15:00,Strada Urbana,PIAZZA GUGLIELMO MARCONI,in prossimit�,,del palo luce n.,69,,Scontro frontale/laterale SX fra veicoli in marcia,Rotatoria,Pi� di due carreggiate,Asciutto,Asfaltata,Verticale ed orizzontale,Sereno,Normale,Buona,Sufficiente,1,0,0,2,12.4711,41.8335,-1,2,Autovettura privata,In marcia / fermata / arresto,Passeggero,F,Illeso,0,,Non accertato,Inesploso,
3959186,10,21/08/2018 12:30:00,Strada Urbana,VIA MARIO BROGLIO,all'intersezione con,VIA ENZO BENEDETTO,VIA ENZO BENEDETTO,,,Scontro frontale/laterale SX fra veicoli in marcia,Incrocio,Una carreggiata a doppio senso,Asciutto,Asfaltata,Verticale ed orizzontale,Sereno,Scarso,Buona,Ore Diurne,1,0,0,1,12.5811,41.8335,-1,1,Autovettura privata,In marcia / fermata / arresto,Conducente,F,Illeso,0,,Non accertato,Inesploso,
3959186,10,21/08/2018 12:30:00,Strada Urbana,VIA MARIO BROGLIO,all'intersezione con,VIA ENZO BENEDETTO,VIA ENZO BENEDETTO,,,Scontro frontale/laterale SX fra veicoli in marcia,Incrocio,Una carreggiata a doppio senso,Asciutto,Asfaltata,Verticale ed orizzontale,Sereno,Scarso,Buona,Ore Diurne,1,0,0,1,12.5811,41.8335,-1,2,Motociclo a solo,In marcia / fermata / arresto,Conducente,M,Rimandato,0,NON DECEDUTO,Non accertato,,
3959187,15,21/08/2018 22:00:00,,VIA DI MALNOME,da specificare,,,,160 mt. dopo tiro a volo pisana (dir. v. Muratella,Fuoriuscita dalla sede stradale,,,,,,,,,,0,0,1,0,12.301,41.8403,0,1,Autovettura privata,In marcia / fermata / arresto,Conducente,M,Deceduto sul posto,-1,,,,
3959190,5,21/08/2018 16:30:00,Strada Urbana,VIA TIBURTINA,da specificare,,,,prossimit� via Casal dei Pazzi,Scontro laterale fra veicoli in marcia,Rettilineo,Pi� di due carreggiate,Bagnato (umidit� in atto),Asfaltata,Verticale ed orizzontale,Pioggia in atto,Normale,Buona,Ore Diurne,0,0,0,5,12.5711,41.9245,-1,1,Autovettura privata,In marcia / fermata / arresto,Conducente,M,Illeso,0,,Non accertato,Inesploso,
3959190,5,21/08/2018 16:30:00,Strada Urbana,VIA TIBURTINA,da specificare,,,,prossimit� via Casal dei Pazzi,Scontro laterale fra veicoli in marcia,Rettilineo,Pi� di due carreggiate,Bagnato (umidit� in atto),Asfaltata,Verticale ed orizzontale,Pioggia in atto,Normale,Buona,Ore Diurne,0,0,0,5,12.5711,41.9245,-1,1,Autovettura privata,In marcia / fermata / arresto,Passeggero,F,Illeso,0,,Non accertato,Inesploso,
3959190,5,21/08/2018 16:30:00,Strada Urbana,VIA TIBURTINA,da specificare,,,,prossimit� via Casal dei Pazzi,Scontro laterale fra veicoli in marcia,Rettilineo,Pi� di due carreggiate,Bagnato (umidit� in atto),Asfaltata,Verticale ed orizzontale,Pioggia in atto,Normale,Buona,Ore Diurne,0,0,0,5,12.5711,41.9245,-1,1,Autovettura privata,In marcia / fermata / arresto,Passeggero,M,Illeso,0,,Non accertato,Inesploso,
3959190,5,21/08/2018 16:30:00,Strada Urbana,VIA TIBURTINA,da specificare,,,,prossimit� via Casal dei Pazzi,Scontro laterale fra veicoli in marcia,Rettilineo,Pi� di due carreggiate,Bagnato (umidit� in atto),Asfaltata,Verticale ed orizzontale,Pioggia in atto,Normale,Buona,Ore Diurne,0,0,0,5,12.5711,41.9245,-1,1,Autovettura privata,In marcia / fermata / arresto,Passeggero,M,Illeso,0,,Non accertato,Inesploso,
3959190,5,21/08/2018 16:30:00,Strada Urbana,VIA TIBURTINA,da specificare,,,,prossimit� via Casal dei Pazzi,Scontro laterale fra veicoli in marcia,Rettilineo,Pi� di due carreggiate,Bagnato (umidit� in atto),Asfaltata,Verticale ed orizzontale,Pioggia in atto,Normale,Buona,Ore Diurne,0,0,0,5,12.5711,41.9245,-1,2,Autovettura privata,In marcia / fermata / arresto,Conducente,F,Illeso,0,,Non accertato,Inesploso,
3959192,8,21/08/2018 08:45:00,Strada Urbana,VIA ANDREA NOALE,in corrispondenza,,del palo luce n.,20,,Scontro frontale fra veicoli in marcia,Curva a visuale libera,Una carreggiata a doppio senso,Asciutto,Asfaltata,Verticale ed orizzontale,Sereno,Normale,Buona,Ore Diurne,1,0,0,1,12.6256,41.9132,-1,1,Autovettura privata,In marcia / fermata / arresto,Conducente,M,Illeso,0,,Non accertato,Inesploso,
3959192,8,21/08/2018 08:45:00,Strada Urbana,VIA ANDREA NOALE,in corrispondenza,,del palo luce n.,20,,Scontro frontale fra veicoli in marcia,Curva a visuale libera,Una carreggiata a doppio senso,Asciutto,Asfaltata,Verticale ed orizzontale,Sereno,Normale,Buona,Ore Diurne,1,0,0,1,12.6256,41.9132,-1,2,Motociclo a solo,In marcia / fermata / arresto,Conducente,M,Rifiuta cure immediate,0,NON DECEDUTO,,,
3959193,10,21/08/2018 13:00:00,Strada Urbana,VIA ANAGNINA,all'intersezione semaforizzata con,VIA DEI SETTE METRI,VIA DEI SETTE METRI,,,Scontro frontale/laterale DX fra veicoli in marcia,Intersezione semaforizzata,Due carreggiate,Asciutto,Asfaltata,Verticale ed orizzontale,Sereno,Scarso,Buona,Ore Diurne,2,0,0,0,12.6114,41.8199,-1,1,Autovettura privata,In marcia / fermata / arresto,Conducente,M,Ricoverato,0,NON DECEDUTO,Non utilizzato,Esploso,
3959193,10,21/08/2018 13:00:00,Strada Urbana,VIA ANAGNINA,all'intersezione semaforizzata con,VIA DEI SETTE METRI,VIA DEI SETTE METRI,,,Scontro frontale/laterale DX fra veicoli in marcia,Intersezione semaforizzata,Due carreggiate,Asciutto,Asfaltata,Verticale ed orizzontale,Sereno,Scarso,Buona,Ore Diurne,2,0,0,0,12.6114,41.8199,-1,2,Autovettura privata,In marcia / fermata / arresto,Conducente,M,Rimandato,0,NON DECEDUTO,Non accertato,Esploso,
3959197,8,21/08/2018 14:15:00,Strada Urbana,VIALE DUILIO CAMBELLOTTI,da specificare,,,,altezza attrav. pedonale semaf. pross.Via BALBIANI,Veicolo in marcia contro veicolo fermo,Rettilineo,Due carreggiate,Asciutto,Asfaltata,Verticale ed orizzontale,Sereno,Normale,Buona,Ore Diurne,1,0,0,1,12.6297,41.8674,-1,1,Autovettura privata,In marcia / fermata / arresto,Conducente,F,Rifiuta cure immediate,0,NON DECEDUTO,Non accertato,Inesploso,
3959197,8,21/08/2018 14:15:00,Strada Urbana,VIALE DUILIO CAMBELLOTTI,da specificare,,,,altezza attrav. pedonale semaf. pross.Via BALBIANI,Veicolo in marcia contro veicolo fermo,Rettilineo,Due carreggiate,Asciutto,Asfaltata,Verticale ed orizzontale,Sereno,Normale,Buona,Ore Diurne,1,0,0,1,12.6297,41.8674,-1,2,Autovettura privata,In marcia / fermata / arresto,Conducente,M,Illeso,0,,Non accertato,Esploso,
3959207,8,21/08/2018 15:30:00,Provinciale entro l'abitato,VIA POLENSE,all'intersezione con,VIA MASSA DI SAN GIULIANO,VIA MASSA DI SAN GIULIANO,,,Scontro laterale fra veicoli in marcia,Incrocio,Una carreggiata a doppio senso,Bagnato (pioggia),Asfaltata,Verticale ed orizzontale,Pioggia in atto,Normale,Buona,Ore Diurne,0,0,0,4,12.7079,41.902,-1,1,Autocarro inferiore 35 q.,In marcia / fermata / arresto,Conducente,M,Illeso,0,,Non accertato,Inesploso,
3959207,8,21/08/2018 15:30:00,Provinciale entro l'abitato,VIA POLENSE,all'intersezione con,VIA MASSA DI SAN GIULIANO,VIA MASSA DI SAN GIULIANO,,,Scontro laterale fra veicoli in marcia,Incrocio,Una carreggiata a doppio senso,Bagnato (pioggia),Asfaltata,Verticale ed orizzontale,Pioggia in atto,Normale,Buona,Ore Diurne,0,0,0,4,12.7079,41.902,-1,1,Autocarro inferiore 35 q.,In marcia / fermata / arresto,Passeggero,M,Illeso,0,,Non accertato,Inesploso,
3959207,8,21/08/2018 15:30:00,Provinciale entro l'abitato,VIA POLENSE,all'intersezione con,VIA MASSA DI SAN GIULIANO,VIA MASSA DI SAN GIULIANO,,,Scontro laterale fra veicoli in marcia,Incrocio,Una carreggiata a doppio senso,Bagnato (pioggia),Asfaltata,Verticale ed orizzontale,Pioggia in atto,Normale,Buona,Ore Diurne,0,0,0,4,12.7079,41.902,-1,1,Autocarro inferiore 35 q.,In marcia / fermata / arresto,Passeggero,M,Illeso,0,,Non accertato,Inesploso,
3959207,8,21/08/2018 15:30:00,Provinciale entro l'abitato,VIA POLENSE,all'intersezione con,VIA MASSA DI SAN GIULIANO,VIA MASSA DI SAN GIULIANO,,,Scontro laterale fra veicoli in marcia,Incrocio,Una carreggiata a doppio senso,Bagnato (pioggia),Asfaltata,Verticale ed orizzontale,Pioggia in atto,Normale,Buona,Ore Diurne,0,0,0,4,12.7079,41.902,-1,2,Autovettura privata,In marcia / fermata / arresto,Conducente,F,Illeso,0,,Non accertato,Inesploso,
3959210,5,21/08/2018 17:00:00,,VIA RINALDO D'AQUINO,in prossimit�,,del palo luce n.,7,,Veicolo in marcia contro ostacolo fisso,,,,,,,,,,1,0,0,0,12.6104,41.9615,0,1,Autovettura privata,In marcia / fermata / arresto,Conducente,F,Rimandato,0,NON DECEDUTO,,,
3959211,8,21/08/2018 23:00:00,,VIA CASILINA,da specificare,,,,altezza VIA SILICELLA,Veicolo in marcia contro ostacolo fisso,,,,,,,,,,0,0,0,1,,,0,1,Autovettura privata,In marcia / fermata / arresto,Conducente,F,Illeso,0,,,,
3959215,7,21/08/2018 17:55:00,Strada Urbana,VIA DAVIDE CAMPARI,in corrispondenza,,del civico n.,190,,Investimento di pedone,Rettilineo,Una carreggiata a doppio senso,Bagnato (pioggia),Asfaltata,Orizzontale,Nuvoloso,Normale,Buona,Ore Diurne,1,0,0,1,12.5868,41.886,-1,,,,Pedone,M,Rimandato,0,NON DECEDUTO,,,
3959215,7,21/08/2018 17:55:00,Strada Urbana,VIA DAVIDE CAMPARI,in corrispondenza,,del civico n.,190,,Investimento di pedone,Rettilineo,Una carreggiata a doppio senso,Bagnato (pioggia),Asfaltata,Orizzontale,Nuvoloso,Normale,Buona,Ore Diurne,1,0,0,1,12.5868,41.886,-1,1,Autovettura privata,In marcia / fermata / arresto,Conducente,M,Illeso,0,,,,
3959221,13,21/08/2018 16:45:00,Strada Urbana,VIA CESARE MACCARI,all'intersezione con,VIA TELEMACO SIGNORINI,VIA TELEMACO SIGNORINI,,,Scontro frontale/laterale DX fra veicoli in marcia,Incrocio,Una carreggiata a doppio senso,Asciutto,Asfaltata,Verticale ed orizzontale,Sereno,Normale,Buona,Ore Diurne,4,0,0,0,12.3568,41.7757,-1,1,Autovettura privata,In marcia / fermata / arresto,Conducente,M,Rimandato,0,NON DECEDUTO,Non accertato,Esploso,
3959221,13,21/08/2018 16:45:00,Strada Urbana,VIA CESARE MACCARI,all'intersezione con,VIA TELEMACO SIGNORINI,VIA TELEMACO SIGNORINI,,,Scontro frontale/laterale DX fra veicoli in marcia,Incrocio,Una carreggiata a doppio senso,Asciutto,Asfaltata,Verticale ed orizzontale,Sereno,Normale,Buona,Ore Diurne,4,0,0,0,12.3568,41.7757,-1,2,Autovettura privata,In marcia / fermata / arresto,Conducente,M,Rimandato,0,NON DECEDUTO,Non accertato,Esploso,
3959221,13,21/08/2018 16:45:00,Strada Urbana,VIA CESARE MACCARI,all'intersezione con,VIA TELEMACO SIGNORINI,VIA TELEMACO SIGNORINI,,,Scontro frontale/laterale DX fra veicoli in marcia,Incrocio,Una carreggiata a doppio senso,Asciutto,Asfaltata,Verticale ed orizzontale,Sereno,Normale,Buona,Ore Diurne,4,0,0,0,12.3568,41.7757,-1,2,Autovettura privata,In marcia / fermata / arresto,Passeggero,M,Rimandato,0,NON DECEDUTO,,Inesploso,
3959221,13,21/08/2018 16:45:00,Strada Urbana,VIA CESARE MACCARI,all'intersezione con,VIA TELEMACO SIGNORINI,VIA TELEMACO SIGNORINI,,,Scontro frontale/laterale DX fra veicoli in marcia,Incrocio,Una carreggiata a doppio senso,Asciutto,Asfaltata,Verticale ed orizzontale,Sereno,Normale,Buona,Ore Diurne,4,0,0,0,12.3568,41.7757,-1,2,Autovettura privata,In marcia / fermata / arresto,Passeggero,M,Rimandato,0,NON DECEDUTO,Esente,Inesploso,
3959230,10,21/08/2018 20:15:00,Strada Urbana,VIA ANAGNINA,all'intersezione semaforizzata con,VIA DELLA STAZIONE DI CIAMPINO,VIA DELLA STAZIONE DI CIAMPINO,,,Tamponamento,Intersezione semaforizzata,Due carreggiate,Asciutto,Asfaltata,Verticale ed orizzontale,Sereno,Scarso,Sufficiente,Sufficiente,0,0,0,2,12.6184,41.8154,-1,1,Autovettura privata,In marcia / fermata / arresto,Conducente,F,Illeso,0,,Non accertato,Inesploso,
3959230,10,21/08/2018 20:15:00,Strada Urbana,VIA ANAGNINA,all'intersezione semaforizzata con,VIA DELLA STAZIONE DI CIAMPINO,VIA DELLA STAZIONE DI CIAMPINO,,,Tamponamento,Intersezione semaforizzata,Due carreggiate,Asciutto,Asfaltata,Verticale ed orizzontale,Sereno,Scarso,Sufficiente,Sufficiente,0,0,0,2,12.6184,41.8154,-1,2,Autovettura privata,In marcia / fermata / arresto,Conducente,F,Illeso,0,,Non accertato,Inesploso,
3959237,19,21/08/2018 13:20:00,Strada Urbana,VIA DI BOCCEA,in prossimit�,,del civico n.,1284,,Scontro laterale fra veicoli in marcia,Rettilineo,Una carreggiata a doppio senso,Asciutto,Asfaltata,Orizzontale,Sereno,Normale,Buona,Ore Diurne,0,0,0,3,12.3172,41.9448,-1,1,Autovettura privata,In marcia / fermata / arresto,Conducente,M,Illeso,0,,Non accertato,Inesploso,
3959237,19,21/08/2018 13:20:00,Strada Urbana,VIA DI BOCCEA,in prossimit�,,del civico n.,1284,,Scontro laterale fra veicoli in marcia,Rettilineo,Una carreggiata a doppio senso,Asciutto,Asfaltata,Orizzontale,Sereno,Normale,Buona,Ore Diurne,0,0,0,3,12.3172,41.9448,-1,2,Autocarro inferiore 35 q.,In marcia / fermata / arresto,Conducente,M,Illeso,0,,Non accertato,Inesploso,
3959237,19,21/08/2018 13:20:00,Strada Urbana,VIA DI BOCCEA,in prossimit�,,del civico n.,1284,,Scontro laterale fra veicoli in marcia,Rettilineo,Una carreggiata a doppio senso,Asciutto,Asfaltata,Orizzontale,Sereno,Normale,Buona,Ore Diurne,0,0,0,3,12.3172,41.9448,-1,2,Autocarro inferiore 35 q.,In marcia / fermata / arresto,Passeggero,M,Illeso,0,,Non accertato,Inesploso,
3959241,5,21/08/2018 22:10:00,Strada Urbana,VIA POLENSE,all'intersezione semaforizzata con,VIA CAVUCCIO,VIA CAVUCCIO,,,Veicolo in marcia contro ostacolo fisso,Intersezione semaforizzata,Una carreggiata a doppio senso,Asciutto,Asfaltata,Verticale ed orizzontale,Sereno,Scarso,Buona,Inesistente,0,0,0,1,12.7102,41.9053,-1,1,Autovettura privata,In marcia / fermata / arresto,Conducente,M,Illeso,0,,Non accertato,,
3959243,7,21/08/2018 12:10:00,Strada Urbana,VIALE PALMIRO TOGLIATTI,all'intersezione con,VIA CARLO FADDA,VIA CARLO FADDA,,,Scontro frontale/laterale SX fra veicoli in marcia,Incrocio,Una carreggiata a doppio senso,Asciutto,Asfaltata,Verticale ed orizzontale,Nuvoloso,Normale,Buona,Ore Diurne,1,0,0,1,12.5733,41.8872,-1,1,Autovettura privata,In marcia / fermata / arresto,Conducente,F,Illeso,0,,,,
3959243,7,21/08/2018 12:10:00,Strada Urbana,VIALE PALMIRO TOGLIATTI,all'intersezione con,VIA CARLO FADDA,VIA CARLO FADDA,,,Scontro frontale/laterale SX fra veicoli in marcia,Incrocio,Una carreggiata a doppio senso,Asciutto,Asfaltata,Verticale ed orizzontale,Nuvoloso,Normale,Buona,Ore Diurne,1,0,0,1,12.5733,41.8872,-1,2,Motociclo a solo,In marcia / fermata / arresto,Conducente,M,Rimandato,0,NON DECEDUTO,Non accertato,,
3959245,1,21/08/2018 16:20:00,Strada Urbana,PASSEGGIATA DEL GIANICOLO,da specificare,,,,IN PROSSIMITA' RAMPA DELLA QUERCIA,Scontro laterale fra veicoli in marcia,Rettilineo,Una carreggiata a doppio senso,Asciutto,Asfaltata,Verticale,Sereno,Normale,Buona,Ore Diurne,0,0,0,3,12.4606,41.8936,-1,1,Autovettura privata,In marcia / fermata / arresto,Conducente,M,Illeso,0,,,,
3959245,1,21/08/2018 16:20:00,Strada Urbana,PASSEGGIATA DEL GIANICOLO,da specificare,,,,IN PROSSIMITA' RAMPA DELLA QUERCIA,Scontro laterale fra veicoli in marcia,Rettilineo,Una carreggiata a doppio senso,Asciutto,Asfaltata,Verticale,Sereno,Normale,Buona,Ore Diurne,0,0,0,3,12.4606,41.8936,-1,1,Autovettura privata,In marcia / fermata / arresto,Passeggero,M,Illeso,0,,,,