Protocollo,Gruppo,DataOraIncidente,Localizzazione1,STRADA1,Localizzazione2,STRADA2,Strada02,Chilometrica,DaSpecificare,NaturaIncidente,particolaritastrade,TipoStrada,FondoStradale,Pavimentazione,Segnaletica,CondizioneAtmosferica,Traffico,Visibilita,Illuminazione,NUM_FERITI,NUM_RISERVATA,NUM_MORTI,NUM_ILLESI,Longitudine,Latitudine,Confermato,Progressivo,TipoVeicolo,StatoVeicolo,TipoPersona,Sesso,Tipolesione,Deceduto,DecedutoDopo,CinturaCascoUtilizzato,Airbag,
3959245,1,21/08/2018 16:20:00,Strada Urbana,PASSEGGIATA DEL GIANICOLO,da specificare,,,,IN PROSSIMITA' RAMPA DELLA QUERCIA,Scontro laterale fra veicoli in marcia,Rettilineo,Una carreggiata a doppio senso,Asciutto,Asfaltata,Verticale,Sereno,Normale,Buona,Ore Diurne,0,0,0,3,12.4606,41.8936,-1,2,Motociclo con passeggero,In marcia / fermata / arresto,Conducente,M,Illeso,0,,,,
3959246,10,22/08/2018 05:40:00,Strada Urbana,VIA APPIA NUOVA,da specificare,,,,altezza G.R.A. direzione Roma Centro,Scontro laterale fra veicoli in marcia,Rettilineo,Una carreggiata a senso unico di marcia,Asciutto,Asfaltata,Verticale ed orizzontale,Sereno,Normale,Buona,Ore Diurne,0,0,0,3,12.5749,41.813,-1,1,Autoarticolato,In marcia / fermata / arresto,Conducente,M,Illeso,0,,Non accertato,Inesploso,
3959246,10,22/08/2018 05:40:00,Strada Urbana,VIA APPIA NUOVA,da specificare,,,,altezza G.R.A. direzione Roma Centro,Scontro laterale fra veicoli in marcia,Rettilineo,Una carreggiata a senso unico di marcia,Asciutto,Asfaltata,Verticale ed orizzontale,Sereno,Normale,Buona,Ore Diurne,0,0,0,3,12.5749,41.813,-1,2,Autovettura privata,In marcia / fermata / arresto,Conducente,M,Illeso,0,,Non accertato,Inesploso,
3959246,10,22/08/2018 05:40:00,Strada Urbana,VIA APPIA NUOVA,da specificare,,,,altezza G.R.A. direzione Roma Centro,Scontro laterale fra veicoli in marcia,Rettilineo,Una carreggiata a senso unico di marcia,Asciutto,Asfaltata,Verticale ed orizzontale,Sereno,Normale,Buona,Ore Diurne,0,0,0,3,12.5749,41.813,-1,2,Autovettura privata,In marcia / fermata / arresto,Passeggero,M,Illeso,0,,Non accertato,Inesploso,
3959255,20,21/08/2018 14:30:00,Strada Urbana,CORSO DI FRANCIA,da specificare,,,,dir GRA altezza Viadotto Foro Italico,Tamponamento,Rettilineo,Due carreggiate,Asciutto,Asfaltata,Verticale ed orizzontale,Sereno,Scarso,Buona,Ore Diurne,1,0,0,4,12.471,41.9409,-1,1,Autovettura privata,In marcia / fermata / arresto,Conducente,M,Illeso,0,,Non accertato,,
3959255,20,21/08/2018 14:30:00,Strada Urbana,CORSO DI FRANCIA,da specificare,,,,dir GRA altezza Viadotto Foro Italico,Tamponamento,Rettilineo,Due carreggiate,Asciutto,Asfaltata,Verticale ed orizzontale,Sereno,Scarso,Buona,Ore Diurne,1,0,0,4,12.471,41.9409,-1,1,Autovettura privata,In marcia / fermata / arresto,Passeggero,M,Illeso,0,,Non accertato,,
3959255,20,21/08/2018 14:30:00,Strada Urbana,CORSO DI FRANCIA,da specificare,,,,dir GRA altezza Viadotto Foro Italico,Tamponamento,Rettilineo,Due carreggiate,Asciutto,Asfaltata,Verticale ed orizzontale,Sereno,Scarso,Buona,Ore Diurne,1,0,0,4,12.471,41.9409,-1,1,Autovettura privata,In marcia / fermata / arresto,Passeggero,F,Illeso,0,,Non accertato,,
3959255,20,21/08/2018 14:30:00,Strada Urbana,CORSO DI FRANCIA,da specificare,,,,dir GRA altezza Viadotto Foro Italico,Tamponamento,Rettilineo,Due carreggiate,Asciutto,Asfaltata,Verticale ed orizzontale,Sereno,Scarso,Buona,Ore Diurne,1,0,0,4,12.471,41.9409,-1,1,Autovettura privata,In marcia / fermata / arresto,Passeggero,F,Illeso,0,,Non accertato,,
3959255,20,21/08/2018 14:30:00,Strada Urbana,CORSO DI FRANCIA,da specificare,,,,dir GRA altezza Viadotto Foro Italico,Tamponamento,Rettilineo,Due carreggiate,Asciutto,Asfaltata,Verticale ed orizzontale,Sereno,Scarso,Buona,Ore Diurne,1,0,0,4,12.471,41.9409,-1,2,Motociclo a solo,In marcia / fermata / arresto,Conducente,M,Rimandato,0,NON DECEDUTO,,,
3959259,20,21/08/2018 10:20:00,Regionale entro l'abitato,VIA CASSIA,all'intersezione con,VIA ITALO PICCAGLI,VIA ITALO PICCAGLI,,,Scontro laterale fra veicoli in marcia,Intersezione non regolata/non segnalata,Una carreggiata a doppio senso,Asciutto,Asfaltata,Orizzontale,Sereno,Normale,Buona,Ore Diurne,1,0,0,1,12.4139,41.9827,-1,1,Autovettura privata,In marcia / fermata / arresto,Conducente,M,Illeso,0,,Non accertato,,
3959259,20,21/08/2018 10:20:00,Regionale entro l'abitato,VIA CASSIA,all'intersezione con,VIA ITALO PICCAGLI,VIA ITALO PICCAGLI,,,Scontro laterale fra veicoli in marcia,Intersezione non regolata/non segnalata,Una carreggiata a doppio senso,Asciutto,Asfaltata,Orizzontale,Sereno,Normale,Buona,Ore Diurne,1,0,0,1,12.4139,41.9827,-1,2,Motociclo a solo,In marcia / fermata / arresto,Conducente,M,Rimandato,0,NON DECEDUTO,Non accertato,,
3959265,1,21/08/2018 22:50:00,Strada Urbana,LARGO BRANCACCIO,in prossimit�,,del civico n.,82,,Investimento di pedone,Rettilineo,Una carreggiata a senso unico di marcia,Asciutto,Asfaltata,Verticale ed orizzontale,Sereno,Scarso,Buona,Sufficiente,2,0,0,0,12.5,41.895,-1,,,,Pedone,M,Rimandato,0,NON DECEDUTO,,,
3959265,1,21/08/2018 22:50:00,Strada Urbana,LARGO BRANCACCIO,in prossimit�,,del civico n.,82,,Investimento di pedone,Rettilineo,Una carreggiata a senso unico di marcia,Asciutto,Asfaltata,Verticale ed orizzontale,Sereno,Scarso,Buona,Sufficiente,2,0,0,0,12.5,41.895,-1,1,Motociclo con passeggero,In marcia / fermata / arresto,Conducente,M,Rimandato,0,NON DECEDUTO,Non accertato,,
3959299,1,21/08/2018 15:00:00,Strada Urbana,VIA PARIGI,all'intersezione con,VIA PASTRENGO,VIA PASTRENGO,,,Scontro laterale fra veicoli in marcia,Intersezione non regolata/non segnalata,Due carreggiate,Asciutto,Asfaltata,Verticale ed orizzontale,Sereno,Normale,Buona,Ore Diurne,0,0,0,2,12.4957,41.9039,-1,1,Autovettura privata,In marcia / fermata / arresto,Conducente,F,Illeso,0,,Non accertato,,
3959299,1,21/08/2018 15:00:00,Strada Urbana,VIA PARIGI,all'intersezione con,VIA PASTRENGO,VIA PASTRENGO,,,Scontro laterale fra veicoli in marcia,Intersezione non regolata/non segnalata,Due carreggiate,Asciutto,Asfaltata,Verticale ed orizzontale,Sereno,Normale,Buona,Ore Diurne,0,0,0,2,12.4957,41.9039,-1,2,Autobus di linea,In marcia / fermata / arresto,Conducente,M,Illeso,0,,Non accertato,Inesploso,
3959301,18,21/08/2018 23:30:00,Statale,VIA AURELIA,in prossimit�,,del civico n.,968,,Tamponamento,Rettilineo,Due carreggiate,Asciutto,Asfaltata,Verticale ed orizzontale,Sereno,Normale,Buona,Sufficiente,0,0,0,2,12.3845,41.8863,-1,1,Autovettura privata,In marcia / fermata / arresto,Conducente,M,Illeso,0,,,,
3959301,18,21/08/2018 23:30:00,Statale,VIA AURELIA,in prossimit�,,del civico n.,968,,Tamponamento,Rettilineo,Due carreggiate,Asciutto,Asfaltata,Verticale ed orizzontale,Sereno,Normale,Buona,Sufficiente,0,0,0,2,12.3845,41.8863,-1,2,Autovettura privata,In marcia / fermata / arresto,Conducente,M,Illeso,0,,,,
3959307,4,21/08/2018 08:55:00,Statale,VIA SALARIA,in prossimit�,,del civico n.,1531,,Scontro frontale/laterale SX fra veicoli in marcia,Rettilineo,Due carreggiate,Asciutto,Asfaltata,Verticale ed orizzontale,Sereno,Normale,Buona,Ore Diurne,0,0,0,6,12.5212,42.014,-1,1,Autovettura privata,In marcia / fermata / arresto,Conducente,M,Illeso,0,,,,
3959307,4,21/08/2018 08:55:00,Statale,VIA SALARIA,in prossimit�,,del civico n.,1531,,Scontro frontale/laterale SX fra veicoli in marcia,Rettilineo,Due carreggiate,Asciutto,Asfaltata,Verticale ed orizzontale,Sereno,Normale,Buona,Ore Diurne,0,0,0,6,12.5212,42.014,-1,1,Autovettura privata,In marcia / fermata / arresto,Passeggero,F,Illeso,0,,,,
3959307,4,21/08/2018 08:55:00,Statale,VIA SALARIA,in prossimit�,,del civico n.,1531,,Scontro frontale/laterale SX fra veicoli in marcia,Rettilineo,Due carreggiate,Asciutto,Asfaltata,Verticale ed orizzontale,Sereno,Normale,Buona,Ore Diurne,0,0,0,6,12.5212,42.014,-1,1,Autovettura privata,In marcia / fermata / arresto,Passeggero,F,Illeso,0,,,,
3959307,4,21/08/2018 08:55:00,Statale,VIA SALARIA,in prossimit�,,del civico n.,1531,,Scontro frontale/laterale SX fra veicoli in marcia,Rettilineo,Due carreggiate,Asciutto,Asfaltata,Verticale ed orizzontale,Sereno,Normale,Buona,Ore Diurne,0,0,0,6,12.5212,42.014,-1,1,Autovettura privata,In marcia / fermata / arresto,Passeggero,F,Illeso,0,,,,
3959307,4,21/08/2018 08:55:00,Statale,VIA SALARIA,in prossimit�,,del civico n.,1531,,Scontro frontale/laterale SX fra veicoli in marcia,Rettilineo,Due carreggiate,Asciutto,Asfaltata,Verticale ed orizzontale,Sereno,Normale,Buona,Ore Diurne,0,0,0,6,12.5212,42.014,-1,2,Autocarro inferiore 35 q.,In marcia / fermata / arresto,Conducente,M,Illeso,0,,,,
3959307,4,21/08/2018 08:55:00,Statale,VIA SALARIA,in prossimit�,,del civico n.,1531,,Scontro frontale/laterale SX fra veicoli in marcia,Rettilineo,Due carreggiate,Asciutto,Asfaltata,Verticale ed orizzontale,Sereno,Normale,Buona,Ore Diurne,0,0,0,6,12.5212,42.014,-1,2,Autocarro inferiore 35 q.,In marcia / fermata / arresto,Passeggero,M,Illeso,0,,,,
3959315,6,21/08/2018 16:15:00,Strada Urbana,VIA ANTONIO TEMPESTA,all'intersezione con,VIA AUGUSTO DULCERI,VIA AUGUSTO DULCERI,,,Scontro frontale/laterale DX fra veicoli in marcia,Incrocio,Una carreggiata a senso unico di marcia,Asciutto,Asfaltata,Verticale ed orizzontale,Nuvoloso,Normale,Buona,Ore Diurne,1,0,0,1,12.5405,41.8839,-1,1,Autovettura privata,In marcia / fermata / arresto,Conducente,M,Illeso,0,,Non accertato,Inesploso,
3959315,6,21/08/2018 16:15:00,Strada Urbana,VIA ANTONIO TEMPESTA,all'intersezione con,VIA AUGUSTO DULCERI,VIA AUGUSTO DULCERI,,,Scontro frontale/laterale DX fra veicoli in marcia,Incrocio,Una carreggiata a senso unico di marcia,Asciutto,Asfaltata,Verticale ed orizzontale,Nuvoloso,Normale,Buona,Ore Diurne,1,0,0,1,12.5405,41.8839,-1,2,Autovettura privata,In marcia / fermata / arresto,Conducente,M,Rifiuta cure immediate,0,NON DECEDUTO,,,
3959319,20,21/08/2018 11:15:00,Strada Urbana,VIA BONALDO STRINGHER,in corrispondenza,,del civico n.,f.c. 31,,Veicolo in marcia contro veicoli in sosta,Rettilineo,Una carreggiata a senso unico di marcia,Asciutto,Asfaltata,Assente,Sereno,Scarso,Buona,Ore Diurne,0,0,0,1,12.4661,41.9438,-1,1,Autovettura privata,In marcia / fermata / arresto,Conducente,F,Illeso,0,,Non accertato,,
3959335,13,21/08/2018 16:55:00,Strada Urbana,LUNGOMARE AMERIGO VESPUCCI,in corrispondenza,,del civico n.,48,,Scontro laterale fra veicoli in marcia,Rettilineo,Una carreggiata a doppio senso,Asciutto,Asfaltata,Orizzontale,Sereno,Normale,Buona,Ore Diurne,2,0,0,1,12.327,41.7095,-1,1,Autovettura privata,In marcia / fermata / arresto,Conducente,M,Illeso,0,,,,
3959335,13,21/08/2018 16:55:00,Strada Urbana,LUNGOMARE AMERIGO VESPUCCI,in corrispondenza,,del civico n.,48,,Scontro laterale fra veicoli in marcia,Rettilineo,Una carreggiata a doppio senso,Asciutto,Asfaltata,Orizzontale,Sereno,Normale,Buona,Ore Diurne,2,0,0,1,12.327,41.7095,-1,2,Motociclo con passeggero,In marcia / fermata / arresto,Conducente,F,Rimandato,0,NON DECEDUTO,Non accertato,,
3959335,13,21/08/2018 16:55:00,Strada Urbana,LUNGOMARE AMERIGO VESPUCCI,in corrispondenza,,del civico n.,48,,Scontro laterale fra veicoli in marcia,Rettilineo,Una carreggiata a doppio senso,Asciutto,Asfaltata,Orizzontale,Sereno,Normale,Buona,Ore Diurne,2,0,0,1,12.327,41.7095,-1,2,Motociclo con passeggero,In marcia / fermata / arresto,Passeggero,F,Rimandato,0,NON DECEDUTO,,,
3959336,6,21/08/2018 17:50:00,Strada Urbana,VIA CASILINA,all'intersezione semaforizzata con,VIA ORAZIO PIEROZZI,VIA ORAZIO PIEROZZI,,,Scontro laterale fra veicoli in marcia,Intersezione semaforizzata,Pi� di due carreggiate,Asciutto,Asfaltata,Verticale ed orizzontale,Nuvoloso,Scarso,Buona,Ore Diurne,0,0,0,3,12.551,41.8774,-1,1,Autovettura privata,In marcia / fermata / arresto,Conducente,F,Illeso,0,,,,
3959336,6,21/08/2018 17:50:00,Strada Urbana,VIA CASILINA,all'intersezione semaforizzata con,VIA ORAZIO PIEROZZI,VIA ORAZIO PIEROZZI,,,Scontro laterale fra veicoli in marcia,Intersezione semaforizzata,Pi� di due carreggiate,Asciutto,Asfaltata,Verticale ed orizzontale,Nuvoloso,Scarso,Buona,Ore Diurne,0,0,0,3,12.551,41.8774,-1,1,Autovettura privata,In marcia / fermata / arresto,Passeggero,M,Illeso,0,,,,
3959336,6,21/08/2018 17:50:00,Strada Urbana,VIA CASILINA,all'intersezione semaforizzata con,VIA ORAZIO PIEROZZI,VIA ORAZIO PIEROZZI,,,Scontro laterale fra veicoli in marcia,Intersezione semaforizzata,Pi� di due carreggiate,Asciutto,Asfaltata,Verticale ed orizzontale,Nuvoloso,Scarso,Buona,Ore Diurne,0,0,0,3,12.551,41.8774,-1,2,Autocarro inferiore 35 q.,In marcia / fermata / arresto,Conducente,M,Illeso,0,,,,
3959351,16,21/08/2018 12:50:00,Strada Urbana,VIA DEGLI ALDOBRANDESCHI,da specificare,,,,di fronte alla BNL,Scontro frontale/laterale SX fra veicoli in marcia,Curva a visuale libera,Una carreggiata a doppio senso,Asciutto,Asfaltata,Orizzontale,Sereno,Normale,Buona,Ore Diurne,0,0,0,2,12.3988,41.8792,-1,1,Autobus di linea,In marcia / fermata / arresto,Conducente,M,Illeso,0,,Non accertato,Inesploso,
3959351,16,21/08/2018 12:50:00,Strada Urbana,VIA DEGLI ALDOBRANDESCHI,da specificare,,,,di fronte alla BNL,Scontro frontale/laterale SX fra veicoli in marcia,Curva a visuale libera,Una carreggiata a doppio senso,Asciutto,Asfaltata,Orizzontale,Sereno,Normale,Buona,Ore Diurne,0,0,0,2,12.3988,41.8792,-1,2,Autovettura privata,In marcia / fermata / arresto,Conducente,M,Illeso,0,,Non accertato,Inesploso,
3959352,23,21/08/2018 18:40:00,Comunale extraurbana,VIA LITORANEA,in prossimit�,,del civico n.,1456,,Tamponamento,Rettilineo,Una carreggiata a doppio senso,Bagnato (pioggia),Asfaltata,Verticale ed orizzontale,Nuvoloso,Normale,Sufficiente,Ore Diurne,2,0,0,1,12.3899,41.6766,-1,1,Autovettura privata,In marcia / fermata / arresto,Conducente,F,Illeso,0,,Non accertato,Inesploso,
3959352,23,21/08/2018 18:40:00,Comunale extraurbana,VIA LITORANEA,in prossimit�,,del civico n.,1456,,Tamponamento,Rettilineo,Una carreggiata a doppio senso,Bagnato (pioggia),Asfaltata,Verticale ed orizzontale,Nuvoloso,Normale,Sufficiente,Ore Diurne,2,0,0,1,12.3899,41.6766,-1,2,Autovettura privata,In marcia / fermata / arresto,Conducente,M,Rimandato,0,NON DECEDUTO,Non accertato,Inesploso,
3959352,23,21/08/2018 18:40:00,Comunale extraurbana,VIA LITORANEA,in prossimit�,,del civico n.,1456,,Tamponamento,Rettilineo,Una carreggiata a doppio senso,Bagnato (pioggia),Asfaltata,Verticale ed orizzontale,Nuvoloso,Normale,Sufficiente,Ore Diurne,2,0,0,1,12.3899,41.6766,-1,2,Autovettura privata,In marcia / fermata / arresto,Passeggero,M,Rimandato,0,NON DECEDUTO,Non accertato,Inesistente,
3959360,4,21/08/2018 20:00:00,Strada Urbana,VIA CAMERATA PICENA,da specificare,,,,altezza ponte del GRA pross.t� Via di Settebagni ,Infortunio per caduta del veicolo,Rettilineo,Una carreggiata a senso unico di marcia,Asciutto,Asfaltata,Verticale ed orizzontale,Nuvoloso,Normale,Buona,Sufficiente,1,0,0,0,12.5159,41.9859,-1,1,Motociclo a solo,In marcia / fermata / arresto,Conducente,M,Rimandato,0,NON DECEDUTO,,,
3959362,16,21/08/2018 20:00:00,Strada Urbana,VIA DI BRAVA,all'intersezione con,VIA ATTILIO BRUNIALTI,VIA ATTILIO BRUNIALTI,,,Infortunio per sola frenata improvvisa,Incrocio,Una carreggiata a doppio senso,Asciutto,Asfaltata,Verticale ed orizzontale,Sereno,Normale,Buona,Ore Diurne,1,0,0,3,12.3824,41.8695,-1,1,Motociclo a solo,In marcia / fermata / arresto,Conducente,M,Rimandato,0,NON DECEDUTO,Non accertato,,
3959362,16,21/08/2018 20:00:00,Strada Urbana,VIA DI BRAVA,all'intersezione con,VIA ATTILIO BRUNIALTI,VIA ATTILIO BRUNIALTI,,,Infortunio per sola frenata improvvisa,Incrocio,Una carreggiata a doppio senso,Asciutto,Asfaltata,Verticale ed orizzontale,Sereno,Normale,Buona,Ore Diurne,1,0,0,3,12.3824,41.8695,-1,2,Autovettura privata,In marcia / fermata / arresto,Conducente,F,Illeso,0,,Non accertato,,
3959362,16,21/08/2018 20:00:00,Strada Urbana,VIA DI BRAVA,all'intersezione con,VIA ATTILIO BRUNIALTI,VIA ATTILIO BRUNIALTI,,,Infortunio per sola frenata improvvisa,Incrocio,Una carreggiata a doppio senso,Asciutto,Asfaltata,Verticale ed orizzontale,Sereno,Normale,Buona,Ore Diurne,1,0,0,3,12.3824,41.8695,-1,2,Autovettura privata,In marcia / fermata / arresto,Passeggero,F,Illeso,0,,Non accertato,,
3959362,16,21/08/2018 20:00:00,Strada Urbana,VIA DI BRAVA,all'intersezione con,VIA ATTILIO BRUNIALTI,VIA ATTILIO BRUNIALTI,,,Infortunio per sola frenata improvvisa,Incrocio,Una carreggiata a doppio senso,Asciutto,Asfaltata,Verticale ed orizzontale,Sereno,Normale,Buona,Ore Diurne,1,0,0,3,12.3824,41.8695,-1,2,Autovettura privata,In marcia / fermata / arresto,Passeggero,M,Illeso,0,,Non accertato,,
3959377,2,22/08/2018 02:40:00,Strada Urbana,VIA GIAMBATTISTA VICO,in prossimit�,,del civico n.,29,,Veicolo in marcia contro veicoli in sosta,Rettilineo,Una carreggiata a doppio senso,Asciutto,Asfaltata,Verticale ed orizzontale,Sereno,Scarso,Sufficiente,Sufficiente,0,0,0,2,12.4743,41.9132,-1,1,Autovettura privata,In marcia / fermata / arresto,Conducente,M,Illeso,0,,,,
3959377,2,22/08/2018 02:40:00,Strada Urbana,VIA GIAMBATTISTA VICO,in prossimit�,,del civico n.,29,,Veicolo in marcia contro veicoli in sosta,Rettilineo,Una carreggiata a doppio senso,Asciutto,Asfaltata,Verticale ed orizzontale,Sereno,Scarso,Sufficiente,Sufficiente,0,0,0,2,12.4743,41.9132,-1,1,Autovettura privata,In marcia / fermata / arresto,Passeggero,F,Illeso,0,,,,
3959378,13,21/08/2018 10:15:00,Strada Urbana,VIA DI CASTEL FUSANO,all'intersezione con,VIA DEL FOSSO DI DRAGONCELLO,VIA DEL FOSSO DI DRAGONCELLO,,,Scontro frontale/laterale DX fra veicoli in marcia,Incrocio,Una carreggiata a doppio senso,Asciutto,Asfaltata,Verticale ed orizzontale,Sereno,Normale,Buona,Ore Diurne,1,0,0,2,12.3299,41.757,-1,1,Quadriciclo leggero,In marcia / fermata / arresto,Conducente,F,Rimandato,0,NON DECEDUTO,Non accertato,Inesploso,
3959378,13,21/08/2018 10:15:00,Strada Urbana,VIA DI CASTEL FUSANO,all'intersezione con,VIA DEL FOSSO DI DRAGONCELLO,VIA DEL FOSSO DI DRAGONCELLO,,,Scontro frontale/laterale DX fra veicoli in marcia,Incrocio,Una carreggiata a doppio senso,Asciutto,Asfaltata,Verticale ed orizzontale,Sereno,Normale,Buona,Ore Diurne,1,0,0,2,12.3299,41.757,-1,2,Autovettura privata,In marcia / fermata / arresto,Conducente,M,Illeso,0,,Non accertato,Inesploso,
3959378,13,21/08/2018 10:15:00,Strada Urbana,VIA DI CASTEL FUSANO,all'intersezione con,VIA DEL FOSSO DI DRAGONCELLO,VIA DEL FOSSO DI DRAGONCELLO,,,Scontro frontale/laterale DX fra veicoli in marcia,Incrocio,Una carreggiata a doppio senso,Asciutto,Asfaltata,Verticale ed orizzontale,Sereno,Normale,Buona,Ore Diurne,1,0,0,2,12.3299,41.757,-1,2,Autovettura privata,In marcia / fermata / arresto,Passeggero,F,Illeso,0,,,,
3959380,2,21/08/2018 16:45:00,Strada Urbana,CIRCONVALLAZIONE SALARIA,da specificare,,,,prox svincolo Prato della Signora dir. Salaria,Veicolo in marcia contro ostacolo accidentale,Rettilineo,Pi� di due carreggiate,Asciutto,Asfaltata,Verticale ed orizzontale,Sereno,Normale,Buona,Ore Diurne,0,0,0,4,12.5207,41.9347,-1,1,Autovettura privata,In marcia / fermata / arresto,Conducente,M,Illeso,0,,,,
3959380,2,21/08/2018 16:45:00,Strada Urbana,CIRCONVALLAZIONE SALARIA,da specificare,,,,prox svincolo Prato della Signora dir. Salaria,Veicolo in marcia contro ostacolo accidentale,Rettilineo,Pi� di due carreggiate,Asciutto,Asfaltata,Verticale ed orizzontale,Sereno,Normale,Buona,Ore Diurne,0,0,0,4,12.5207,41.9347,-1,1,Autovettura privata,In marcia / fermata / arresto,Passeggero,F,Illeso,0,,,,
3959380,2,21/08/2018 16:45:00,Strada Urbana,CIRCONVALLAZIONE SALARIA,da specificare,,,,prox svincolo Prato della Signora dir. Salaria,Veicolo in marcia contro ostacolo accidentale,Rettilineo,Pi� di due carreggiate,Asciutto,Asfaltata,Verticale ed orizzontale,Sereno,Normale,Buona,Ore Diurne,0,0,0,4,12.5207,41.9347,-1,1,Autovettura privata,In marcia / fermata / arresto,Passeggero,F,Illeso,0,,,,
3959380,2,21/08/2018 16:45:00,Strada Urbana,CIRCONVALLAZIONE SALARIA,da specificare,,,,prox svincolo Prato della Signora dir. Salaria,Veicolo in marcia contro ostacolo accidentale,Rettilineo,Pi� di due carreggiate,Asciutto,Asfaltata,Verticale ed orizzontale,Sereno,Normale,Buona,Ore Diurne,0,0,0,4,12.5207,41.9347,-1,1,Autovettura privata,In marcia / fermata / arresto,Passeggero,M,Illeso,0,,,,
3959384,2,21/08/2018 17:30:00,Strada Urbana,VIA LARIANA,all'intersezione con,VIA DI VILLA ADA,VIA DI VILLA ADA,,,Scontro frontale/laterale DX fra veicoli in marcia,Intersezione stradale segnalata,Due carreggiate,Asciutto,Asfaltata,Verticale ed orizzontale,Nuvoloso,Scarso,Buona,Ore Diurne,0,0,0,2,12.5051,41.9244,-1,1,Autovettura privata,In marcia / fermata / arresto,Conducente,M,Illeso,0,,Non accertato,Inesploso,
3959384,2,21/08/2018 17:30:00,Strada Urbana,VIA LARIANA,all'intersezione con,VIA DI VILLA ADA,VIA DI VILLA ADA,,,Scontro frontale/laterale DX fra veicoli in marcia,Intersezione stradale segnalata,Due carreggiate,Asciutto,Asfaltata,Verticale ed orizzontale,Nuvoloso,Scarso,Buona,Ore Diurne,0,0,0,2,12.5051,41.9244,-1,2,Autovettura privata,In marcia / fermata / arresto,Conducente,M,Illeso,0,,Non accertato,Inesploso,
3959386,6,21/08/2018 18:30:00,Strada Urbana,VIA CASILINA,in corrispondenza,,del civico n.,700,,Scontro laterale fra veicoli in marcia,Rettilineo,Pi� di due carreggiate,Asciutto,Asfaltata,Verticale ed orizzontale,Nuvoloso,Normale,Buona,Ore Diurne,1,0,0,1,12.5552,41.8755,-1,1,Velocipede,In marcia / fermata / arresto,Conducente,F,Rimandato,0,NON DECEDUTO,Esente,,
3959386,6,21/08/2018 18:30:00,Strada Urbana,VIA CASILINA,in corrispondenza,,del civico n.,700,,Scontro laterale fra veicoli in marcia,Rettilineo,Pi� di due carreggiate,Asciutto,Asfaltata,Verticale ed orizzontale,Nuvoloso,Normale,Buona,Ore Diurne,1,0,0,1,12.5552,41.8755,-1,2,Autovettura privata,In marcia / fermata / arresto,Conducente,M,Illeso,0,,Non accertato,Inesploso,
3959475,12,22/08/2018 08:30:00,Strada Urbana,VIA CRISTOFORO COLOMBO,all'intersezione semaforizzata con,VIALE AMERICA,VIALE AMERICA,,,Scontro laterale fra veicoli in marcia,Incrocio,Due carreggiate,Asciutto,Asfaltata,Verticale ed orizzontale,Sereno,Normale,Buona,Ore Diurne,2,0,0,0,12.4121,41.786,-1,1,Autovettura privata,In marcia / fermata / arresto,Conducente,M,Rimandato,0,NON DECEDUTO,Utilizzato,Inesploso,
3959475,12,22/08/2018 08:30:00,Strada Urbana,VIA CRISTOFORO COLOMBO,all'intersezione semaforizzata con,VIALE AMERICA,VIALE AMERICA,,,Scontro laterale fra veicoli in marcia,Incrocio,Due carreggiate,Asciutto,Asfaltata,Verticale ed orizzontale,Sereno,Normale,Buona,Ore Diurne,2,0,0,0,12.4121,41.786,-1,2,Motociclo a solo,In marcia / fermata / arresto,Conducente,M,Rimandato,0,NON DECEDUTO,Utilizzato,,
3959503,13,21/08/2018 12:20:00,Strada Urbana,VIALE DEL SOMMERGIBILE,in corrispondenza,,del civico n.,10,,Veicolo in marcia contro ostacolo accidentale,Rettilineo,Una carreggiata a senso unico di marcia,Asciutto,Con buche,Verticale ed orizzontale,Sereno,Scarso,Buona,Ore Diurne,0,0,0,2,12.2617,41.7351,-1,1,Autocarro inferiore 35 q.,In marcia / fermata / arresto,Conducente,M,Illeso,0,,Non accertato,Inesploso,
3959503,13,21/08/2018 12:20:00,Strada Urbana,VIALE DEL SOMMERGIBILE,in corrispondenza,,del civico n.,10,,Veicolo in marcia contro ostacolo accidentale,Rettilineo,Una carreggiata a senso unico di marcia,Asciutto,Con buche,Verticale ed orizzontale,Sereno,Scarso,Buona,Ore Diurne,0,0,0,2,12.2617,41.7351,-1,1,Autocarro inferiore 35 q.,In marcia / fermata / arresto,Passeggero,F,Illeso,0,,Non accertato,Inesploso,
3959607,15,22/08/2018 10:40:00,Strada Urbana,VIA ODERISI DA GUBBIO,in corrispondenza,,del civico n.,35,,Scontro laterale fra veicoli in marcia,Rettilineo,Una carreggiata a doppio senso,Asciutto,Asfaltata,Orizzontale,Sereno,Normale,Buona,Ore Diurne,1,0,0,1,12.4665,41.8676,-1,1,Autocarro inferiore 35 q.,In marcia / fermata / arresto,Conducente,M,Illeso,0,,,,