Protocollo,Gruppo,DataOraIncidente,Localizzazione1,STRADA1,Localizzazione2,STRADA2,Strada02,Chilometrica,DaSpecificare,NaturaIncidente,particolaritastrade,TipoStrada,FondoStradale,Pavimentazione,Segnaletica,CondizioneAtmosferica,Traffico,Visibilita,Illuminazione,NUM_FERITI,NUM_RISERVATA,NUM_MORTI,NUM_ILLESI,Longitudine,Latitudine,Confermato,Progressivo,TipoVeicolo,StatoVeicolo,TipoPersona,Sesso,Tipolesione,Deceduto,DecedutoDopo,CinturaCascoUtilizzato,Airbag,
3959607,15,22/08/2018 10:40:00,Strada Urbana,VIA ODERISI DA GUBBIO,in corrispondenza,,del civico n.,35,,Scontro laterale fra veicoli in marcia,Rettilineo,Una carreggiata a doppio senso,Asciutto,Asfaltata,Orizzontale,Sereno,Normale,Buona,Ore Diurne,1,0,0,1,12.4665,41.8676,-1,2,Motociclo a solo,In marcia / fermata / arresto,Conducente,M,Rimandato,0,NON DECEDUTO,,,
3959709,12,21/08/2018 22:40:00,Strada Urbana,VIA ERMINIO MACARIO,in corrispondenza,,del civico n.,24,,Veicolo in marcia contro veicolo in sosta,Rettilineo,Una carreggiata a doppio senso,Asciutto,Asfaltata,Verticale ed orizzontale,Sereno,Scarso,Buona,Sufficiente,1,0,0,0,12.3907,41.7905,0,1,Autovettura privata,In marcia / fermata / arresto,Conducente,M,Rimandato,0,NON DECEDUTO,Utilizzato,Esploso,
3959765,10,22/08/2018 05:41:00,Strada Urbana,VIA APPIA NUOVA,in corrispondenza,,del civico n.,1091/b,,Scontro laterale fra veicoli in marcia,Rettilineo,Due carreggiate,Asciutto,Asfaltata,Orizzontale,Sereno,Normale,Buona,Sufficiente,0,0,0,2,12.5576,41.8291,-1,1,Autovettura privata,In marcia / fermata / arresto,Conducente,M,Illeso,0,,Non accertato,Inesploso,
3959765,10,22/08/2018 05:41:00,Strada Urbana,VIA APPIA NUOVA,in corrispondenza,,del civico n.,1091/b,,Scontro laterale fra veicoli in marcia,Rettilineo,Due carreggiate,Asciutto,Asfaltata,Orizzontale,Sereno,Normale,Buona,Sufficiente,0,0,0,2,12.5576,41.8291,-1,2,Autobus di linea,In marcia / fermata / arresto,Conducente,M,Illeso,0,,Non accertato,Inesploso,
3959829,1,22/08/2018 14:15:00,Strada Urbana,PIAZZALE UGO LA MALFA,all'intersezione con,VIA DEL CIRCO MASSIMO,VIA DEL CIRCO MASSIMO,,,Scontro frontale/laterale SX fra veicoli in marcia,Intersezione stradale segnalata,Due carreggiate,Asciutto,Asfaltata,Verticale ed orizzontale,Sereno,Normale,Buona,Ore Diurne,0,0,0,4,12.4849,41.8853,-1,1,Autovettura privata,In marcia / fermata / arresto,Conducente,M,Illeso,0,,Non accertato,,
3959829,1,22/08/2018 14:15:00,Strada Urbana,PIAZZALE UGO LA MALFA,all'intersezione con,VIA DEL CIRCO MASSIMO,VIA DEL CIRCO MASSIMO,,,Scontro frontale/laterale SX fra veicoli in marcia,Intersezione stradale segnalata,Due carreggiate,Asciutto,Asfaltata,Verticale ed orizzontale,Sereno,Normale,Buona,Ore Diurne,0,0,0,4,12.4849,41.8853,-1,1,Autovettura privata,In marcia / fermata / arresto,Passeggero,M,Illeso,0,,Non accertato,Inesploso,
3959829,1,22/08/2018 14:15:00,Strada Urbana,PIAZZALE UGO LA MALFA,all'intersezione con,VIA DEL CIRCO MASSIMO,VIA DEL CIRCO MASSIMO,,,Scontro frontale/laterale SX fra veicoli in marcia,Intersezione stradale segnalata,Due carreggiate,Asciutto,Asfaltata,Verticale ed orizzontale,Sereno,Normale,Buona,Ore Diurne,0,0,0,4,12.4849,41.8853,-1,1,Autovettura privata,In marcia / fermata / arresto,Passeggero,M,Illeso,0,,Non accertato,Inesploso,
3959829,1,22/08/2018 14:15:00,Strada Urbana,PIAZZALE UGO LA MALFA,all'intersezione con,VIA DEL CIRCO MASSIMO,VIA DEL CIRCO MASSIMO,,,Scontro frontale/laterale SX fra veicoli in marcia,Intersezione stradale segnalata,Due carreggiate,Asciutto,Asfaltata,Verticale ed orizzontale,Sereno,Normale,Buona,Ore Diurne,0,0,0,4,12.4849,41.8853,-1,2,Autovettura privata,In marcia / fermata / arresto,Conducente,M,Illeso,0,,Non accertato,Inesploso,
3959906,6,22/08/2018 16:30:00,Strada Urbana,VIA CASILINA,all'intersezione semaforizzata con,VIA DI CENTOCELLE,VIA DI CENTOCELLE,,,Scontro frontale/laterale DX fra veicoli in marcia,Intersezione semaforizzata,Due carreggiate,Asciutto,Asfaltata,Verticale ed orizzontale,Sereno,Normale,Buona,Ore Diurne,1,0,0,2,12.5531,41.8766,-1,1,Autovettura privata,In marcia / fermata / arresto,Conducente,M,Illeso,0,,Non accertato,Inesploso,
3959906,6,22/08/2018 16:30:00,Strada Urbana,VIA CASILINA,all'intersezione semaforizzata con,VIA DI CENTOCELLE,VIA DI CENTOCELLE,,,Scontro frontale/laterale DX fra veicoli in marcia,Intersezione semaforizzata,Due carreggiate,Asciutto,Asfaltata,Verticale ed orizzontale,Sereno,Normale,Buona,Ore Diurne,1,0,0,2,12.5531,41.8766,-1,2,Autovettura privata,In marcia / fermata / arresto,Conducente,M,Illeso,0,,,,
3959906,6,22/08/2018 16:30:00,Strada Urbana,VIA CASILINA,all'intersezione semaforizzata con,VIA DI CENTOCELLE,VIA DI CENTOCELLE,,,Scontro frontale/laterale DX fra veicoli in marcia,Intersezione semaforizzata,Due carreggiate,Asciutto,Asfaltata,Verticale ed orizzontale,Sereno,Normale,Buona,Ore Diurne,1,0,0,2,12.5531,41.8766,-1,2,Autovettura privata,In marcia / fermata / arresto,Passeggero,M,Rimandato,0,NON DECEDUTO,Non accertato,Inesploso,
3959923,2,22/08/2018 16:10:00,Strada Urbana,VIA GIOVANNI SGAMBATI,all'intersezione con,VIA PO,VIA PO,,,Scontro frontale/laterale SX fra veicoli in marcia,Incrocio,Una carreggiata a doppio senso,Asciutto,Asfaltata,Verticale ed orizzontale,Sereno,Normale,Buona,Ore Diurne,0,0,0,2,12.4934,41.9136,-1,1,Autovettura privata,In marcia / fermata / arresto,Conducente,F,Illeso,0,,Non accertato,Inesploso,
3959923,2,22/08/2018 16:10:00,Strada Urbana,VIA GIOVANNI SGAMBATI,all'intersezione con,VIA PO,VIA PO,,,Scontro frontale/laterale SX fra veicoli in marcia,Incrocio,Una carreggiata a doppio senso,Asciutto,Asfaltata,Verticale ed orizzontale,Sereno,Normale,Buona,Ore Diurne,0,0,0,2,12.4934,41.9136,-1,2,Autovettura privata,In marcia / fermata / arresto,Conducente,M,Illeso,0,,,,
3959952,12,22/08/2018 16:00:00,Regionale,VIA PONTINA,in prossimit�,,della chilometrica,22,,Scontro laterale fra veicoli in marcia,Rettilineo,Due carreggiate,Asciutto,Asfaltata,Verticale ed orizzontale,Sereno,Normale,Buona,Ore Diurne,0,0,0,2,12.7986,41.5088,-1,1,Autoarticolato,In marcia / fermata / arresto,Conducente,M,Illeso,0,,Non accertato,Inesploso,
3959952,12,22/08/2018 16:00:00,Regionale,VIA PONTINA,in prossimit�,,della chilometrica,22,,Scontro laterale fra veicoli in marcia,Rettilineo,Due carreggiate,Asciutto,Asfaltata,Verticale ed orizzontale,Sereno,Normale,Buona,Ore Diurne,0,0,0,2,12.7986,41.5088,-1,2,Autovettura privata,In marcia / fermata / arresto,Conducente,F,Illeso,0,,Utilizzato,Inesploso,
3960166,11,22/08/2018 12:30:00,Strada Urbana,VIALE LEONARDO DA VINCI,all'intersezione con,VIA GIOVANNIPOLI,VIA GIOVANNIPOLI,,,Scontro frontale fra veicoli in marcia,Intersezione stradale segnalata,Una carreggiata a doppio senso,Asciutto,Asfaltata,Verticale ed orizzontale,Sereno,Scarso,Buona,Ore Diurne,0,0,0,3,12.4807,41.8595,-1,1,Autovettura privata,In marcia / fermata / arresto,Conducente,M,Illeso,0,,,,
3960166,11,22/08/2018 12:30:00,Strada Urbana,VIALE LEONARDO DA VINCI,all'intersezione con,VIA GIOVANNIPOLI,VIA GIOVANNIPOLI,,,Scontro frontale fra veicoli in marcia,Intersezione stradale segnalata,Una carreggiata a doppio senso,Asciutto,Asfaltata,Verticale ed orizzontale,Sereno,Scarso,Buona,Ore Diurne,0,0,0,3,12.4807,41.8595,-1,2,Autovettura privata,In marcia / fermata / arresto,Conducente,M,Illeso,0,,,,
3960166,11,22/08/2018 12:30:00,Strada Urbana,VIALE LEONARDO DA VINCI,all'intersezione con,VIA GIOVANNIPOLI,VIA GIOVANNIPOLI,,,Scontro frontale fra veicoli in marcia,Intersezione stradale segnalata,Una carreggiata a doppio senso,Asciutto,Asfaltata,Verticale ed orizzontale,Sereno,Scarso,Buona,Ore Diurne,0,0,0,3,12.4807,41.8595,-1,2,Autovettura privata,In marcia / fermata / arresto,Passeggero,M,Illeso,0,,,,
3960168,11,22/08/2018 10:00:00,Strada Urbana,VIA MARIO MUSCO,in prossimit�,,del civico n.,50,,Investimento di pedone,Rettilineo,Una carreggiata a senso unico di marcia,Asciutto,Asfaltata,Verticale ed orizzontale,Sereno,Scarso,Buona,Ore Diurne,1,0,0,1,12.4879,41.8491,0,,,,Pedone,F,Ricoverato,0,NON DECEDUTO,,,
3960168,11,22/08/2018 10:00:00,Strada Urbana,VIA MARIO MUSCO,in prossimit�,,del civico n.,50,,Investimento di pedone,Rettilineo,Una carreggiata a senso unico di marcia,Asciutto,Asfaltata,Verticale ed orizzontale,Sereno,Scarso,Buona,Ore Diurne,1,0,0,1,12.4879,41.8491,0,1,Autovettura privata,In marcia / fermata / arresto,Conducente,F,Illeso,0,,,,
3960174,17,22/08/2018 08:45:00,Strada Urbana,PIAZZALE DEGLI EROI,all'intersezione con,VIA VITTOR PISANI,VIA VITTOR PISANI,,,Scontro frontale/laterale DX fra veicoli in marcia,Incrocio,Due carreggiate,Asciutto,Asfaltata,Verticale ed orizzontale,Sereno,Scarso,Buona,Ore Diurne,0,0,0,2,12.4487,41.9087,-1,1,Autovettura pubblica,In marcia / fermata / arresto,Conducente,M,Illeso,0,,,,
3960174,17,22/08/2018 08:45:00,Strada Urbana,PIAZZALE DEGLI EROI,all'intersezione con,VIA VITTOR PISANI,VIA VITTOR PISANI,,,Scontro frontale/laterale DX fra veicoli in marcia,Incrocio,Due carreggiate,Asciutto,Asfaltata,Verticale ed orizzontale,Sereno,Scarso,Buona,Ore Diurne,0,0,0,2,12.4487,41.9087,-1,2,Autovettura privata,In marcia / fermata / arresto,Conducente,F,Illeso,0,,,,
3960189,8,22/08/2018 01:00:00,Strada Urbana,VIA GIARDINELLO,in corrispondenza,,del civico n.,51,,Veicolo in marcia contro veicolo in sosta,Pendenza,Una carreggiata a doppio senso,Bagnato (umidit� in atto),Asfaltata,Assente,Sereno,Scarso,Sufficiente,Sufficiente,0,0,0,2,12.6613,41.8863,-1,1,Autovettura di polizia,In marcia / fermata / arresto,Conducente,M,Illeso,0,,Non accertato,Inesploso,
3960189,8,22/08/2018 01:00:00,Strada Urbana,VIA GIARDINELLO,in corrispondenza,,del civico n.,51,,Veicolo in marcia contro veicolo in sosta,Pendenza,Una carreggiata a doppio senso,Bagnato (umidit� in atto),Asfaltata,Assente,Sereno,Scarso,Sufficiente,Sufficiente,0,0,0,2,12.6613,41.8863,-1,1,Autovettura di polizia,In marcia / fermata / arresto,Passeggero,M,Illeso,0,,Non accertato,Inesploso,
3960193,8,22/08/2018 07:40:00,Strada Urbana,VIA PRENESTINA,da specificare,,,,prossimit� ROCCA CENCIA 100 mt. direz. ZAGAROLO,Veicolo in marcia contro ostacolo accidentale,Rettilineo,Una carreggiata a doppio senso,Asciutto,Asfaltata,Verticale ed orizzontale,Sereno,Normale,Buona,Ore Diurne,0,0,0,1,12.6152,41.8933,-1,1,Autocarro superiore 35 q.,In marcia / fermata / arresto,Conducente,M,Illeso,0,,Non accertato,Inesistente,
3960202,6,22/08/2018 20:00:00,Strada Urbana,VIALE FILARETE,da specificare,,,,fronte civico 189,Veicolo in marcia contro veicolo in sosta,Rettilineo,Una carreggiata a doppio senso,Bagnato (pioggia),Asfaltata,Verticale ed orizzontale,Pioggia in atto,Scarso,Sufficiente,Sufficiente,0,0,0,1,12.5386,41.8789,-1,1,Autovettura privata,In marcia / fermata / arresto,Conducente,M,Illeso,0,,,,
3960205,12,22/08/2018 20:00:00,Strada Urbana,LARGO GIUSEPPE PELLA,all'intersezione con,VIA CRISTOFORO COLOMBO,VIA CRISTOFORO COLOMBO,,,Veicolo in marcia contro ostacolo fisso,Intersezione semaforizzata,Due carreggiate,Bagnato (pioggia),Asfaltata,Verticale ed orizzontale,Pioggia in atto,Normale,Sufficiente,Sufficiente,0,0,0,5,12.4688,41.8295,-1,1,Autovettura privata,In marcia / fermata / arresto,Conducente,M,Illeso,0,,Utilizzato,Inesploso,
3960205,12,22/08/2018 20:00:00,Strada Urbana,LARGO GIUSEPPE PELLA,all'intersezione con,VIA CRISTOFORO COLOMBO,VIA CRISTOFORO COLOMBO,,,Veicolo in marcia contro ostacolo fisso,Intersezione semaforizzata,Due carreggiate,Bagnato (pioggia),Asfaltata,Verticale ed orizzontale,Pioggia in atto,Normale,Sufficiente,Sufficiente,0,0,0,5,12.4688,41.8295,-1,1,Autovettura privata,In marcia / fermata / arresto,Passeggero,F,Illeso,0,,Utilizzato,Inesploso,
3960205,12,22/08/2018 20:00:00,Strada Urbana,LARGO GIUSEPPE PELLA,all'intersezione con,VIA CRISTOFORO COLOMBO,VIA CRISTOFORO COLOMBO,,,Veicolo in marcia contro ostacolo fisso,Intersezione semaforizzata,Due carreggiate,Bagnato (pioggia),Asfaltata,Verticale ed orizzontale,Pioggia in atto,Normale,Sufficiente,Sufficiente,0,0,0,5,12.4688,41.8295,-1,1,Autovettura privata,In marcia / fermata / arresto,Passeggero,F,Illeso,0,,Utilizzato,Inesploso,
3960205,12,22/08/2018 20:00:00,Strada Urbana,LARGO GIUSEPPE PELLA,all'intersezione con,VIA CRISTOFORO COLOMBO,VIA CRISTOFORO COLOMBO,,,Veicolo in marcia contro ostacolo fisso,Intersezione semaforizzata,Due carreggiate,Bagnato (pioggia),Asfaltata,Verticale ed orizzontale,Pioggia in atto,Normale,Sufficiente,Sufficiente,0,0,0,5,12.4688,41.8295,-1,1,Autovettura privata,In marcia / fermata / arresto,Passeggero,F,Illeso,0,,Utilizzato,Inesploso,
3960205,12,22/08/2018 20:00:00,Strada Urbana,LARGO GIUSEPPE PELLA,all'intersezione con,VIA CRISTOFORO COLOMBO,VIA CRISTOFORO COLOMBO,,,Veicolo in marcia contro ostacolo fisso,Intersezione semaforizzata,Due carreggiate,Bagnato (pioggia),Asfaltata,Verticale ed orizzontale,Pioggia in atto,Normale,Sufficiente,Sufficiente,0,0,0,5,12.4688,41.8295,-1,2,Autovettura privata,In marcia / fermata / arresto,Conducente,M,Illeso,0,,Utilizzato,Inesploso,
3960209,20,22/08/2018 16:00:00,Comunale extraurbana,VIA DELLA STAZIONE DI CESANO,in corrispondenza,,del palo luce n.,245,,Ribaltamento senza urto contro ostacolo fisso,Curva senza visuale libera,Una carreggiata a doppio senso,Asciutto,Asfaltata,Orizzontale,Sereno,Scarso,Buona,Ore Diurne,0,0,0,3,12.3247,42.0607,-1,1,Autovettura privata,In marcia / fermata / arresto,Conducente,F,Illeso,0,,Non accertato,Inesploso,
3960209,20,22/08/2018 16:00:00,Comunale extraurbana,VIA DELLA STAZIONE DI CESANO,in corrispondenza,,del palo luce n.,245,,Ribaltamento senza urto contro ostacolo fisso,Curva senza visuale libera,Una carreggiata a doppio senso,Asciutto,Asfaltata,Orizzontale,Sereno,Scarso,Buona,Ore Diurne,0,0,0,3,12.3247,42.0607,-1,1,Autovettura privata,In marcia / fermata / arresto,Passeggero,F,Illeso,0,,Non accertato,Inesploso,
3960217,8,22/08/2018 17:35:00,Strada Urbana,VIA CASILINA,in corrispondenza,,del civico n.,1754,,Scontro frontale/laterale DX fra veicoli in marcia,Rettilineo,Una carreggiata a doppio senso,Asciutto,Asfaltata,Verticale ed orizzontale,Sereno,Normale,Buona,Ore Diurne,1,0,0,1,12.6684,41.8641,-1,1,Autovettura privata,In marcia / fermata / arresto,Conducente,M,Rimandato,0,NON DECEDUTO,Non accertato,Inesploso,
3960217,8,22/08/2018 17:35:00,Strada Urbana,VIA CASILINA,in corrispondenza,,del civico n.,1754,,Scontro frontale/laterale DX fra veicoli in marcia,Rettilineo,Una carreggiata a doppio senso,Asciutto,Asfaltata,Verticale ed orizzontale,Sereno,Normale,Buona,Ore Diurne,1,0,0,1,12.6684,41.8641,-1,2,Autovettura privata,In marcia / fermata / arresto,Conducente,M,Illeso,0,,Non accertato,Inesploso,
3960219,9,23/08/2018 00:10:00,,VIA TUSCOLANA,in prossimit�,,del civico n.,2140,,Veicolo in marcia contro ostacolo accidentale,,,,,,,,,,0,0,0,2,,,0,1,Autovettura privata,In marcia / fermata / arresto,Conducente,M,Illeso,0,,,,
3960219,9,23/08/2018 00:10:00,,VIA TUSCOLANA,in prossimit�,,del civico n.,2140,,Veicolo in marcia contro ostacolo accidentale,,,,,,,,,,0,0,0,2,,,0,1,Autovettura privata,In marcia / fermata / arresto,Passeggero,F,Illeso,0,,,,
3960221,8,23/08/2018 03:45:00,Regionale entro l'abitato,VIA CASILINA,all'intersezione semaforizzata con,VIA ENRICO GIGLIOLI,VIA ENRICO GIGLIOLI,,,Scontro frontale fra veicoli in marcia,Intersezione semaforizzata,Una carreggiata a doppio senso,Asciutto,Asfaltata,Verticale ed orizzontale,Sereno,Scarso,Buona,Sufficiente,0,0,0,3,12.6194,41.8629,-1,1,Autovettura di polizia,In marcia / fermata / arresto,Conducente,M,Illeso,0,,Non accertato,Inesploso,
3960221,8,23/08/2018 03:45:00,Regionale entro l'abitato,VIA CASILINA,all'intersezione semaforizzata con,VIA ENRICO GIGLIOLI,VIA ENRICO GIGLIOLI,,,Scontro frontale fra veicoli in marcia,Intersezione semaforizzata,Una carreggiata a doppio senso,Asciutto,Asfaltata,Verticale ed orizzontale,Sereno,Scarso,Buona,Sufficiente,0,0,0,3,12.6194,41.8629,-1,1,Autovettura di polizia,In marcia / fermata / arresto,Passeggero,M,Illeso,0,,Non accertato,Inesploso,
3960221,8,23/08/2018 03:45:00,Regionale entro l'abitato,VIA CASILINA,all'intersezione semaforizzata con,VIA ENRICO GIGLIOLI,VIA ENRICO GIGLIOLI,,,Scontro frontale fra veicoli in marcia,Intersezione semaforizzata,Una carreggiata a doppio senso,Asciutto,Asfaltata,Verticale ed orizzontale,Sereno,Scarso,Buona,Sufficiente,0,0,0,3,12.6194,41.8629,-1,2,Autovettura privata,In marcia / fermata / arresto,Conducente,M,Illeso,0,,Non accertato,Inesploso,
3960224,4,22/08/2018 11:10:00,Strada Urbana,VIA ALFREDO SAINATI,da specificare,,,,prossimit� fronte civico 28,Veicolo in marcia contro veicolo fermo,Curva a visuale libera,Una carreggiata a doppio senso,Asciutto,Asfaltata,Orizzontale,Sereno,Scarso,Buona,Ore Diurne,0,0,0,2,12.5158,41.9693,-1,1,Autovettura privata,In marcia / fermata / arresto,Conducente,M,Illeso,0,,Non accertato,,
3960224,4,22/08/2018 11:10:00,Strada Urbana,VIA ALFREDO SAINATI,da specificare,,,,prossimit� fronte civico 28,Veicolo in marcia contro veicolo fermo,Curva a visuale libera,Una carreggiata a doppio senso,Asciutto,Asfaltata,Orizzontale,Sereno,Scarso,Buona,Ore Diurne,0,0,0,2,12.5158,41.9693,-1,2,Autovettura privata,In marcia / fermata / arresto,Conducente,M,Illeso,0,,,,
3960229,19,22/08/2018 20:30:00,Strada Urbana,VIA MATTIA BATTISTINI,in prossimit�,,del civico n.,219,,Veicolo in marcia contro ostacolo accidentale,Rettilineo,Una carreggiata a doppio senso,Bagnato (pioggia),Asfaltata,Orizzontale,Pioggia in atto,Scarso,Sufficiente,Sufficiente,0,0,0,1,12.4183,41.9146,-1,1,Autovettura privata,In marcia / fermata / arresto,Conducente,M,Illeso,0,,Non accertato,,
3960231,15,22/08/2018 20:25:00,Strada Urbana,LUNGOTEVERE DELLA MAGLIANA,all'intersezione con,VIA DELLA MAGLIANA,VIA DELLA MAGLIANA,,,Investimento di pedone,Incrocio,Una carreggiata a senso unico di marcia,Bagnato (pioggia),Asfaltata,Verticale ed orizzontale,Pioggia in atto,Normale,Sufficiente,Sufficiente,1,0,0,1,12.4617,41.851,-1,,,,Pedone,M,Rimandato,0,NON DECEDUTO,,,
3960231,15,22/08/2018 20:25:00,Strada Urbana,LUNGOTEVERE DELLA MAGLIANA,all'intersezione con,VIA DELLA MAGLIANA,VIA DELLA MAGLIANA,,,Investimento di pedone,Incrocio,Una carreggiata a senso unico di marcia,Bagnato (pioggia),Asfaltata,Verticale ed orizzontale,Pioggia in atto,Normale,Sufficiente,Sufficiente,1,0,0,1,12.4617,41.851,-1,1,Autovettura privata,In marcia / fermata / arresto,Conducente,M,Illeso,0,,Utilizzato,Inesploso,
3960232,13,22/08/2018 09:45:00,Strada Urbana,VIALE DI CASTEL PORZIANO,da specificare,,,,fr. civ. 431E,Investimento di pedone,Rettilineo,Una carreggiata a doppio senso,Asciutto,Asfaltata,Verticale ed orizzontale,Sereno,Normale,Buona,Ore Diurne,2,0,0,0,12.3662,41.736,-1,,,,Pedone,F,Rimandato,0,NON DECEDUTO,,,
3960232,13,22/08/2018 09:45:00,Strada Urbana,VIALE DI CASTEL PORZIANO,da specificare,,,,fr. civ. 431E,Investimento di pedone,Rettilineo,Una carreggiata a doppio senso,Asciutto,Asfaltata,Verticale ed orizzontale,Sereno,Normale,Buona,Ore Diurne,2,0,0,0,12.3662,41.736,-1,1,Motociclo con passeggero,In marcia / fermata / arresto,Conducente,M,Rimandato,0,NON DECEDUTO,Utilizzato,,
3960236,13,22/08/2018 17:00:00,Strada Urbana,VIA DEI VELIERI,all'intersezione con,VIA DELLE GONDOLE,VIA DELLE GONDOLE,,,Scontro frontale/laterale DX fra veicoli in marcia,Incrocio,Pi� di due carreggiate,Asciutto,Asfaltata,Verticale ed orizzontale,Sereno,Normale,Buona,Ore Diurne,0,0,0,2,12.2757,41.7365,-1,1,Autovettura privata,In marcia / fermata / arresto,Conducente,M,Illeso,0,,Non accertato,Inesploso,
3960236,13,22/08/2018 17:00:00,Strada Urbana,VIA DEI VELIERI,all'intersezione con,VIA DELLE GONDOLE,VIA DELLE GONDOLE,,,Scontro frontale/laterale DX fra veicoli in marcia,Incrocio,Pi� di due carreggiate,Asciutto,Asfaltata,Verticale ed orizzontale,Sereno,Normale,Buona,Ore Diurne,0,0,0,2,12.2757,41.7365,-1,2,Autovettura privata,In marcia / fermata / arresto,Conducente,M,Illeso,0,,Non accertato,Inesploso,
3960259,23,22/08/2018 08:45:00,Strada Urbana,LUNGOTEVERE IN AUGUSTA,in corrispondenza,,del palo luce n.,1,,Veicolo in marcia contro ostacolo accidentale,Rettilineo,Una carreggiata a senso unico di marcia,Asciutto,In cubetti di porfido,Verticale ed orizzontale,Sereno,Normale,Buona,Ore Diurne,0,0,0,1,12.4748,41.9076,-1,1,Autovettura privata,In marcia / fermata / arresto,Conducente,M,Illeso,0,,Non accertato,Inesploso,
3960272,23,22/08/2018 20:10:00,Strada Urbana,VIA DEI PESCATORI,in prossimit�,,del civico n.,133,,Veicolo in marcia contro ostacolo accidentale,Rettilineo,Una carreggiata a doppio senso,Bagnato (pioggia),Asfaltata,Verticale ed orizzontale,Pioggia in atto,Scarso,Buona,Sufficiente,2,0,0,0,12.3113,41.7319,0,1,Autovettura privata,In marcia / fermata / arresto,Conducente,F,Rimandato,0,NON DECEDUTO,Non accertato,Inesploso,
3960272,23,22/08/2018 20:10:00,Strada Urbana,VIA DEI PESCATORI,in prossimit�,,del civico n.,133,,Veicolo in marcia contro ostacolo accidentale,Rettilineo,Una carreggiata a doppio senso,Bagnato (pioggia),Asfaltata,Verticale ed orizzontale,Pioggia in atto,Scarso,Buona,Sufficiente,2,0,0,0,12.3113,41.7319,0,2,Autovettura privata,In marcia / fermata / arresto,Conducente,F,Rimandato,0,NON DECEDUTO,,,
3960282,16,21/08/2018 05:00:00,Strada Urbana,VIA DELLA PISANA,in prossimit�,,del civico n.,331,,Veicolo in marcia contro ostacolo accidentale,Rettilineo,Una carreggiata a senso unico di marcia,Asciutto,Asfaltata,Assente,Sereno,Intenso,Buona,Ore Diurne,1,0,0,0,12.4129,41.8735,-1,1,Motociclo a solo,In marcia / fermata / arresto,Conducente,M,Rimandato,0,NON DECEDUTO,,,
3960298,1,22/08/2018 06:25:00,Strada Urbana,VIA FARINI,all'intersezione semaforizzata con,VIA GIOBERTI,VIA GIOBERTI,,,Scontro frontale/laterale DX fra veicoli in marcia,Intersezione semaforizzata,Una carreggiata a senso unico di marcia,Asciutto,Asfaltata,Orizzontale,Sereno,Scarso,Buona,Ore Diurne,1,0,0,1,12.4998,41.8982,-1,1,Autovettura pubblica,In marcia / fermata / arresto,Conducente,M,Illeso,0,,Non accertato,,
3960298,1,22/08/2018 06:25:00,Strada Urbana,VIA FARINI,all'intersezione semaforizzata con,VIA GIOBERTI,VIA GIOBERTI,,,Scontro frontale/laterale DX fra veicoli in marcia,Intersezione semaforizzata,Una carreggiata a senso unico di marcia,Asciutto,Asfaltata,Orizzontale,Sereno,Scarso,Buona,Ore Diurne,1,0,0,1,12.4998,41.8982,-1,2,Autovettura privata,In marcia / fermata / arresto,Conducente,F,Rifiuta cure immediate,0,NON DECEDUTO,Non accertato,,
3960305,7,22/08/2018 12:30:00,Strada Urbana,VIA DI TOR TRE TESTE,da specificare,,,,rotatoria,Tamponamento,Rotatoria,Una carreggiata a senso unico di marcia,Asciutto,Asfaltata,Verticale ed orizzontale,Sereno,Normale,Buona,Ore Diurne,1,0,0,1,12.5917,41.8811,-1,1,Autovettura privata,In marcia / fermata / arresto,Conducente,F,Illeso,0,,Non accertato,Inesploso,
3960305,7,22/08/2018 12:30:00,Strada Urbana,VIA DI TOR TRE TESTE,da specificare,,,,rotatoria,Tamponamento,Rotatoria,Una carreggiata a senso unico di marcia,Asciutto,Asfaltata,Verticale ed orizzontale,Sereno,Normale,Buona,Ore Diurne,1,0,0,1,12.5917,41.8811,-1,2,Motociclo a solo,In marcia / fermata / arresto,Conducente,F,Rimandato,0,NON DECEDUTO,Non accertato,,
3960325,5,22/08/2018 21:00:00,,NUOVA CIRCONVALLAZIONE INTERNA,da specificare,,,,dir. San Giovanni prox uscita M.Ti Tiburtini,Veicolo in marcia contro ostacolo fisso,,,,,,,,,,1,0,0,0,12.5275,41.9222,0,1,Autovettura privata,In marcia / fermata / arresto,Conducente,M,Rimandato,0,NON DECEDUTO,,,
3960331,2,22/08/2018 09:05:00,Strada Urbana,VIALE MARESCIALLO PILSUDSKI,in corrispondenza,,del civico n.,25,,Scontro frontale/laterale SX fra veicoli in marcia,Rettilineo,Una carreggiata a doppio senso,Asciutto,Asfaltata,Orizzontale,Sereno,Normale,Buona,Ore Diurne,1,0,0,1,12.478,41.9287,-1,1,Autovettura privata,In marcia / fermata / arresto,Conducente,F,Illeso,0,,,,
3960331,2,22/08/2018 09:05:00,Strada Urbana,VIALE MARESCIALLO PILSUDSKI,in corrispondenza,,del civico n.,25,,Scontro frontale/laterale SX fra veicoli in marcia,Rettilineo,Una carreggiata a doppio senso,Asciutto,Asfaltata,Orizzontale,Sereno,Normale,Buona,Ore Diurne,1,0,0,1,12.478,41.9287,-1,2,Velocipede,In marcia / fermata / arresto,Conducente,M,Rifiuta cure immediate,0,NON DECEDUTO,Esente,,