Protocollo,Gruppo,DataOraIncidente,Localizzazione1,STRADA1,Localizzazione2,STRADA2,Strada02,Chilometrica,DaSpecificare,NaturaIncidente,particolaritastrade,TipoStrada,FondoStradale,Pavimentazione,Segnaletica,CondizioneAtmosferica,Traffico,Visibilita,Illuminazione,NUM_FERITI,NUM_RISERVATA,NUM_MORTI,NUM_ILLESI,Longitudine,Latitudine,Confermato,Progressivo,TipoVeicolo,StatoVeicolo,TipoPersona,Sesso,Tipolesione,Deceduto,DecedutoDopo,CinturaCascoUtilizzato,Airbag,
3960370,18,22/08/2018 23:50:00,Statale entro l'abitato,VIA AURELIA,da specificare,,,,direzione centro altezza G.R.A.,Veicolo in marcia contro ostacolo fisso,Curva a visuale libera,Due carreggiate,Bagnato (pioggia),Asfaltata,Verticale ed orizzontale,Pioggia in atto,Scarso,Buona,Sufficiente,0,0,0,1,12.3779,41.8834,-1,1,Autovettura privata,In marcia / fermata / arresto,Conducente,M,Illeso,0,,,,
3960383,1,22/08/2018 17:40:00,Strada Urbana,VIA GENOVA,all'intersezione con,VIA DI S. VITALE,VIA DI S. VITALE,,,Infortunio per sola frenata improvvisa,Incrocio,Una carreggiata a senso unico di marcia,Asciutto,In cubetti di porfido,Verticale ed orizzontale,Nuvoloso,Scarso,Buona,Ore Diurne,1,0,0,1,12.4914,41.8999,-1,1,Motociclo a solo,In marcia / fermata / arresto,Conducente,M,Rifiuta cure immediate,0,NON DECEDUTO,Non accertato,,
3960383,1,22/08/2018 17:40:00,Strada Urbana,VIA GENOVA,all'intersezione con,VIA DI S. VITALE,VIA DI S. VITALE,,,Infortunio per sola frenata improvvisa,Incrocio,Una carreggiata a senso unico di marcia,Asciutto,In cubetti di porfido,Verticale ed orizzontale,Nuvoloso,Scarso,Buona,Ore Diurne,1,0,0,1,12.4914,41.8999,-1,2,Motociclo a solo,In marcia / fermata / arresto,Conducente,M,Illeso,0,,Non accertato,,
3960420,1,22/08/2018 15:30:00,Strada Urbana,VIALE LUIGI EINAUDI,in corrispondenza,,del palo luce n.,10,,Scontro laterale fra veicoli in marcia,Rettilineo,Una carreggiata a senso unico di marcia,Asciutto,Acciotolata,Verticale ed orizzontale,Sereno,Scarso,Buona,Ore Diurne,0,0,0,2,12.4979,41.9023,-1,1,Autobus turistico,In marcia / fermata / arresto,Conducente,M,Illeso,0,,Non accertato,Inesploso,
3960420,1,22/08/2018 15:30:00,Strada Urbana,VIALE LUIGI EINAUDI,in corrispondenza,,del palo luce n.,10,,Scontro laterale fra veicoli in marcia,Rettilineo,Una carreggiata a senso unico di marcia,Asciutto,Acciotolata,Verticale ed orizzontale,Sereno,Scarso,Buona,Ore Diurne,0,0,0,2,12.4979,41.9023,-1,2,Autovettura pubblica,In marcia / fermata / arresto,Conducente,M,Illeso,0,,Non accertato,Inesploso,
3960442,3,22/08/2018 13:00:00,Strada Urbana,VIA DEI SARDI,all'intersezione con,VIA DEI VOLSCI,VIA DEI VOLSCI,,,Scontro frontale fra veicoli in marcia,Incrocio,Una carreggiata a senso unico di marcia,Asciutto,Asfaltata,Verticale ed orizzontale,Sereno,Scarso,Sufficiente,Ore Diurne,1,0,0,0,12.5155,41.8981,0,2,Velocipede,In marcia / fermata / arresto,Conducente,F,Ricoverato,0,NON DECEDUTO,Esente,,
3960557,2,23/08/2018 10:40:00,Strada Urbana,CORSO D'ITALIA,in prossimit�,,del civico n.,112,,Scontro laterale fra veicoli in marcia,Rettilineo,Una carreggiata a doppio senso,Asciutto,Asfaltata,Verticale ed orizzontale,Sereno,Normale,Buona,Ore Diurne,0,0,0,2,12.5007,41.9099,-1,1,Autovettura privata,In marcia / fermata / arresto,Conducente,M,Illeso,0,,,,
3960557,2,23/08/2018 10:40:00,Strada Urbana,CORSO D'ITALIA,in prossimit�,,del civico n.,112,,Scontro laterale fra veicoli in marcia,Rettilineo,Una carreggiata a doppio senso,Asciutto,Asfaltata,Verticale ed orizzontale,Sereno,Normale,Buona,Ore Diurne,0,0,0,2,12.5007,41.9099,-1,2,Autovettura privata,In marcia / fermata / arresto,Conducente,M,Illeso,0,,,,
3960575,12,23/08/2018 00:30:00,Regionale,VIA PONTINA,da specificare,,,,DIREZIONE POMEZIA ALT. CASTEL ROMANO,Tamponamento,Rettilineo,Due carreggiate,Bagnato (pioggia),Asfaltata,Verticale ed orizzontale,Nuvoloso,Scarso,Sufficiente,Inesistente,1,0,0,6,12.4499,41.7165,-1,1,Autovettura privata,In marcia / fermata / arresto,Conducente,M,Illeso,0,,Non utilizzato,Inesploso,
3960575,12,23/08/2018 00:30:00,Regionale,VIA PONTINA,da specificare,,,,DIREZIONE POMEZIA ALT. CASTEL ROMANO,Tamponamento,Rettilineo,Due carreggiate,Bagnato (pioggia),Asfaltata,Verticale ed orizzontale,Nuvoloso,Scarso,Sufficiente,Inesistente,1,0,0,6,12.4499,41.7165,-1,1,Autovettura privata,In marcia / fermata / arresto,Passeggero,F,Rimandato,0,NON DECEDUTO,Utilizzato,Inesploso,
3960575,12,23/08/2018 00:30:00,Regionale,VIA PONTINA,da specificare,,,,DIREZIONE POMEZIA ALT. CASTEL ROMANO,Tamponamento,Rettilineo,Due carreggiate,Bagnato (pioggia),Asfaltata,Verticale ed orizzontale,Nuvoloso,Scarso,Sufficiente,Inesistente,1,0,0,6,12.4499,41.7165,-1,1,Autovettura privata,In marcia / fermata / arresto,Passeggero,M,Illeso,0,,,,
3960575,12,23/08/2018 00:30:00,Regionale,VIA PONTINA,da specificare,,,,DIREZIONE POMEZIA ALT. CASTEL ROMANO,Tamponamento,Rettilineo,Due carreggiate,Bagnato (pioggia),Asfaltata,Verticale ed orizzontale,Nuvoloso,Scarso,Sufficiente,Inesistente,1,0,0,6,12.4499,41.7165,-1,2,Autovettura privata,In marcia / fermata / arresto,Conducente,M,Illeso,0,,Non accertato,Inesploso,
3960575,12,23/08/2018 00:30:00,Regionale,VIA PONTINA,da specificare,,,,DIREZIONE POMEZIA ALT. CASTEL ROMANO,Tamponamento,Rettilineo,Due carreggiate,Bagnato (pioggia),Asfaltata,Verticale ed orizzontale,Nuvoloso,Scarso,Sufficiente,Inesistente,1,0,0,6,12.4499,41.7165,-1,2,Autovettura privata,In marcia / fermata / arresto,Passeggero,F,Illeso,0,,,,
3960575,12,23/08/2018 00:30:00,Regionale,VIA PONTINA,da specificare,,,,DIREZIONE POMEZIA ALT. CASTEL ROMANO,Tamponamento,Rettilineo,Due carreggiate,Bagnato (pioggia),Asfaltata,Verticale ed orizzontale,Nuvoloso,Scarso,Sufficiente,Inesistente,1,0,0,6,12.4499,41.7165,-1,2,Autovettura privata,In marcia / fermata / arresto,Passeggero,M,Illeso,0,,,,
3960575,12,23/08/2018 00:30:00,Regionale,VIA PONTINA,da specificare,,,,DIREZIONE POMEZIA ALT. CASTEL ROMANO,Tamponamento,Rettilineo,Due carreggiate,Bagnato (pioggia),Asfaltata,Verticale ed orizzontale,Nuvoloso,Scarso,Sufficiente,Inesistente,1,0,0,6,12.4499,41.7165,-1,2,Autovettura privata,In marcia / fermata / arresto,Passeggero,F,Illeso,0,,,,
3960738,3,23/08/2018 09:10:00,Strada Urbana,VIA REGGIO CALABRIA,in prossimit�,,del civico n.,28,,Scontro frontale fra veicoli in marcia,Rettilineo,Una carreggiata a senso unico di marcia,Asciutto,Asfaltata,Verticale ed orizzontale,Sereno,Scarso,Buona,Ore Diurne,0,0,0,2,12.52,41.9119,-1,1,Autovettura privata,In marcia / fermata / arresto,Conducente,M,Illeso,0,,Non accertato,,
3960738,3,23/08/2018 09:10:00,Strada Urbana,VIA REGGIO CALABRIA,in prossimit�,,del civico n.,28,,Scontro frontale fra veicoli in marcia,Rettilineo,Una carreggiata a senso unico di marcia,Asciutto,Asfaltata,Verticale ed orizzontale,Sereno,Scarso,Buona,Ore Diurne,0,0,0,2,12.52,41.9119,-1,2,Autovettura privata,In marcia / fermata / arresto,Conducente,M,Illeso,0,,Non accertato,,
3960740,3,23/08/2018 11:35:00,Strada Urbana,VIALE DELL'UNIVERSITA',all'intersezione con,VIALE REGINA ELENA,VIALE REGINA ELENA,,,Scontro laterale fra veicoli in marcia,Incrocio,Una carreggiata a senso unico di marcia,Asciutto,Asfaltata,Verticale ed orizzontale,Sereno,Scarso,Buona,Ore Diurne,0,0,0,3,12.5157,41.9056,-1,1,Autovettura privata,In marcia / fermata / arresto,Conducente,M,Illeso,0,,Non accertato,,
3960740,3,23/08/2018 11:35:00,Strada Urbana,VIALE DELL'UNIVERSITA',all'intersezione con,VIALE REGINA ELENA,VIALE REGINA ELENA,,,Scontro laterale fra veicoli in marcia,Incrocio,Una carreggiata a senso unico di marcia,Asciutto,Asfaltata,Verticale ed orizzontale,Sereno,Scarso,Buona,Ore Diurne,0,0,0,3,12.5157,41.9056,-1,1,Autovettura privata,In marcia / fermata / arresto,Passeggero,F,Illeso,0,,Non accertato,,
3960740,3,23/08/2018 11:35:00,Strada Urbana,VIALE DELL'UNIVERSITA',all'intersezione con,VIALE REGINA ELENA,VIALE REGINA ELENA,,,Scontro laterale fra veicoli in marcia,Incrocio,Una carreggiata a senso unico di marcia,Asciutto,Asfaltata,Verticale ed orizzontale,Sereno,Scarso,Buona,Ore Diurne,0,0,0,3,12.5157,41.9056,-1,2,Autovettura privata,In marcia / fermata / arresto,Conducente,M,Illeso,0,,Non accertato,,
3960819,9,23/08/2018 15:18:00,Strada Urbana,VIA SIRIA,all'intersezione semaforizzata con,CIRCONVALLAZIONE APPIA,CIRCONVALLAZIONE APPIA,,,Scontro frontale fra veicoli in marcia,Intersezione semaforizzata,Una carreggiata a doppio senso,Asciutto,Asfaltata,Verticale ed orizzontale,Sereno,Normale,Buona,Ore Diurne,1,0,0,3,12.5111,41.875,-1,1,Autocarro inferiore 35 q.,In marcia / fermata / arresto,Conducente,M,Illeso,0,,Non accertato,Inesploso,
3960819,9,23/08/2018 15:18:00,Strada Urbana,VIA SIRIA,all'intersezione semaforizzata con,CIRCONVALLAZIONE APPIA,CIRCONVALLAZIONE APPIA,,,Scontro frontale fra veicoli in marcia,Intersezione semaforizzata,Una carreggiata a doppio senso,Asciutto,Asfaltata,Verticale ed orizzontale,Sereno,Normale,Buona,Ore Diurne,1,0,0,3,12.5111,41.875,-1,1,Autocarro inferiore 35 q.,In marcia / fermata / arresto,Passeggero,M,Illeso,0,,Non accertato,Inesploso,
3960819,9,23/08/2018 15:18:00,Strada Urbana,VIA SIRIA,all'intersezione semaforizzata con,CIRCONVALLAZIONE APPIA,CIRCONVALLAZIONE APPIA,,,Scontro frontale fra veicoli in marcia,Intersezione semaforizzata,Una carreggiata a doppio senso,Asciutto,Asfaltata,Verticale ed orizzontale,Sereno,Normale,Buona,Ore Diurne,1,0,0,3,12.5111,41.875,-1,1,Autocarro inferiore 35 q.,In marcia / fermata / arresto,Passeggero,M,Illeso,0,,Non accertato,Inesploso,
3960819,9,23/08/2018 15:18:00,Strada Urbana,VIA SIRIA,all'intersezione semaforizzata con,CIRCONVALLAZIONE APPIA,CIRCONVALLAZIONE APPIA,,,Scontro frontale fra veicoli in marcia,Intersezione semaforizzata,Una carreggiata a doppio senso,Asciutto,Asfaltata,Verticale ed orizzontale,Sereno,Normale,Buona,Ore Diurne,1,0,0,3,12.5111,41.875,-1,2,Motociclo a solo,In marcia / fermata / arresto,Conducente,F,Rimandato,0,NON DECEDUTO,Non accertato,,
3960853,5,22/08/2018 18:50:00,Strada Urbana,VIA GIOVANNI BATTISTA MANZELLA,in prossimit�,,del civico n.,20,,Scontro frontale/laterale DX fra veicoli in marcia,Rettilineo,Una carreggiata a doppio senso,Asciutto,Asfaltata,Orizzontale,Nuvoloso,Scarso,Buona,Ore Diurne,0,0,0,2,12.5794,41.9379,-1,1,Autovettura privata,In marcia / fermata / arresto,Conducente,M,Illeso,0,,Non accertato,Inesploso,
3960853,5,22/08/2018 18:50:00,Strada Urbana,VIA GIOVANNI BATTISTA MANZELLA,in prossimit�,,del civico n.,20,,Scontro frontale/laterale DX fra veicoli in marcia,Rettilineo,Una carreggiata a doppio senso,Asciutto,Asfaltata,Orizzontale,Nuvoloso,Scarso,Buona,Ore Diurne,0,0,0,2,12.5794,41.9379,-1,2,Autovettura privata,In marcia / fermata / arresto,Conducente,M,Illeso,0,,Non accertato,Inesploso,
3960865,1,23/08/2018 13:15:00,Strada Urbana,PIAZZALE OSTIENSE,da specificare,,,,ALL'INTERSEIONE CON VIALE MARCO POLO,Scontro laterale fra veicoli in marcia,Rettilineo,Una carreggiata a senso unico di marcia,Asciutto,Asfaltata,Assente,Sereno,Normale,Buona,Ore Diurne,0,0,0,3,12.482,41.8762,-1,1,Autovettura privata,In marcia / fermata / arresto,Conducente,M,Illeso,0,,Non accertato,Inesploso,
3960865,1,23/08/2018 13:15:00,Strada Urbana,PIAZZALE OSTIENSE,da specificare,,,,ALL'INTERSEIONE CON VIALE MARCO POLO,Scontro laterale fra veicoli in marcia,Rettilineo,Una carreggiata a senso unico di marcia,Asciutto,Asfaltata,Assente,Sereno,Normale,Buona,Ore Diurne,0,0,0,3,12.482,41.8762,-1,1,Autovettura privata,In marcia / fermata / arresto,Passeggero,F,Illeso,0,,Non accertato,,
3960865,1,23/08/2018 13:15:00,Strada Urbana,PIAZZALE OSTIENSE,da specificare,,,,ALL'INTERSEIONE CON VIALE MARCO POLO,Scontro laterale fra veicoli in marcia,Rettilineo,Una carreggiata a senso unico di marcia,Asciutto,Asfaltata,Assente,Sereno,Normale,Buona,Ore Diurne,0,0,0,3,12.482,41.8762,-1,2,Autocarro inferiore 35 q.,In marcia / fermata / arresto,Conducente,M,Illeso,0,,Non accertato,,
3961125,7,23/08/2018 18:20:00,Strada Urbana,VIA COLLATINA,in corrispondenza,,del civico n.,412,,Veicolo in marcia contro ostacolo fisso,Rettilineo,Una carreggiata a doppio senso,Asciutto,Asfaltata,Verticale ed orizzontale,Sereno,Normale,Buona,Ore Diurne,0,0,0,2,12.6085,41.905,-1,1,Autovettura privata,In marcia / fermata / arresto,Conducente,M,Illeso,0,,Non accertato,Inesploso,
3961125,7,23/08/2018 18:20:00,Strada Urbana,VIA COLLATINA,in corrispondenza,,del civico n.,412,,Veicolo in marcia contro ostacolo fisso,Rettilineo,Una carreggiata a doppio senso,Asciutto,Asfaltata,Verticale ed orizzontale,Sereno,Normale,Buona,Ore Diurne,0,0,0,2,12.6085,41.905,-1,2,Autovettura privata,In marcia / fermata / arresto,Conducente,M,Illeso,0,,Non accertato,Inesploso,
3961131,13,23/08/2018 19:20:00,Strada Urbana,VIALE DEI ROMAGNOLI,da specificare,,,,prossimit� Via Dei Monti Di San Paolo,Scontro laterale fra veicoli in marcia,Rettilineo,Una carreggiata a senso unico di marcia,Asciutto,Asfaltata,Verticale ed orizzontale,Sereno,Intenso,Buona,Ore Diurne,0,0,0,5,12.3636,41.7848,-1,1,Autocarro inferiore 35 q.,In marcia / fermata / arresto,Conducente,M,Illeso,0,,,,
3961131,13,23/08/2018 19:20:00,Strada Urbana,VIALE DEI ROMAGNOLI,da specificare,,,,prossimit� Via Dei Monti Di San Paolo,Scontro laterale fra veicoli in marcia,Rettilineo,Una carreggiata a senso unico di marcia,Asciutto,Asfaltata,Verticale ed orizzontale,Sereno,Intenso,Buona,Ore Diurne,0,0,0,5,12.3636,41.7848,-1,1,Autocarro inferiore 35 q.,In marcia / fermata / arresto,Passeggero,M,Illeso,0,,,,
3961131,13,23/08/2018 19:20:00,Strada Urbana,VIALE DEI ROMAGNOLI,da specificare,,,,prossimit� Via Dei Monti Di San Paolo,Scontro laterale fra veicoli in marcia,Rettilineo,Una carreggiata a senso unico di marcia,Asciutto,Asfaltata,Verticale ed orizzontale,Sereno,Intenso,Buona,Ore Diurne,0,0,0,5,12.3636,41.7848,-1,1,Autocarro inferiore 35 q.,In marcia / fermata / arresto,Passeggero,M,Illeso,0,,,,
3961131,13,23/08/2018 19:20:00,Strada Urbana,VIALE DEI ROMAGNOLI,da specificare,,,,prossimit� Via Dei Monti Di San Paolo,Scontro laterale fra veicoli in marcia,Rettilineo,Una carreggiata a senso unico di marcia,Asciutto,Asfaltata,Verticale ed orizzontale,Sereno,Intenso,Buona,Ore Diurne,0,0,0,5,12.3636,41.7848,-1,1,Autocarro inferiore 35 q.,In marcia / fermata / arresto,Passeggero,M,Illeso,0,,,,
3961131,13,23/08/2018 19:20:00,Strada Urbana,VIALE DEI ROMAGNOLI,da specificare,,,,prossimit� Via Dei Monti Di San Paolo,Scontro laterale fra veicoli in marcia,Rettilineo,Una carreggiata a senso unico di marcia,Asciutto,Asfaltata,Verticale ed orizzontale,Sereno,Intenso,Buona,Ore Diurne,0,0,0,5,12.3636,41.7848,-1,2,Autovettura privata,In marcia / fermata / arresto,Conducente,M,Illeso,0,,,,
3961174,10,23/08/2018 13:30:00,Strada Urbana,VIA APPIA NUOVA,da specificare,,,,pross. 1010 alt. Via  Appia Pignatelli,Tamponamento Multiplo,Rettilineo,Due carreggiate,Asciutto,Asfaltata,Verticale ed orizzontale,Sereno,Scarso,Buona,Ore Diurne,0,0,0,3,12.5535,41.8333,-1,1,Autovettura privata,In marcia / fermata / arresto,Conducente,M,Illeso,0,,Non accertato,Inesploso,
3961174,10,23/08/2018 13:30:00,Strada Urbana,VIA APPIA NUOVA,da specificare,,,,pross. 1010 alt. Via  Appia Pignatelli,Tamponamento Multiplo,Rettilineo,Due carreggiate,Asciutto,Asfaltata,Verticale ed orizzontale,Sereno,Scarso,Buona,Ore Diurne,0,0,0,3,12.5535,41.8333,-1,2,Autovettura privata,In marcia / fermata / arresto,Conducente,M,Illeso,0,,Non accertato,Inesploso,
3961174,10,23/08/2018 13:30:00,Strada Urbana,VIA APPIA NUOVA,da specificare,,,,pross. 1010 alt. Via  Appia Pignatelli,Tamponamento Multiplo,Rettilineo,Due carreggiate,Asciutto,Asfaltata,Verticale ed orizzontale,Sereno,Scarso,Buona,Ore Diurne,0,0,0,3,12.5535,41.8333,-1,3,Autovettura privata,In marcia / fermata / arresto,Conducente,M,Illeso,0,,Non accertato,Inesploso,
3961182,20,23/08/2018 19:45:00,Strada Urbana,VIA DEI MONTI DELLA VALCHETTA,all'intersezione con,VIA BREMBIO,VIA BREMBIO,,,Scontro frontale fra veicoli in marcia,Incrocio,Una carreggiata a doppio senso,Asciutto,Asfaltata,Verticale,Sereno,Scarso,Buona,Sufficiente,1,0,0,2,12.4857,41.9948,-1,1,Autovettura privata,In marcia / fermata / arresto,Conducente,M,Illeso,0,,,,
3961182,20,23/08/2018 19:45:00,Strada Urbana,VIA DEI MONTI DELLA VALCHETTA,all'intersezione con,VIA BREMBIO,VIA BREMBIO,,,Scontro frontale fra veicoli in marcia,Incrocio,Una carreggiata a doppio senso,Asciutto,Asfaltata,Verticale,Sereno,Scarso,Buona,Sufficiente,1,0,0,2,12.4857,41.9948,-1,1,Autovettura privata,In marcia / fermata / arresto,Passeggero,F,Illeso,0,,,,
3961182,20,23/08/2018 19:45:00,Strada Urbana,VIA DEI MONTI DELLA VALCHETTA,all'intersezione con,VIA BREMBIO,VIA BREMBIO,,,Scontro frontale fra veicoli in marcia,Incrocio,Una carreggiata a doppio senso,Asciutto,Asfaltata,Verticale,Sereno,Scarso,Buona,Sufficiente,1,0,0,2,12.4857,41.9948,-1,2,Motociclo a solo,In marcia / fermata / arresto,Conducente,M,Rimandato,0,NON DECEDUTO,Non accertato,,
3961199,1,23/08/2018 16:30:00,Strada Urbana,VIA DI S. VENANZIO,da specificare,,,,in prossimit� del palo Acea N. 9,Infortunio per sola frenata improvvisa,Rettilineo,Una carreggiata a senso unico di marcia,Sdrucciolevole (pietrisco),Acciotolata,Verticale ed orizzontale,Sereno,Normale,Buona,Ore Diurne,1,0,0,0,,,0,1,Ciclomotore,In marcia / fermata / arresto,Conducente,F,Rimandato,0,NON DECEDUTO,,,
3961202,8,23/08/2018 13:30:00,Strada Urbana,VIALE DUILIO CAMBELLOTTI,all'intersezione con,VIALE OXFORD,VIALE OXFORD,,,Tamponamento,Incrocio,Due carreggiate,Asciutto,Asfaltata,Verticale ed orizzontale,Sereno,Normale,Buona,Ore Diurne,0,0,0,4,12.6297,41.8674,-1,1,Autovettura privata,In marcia / fermata / arresto,Conducente,F,Illeso,0,,Non accertato,Inesploso,
3961202,8,23/08/2018 13:30:00,Strada Urbana,VIALE DUILIO CAMBELLOTTI,all'intersezione con,VIALE OXFORD,VIALE OXFORD,,,Tamponamento,Incrocio,Due carreggiate,Asciutto,Asfaltata,Verticale ed orizzontale,Sereno,Normale,Buona,Ore Diurne,0,0,0,4,12.6297,41.8674,-1,1,Autovettura privata,In marcia / fermata / arresto,Passeggero,M,Illeso,0,,Non accertato,Inesploso,
3961202,8,23/08/2018 13:30:00,Strada Urbana,VIALE DUILIO CAMBELLOTTI,all'intersezione con,VIALE OXFORD,VIALE OXFORD,,,Tamponamento,Incrocio,Due carreggiate,Asciutto,Asfaltata,Verticale ed orizzontale,Sereno,Normale,Buona,Ore Diurne,0,0,0,4,12.6297,41.8674,-1,2,Autovettura privata,In marcia / fermata / arresto,Conducente,M,Illeso,0,,Non accertato,Inesploso,
3961202,8,23/08/2018 13:30:00,Strada Urbana,VIALE DUILIO CAMBELLOTTI,all'intersezione con,VIALE OXFORD,VIALE OXFORD,,,Tamponamento,Incrocio,Due carreggiate,Asciutto,Asfaltata,Verticale ed orizzontale,Sereno,Normale,Buona,Ore Diurne,0,0,0,4,12.6297,41.8674,-1,2,Autovettura privata,In marcia / fermata / arresto,Passeggero,M,Illeso,0,,Non accertato,Inesploso,
3961217,18,23/08/2018 12:00:00,Strada Urbana,VIA DI TORRE ROSSA,in corrispondenza,,del civico n.,35,,Veicolo in marcia contro ostacolo accidentale,Rettilineo,Una carreggiata a doppio senso,Asciutto,Asfaltata,Verticale ed orizzontale,Sereno,Normale,Buona,Ore Diurne,0,0,0,1,12.4286,41.8939,-1,1,Autovettura privata,In marcia / fermata / arresto,Conducente,M,Illeso,0,,,,
3961236,19,24/08/2018 01:00:00,Strada Urbana,VIA DI CASAL DEL MARMO,all'intersezione con,VIA ALFONSO MIOLA,VIA ALFONSO MIOLA,,,Scontro frontale/laterale SX fra veicoli in marcia,Incrocio,Una carreggiata a doppio senso,Asciutto,Asfaltata,Verticale ed orizzontale,Nuvoloso,Scarso,Insufficiente,Insufficiente,3,0,0,0,12.389,41.9421,-1,1,Autovettura privata,In marcia / fermata / arresto,Conducente,M,Rimandato,0,NON DECEDUTO,,,
3961236,19,24/08/2018 01:00:00,Strada Urbana,VIA DI CASAL DEL MARMO,all'intersezione con,VIA ALFONSO MIOLA,VIA ALFONSO MIOLA,,,Scontro frontale/laterale SX fra veicoli in marcia,Incrocio,Una carreggiata a doppio senso,Asciutto,Asfaltata,Verticale ed orizzontale,Nuvoloso,Scarso,Insufficiente,Insufficiente,3,0,0,0,12.389,41.9421,-1,2,Autovettura privata,In marcia / fermata / arresto,Conducente,M,Rimandato,0,NON DECEDUTO,,,
3961236,19,24/08/2018 01:00:00,Strada Urbana,VIA DI CASAL DEL MARMO,all'intersezione con,VIA ALFONSO MIOLA,VIA ALFONSO MIOLA,,,Scontro frontale/laterale SX fra veicoli in marcia,Incrocio,Una carreggiata a doppio senso,Asciutto,Asfaltata,Verticale ed orizzontale,Nuvoloso,Scarso,Insufficiente,Insufficiente,3,0,0,0,12.389,41.9421,-1,2,Autovettura privata,In marcia / fermata / arresto,Passeggero,F,Rimandato,0,NON DECEDUTO,,,
3961245,19,23/08/2018 14:55:00,Comunale extraurbana,VIA EUGENIO DI MATTEI,da specificare,,,,area interna ospedale San Filippo NERI,Investimento di pedone,Curva a visuale libera,Due carreggiate,Asciutto,Asfaltata,Temporanea di cantiere,Sereno,Scarso,Buona,Ore Diurne,1,0,0,0,12.4141,41.9471,0,,,,Pedone,M,Rimandato,0,NON DECEDUTO,,,
3961266,8,23/08/2018 18:15:00,Altra strada,VIA AMICO ASPERTINI,in prossimit�,,del civico n.,276,,Veicolo in marcia contro ostacolo accidentale,Rettilineo,Una carreggiata a senso unico di marcia,Asciutto,Con buche,Assente,Sereno,Scarso,Buona,Ore Diurne,1,0,0,0,12.6306,41.8697,-1,1,Velocipede,In marcia / fermata / arresto,Conducente,M,Rimandato,0,NON DECEDUTO,Esente,,
3961277,8,23/08/2018 18:40:00,Strada Urbana,VIA DEL FOSSO DELL'OSA,all'intersezione con,VIA CANZANO,VIA CANZANO,,,Scontro frontale/laterale DX fra veicoli in marcia,Incrocio,Una carreggiata a doppio senso,Asciutto,Asfaltata,Orizzontale,Nuvoloso,Normale,Buona,Ore Diurne,1,0,0,2,,,0,1,Autovettura privata,In marcia / fermata / arresto,Conducente,M,Rifiuta cure immediate,0,NON DECEDUTO,Non accertato,Esploso,
3961277,8,23/08/2018 18:40:00,Strada Urbana,VIA DEL FOSSO DELL'OSA,all'intersezione con,VIA CANZANO,VIA CANZANO,,,Scontro frontale/laterale DX fra veicoli in marcia,Incrocio,Una carreggiata a doppio senso,Asciutto,Asfaltata,Orizzontale,Nuvoloso,Normale,Buona,Ore Diurne,1,0,0,2,,,0,2,Autovettura privata,In marcia / fermata / arresto,Conducente,M,Illeso,0,,Non accertato,Inesploso,
3961277,8,23/08/2018 18:40:00,Strada Urbana,VIA DEL FOSSO DELL'OSA,all'intersezione con,VIA CANZANO,VIA CANZANO,,,Scontro frontale/laterale DX fra veicoli in marcia,Incrocio,Una carreggiata a doppio senso,Asciutto,Asfaltata,Orizzontale,Nuvoloso,Normale,Buona,Ore Diurne,1,0,0,2,,,0,3,Autovettura privata,In marcia / fermata / arresto,Conducente,M,Illeso,0,,Non accertato,Inesploso,
3961282,1,23/08/2018 19:10:00,Strada Urbana,LARGO CHIGI,in prossimit�,,del civico n.,1,,Scontro frontale/laterale SX fra veicoli in marcia,Rettilineo,Una carreggiata a senso unico di marcia,Asciutto,Asfaltata,Verticale ed orizzontale,Nuvoloso,Normale,Buona,Ore Diurne,2,0,0,1,12.4804,41.9016,-1,1,Autovettura pubblica,In marcia / fermata / arresto,Conducente,M,Illeso,0,,,,
3961282,1,23/08/2018 19:10:00,Strada Urbana,LARGO CHIGI,in prossimit�,,del civico n.,1,,Scontro frontale/laterale SX fra veicoli in marcia,Rettilineo,Una carreggiata a senso unico di marcia,Asciutto,Asfaltata,Verticale ed orizzontale,Nuvoloso,Normale,Buona,Ore Diurne,2,0,0,1,12.4804,41.9016,-1,2,Motociclo con passeggero,In marcia / fermata / arresto,Conducente,M,Rifiuta cure immediate,0,NON DECEDUTO,,,
3961282,1,23/08/2018 19:10:00,Strada Urbana,LARGO CHIGI,in prossimit�,,del civico n.,1,,Scontro frontale/laterale SX fra veicoli in marcia,Rettilineo,Una carreggiata a senso unico di marcia,Asciutto,Asfaltata,Verticale ed orizzontale,Nuvoloso,Normale,Buona,Ore Diurne,2,0,0,1,12.4804,41.9016,-1,2,Motociclo con passeggero,In marcia / fermata / arresto,Passeggero,M,Rifiuta cure immediate,0,NON DECEDUTO,,,
3961285,4,23/08/2018 11:30:00,Strada Urbana,VIA GIOVANNI CONTI,da specificare,,,,prossimit� entrata mercato rionale,Veicolo in marcia contro veicolo in sosta,Rettilineo,Due carreggiate,Asciutto,Asfaltata,Verticale ed orizzontale,Sereno,Normale,Buona,Ore Diurne,0,0,0,2,12.5316,41.9551,-1,1,Autovettura privata,In marcia / fermata / arresto,Conducente,M,Illeso,0,,Non accertato,Inesploso,