Protocollo,Gruppo,DataOraIncidente,Localizzazione1,STRADA1,Localizzazione2,STRADA2,Strada02,Chilometrica,DaSpecificare,NaturaIncidente,particolaritastrade,TipoStrada,FondoStradale,Pavimentazione,Segnaletica,CondizioneAtmosferica,Traffico,Visibilita,Illuminazione,NUM_FERITI,NUM_RISERVATA,NUM_MORTI,NUM_ILLESI,Longitudine,Latitudine,Confermato,Progressivo,TipoVeicolo,StatoVeicolo,TipoPersona,Sesso,Tipolesione,Deceduto,DecedutoDopo,CinturaCascoUtilizzato,Airbag,
3961285,4,23/08/2018 11:30:00,Strada Urbana,VIA GIOVANNI CONTI,da specificare,,,,prossimit� entrata mercato rionale,Veicolo in marcia contro veicolo in sosta,Rettilineo,Due carreggiate,Asciutto,Asfaltata,Verticale ed orizzontale,Sereno,Normale,Buona,Ore Diurne,0,0,0,2,12.5316,41.9551,-1,1,Autovettura privata,In marcia / fermata / arresto,Passeggero,F,Illeso,0,,Non accertato,Inesploso,
3961300,8,23/08/2018 11:45:00,Strada Urbana,VIA DI TOR VERGATA,all'intersezione semaforizzata con,VIA FRANCESCO TENSI,VIA FRANCESCO TENSI,,,Tamponamento,Intersezione semaforizzata,Due carreggiate,Asciutto,Asfaltata,Verticale ed orizzontale,Sereno,Normale,Buona,Ore Diurne,2,0,0,2,12.6226,41.8468,-1,1,Autovettura privata,In marcia / fermata / arresto,Conducente,M,Illeso,0,,Non accertato,Inesploso,
3961300,8,23/08/2018 11:45:00,Strada Urbana,VIA DI TOR VERGATA,all'intersezione semaforizzata con,VIA FRANCESCO TENSI,VIA FRANCESCO TENSI,,,Tamponamento,Intersezione semaforizzata,Due carreggiate,Asciutto,Asfaltata,Verticale ed orizzontale,Sereno,Normale,Buona,Ore Diurne,2,0,0,2,12.6226,41.8468,-1,1,Autovettura privata,In marcia / fermata / arresto,Passeggero,F,Illeso,0,,Non accertato,Inesploso,
3961300,8,23/08/2018 11:45:00,Strada Urbana,VIA DI TOR VERGATA,all'intersezione semaforizzata con,VIA FRANCESCO TENSI,VIA FRANCESCO TENSI,,,Tamponamento,Intersezione semaforizzata,Due carreggiate,Asciutto,Asfaltata,Verticale ed orizzontale,Sereno,Normale,Buona,Ore Diurne,2,0,0,2,12.6226,41.8468,-1,2,Autovettura privata,In marcia / fermata / arresto,Conducente,M,Rifiuta cure immediate,0,NON DECEDUTO,Non accertato,Inesploso,
3961300,8,23/08/2018 11:45:00,Strada Urbana,VIA DI TOR VERGATA,all'intersezione semaforizzata con,VIA FRANCESCO TENSI,VIA FRANCESCO TENSI,,,Tamponamento,Intersezione semaforizzata,Due carreggiate,Asciutto,Asfaltata,Verticale ed orizzontale,Sereno,Normale,Buona,Ore Diurne,2,0,0,2,12.6226,41.8468,-1,2,Autovettura privata,In marcia / fermata / arresto,Passeggero,F,Rimandato,0,NON DECEDUTO,Non accertato,Inesploso,
3961315,1,22/08/2018 22:45:00,Strada Urbana,VIA MERULANA,in prossimit�,,del civico n.,245,,Investimento di pedone,Rettilineo,Una carreggiata a doppio senso,Bagnato (pioggia),Asfaltata,Verticale ed orizzontale,Pioggia in atto,Scarso,Sufficiente,Sufficiente,1,0,0,1,12.5006,41.8943,-1,,,,Pedone,M,Rimandato,0,NON DECEDUTO,,,
3961315,1,22/08/2018 22:45:00,Strada Urbana,VIA MERULANA,in prossimit�,,del civico n.,245,,Investimento di pedone,Rettilineo,Una carreggiata a doppio senso,Bagnato (pioggia),Asfaltata,Verticale ed orizzontale,Pioggia in atto,Scarso,Sufficiente,Sufficiente,1,0,0,1,12.5006,41.8943,-1,1,Autovettura privata,In marcia / fermata / arresto,Conducente,M,Illeso,0,,,,
3961354,10,23/08/2018 15:20:00,Strada Urbana,VIA APPIA NUOVA,da specificare,,,,F.C. 1259,Tamponamento,Rettilineo,Una carreggiata a senso unico di marcia,Bagnato (pioggia),Asfaltata,Verticale ed orizzontale,Sereno,Intenso,Buona,Ore Diurne,1,0,0,1,12.5718,41.8152,-1,1,Motociclo a solo,In marcia / fermata / arresto,Conducente,M,Rimandato,0,NON DECEDUTO,Non accertato,,
3961354,10,23/08/2018 15:20:00,Strada Urbana,VIA APPIA NUOVA,da specificare,,,,F.C. 1259,Tamponamento,Rettilineo,Una carreggiata a senso unico di marcia,Bagnato (pioggia),Asfaltata,Verticale ed orizzontale,Sereno,Intenso,Buona,Ore Diurne,1,0,0,1,12.5718,41.8152,-1,2,Autovettura privata,In marcia / fermata / arresto,Conducente,F,Illeso,0,,Non accertato,Inesploso,
3961374,18,24/08/2018 08:40:00,Strada Urbana,VIA DEL CASALE DI S. PIO V,in prossimit�,,del civico n.,37,,Tamponamento,Rettilineo,Una carreggiata a doppio senso,Asciutto,Asfaltata,Verticale ed orizzontale,Sereno,Normale,Buona,Ore Diurne,0,0,0,6,12.4311,41.8933,-1,1,Autovettura privata,In marcia / fermata / arresto,Conducente,M,Illeso,0,,Non accertato,Inesploso,
3961374,18,24/08/2018 08:40:00,Strada Urbana,VIA DEL CASALE DI S. PIO V,in prossimit�,,del civico n.,37,,Tamponamento,Rettilineo,Una carreggiata a doppio senso,Asciutto,Asfaltata,Verticale ed orizzontale,Sereno,Normale,Buona,Ore Diurne,0,0,0,6,12.4311,41.8933,-1,1,Autovettura privata,In marcia / fermata / arresto,Passeggero,M,Illeso,0,,Non accertato,Inesploso,
3961374,18,24/08/2018 08:40:00,Strada Urbana,VIA DEL CASALE DI S. PIO V,in prossimit�,,del civico n.,37,,Tamponamento,Rettilineo,Una carreggiata a doppio senso,Asciutto,Asfaltata,Verticale ed orizzontale,Sereno,Normale,Buona,Ore Diurne,0,0,0,6,12.4311,41.8933,-1,1,Autovettura privata,In marcia / fermata / arresto,Passeggero,F,Illeso,0,,Non accertato,Inesploso,
3961374,18,24/08/2018 08:40:00,Strada Urbana,VIA DEL CASALE DI S. PIO V,in prossimit�,,del civico n.,37,,Tamponamento,Rettilineo,Una carreggiata a doppio senso,Asciutto,Asfaltata,Verticale ed orizzontale,Sereno,Normale,Buona,Ore Diurne,0,0,0,6,12.4311,41.8933,-1,1,Autovettura privata,In marcia / fermata / arresto,Passeggero,F,Illeso,0,,Non accertato,Inesploso,
3961374,18,24/08/2018 08:40:00,Strada Urbana,VIA DEL CASALE DI S. PIO V,in prossimit�,,del civico n.,37,,Tamponamento,Rettilineo,Una carreggiata a doppio senso,Asciutto,Asfaltata,Verticale ed orizzontale,Sereno,Normale,Buona,Ore Diurne,0,0,0,6,12.4311,41.8933,-1,1,Autovettura privata,In marcia / fermata / arresto,Passeggero,F,Illeso,0,,Non accertato,Inesploso,
3961374,18,24/08/2018 08:40:00,Strada Urbana,VIA DEL CASALE DI S. PIO V,in prossimit�,,del civico n.,37,,Tamponamento,Rettilineo,Una carreggiata a doppio senso,Asciutto,Asfaltata,Verticale ed orizzontale,Sereno,Normale,Buona,Ore Diurne,0,0,0,6,12.4311,41.8933,-1,2,Autovettura privata,In marcia / fermata / arresto,Conducente,M,Illeso,0,,Non accertato,Inesploso,
3961407,3,22/08/2018 20:50:00,Strada Urbana,VIALE VENTUNO APRILE,in corrispondenza,,del civico n.,23,,Scontro frontale/laterale DX fra veicoli in marcia,Pendenza,Una carreggiata a doppio senso,Bagnato (pioggia),Asfaltata,Verticale ed orizzontale,Pioggia in atto,Normale,Buona,Sufficiente,0,0,0,3,12.5198,41.9192,-1,1,Motociclo a solo,In marcia / fermata / arresto,Conducente,M,Illeso,0,,Non accertato,,
3961407,3,22/08/2018 20:50:00,Strada Urbana,VIALE VENTUNO APRILE,in corrispondenza,,del civico n.,23,,Scontro frontale/laterale DX fra veicoli in marcia,Pendenza,Una carreggiata a doppio senso,Bagnato (pioggia),Asfaltata,Verticale ed orizzontale,Pioggia in atto,Normale,Buona,Sufficiente,0,0,0,3,12.5198,41.9192,-1,2,Autovettura privata,In marcia / fermata / arresto,Conducente,F,Illeso,0,,,,
3961407,3,22/08/2018 20:50:00,Strada Urbana,VIALE VENTUNO APRILE,in corrispondenza,,del civico n.,23,,Scontro frontale/laterale DX fra veicoli in marcia,Pendenza,Una carreggiata a doppio senso,Bagnato (pioggia),Asfaltata,Verticale ed orizzontale,Pioggia in atto,Normale,Buona,Sufficiente,0,0,0,3,12.5198,41.9192,-1,2,Autovettura privata,In marcia / fermata / arresto,Passeggero,M,Illeso,0,,,,
3961424,6,23/08/2018 18:30:00,Strada Urbana,VIA DINO PENAZZATO,all'intersezione con,VIALE GIOVANNI BATTISTA VALENTE,VIALE GIOVANNI BATTISTA VALENTE,,,Veicolo in marcia contro ostacolo fisso,Incrocio,Una carreggiata a doppio senso,Asciutto,Asfaltata,Verticale ed orizzontale,Sereno,Normale,Buona,Ore Diurne,0,0,0,1,12.5665,41.8986,-1,1,Autovettura privata,In marcia / fermata / arresto,Conducente,M,Illeso,0,,Non accertato,Inesploso,
3961434,1,24/08/2018 09:50:00,Strada Urbana,VIA DELL'ARA MASSIMA DI ERCOLE,in prossimit�,,del civico n.,97,,Tamponamento,Rettilineo,Una carreggiata a doppio senso,Asciutto,Asfaltata,Verticale ed orizzontale,Sereno,Scarso,Buona,Ore Diurne,0,0,0,2,,,0,1,Autovettura privata,In marcia / fermata / arresto,Conducente,M,Illeso,0,,,,
3961434,1,24/08/2018 09:50:00,Strada Urbana,VIA DELL'ARA MASSIMA DI ERCOLE,in prossimit�,,del civico n.,97,,Tamponamento,Rettilineo,Una carreggiata a doppio senso,Asciutto,Asfaltata,Verticale ed orizzontale,Sereno,Scarso,Buona,Ore Diurne,0,0,0,2,,,0,2,Autovettura di polizia,In marcia / fermata / arresto,Conducente,M,Illeso,0,,,,
3961459,23,23/08/2018 15:15:00,Strada Urbana,CORSO VITTORIO EMANUELE II,in corrispondenza,,del civico n.,42,,Scontro frontale/laterale SX fra veicoli in marcia,Rettilineo,Una carreggiata a doppio senso,Asciutto,Asfaltata,Verticale ed orizzontale,Sereno,Normale,Buona,Ore Diurne,1,0,0,1,12.4777,41.8959,-1,1,Autovettura privata,In marcia / fermata / arresto,Conducente,F,Rifiuta cure immediate,0,NON DECEDUTO,Utilizzato,Inesploso,
3961459,23,23/08/2018 15:15:00,Strada Urbana,CORSO VITTORIO EMANUELE II,in corrispondenza,,del civico n.,42,,Scontro frontale/laterale SX fra veicoli in marcia,Rettilineo,Una carreggiata a doppio senso,Asciutto,Asfaltata,Verticale ed orizzontale,Sereno,Normale,Buona,Ore Diurne,1,0,0,1,12.4777,41.8959,-1,2,Autocarro inferiore 35 q.,In marcia / fermata / arresto,Conducente,M,Illeso,0,,Non accertato,Inesploso,
3961516,6,23/08/2018 18:50:00,Strada Urbana,VIA DELLA MARRANELLA,in corrispondenza,,del civico n.,20,,Investimento di pedone,Rettilineo,Una carreggiata a senso unico di marcia,Asciutto,Asfaltata,Verticale ed orizzontale,Sereno,Normale,Buona,Ore Diurne,1,0,0,1,12.5423,41.881,-1,,,,Pedone,M,Rimandato,0,NON DECEDUTO,,,
3961516,6,23/08/2018 18:50:00,Strada Urbana,VIA DELLA MARRANELLA,in corrispondenza,,del civico n.,20,,Investimento di pedone,Rettilineo,Una carreggiata a senso unico di marcia,Asciutto,Asfaltata,Verticale ed orizzontale,Sereno,Normale,Buona,Ore Diurne,1,0,0,1,12.5423,41.881,-1,1,Autovettura privata,In marcia / fermata / arresto,Conducente,F,Illeso,0,,,,
3961522,12,24/08/2018 01:20:00,Strada Urbana,VIA DELLA PARANZELLA,all'intersezione con,VIA DEI BRAGOZZI,VIA DEI BRAGOZZI,,,Scontro frontale/laterale SX fra veicoli in marcia,Incrocio,Due carreggiate,Asciutto,Asfaltata,Verticale,Sereno,Scarso,Sufficiente,Sufficiente,0,0,0,3,12.2741,41.7338,-1,1,Autovettura privata,In marcia / fermata / arresto,Conducente,M,Illeso,0,,,,
3961522,12,24/08/2018 01:20:00,Strada Urbana,VIA DELLA PARANZELLA,all'intersezione con,VIA DEI BRAGOZZI,VIA DEI BRAGOZZI,,,Scontro frontale/laterale SX fra veicoli in marcia,Incrocio,Due carreggiate,Asciutto,Asfaltata,Verticale,Sereno,Scarso,Sufficiente,Sufficiente,0,0,0,3,12.2741,41.7338,-1,2,Autovettura privata,In marcia / fermata / arresto,Conducente,M,Illeso,0,,,,
3961522,12,24/08/2018 01:20:00,Strada Urbana,VIA DELLA PARANZELLA,all'intersezione con,VIA DEI BRAGOZZI,VIA DEI BRAGOZZI,,,Scontro frontale/laterale SX fra veicoli in marcia,Incrocio,Due carreggiate,Asciutto,Asfaltata,Verticale,Sereno,Scarso,Sufficiente,Sufficiente,0,0,0,3,12.2741,41.7338,-1,2,Autovettura privata,In marcia / fermata / arresto,Passeggero,F,Illeso,0,,,,
3961523,9,24/08/2018 10:10:00,Strada Urbana,PIAZZA CESARE CANTU',da specificare,,,,fr. VIA DELLE CAVE,Veicolo in marcia contro veicoli in sosta,Rettilineo,Pi� di due carreggiate,Asciutto,Asfaltata,Verticale ed orizzontale,Sereno,Normale,Buona,Ore Diurne,3,0,0,0,12.5273,41.8713,0,1,Autovettura privata,In marcia / fermata / arresto,Conducente,M,Rimandato,0,NON DECEDUTO,,,
3961523,9,24/08/2018 10:10:00,Strada Urbana,PIAZZA CESARE CANTU',da specificare,,,,fr. VIA DELLE CAVE,Veicolo in marcia contro veicoli in sosta,Rettilineo,Pi� di due carreggiate,Asciutto,Asfaltata,Verticale ed orizzontale,Sereno,Normale,Buona,Ore Diurne,3,0,0,0,12.5273,41.8713,0,2,Autovettura privata,In marcia / fermata / arresto,Conducente,M,Rimandato,0,NON DECEDUTO,,,
3961523,9,24/08/2018 10:10:00,Strada Urbana,PIAZZA CESARE CANTU',da specificare,,,,fr. VIA DELLE CAVE,Veicolo in marcia contro veicoli in sosta,Rettilineo,Pi� di due carreggiate,Asciutto,Asfaltata,Verticale ed orizzontale,Sereno,Normale,Buona,Ore Diurne,3,0,0,0,12.5273,41.8713,0,2,Autovettura privata,In marcia / fermata / arresto,Passeggero,F,Ricoverato,0,NON DECEDUTO,Non accertato,,
3961572,12,23/08/2018 08:40:00,Strada Urbana,VIALE AMERICA,all'intersezione con,VIALE UMBERTO TUPINI,VIALE UMBERTO TUPINI,,,Veicolo in marcia contro veicolo in sosta,Incrocio,Una carreggiata a doppio senso,Asciutto,Asfaltata,Verticale ed orizzontale,Sereno,Normale,Buona,Ore Diurne,0,0,0,1,12.4672,41.83,-1,1,Autovettura privata,In marcia / fermata / arresto,Conducente,F,Illeso,0,,Non utilizzato,Inesploso,
3961698,3,24/08/2018 12:00:00,Strada Urbana,VIA TIBURTINA,in corrispondenza,,del civico n.,89,,Veicolo in marcia contro veicoli in sosta,Rettilineo,Una carreggiata a doppio senso,Asciutto,Asfaltata,Verticale ed orizzontale,Sereno,Scarso,Buona,Ore Diurne,0,0,0,1,12.5304,41.9081,-1,1,Autovettura privata,In marcia / fermata / arresto,Conducente,M,Illeso,0,,,,
3961734,18,24/08/2018 17:00:00,Strada Urbana,VIA DEL FORTE BRASCHI,in prossimit�,,del civico n.,6,,Tamponamento,Rettilineo,Una carreggiata a senso unico di marcia,Asciutto,Asfaltata,Verticale ed orizzontale,Sereno,Normale,Buona,Ore Diurne,0,0,0,2,12.4227,41.9161,-1,1,Autovettura privata,In marcia / fermata / arresto,Conducente,M,Illeso,0,,Non accertato,Inesploso,
3961734,18,24/08/2018 17:00:00,Strada Urbana,VIA DEL FORTE BRASCHI,in prossimit�,,del civico n.,6,,Tamponamento,Rettilineo,Una carreggiata a senso unico di marcia,Asciutto,Asfaltata,Verticale ed orizzontale,Sereno,Normale,Buona,Ore Diurne,0,0,0,2,12.4227,41.9161,-1,2,Motociclo a solo,In marcia / fermata / arresto,Conducente,M,Illeso,0,,Non accertato,,
3961781,10,24/08/2018 17:00:00,Statale entro l'abitato,VIA ANAGNINA,in corrispondenza,,del civico n.,291,,Tamponamento Multiplo,Rettilineo,Due carreggiate,Asciutto,Asfaltata,Verticale ed orizzontale,Sereno,Normale,Buona,Ore Diurne,3,0,0,3,12.6119,41.8197,-1,1,Autovettura privata,In marcia / fermata / arresto,Conducente,M,Rimandato,0,NON DECEDUTO,Non utilizzato,Inesploso,
3961781,10,24/08/2018 17:00:00,Statale entro l'abitato,VIA ANAGNINA,in corrispondenza,,del civico n.,291,,Tamponamento Multiplo,Rettilineo,Due carreggiate,Asciutto,Asfaltata,Verticale ed orizzontale,Sereno,Normale,Buona,Ore Diurne,3,0,0,3,12.6119,41.8197,-1,2,Autovettura privata,In marcia / fermata / arresto,Conducente,M,Illeso,0,,Non accertato,Inesploso,
3961781,10,24/08/2018 17:00:00,Statale entro l'abitato,VIA ANAGNINA,in corrispondenza,,del civico n.,291,,Tamponamento Multiplo,Rettilineo,Due carreggiate,Asciutto,Asfaltata,Verticale ed orizzontale,Sereno,Normale,Buona,Ore Diurne,3,0,0,3,12.6119,41.8197,-1,3,Autovettura privata,In marcia / fermata / arresto,Conducente,M,Rimandato,0,NON DECEDUTO,Non accertato,Inesploso,
3961781,10,24/08/2018 17:00:00,Statale entro l'abitato,VIA ANAGNINA,in corrispondenza,,del civico n.,291,,Tamponamento Multiplo,Rettilineo,Due carreggiate,Asciutto,Asfaltata,Verticale ed orizzontale,Sereno,Normale,Buona,Ore Diurne,3,0,0,3,12.6119,41.8197,-1,3,Autovettura privata,In marcia / fermata / arresto,Passeggero,F,Rimandato,0,NON DECEDUTO,Non accertato,Inesploso,
3961781,10,24/08/2018 17:00:00,Statale entro l'abitato,VIA ANAGNINA,in corrispondenza,,del civico n.,291,,Tamponamento Multiplo,Rettilineo,Due carreggiate,Asciutto,Asfaltata,Verticale ed orizzontale,Sereno,Normale,Buona,Ore Diurne,3,0,0,3,12.6119,41.8197,-1,3,Autovettura privata,In marcia / fermata / arresto,Passeggero,M,Illeso,0,,Non accertato,Inesploso,
3961781,10,24/08/2018 17:00:00,Statale entro l'abitato,VIA ANAGNINA,in corrispondenza,,del civico n.,291,,Tamponamento Multiplo,Rettilineo,Due carreggiate,Asciutto,Asfaltata,Verticale ed orizzontale,Sereno,Normale,Buona,Ore Diurne,3,0,0,3,12.6119,41.8197,-1,4,Autovettura privata,In marcia / fermata / arresto,Conducente,M,Illeso,0,,Non accertato,Inesploso,
3962084,11,24/08/2018 17:00:00,Strada Urbana,VIALE GIUSTINIANO IMPERATORE,in prossimit�,,del civico n.,12,,Scontro laterale fra veicoli in marcia,Rettilineo,Una carreggiata a senso unico di marcia,Asciutto,Asfaltata,Verticale ed orizzontale,Sereno,Normale,Buona,Ore Diurne,1,0,0,2,12.4789,41.8565,-1,1,Autovettura privata,In marcia / fermata / arresto,Conducente,M,Illeso,0,,Non accertato,,
3962084,11,24/08/2018 17:00:00,Strada Urbana,VIALE GIUSTINIANO IMPERATORE,in prossimit�,,del civico n.,12,,Scontro laterale fra veicoli in marcia,Rettilineo,Una carreggiata a senso unico di marcia,Asciutto,Asfaltata,Verticale ed orizzontale,Sereno,Normale,Buona,Ore Diurne,1,0,0,2,12.4789,41.8565,-1,1,Autovettura privata,In marcia / fermata / arresto,Passeggero,M,Illeso,0,,Non accertato,,
3962084,11,24/08/2018 17:00:00,Strada Urbana,VIALE GIUSTINIANO IMPERATORE,in prossimit�,,del civico n.,12,,Scontro laterale fra veicoli in marcia,Rettilineo,Una carreggiata a senso unico di marcia,Asciutto,Asfaltata,Verticale ed orizzontale,Sereno,Normale,Buona,Ore Diurne,1,0,0,2,12.4789,41.8565,-1,2,Motociclo a solo,In marcia / fermata / arresto,Conducente,M,Rimandato,0,NON DECEDUTO,Non accertato,,
3962091,11,24/08/2018 09:40:00,Strada Urbana,VIA DELLA VILLA DI LUCINA,da specificare,,,,fr.civ.65,Veicolo in marcia contro veicoli in sosta,Rettilineo,Una carreggiata a doppio senso,Asciutto,Asfaltata,Verticale ed orizzontale,Sereno,Scarso,Buona,Ore Diurne,0,0,0,1,12.485,41.8574,-1,1,Autovettura privata,In marcia / fermata / arresto,Conducente,F,Illeso,0,,Non accertato,,
3962145,8,24/08/2018 12:55:00,,VIA DI TOR BELLA MONACA,da specificare,,,,alt cavalcavia Torrenova dir Casilina ,Veicolo in marcia contro ostacolo accidentale,,,,,,,,,,0,0,0,2,,,0,1,Motociclo con passeggero,In marcia / fermata / arresto,Conducente,M,Illeso,0,,Non accertato,,
3962145,8,24/08/2018 12:55:00,,VIA DI TOR BELLA MONACA,da specificare,,,,alt cavalcavia Torrenova dir Casilina ,Veicolo in marcia contro ostacolo accidentale,,,,,,,,,,0,0,0,2,,,0,1,Motociclo con passeggero,In marcia / fermata / arresto,Passeggero,M,Illeso,0,,Non accertato,,
3962156,17,24/08/2018 19:15:00,Strada Urbana,PIAZZA ADRIANA,all'intersezione con,VIA TRIBONIANO,VIA TRIBONIANO,,,Scontro laterale fra veicoli in marcia,Incrocio,Una carreggiata a senso unico di marcia,Asciutto,Asfaltata,Verticale ed orizzontale,Sereno,Scarso,Buona,Ore Diurne,1,0,0,2,12.4685,41.9044,-1,1,Autovettura privata,In marcia / fermata / arresto,Conducente,M,Illeso,0,,,,
3962156,17,24/08/2018 19:15:00,Strada Urbana,PIAZZA ADRIANA,all'intersezione con,VIA TRIBONIANO,VIA TRIBONIANO,,,Scontro laterale fra veicoli in marcia,Incrocio,Una carreggiata a senso unico di marcia,Asciutto,Asfaltata,Verticale ed orizzontale,Sereno,Scarso,Buona,Ore Diurne,1,0,0,2,12.4685,41.9044,-1,1,Autovettura privata,In marcia / fermata / arresto,Passeggero,F,Illeso,0,,,,
3962156,17,24/08/2018 19:15:00,Strada Urbana,PIAZZA ADRIANA,all'intersezione con,VIA TRIBONIANO,VIA TRIBONIANO,,,Scontro laterale fra veicoli in marcia,Incrocio,Una carreggiata a senso unico di marcia,Asciutto,Asfaltata,Verticale ed orizzontale,Sereno,Scarso,Buona,Ore Diurne,1,0,0,2,12.4685,41.9044,-1,2,Motociclo a solo,In marcia / fermata / arresto,Conducente,M,Rifiuta cure immediate,0,NON DECEDUTO,,,
3962180,2,24/08/2018 10:00:00,Strada Urbana,PIAZZA ISTRIA,in corrispondenza,,del civico n.,3,,Ribaltamento senza urto contro ostacolo fisso,Rettilineo,Pi� di due carreggiate,Asciutto,Asfaltata,Verticale ed orizzontale,Sereno,Scarso,Buona,Ore Diurne,0,0,0,1,12.5128,41.9235,-1,1,Motociclo a solo,In marcia / fermata / arresto,Conducente,M,Illeso,0,,Utilizzato,,
3962183,17,24/08/2018 16:00:00,Strada Urbana,VIA ANDREA BAFILE,in prossimit�,,del civico n.,2,,Veicolo in marcia contro veicolo fermo,Rettilineo,Una carreggiata a senso unico di marcia,Asciutto,Asfaltata,Verticale ed orizzontale,Sereno,Scarso,Buona,Ore Diurne,0,0,0,2,12.4568,41.9164,-1,1,Autocarro inferiore 35 q.,In marcia / fermata / arresto,Conducente,F,Illeso,0,,,,
3962183,17,24/08/2018 16:00:00,Strada Urbana,VIA ANDREA BAFILE,in prossimit�,,del civico n.,2,,Veicolo in marcia contro veicolo fermo,Rettilineo,Una carreggiata a senso unico di marcia,Asciutto,Asfaltata,Verticale ed orizzontale,Sereno,Scarso,Buona,Ore Diurne,0,0,0,2,12.4568,41.9164,-1,2,Autovettura privata,In marcia / fermata / arresto,Conducente,F,Illeso,0,,,,
3962337,19,25/08/2018 08:20:00,Strada Urbana,VIA INZAGO,all'intersezione con,VIA CUSANO MILANINO,VIA CUSANO MILANINO,,,Scontro frontale/laterale DX fra veicoli in marcia,Incrocio,Una carreggiata a senso unico di marcia,Asciutto,Asfaltata,Verticale ed orizzontale,Sereno,Normale,Buona,Ore Diurne,1,0,0,1,12.3886,41.947,-1,1,Autovettura privata,In marcia / fermata / arresto,Conducente,M,Ricoverato,0,NON DECEDUTO,Non accertato,Esploso,
3962337,19,25/08/2018 08:20:00,Strada Urbana,VIA INZAGO,all'intersezione con,VIA CUSANO MILANINO,VIA CUSANO MILANINO,,,Scontro frontale/laterale DX fra veicoli in marcia,Incrocio,Una carreggiata a senso unico di marcia,Asciutto,Asfaltata,Verticale ed orizzontale,Sereno,Normale,Buona,Ore Diurne,1,0,0,1,12.3886,41.947,-1,2,Autovettura privata,In marcia / fermata / arresto,Conducente,M,Illeso,0,,,,
3962355,6,24/08/2018 20:00:00,Strada Urbana,VIA ANAGNI,all'intersezione semaforizzata con,VIA TOR DE' SCHIAVI,VIA TOR DE' SCHIAVI,,,Scontro laterale fra veicoli in marcia,Intersezione semaforizzata,Una carreggiata a doppio senso,Asciutto,Asfaltata,Verticale ed orizzontale,Sereno,Scarso,Buona,Sufficiente,0,0,0,2,12.5571,41.8901,-1,1,Autovettura privata,In marcia / fermata / arresto,Conducente,M,Illeso,0,,,,
3962355,6,24/08/2018 20:00:00,Strada Urbana,VIA ANAGNI,all'intersezione semaforizzata con,VIA TOR DE' SCHIAVI,VIA TOR DE' SCHIAVI,,,Scontro laterale fra veicoli in marcia,Intersezione semaforizzata,Una carreggiata a doppio senso,Asciutto,Asfaltata,Verticale ed orizzontale,Sereno,Scarso,Buona,Sufficiente,0,0,0,2,12.5571,41.8901,-1,2,Autobus di linea,In marcia / fermata / arresto,Conducente,M,Illeso,0,,,,
3962400,6,24/08/2018 20:15:00,Strada Urbana,VIA PRENESTINA,all'intersezione con,VIA COLLATINA,VIA COLLATINA,,,Infortunio per sola frenata improvvisa,Intersezione semaforizzata,Pi� di due carreggiate,Asciutto,Asfaltata,Verticale ed orizzontale,Sereno,Scarso,Buona,Sufficiente,1,0,0,1,12.5631,41.895,-1,1,Ciclomotore,In marcia / fermata / arresto,Conducente,F,Rimandato,0,NON DECEDUTO,,,
3962400,6,24/08/2018 20:15:00,Strada Urbana,VIA PRENESTINA,all'intersezione con,VIA COLLATINA,VIA COLLATINA,,,Infortunio per sola frenata improvvisa,Intersezione semaforizzata,Pi� di due carreggiate,Asciutto,Asfaltata,Verticale ed orizzontale,Sereno,Scarso,Buona,Sufficiente,1,0,0,1,12.5631,41.895,-1,2,Motociclo a solo,In marcia / fermata / arresto,Conducente,M,Illeso,0,,,,
3962407,20,24/08/2018 12:25:00,Strada Urbana,VIALE DI TOR DI QUINTO,all'intersezione con,VIA PIETRO LUPI,VIA PIETRO LUPI,,,Tamponamento,Incrocio,Una carreggiata a doppio senso,Asciutto,Asfaltata,Temporanea di cantiere,Sereno,Scarso,Buona,Ore Diurne,0,0,0,2,12.4722,41.9374,-1,1,Autovettura privata,In marcia / fermata / arresto,Conducente,F,Illeso,0,,,,
3962407,20,24/08/2018 12:25:00,Strada Urbana,VIALE DI TOR DI QUINTO,all'intersezione con,VIA PIETRO LUPI,VIA PIETRO LUPI,,,Tamponamento,Incrocio,Una carreggiata a doppio senso,Asciutto,Asfaltata,Temporanea di cantiere,Sereno,Scarso,Buona,Ore Diurne,0,0,0,2,12.4722,41.9374,-1,2,Autovettura privata,In marcia / fermata / arresto,Conducente,M,Illeso,0,,,,
3962447,20,24/08/2018 09:45:00,Strada Urbana,VIA CARLO EMERY,in prossimit�,,del civico n.,129,,Veicolo in marcia contro ostacolo fisso,Rettilineo,Una carreggiata a doppio senso,Asciutto,Asfaltata,Verticale ed orizzontale,Sereno,Scarso,Buona,Ore Diurne,2,0,0,0,12.4942,41.9788,-1,,,,Pedone,F,Rifiuta cure immediate,0,NON DECEDUTO,,,
3962447,20,24/08/2018 09:45:00,Strada Urbana,VIA CARLO EMERY,in prossimit�,,del civico n.,129,,Veicolo in marcia contro ostacolo fisso,Rettilineo,Una carreggiata a doppio senso,Asciutto,Asfaltata,Verticale ed orizzontale,Sereno,Scarso,Buona,Ore Diurne,2,0,0,0,12.4942,41.9788,-1,1,Autovettura privata,In marcia / fermata / arresto,Conducente,F,Rifiuta cure immediate,0,NON DECEDUTO,,,