Protocollo,Gruppo,DataOraIncidente,Localizzazione1,STRADA1,Localizzazione2,STRADA2,Strada02,Chilometrica,DaSpecificare,NaturaIncidente,particolaritastrade,TipoStrada,FondoStradale,Pavimentazione,Segnaletica,CondizioneAtmosferica,Traffico,Visibilita,Illuminazione,NUM_FERITI,NUM_RISERVATA,NUM_MORTI,NUM_ILLESI,Longitudine,Latitudine,Confermato,Progressivo,TipoVeicolo,StatoVeicolo,TipoPersona,Sesso,Tipolesione,Deceduto,DecedutoDopo,CinturaCascoUtilizzato,Airbag,
3962466,6,24/08/2018 21:00:00,Strada Urbana,VIALE GIOVANNI BATTISTA VALENTE,all'intersezione con,VIA ALFREDO COVELLI,VIA ALFREDO COVELLI,,,Scontro frontale/laterale DX fra veicoli in marcia,Incrocio,Una carreggiata a doppio senso,Asciutto,Asfaltata,Verticale ed orizzontale,Sereno,Scarso,Sufficiente,Sufficiente,0,0,0,3,12.5666,41.8961,-1,1,Autovettura privata,In marcia / fermata / arresto,Conducente,M,Illeso,0,,,,
3962466,6,24/08/2018 21:00:00,Strada Urbana,VIALE GIOVANNI BATTISTA VALENTE,all'intersezione con,VIA ALFREDO COVELLI,VIA ALFREDO COVELLI,,,Scontro frontale/laterale DX fra veicoli in marcia,Incrocio,Una carreggiata a doppio senso,Asciutto,Asfaltata,Verticale ed orizzontale,Sereno,Scarso,Sufficiente,Sufficiente,0,0,0,3,12.5666,41.8961,-1,1,Autovettura privata,In marcia / fermata / arresto,Passeggero,M,Illeso,0,,,,
3962466,6,24/08/2018 21:00:00,Strada Urbana,VIALE GIOVANNI BATTISTA VALENTE,all'intersezione con,VIA ALFREDO COVELLI,VIA ALFREDO COVELLI,,,Scontro frontale/laterale DX fra veicoli in marcia,Incrocio,Una carreggiata a doppio senso,Asciutto,Asfaltata,Verticale ed orizzontale,Sereno,Scarso,Sufficiente,Sufficiente,0,0,0,3,12.5666,41.8961,-1,2,Autovettura privata,In marcia / fermata / arresto,Conducente,F,Illeso,0,,,,
3962501,2,25/08/2018 14:45:00,Strada Urbana,LUNGOTEVERE GRANDE A.GLIO THAON DI REVEL,all'intersezione semaforizzata con,PONTE DUCA D'AOSTA,PONTE DUCA D'AOSTA,,,Veicolo in marcia contro ostacolo fisso,Intersezione semaforizzata,Due carreggiate,Asciutto,Asfaltata,Verticale ed orizzontale,Sereno,Scarso,Buona,Ore Diurne,0,0,0,1,12.4623,41.9307,-1,1,Autocarro inferiore 35 q.,In marcia / fermata / arresto,Conducente,M,Illeso,0,,Non accertato,Inesploso,
3962526,7,24/08/2018 20:00:00,Strada Urbana,VIA DEGLI ACERI,all'intersezione con,VIA DEI CASTANI,VIA DEI CASTANI,,,Investimento di pedone,Incrocio,Una carreggiata a senso unico di marcia,Asciutto,Asfaltata,Verticale ed orizzontale,Sereno,Normale,Sufficiente,Ore Diurne,1,0,0,1,12.5664,41.8782,-1,,,,Pedone,M,Rimandato,0,NON DECEDUTO,,,
3962526,7,24/08/2018 20:00:00,Strada Urbana,VIA DEGLI ACERI,all'intersezione con,VIA DEI CASTANI,VIA DEI CASTANI,,,Investimento di pedone,Incrocio,Una carreggiata a senso unico di marcia,Asciutto,Asfaltata,Verticale ed orizzontale,Sereno,Normale,Sufficiente,Ore Diurne,1,0,0,1,12.5664,41.8782,-1,1,Autovettura privata,In marcia / fermata / arresto,Conducente,M,Illeso,0,,,,
3962532,7,25/08/2018 14:05:00,Strada Urbana,VIA CASILINA,in corrispondenza,,del civico n.,937,,Tamponamento Multiplo,Rettilineo,Due carreggiate,Asciutto,Asfaltata,Verticale ed orizzontale,Sereno,Scarso,Buona,Ore Diurne,0,0,0,5,12.5727,41.8733,-1,1,Autovettura privata,In marcia / fermata / arresto,Conducente,M,Illeso,0,,,,
3962532,7,25/08/2018 14:05:00,Strada Urbana,VIA CASILINA,in corrispondenza,,del civico n.,937,,Tamponamento Multiplo,Rettilineo,Due carreggiate,Asciutto,Asfaltata,Verticale ed orizzontale,Sereno,Scarso,Buona,Ore Diurne,0,0,0,5,12.5727,41.8733,-1,1,Autovettura privata,In marcia / fermata / arresto,Passeggero,M,Illeso,0,,,,
3962532,7,25/08/2018 14:05:00,Strada Urbana,VIA CASILINA,in corrispondenza,,del civico n.,937,,Tamponamento Multiplo,Rettilineo,Due carreggiate,Asciutto,Asfaltata,Verticale ed orizzontale,Sereno,Scarso,Buona,Ore Diurne,0,0,0,5,12.5727,41.8733,-1,2,Autovettura privata,In marcia / fermata / arresto,Conducente,M,Illeso,0,,,,
3962532,7,25/08/2018 14:05:00,Strada Urbana,VIA CASILINA,in corrispondenza,,del civico n.,937,,Tamponamento Multiplo,Rettilineo,Due carreggiate,Asciutto,Asfaltata,Verticale ed orizzontale,Sereno,Scarso,Buona,Ore Diurne,0,0,0,5,12.5727,41.8733,-1,2,Autovettura privata,In marcia / fermata / arresto,Passeggero,F,Illeso,0,,,,
3962532,7,25/08/2018 14:05:00,Strada Urbana,VIA CASILINA,in corrispondenza,,del civico n.,937,,Tamponamento Multiplo,Rettilineo,Due carreggiate,Asciutto,Asfaltata,Verticale ed orizzontale,Sereno,Scarso,Buona,Ore Diurne,0,0,0,5,12.5727,41.8733,-1,3,Autovettura privata,In marcia / fermata / arresto,Conducente,M,Illeso,0,,,,
3962574,9,25/08/2018 11:20:00,Strada Urbana,VIA PINEROLO,da specificare,,,,fronte VIA TUSCOLANA,Tamponamento,Rettilineo,Due carreggiate,Asciutto,Asfaltata,Verticale ed orizzontale,Nuvoloso,Scarso,Sufficiente,Ore Diurne,1,0,0,1,12.516,41.8826,-1,1,Autovettura privata,In marcia / fermata / arresto,Conducente,M,Illeso,0,,Non accertato,Inesploso,
3962574,9,25/08/2018 11:20:00,Strada Urbana,VIA PINEROLO,da specificare,,,,fronte VIA TUSCOLANA,Tamponamento,Rettilineo,Due carreggiate,Asciutto,Asfaltata,Verticale ed orizzontale,Nuvoloso,Scarso,Sufficiente,Ore Diurne,1,0,0,1,12.516,41.8826,-1,2,Motociclo a solo,In marcia / fermata / arresto,Conducente,M,Rimandato,0,NON DECEDUTO,Non accertato,,
3962882,15,25/08/2018 16:50:00,Strada Urbana,VIA GIANNETTO VALLI,in corrispondenza,,del civico n.,41,,Veicolo in marcia contro veicoli in sosta,Curva a visuale libera,Una carreggiata a doppio senso,Asciutto,Asfaltata,Orizzontale,Sereno,Scarso,Buona,Ore Diurne,0,0,0,1,12.4554,41.8536,-1,1,Autovettura privata,In marcia / fermata / arresto,Conducente,M,Illeso,0,,Non accertato,Inesploso,
3962902,15,25/08/2018 20:35:00,Strada Urbana,VIA SENORBI,da specificare,,,,PROSSIMITA' VIA GAVOI,Veicolo in marcia contro ostacolo fisso,Curva senza visuale libera,Una carreggiata a doppio senso,Asciutto,Asfaltata,Orizzontale,Sereno,Scarso,Sufficiente,Sufficiente,0,0,0,1,12.357,41.8356,-1,1,Autobus di linea,In marcia / fermata / arresto,Conducente,M,Illeso,0,,,,
3962959,23,25/08/2018 09:05:00,Strada Urbana,CAMPO DE' FIORI,in prossimit�,,del civico n.,16,,Infortunio per sola frenata improvvisa,Rettilineo,Una carreggiata a doppio senso,Asciutto,In cubetti di porfido,Verticale ed orizzontale,Sereno,Scarso,Buona,Ore Diurne,1,0,0,1,12.4718,41.8956,-1,,,,Pedone,F,Rifiuta cure immediate,0,NON DECEDUTO,,,
3962959,23,25/08/2018 09:05:00,Strada Urbana,CAMPO DE' FIORI,in prossimit�,,del civico n.,16,,Infortunio per sola frenata improvvisa,Rettilineo,Una carreggiata a doppio senso,Asciutto,In cubetti di porfido,Verticale ed orizzontale,Sereno,Scarso,Buona,Ore Diurne,1,0,0,1,12.4718,41.8956,-1,1,Macchina operatrice,In marcia / fermata / arresto,Conducente,M,Illeso,0,,Non accertato,Inesploso,
3962977,23,25/08/2018 11:40:00,Strada Urbana,VIA CRISTOFORO COLOMBO,da specificare,,,,carreggiata laterale alt. km. 25.000,Infortunio per caduta del veicolo,Rettilineo,Pi� di due carreggiate,Asciutto,Asfaltata,Verticale ed orizzontale,Sereno,Scarso,Buona,Ore Diurne,1,0,0,0,12.4121,41.786,-1,1,Ciclomotore,In marcia / fermata / arresto,Conducente,M,Rimandato,0,NON DECEDUTO,Utilizzato,,
3962985,23,26/08/2018 00:50:00,Comunale extraurbana,VIA CRISTOFORO COLOMBO,all'intersezione semaforizzata con,VIA DI CASAL PALOCCO,VIA DI CASAL PALOCCO,,,Scontro frontale/laterale DX fra veicoli in marcia,Intersezione semaforizzata,Pi� di due carreggiate,Asciutto,Asfaltata,Verticale ed orizzontale,Sereno,Scarso,Sufficiente,Sufficiente,0,0,0,5,12.3574,41.7456,-1,1,Autovettura privata,In marcia / fermata / arresto,Conducente,F,Illeso,0,,Non accertato,Inesploso,
3962985,23,26/08/2018 00:50:00,Comunale extraurbana,VIA CRISTOFORO COLOMBO,all'intersezione semaforizzata con,VIA DI CASAL PALOCCO,VIA DI CASAL PALOCCO,,,Scontro frontale/laterale DX fra veicoli in marcia,Intersezione semaforizzata,Pi� di due carreggiate,Asciutto,Asfaltata,Verticale ed orizzontale,Sereno,Scarso,Sufficiente,Sufficiente,0,0,0,5,12.3574,41.7456,-1,1,Autovettura privata,In marcia / fermata / arresto,Passeggero,F,Illeso,0,,Non accertato,Inesploso,
3962985,23,26/08/2018 00:50:00,Comunale extraurbana,VIA CRISTOFORO COLOMBO,all'intersezione semaforizzata con,VIA DI CASAL PALOCCO,VIA DI CASAL PALOCCO,,,Scontro frontale/laterale DX fra veicoli in marcia,Intersezione semaforizzata,Pi� di due carreggiate,Asciutto,Asfaltata,Verticale ed orizzontale,Sereno,Scarso,Sufficiente,Sufficiente,0,0,0,5,12.3574,41.7456,-1,2,Autovettura privata,In marcia / fermata / arresto,Conducente,F,Illeso,0,,Non accertato,Inesploso,
3962985,23,26/08/2018 00:50:00,Comunale extraurbana,VIA CRISTOFORO COLOMBO,all'intersezione semaforizzata con,VIA DI CASAL PALOCCO,VIA DI CASAL PALOCCO,,,Scontro frontale/laterale DX fra veicoli in marcia,Intersezione semaforizzata,Pi� di due carreggiate,Asciutto,Asfaltata,Verticale ed orizzontale,Sereno,Scarso,Sufficiente,Sufficiente,0,0,0,5,12.3574,41.7456,-1,2,Autovettura privata,In marcia / fermata / arresto,Passeggero,F,Illeso,0,,Non accertato,Inesploso,
3962985,23,26/08/2018 00:50:00,Comunale extraurbana,VIA CRISTOFORO COLOMBO,all'intersezione semaforizzata con,VIA DI CASAL PALOCCO,VIA DI CASAL PALOCCO,,,Scontro frontale/laterale DX fra veicoli in marcia,Intersezione semaforizzata,Pi� di due carreggiate,Asciutto,Asfaltata,Verticale ed orizzontale,Sereno,Scarso,Sufficiente,Sufficiente,0,0,0,5,12.3574,41.7456,-1,2,Autovettura privata,In marcia / fermata / arresto,Passeggero,F,Illeso,0,,Non accertato,Inesploso,
3963060,20,25/08/2018 13:00:00,Strada Urbana,VIA DI S. CORNELIA,in corrispondenza,,della chilometrica,1.7,,Veicolo in marcia contro ostacolo accidentale,Curva a visuale libera,Una carreggiata a doppio senso,Asciutto,Asfaltata,Orizzontale,Sereno,Scarso,Buona,Ore Diurne,0,0,0,2,12.437,42.0298,-1,1,Autovettura privata,In marcia / fermata / arresto,Conducente,F,Illeso,0,,,,
3963060,20,25/08/2018 13:00:00,Strada Urbana,VIA DI S. CORNELIA,in corrispondenza,,della chilometrica,1.7,,Veicolo in marcia contro ostacolo accidentale,Curva a visuale libera,Una carreggiata a doppio senso,Asciutto,Asfaltata,Orizzontale,Sereno,Scarso,Buona,Ore Diurne,0,0,0,2,12.437,42.0298,-1,1,Autovettura privata,In marcia / fermata / arresto,Passeggero,F,Illeso,0,,,,
3963128,13,25/08/2018 08:35:00,Strada Urbana,LUNGOMARE AMERIGO VESPUCCI,in corrispondenza,,del civico n.,54,,Scontro laterale fra veicoli in marcia,Rettilineo,Due carreggiate,Asciutto,Asfaltata,Verticale ed orizzontale,Sereno,Normale,Buona,Ore Diurne,0,0,0,2,12.3293,41.7094,-1,1,Autocarro inferiore 35 q.,In marcia / fermata / arresto,Conducente,F,Illeso,0,,Non accertato,Inesploso,
3963128,13,25/08/2018 08:35:00,Strada Urbana,LUNGOMARE AMERIGO VESPUCCI,in corrispondenza,,del civico n.,54,,Scontro laterale fra veicoli in marcia,Rettilineo,Due carreggiate,Asciutto,Asfaltata,Verticale ed orizzontale,Sereno,Normale,Buona,Ore Diurne,0,0,0,2,12.3293,41.7094,-1,2,Autovettura privata,In marcia / fermata / arresto,Conducente,M,Illeso,0,,Non accertato,Inesploso,
3963176,13,24/08/2018 14:00:00,Strada Urbana,VIA ISOLE DEL CAPO VERDE,all'intersezione con,VIA TAGASTE,VIA TAGASTE,,,Scontro frontale/laterale DX fra veicoli in marcia,Incrocio,Due carreggiate,Asciutto,Asfaltata,Orizzontale,Sereno,Normale,Buona,Ore Diurne,3,0,0,0,12.2711,41.7374,-1,1,Autovettura privata,In marcia / fermata / arresto,Conducente,M,Rimandato,0,NON DECEDUTO,Non accertato,Esploso,
3963176,13,24/08/2018 14:00:00,Strada Urbana,VIA ISOLE DEL CAPO VERDE,all'intersezione con,VIA TAGASTE,VIA TAGASTE,,,Scontro frontale/laterale DX fra veicoli in marcia,Incrocio,Due carreggiate,Asciutto,Asfaltata,Orizzontale,Sereno,Normale,Buona,Ore Diurne,3,0,0,0,12.2711,41.7374,-1,2,Autovettura privata,In marcia / fermata / arresto,Conducente,F,Rimandato,0,NON DECEDUTO,Non accertato,,
3963176,13,24/08/2018 14:00:00,Strada Urbana,VIA ISOLE DEL CAPO VERDE,all'intersezione con,VIA TAGASTE,VIA TAGASTE,,,Scontro frontale/laterale DX fra veicoli in marcia,Incrocio,Due carreggiate,Asciutto,Asfaltata,Orizzontale,Sereno,Normale,Buona,Ore Diurne,3,0,0,0,12.2711,41.7374,-1,2,Autovettura privata,In marcia / fermata / arresto,Passeggero,F,Rimandato,0,NON DECEDUTO,,,
3963217,17,26/08/2018 15:20:00,Strada Urbana,VIA GIUSEPPE GIOACHINO BELLI,in prossimit�,,del civico n.,30,,Tamponamento,Rettilineo,Una carreggiata a senso unico di marcia,Bagnato (pioggia),In cubetti di porfido,Verticale ed orizzontale,Nuvoloso,Scarso,Buona,Ore Diurne,0,0,0,2,12.4718,41.9075,-1,1,Autovettura privata,In marcia / fermata / arresto,Conducente,M,Illeso,0,,,,
3963217,17,26/08/2018 15:20:00,Strada Urbana,VIA GIUSEPPE GIOACHINO BELLI,in prossimit�,,del civico n.,30,,Tamponamento,Rettilineo,Una carreggiata a senso unico di marcia,Bagnato (pioggia),In cubetti di porfido,Verticale ed orizzontale,Nuvoloso,Scarso,Buona,Ore Diurne,0,0,0,2,12.4718,41.9075,-1,2,Autovettura privata,Allontanatosi,Conducente,M,Illeso,0,,,,
3963297,4,26/08/2018 19:05:00,Strada Urbana,VIA DI VALLE MELAINA,all'intersezione semaforizzata con,VIA GIOVANNI FALDELLA,VIA GIOVANNI FALDELLA,,,Veicolo in marcia contro ostacolo fisso,Incrocio,Una carreggiata a senso unico di marcia,Asciutto,Asfaltata,Verticale ed orizzontale,Sereno,Scarso,Buona,Ore Diurne,0,0,0,2,12.5258,41.9486,-1,1,Autobus urbano,In marcia / fermata / arresto,Conducente,M,Illeso,0,,,,
3963297,4,26/08/2018 19:05:00,Strada Urbana,VIA DI VALLE MELAINA,all'intersezione semaforizzata con,VIA GIOVANNI FALDELLA,VIA GIOVANNI FALDELLA,,,Veicolo in marcia contro ostacolo fisso,Incrocio,Una carreggiata a senso unico di marcia,Asciutto,Asfaltata,Verticale ed orizzontale,Sereno,Scarso,Buona,Ore Diurne,0,0,0,2,12.5258,41.9486,-1,2,Autovettura privata,In marcia / fermata / arresto,Conducente,M,Illeso,0,,,,
3963460,9,26/08/2018 21:15:00,,VIA ANAGNINA,da specificare,,,,prox palo ACEA 135,Veicolo in marcia contro ostacolo accidentale,,,,,,,,,,0,0,0,2,,,0,1,Autovettura privata,In marcia / fermata / arresto,Conducente,M,Illeso,0,,,,
3963460,9,26/08/2018 21:15:00,,VIA ANAGNINA,da specificare,,,,prox palo ACEA 135,Veicolo in marcia contro ostacolo accidentale,,,,,,,,,,0,0,0,2,,,0,1,Autovettura privata,In marcia / fermata / arresto,Passeggero,F,Illeso,0,,,,
3963470,9,26/08/2018 22:15:00,Strada Urbana,LARGO DON ORIONE,in prossimit�,,del civico n.,3,,Scontro laterale fra veicoli in marcia,Rettilineo,Due carreggiate,Asciutto,Asfaltata,Verticale ed orizzontale,Sereno,Scarso,Sufficiente,Sufficiente,0,0,0,6,12.5162,41.8782,-1,1,Autovettura privata,In marcia / fermata / arresto,Conducente,M,Illeso,0,,Non accertato,Inesploso,
3963470,9,26/08/2018 22:15:00,Strada Urbana,LARGO DON ORIONE,in prossimit�,,del civico n.,3,,Scontro laterale fra veicoli in marcia,Rettilineo,Due carreggiate,Asciutto,Asfaltata,Verticale ed orizzontale,Sereno,Scarso,Sufficiente,Sufficiente,0,0,0,6,12.5162,41.8782,-1,1,Autovettura privata,In marcia / fermata / arresto,Passeggero,F,Illeso,0,,Non accertato,Inesploso,
3963470,9,26/08/2018 22:15:00,Strada Urbana,LARGO DON ORIONE,in prossimit�,,del civico n.,3,,Scontro laterale fra veicoli in marcia,Rettilineo,Due carreggiate,Asciutto,Asfaltata,Verticale ed orizzontale,Sereno,Scarso,Sufficiente,Sufficiente,0,0,0,6,12.5162,41.8782,-1,1,Autovettura privata,In marcia / fermata / arresto,Passeggero,F,Illeso,0,,Non accertato,Inesploso,
3963470,9,26/08/2018 22:15:00,Strada Urbana,LARGO DON ORIONE,in prossimit�,,del civico n.,3,,Scontro laterale fra veicoli in marcia,Rettilineo,Due carreggiate,Asciutto,Asfaltata,Verticale ed orizzontale,Sereno,Scarso,Sufficiente,Sufficiente,0,0,0,6,12.5162,41.8782,-1,1,Autovettura privata,In marcia / fermata / arresto,Passeggero,F,Illeso,0,,Non accertato,Inesploso,
3963470,9,26/08/2018 22:15:00,Strada Urbana,LARGO DON ORIONE,in prossimit�,,del civico n.,3,,Scontro laterale fra veicoli in marcia,Rettilineo,Due carreggiate,Asciutto,Asfaltata,Verticale ed orizzontale,Sereno,Scarso,Sufficiente,Sufficiente,0,0,0,6,12.5162,41.8782,-1,1,Autovettura privata,In marcia / fermata / arresto,Passeggero,F,Illeso,0,,Non accertato,Inesploso,
3963470,9,26/08/2018 22:15:00,Strada Urbana,LARGO DON ORIONE,in prossimit�,,del civico n.,3,,Scontro laterale fra veicoli in marcia,Rettilineo,Due carreggiate,Asciutto,Asfaltata,Verticale ed orizzontale,Sereno,Scarso,Sufficiente,Sufficiente,0,0,0,6,12.5162,41.8782,-1,2,Motociclo con passeggero,In marcia / fermata / arresto,Conducente,M,Illeso,0,,Non accertato,,
3963472,13,25/08/2018 15:10:00,Comunale extraurbana,VIALE DEI ROMAGNOLI,all'intersezione con,VIA GUIDO CALZA,VIA GUIDO CALZA,,,Scontro laterale fra veicoli in marcia,Incrocio,Una carreggiata a doppio senso,Asciutto,Asfaltata,Verticale ed orizzontale,Sereno,Normale,Buona,Ore Diurne,1,0,0,3,12.3018,41.7581,-1,1,Autovettura privata,In marcia / fermata / arresto,Conducente,M,Illeso,0,,,,
3963472,13,25/08/2018 15:10:00,Comunale extraurbana,VIALE DEI ROMAGNOLI,all'intersezione con,VIA GUIDO CALZA,VIA GUIDO CALZA,,,Scontro laterale fra veicoli in marcia,Incrocio,Una carreggiata a doppio senso,Asciutto,Asfaltata,Verticale ed orizzontale,Sereno,Normale,Buona,Ore Diurne,1,0,0,3,12.3018,41.7581,-1,1,Autovettura privata,In marcia / fermata / arresto,Passeggero,M,Illeso,0,,,,
3963472,13,25/08/2018 15:10:00,Comunale extraurbana,VIALE DEI ROMAGNOLI,all'intersezione con,VIA GUIDO CALZA,VIA GUIDO CALZA,,,Scontro laterale fra veicoli in marcia,Incrocio,Una carreggiata a doppio senso,Asciutto,Asfaltata,Verticale ed orizzontale,Sereno,Normale,Buona,Ore Diurne,1,0,0,3,12.3018,41.7581,-1,1,Autovettura privata,In marcia / fermata / arresto,Passeggero,F,Illeso,0,,,,
3963472,13,25/08/2018 15:10:00,Comunale extraurbana,VIALE DEI ROMAGNOLI,all'intersezione con,VIA GUIDO CALZA,VIA GUIDO CALZA,,,Scontro laterale fra veicoli in marcia,Incrocio,Una carreggiata a doppio senso,Asciutto,Asfaltata,Verticale ed orizzontale,Sereno,Normale,Buona,Ore Diurne,1,0,0,3,12.3018,41.7581,-1,2,Autovettura privata,In marcia / fermata / arresto,Conducente,M,Rimandato,0,NON DECEDUTO,,,
3963477,13,26/08/2018 19:00:00,Strada Urbana,VIA OSTIENSE,da specificare,,,,50 m dopo centro giano,Tamponamento Multiplo,Rettilineo,Una carreggiata a doppio senso,Bagnato (pioggia),Asfaltata,Orizzontale,Nuvoloso,Normale,Buona,Ore Diurne,0,0,0,5,12.3809,41.7921,-1,1,Autovettura privata,In marcia / fermata / arresto,Conducente,M,Illeso,0,,,,
3963477,13,26/08/2018 19:00:00,Strada Urbana,VIA OSTIENSE,da specificare,,,,50 m dopo centro giano,Tamponamento Multiplo,Rettilineo,Una carreggiata a doppio senso,Bagnato (pioggia),Asfaltata,Orizzontale,Nuvoloso,Normale,Buona,Ore Diurne,0,0,0,5,12.3809,41.7921,-1,1,Autovettura privata,In marcia / fermata / arresto,Passeggero,F,Illeso,0,,Non accertato,Inesploso,
3963477,13,26/08/2018 19:00:00,Strada Urbana,VIA OSTIENSE,da specificare,,,,50 m dopo centro giano,Tamponamento Multiplo,Rettilineo,Una carreggiata a doppio senso,Bagnato (pioggia),Asfaltata,Orizzontale,Nuvoloso,Normale,Buona,Ore Diurne,0,0,0,5,12.3809,41.7921,-1,2,Autovettura privata,In marcia / fermata / arresto,Conducente,M,Illeso,0,,,,
3963477,13,26/08/2018 19:00:00,Strada Urbana,VIA OSTIENSE,da specificare,,,,50 m dopo centro giano,Tamponamento Multiplo,Rettilineo,Una carreggiata a doppio senso,Bagnato (pioggia),Asfaltata,Orizzontale,Nuvoloso,Normale,Buona,Ore Diurne,0,0,0,5,12.3809,41.7921,-1,3,Autovettura privata,In marcia / fermata / arresto,Conducente,M,Illeso,0,,,,
3963477,13,26/08/2018 19:00:00,Strada Urbana,VIA OSTIENSE,da specificare,,,,50 m dopo centro giano,Tamponamento Multiplo,Rettilineo,Una carreggiata a doppio senso,Bagnato (pioggia),Asfaltata,Orizzontale,Nuvoloso,Normale,Buona,Ore Diurne,0,0,0,5,12.3809,41.7921,-1,3,Autovettura privata,In marcia / fermata / arresto,Passeggero,F,Illeso,0,,Non accertato,Inesploso,
3963497,11,25/08/2018 11:40:00,Strada Urbana,VIA CRISTOFORO COLOMBO,all'intersezione semaforizzata con,VIA DEI GEORGOFILI,VIA DEI GEORGOFILI,,,Scontro frontale/laterale DX fra veicoli in marcia,Intersezione semaforizzata,Pi� di due carreggiate,Asciutto,Asfaltata,Verticale ed orizzontale,Nuvoloso,Intenso,Buona,Ore Diurne,6,0,0,0,12.4908,41.8543,-1,1,Autovettura privata,In marcia / fermata / arresto,Conducente,F,Rimandato,0,NON DECEDUTO,,,
3963497,11,25/08/2018 11:40:00,Strada Urbana,VIA CRISTOFORO COLOMBO,all'intersezione semaforizzata con,VIA DEI GEORGOFILI,VIA DEI GEORGOFILI,,,Scontro frontale/laterale DX fra veicoli in marcia,Intersezione semaforizzata,Pi� di due carreggiate,Asciutto,Asfaltata,Verticale ed orizzontale,Nuvoloso,Intenso,Buona,Ore Diurne,6,0,0,0,12.4908,41.8543,-1,1,Autovettura privata,In marcia / fermata / arresto,Passeggero,F,Rifiuta cure immediate,0,NON DECEDUTO,,,
3963497,11,25/08/2018 11:40:00,Strada Urbana,VIA CRISTOFORO COLOMBO,all'intersezione semaforizzata con,VIA DEI GEORGOFILI,VIA DEI GEORGOFILI,,,Scontro frontale/laterale DX fra veicoli in marcia,Intersezione semaforizzata,Pi� di due carreggiate,Asciutto,Asfaltata,Verticale ed orizzontale,Nuvoloso,Intenso,Buona,Ore Diurne,6,0,0,0,12.4908,41.8543,-1,1,Autovettura privata,In marcia / fermata / arresto,Passeggero,M,Rifiuta cure immediate,0,NON DECEDUTO,,Esploso,
3963497,11,25/08/2018 11:40:00,Strada Urbana,VIA CRISTOFORO COLOMBO,all'intersezione semaforizzata con,VIA DEI GEORGOFILI,VIA DEI GEORGOFILI,,,Scontro frontale/laterale DX fra veicoli in marcia,Intersezione semaforizzata,Pi� di due carreggiate,Asciutto,Asfaltata,Verticale ed orizzontale,Nuvoloso,Intenso,Buona,Ore Diurne,6,0,0,0,12.4908,41.8543,-1,1,Autovettura privata,In marcia / fermata / arresto,Passeggero,M,Rifiuta cure immediate,0,NON DECEDUTO,,,
3963497,11,25/08/2018 11:40:00,Strada Urbana,VIA CRISTOFORO COLOMBO,all'intersezione semaforizzata con,VIA DEI GEORGOFILI,VIA DEI GEORGOFILI,,,Scontro frontale/laterale DX fra veicoli in marcia,Intersezione semaforizzata,Pi� di due carreggiate,Asciutto,Asfaltata,Verticale ed orizzontale,Nuvoloso,Intenso,Buona,Ore Diurne,6,0,0,0,12.4908,41.8543,-1,2,Motociclo con passeggero,In marcia / fermata / arresto,Conducente,M,Rimandato,0,NON DECEDUTO,,,
3963497,11,25/08/2018 11:40:00,Strada Urbana,VIA CRISTOFORO COLOMBO,all'intersezione semaforizzata con,VIA DEI GEORGOFILI,VIA DEI GEORGOFILI,,,Scontro frontale/laterale DX fra veicoli in marcia,Intersezione semaforizzata,Pi� di due carreggiate,Asciutto,Asfaltata,Verticale ed orizzontale,Nuvoloso,Intenso,Buona,Ore Diurne,6,0,0,0,12.4908,41.8543,-1,2,Motociclo con passeggero,In marcia / fermata / arresto,Passeggero,F,Rimandato,0,NON DECEDUTO,,,
3963499,5,24/08/2018 14:15:00,Strada Urbana,VIA SMERILLO,da specificare,,,,prox. via Tiburtina,Tamponamento,Rettilineo,Una carreggiata a doppio senso,Asciutto,Asfaltata,Verticale ed orizzontale,Sereno,Normale,Buona,Ore Diurne,0,0,0,2,12.5983,41.9332,-1,1,Autovettura privata,In marcia / fermata / arresto,Conducente,F,Illeso,0,,Non accertato,Inesploso,
3963499,5,24/08/2018 14:15:00,Strada Urbana,VIA SMERILLO,da specificare,,,,prox. via Tiburtina,Tamponamento,Rettilineo,Una carreggiata a doppio senso,Asciutto,Asfaltata,Verticale ed orizzontale,Sereno,Normale,Buona,Ore Diurne,0,0,0,2,12.5983,41.9332,-1,2,Autoarticolato,In marcia / fermata / arresto,Conducente,M,Illeso,0,,Non accertato,Inesploso,
3963520,5,25/08/2018 00:15:00,,VIA DELLE CASE ROSSE,in prossimit�,,del civico n.,44,,Veicolo in marcia contro ostacolo fisso,,,,,,,,,,1,0,0,0,12.635,41.9262,0,1,Autovettura privata,In marcia / fermata / arresto,Conducente,M,Rimandato,0,NON DECEDUTO,,,
3963522,15,26/08/2018 17:50:00,Comunale extraurbana,VIA DELLA MAGLIANA,in corrispondenza,,del civico n.,1098,,Tamponamento Multiplo,Rettilineo,Una carreggiata a doppio senso,Bagnato (umidit� in atto),Asfaltata,Assente,Nuvoloso,Normale,Buona,Ore Diurne,0,0,0,8,12.3757,41.8241,-1,1,Autovettura privata,In marcia / fermata / arresto,Conducente,M,Illeso,0,,Non accertato,Inesploso,