Protocollo,Gruppo,DataOraIncidente,Localizzazione1,STRADA1,Localizzazione2,STRADA2,Strada02,Chilometrica,DaSpecificare,NaturaIncidente,particolaritastrade,TipoStrada,FondoStradale,Pavimentazione,Segnaletica,CondizioneAtmosferica,Traffico,Visibilita,Illuminazione,NUM_FERITI,NUM_RISERVATA,NUM_MORTI,NUM_ILLESI,Longitudine,Latitudine,Confermato,Progressivo,TipoVeicolo,StatoVeicolo,TipoPersona,Sesso,Tipolesione,Deceduto,DecedutoDopo,CinturaCascoUtilizzato,Airbag,
3963522,15,26/08/2018 17:50:00,Comunale extraurbana,VIA DELLA MAGLIANA,in corrispondenza,,del civico n.,1098,,Tamponamento Multiplo,Rettilineo,Una carreggiata a doppio senso,Bagnato (umidit� in atto),Asfaltata,Assente,Nuvoloso,Normale,Buona,Ore Diurne,0,0,0,8,12.3757,41.8241,-1,1,Autovettura privata,In marcia / fermata / arresto,Passeggero,F,Illeso,0,,Non accertato,Inesploso,
3963522,15,26/08/2018 17:50:00,Comunale extraurbana,VIA DELLA MAGLIANA,in corrispondenza,,del civico n.,1098,,Tamponamento Multiplo,Rettilineo,Una carreggiata a doppio senso,Bagnato (umidit� in atto),Asfaltata,Assente,Nuvoloso,Normale,Buona,Ore Diurne,0,0,0,8,12.3757,41.8241,-1,2,Autovettura privata,In marcia / fermata / arresto,Conducente,M,Illeso,0,,,,
3963522,15,26/08/2018 17:50:00,Comunale extraurbana,VIA DELLA MAGLIANA,in corrispondenza,,del civico n.,1098,,Tamponamento Multiplo,Rettilineo,Una carreggiata a doppio senso,Bagnato (umidit� in atto),Asfaltata,Assente,Nuvoloso,Normale,Buona,Ore Diurne,0,0,0,8,12.3757,41.8241,-1,2,Autovettura privata,In marcia / fermata / arresto,Passeggero,F,Illeso,0,,Non accertato,Inesploso,
3963522,15,26/08/2018 17:50:00,Comunale extraurbana,VIA DELLA MAGLIANA,in corrispondenza,,del civico n.,1098,,Tamponamento Multiplo,Rettilineo,Una carreggiata a doppio senso,Bagnato (umidit� in atto),Asfaltata,Assente,Nuvoloso,Normale,Buona,Ore Diurne,0,0,0,8,12.3757,41.8241,-1,2,Autovettura privata,In marcia / fermata / arresto,Passeggero,M,Illeso,0,,,,
3963522,15,26/08/2018 17:50:00,Comunale extraurbana,VIA DELLA MAGLIANA,in corrispondenza,,del civico n.,1098,,Tamponamento Multiplo,Rettilineo,Una carreggiata a doppio senso,Bagnato (umidit� in atto),Asfaltata,Assente,Nuvoloso,Normale,Buona,Ore Diurne,0,0,0,8,12.3757,41.8241,-1,2,Autovettura privata,In marcia / fermata / arresto,Passeggero,F,Illeso,0,,Non accertato,Inesistente,
3963522,15,26/08/2018 17:50:00,Comunale extraurbana,VIA DELLA MAGLIANA,in corrispondenza,,del civico n.,1098,,Tamponamento Multiplo,Rettilineo,Una carreggiata a doppio senso,Bagnato (umidit� in atto),Asfaltata,Assente,Nuvoloso,Normale,Buona,Ore Diurne,0,0,0,8,12.3757,41.8241,-1,2,Autovettura privata,In marcia / fermata / arresto,Passeggero,F,Illeso,0,,Non accertato,Inesistente,
3963522,15,26/08/2018 17:50:00,Comunale extraurbana,VIA DELLA MAGLIANA,in corrispondenza,,del civico n.,1098,,Tamponamento Multiplo,Rettilineo,Una carreggiata a doppio senso,Bagnato (umidit� in atto),Asfaltata,Assente,Nuvoloso,Normale,Buona,Ore Diurne,0,0,0,8,12.3757,41.8241,-1,3,Autocarro inferiore 35 q.,In marcia / fermata / arresto,Conducente,M,Illeso,0,,Non accertato,Inesploso,
3963527,17,26/08/2018 16:00:00,Strada Urbana,VIALE VATICANO,in prossimit�,,del civico n.,84,,Scontro laterale fra veicoli in marcia,Curva senza visuale libera,Una carreggiata a doppio senso,Bagnato (pioggia),Asfaltata,Verticale ed orizzontale,Nuvoloso,Scarso,Sufficiente,Ore Diurne,0,0,0,4,12.4502,41.9066,-1,1,Autovettura privata,In marcia / fermata / arresto,Conducente,M,Illeso,0,,,,
3963527,17,26/08/2018 16:00:00,Strada Urbana,VIALE VATICANO,in prossimit�,,del civico n.,84,,Scontro laterale fra veicoli in marcia,Curva senza visuale libera,Una carreggiata a doppio senso,Bagnato (pioggia),Asfaltata,Verticale ed orizzontale,Nuvoloso,Scarso,Sufficiente,Ore Diurne,0,0,0,4,12.4502,41.9066,-1,1,Autovettura privata,In marcia / fermata / arresto,Passeggero,F,Illeso,0,,Non accertato,Inesploso,
3963527,17,26/08/2018 16:00:00,Strada Urbana,VIALE VATICANO,in prossimit�,,del civico n.,84,,Scontro laterale fra veicoli in marcia,Curva senza visuale libera,Una carreggiata a doppio senso,Bagnato (pioggia),Asfaltata,Verticale ed orizzontale,Nuvoloso,Scarso,Sufficiente,Ore Diurne,0,0,0,4,12.4502,41.9066,-1,1,Autovettura privata,In marcia / fermata / arresto,Passeggero,F,Illeso,0,,Non accertato,Inesploso,
3963527,17,26/08/2018 16:00:00,Strada Urbana,VIALE VATICANO,in prossimit�,,del civico n.,84,,Scontro laterale fra veicoli in marcia,Curva senza visuale libera,Una carreggiata a doppio senso,Bagnato (pioggia),Asfaltata,Verticale ed orizzontale,Nuvoloso,Scarso,Sufficiente,Ore Diurne,0,0,0,4,12.4502,41.9066,-1,2,Autovettura privata,In marcia / fermata / arresto,Conducente,F,Illeso,0,,,,
3963528,5,25/08/2018 10:15:00,,VIA TIBURTINA,da specificare,,,,dir. centro fronte Metro Rebibbia,Tamponamento,,,,,,,,,,1,0,0,0,12.5735,41.9255,0,2,Autovettura privata,In marcia / fermata / arresto,Passeggero,M,Rimandato,0,NON DECEDUTO,,,
3963531,15,26/08/2018 23:40:00,Strada Urbana,VIA DI POZZO PANTALEO,in corrispondenza,,del civico n.,20,,Veicolo in marcia contro ostacolo fisso,Rettilineo,Una carreggiata a senso unico di marcia,Asciutto,Asfaltata,Assente,Sereno,Scarso,Sufficiente,Sufficiente,0,0,0,4,12.4647,41.866,-1,1,Autovettura privata,In marcia / fermata / arresto,Conducente,M,Illeso,0,,,,
3963531,15,26/08/2018 23:40:00,Strada Urbana,VIA DI POZZO PANTALEO,in corrispondenza,,del civico n.,20,,Veicolo in marcia contro ostacolo fisso,Rettilineo,Una carreggiata a senso unico di marcia,Asciutto,Asfaltata,Assente,Sereno,Scarso,Sufficiente,Sufficiente,0,0,0,4,12.4647,41.866,-1,1,Autovettura privata,In marcia / fermata / arresto,Passeggero,F,Illeso,0,,Utilizzato,,
3963531,15,26/08/2018 23:40:00,Strada Urbana,VIA DI POZZO PANTALEO,in corrispondenza,,del civico n.,20,,Veicolo in marcia contro ostacolo fisso,Rettilineo,Una carreggiata a senso unico di marcia,Asciutto,Asfaltata,Assente,Sereno,Scarso,Sufficiente,Sufficiente,0,0,0,4,12.4647,41.866,-1,1,Autovettura privata,In marcia / fermata / arresto,Passeggero,F,Illeso,0,,Utilizzato,,
3963531,15,26/08/2018 23:40:00,Strada Urbana,VIA DI POZZO PANTALEO,in corrispondenza,,del civico n.,20,,Veicolo in marcia contro ostacolo fisso,Rettilineo,Una carreggiata a senso unico di marcia,Asciutto,Asfaltata,Assente,Sereno,Scarso,Sufficiente,Sufficiente,0,0,0,4,12.4647,41.866,-1,1,Autovettura privata,In marcia / fermata / arresto,Passeggero,M,Illeso,0,,Utilizzato,,
3963532,5,25/08/2018 13:15:00,Strada Urbana,VIA TIBURTINA,in prossimit�,,del civico n.,780,,Veicolo in marcia contro ostacolo accidentale,Rettilineo,Due carreggiate,Asciutto,Asfaltata,Verticale ed orizzontale,Sereno,Normale,Buona,Ore Diurne,0,0,0,3,12.5557,41.913,-1,1,Autovettura privata,In marcia / fermata / arresto,Conducente,F,Illeso,0,,Non accertato,Inesistente,
3963532,5,25/08/2018 13:15:00,Strada Urbana,VIA TIBURTINA,in prossimit�,,del civico n.,780,,Veicolo in marcia contro ostacolo accidentale,Rettilineo,Due carreggiate,Asciutto,Asfaltata,Verticale ed orizzontale,Sereno,Normale,Buona,Ore Diurne,0,0,0,3,12.5557,41.913,-1,1,Autovettura privata,In marcia / fermata / arresto,Passeggero,M,Illeso,0,,Non accertato,Inesistente,
3963535,12,26/08/2018 23:25:00,Strada Urbana,VIA PINDARO,all'intersezione con,VIA SENOFANE,VIA SENOFANE,,,Scontro frontale/laterale SX fra veicoli in marcia,Intersezione semaforizzata,Una carreggiata a doppio senso,Asciutto,Asfaltata,Orizzontale,Sereno,Scarso,Sufficiente,Sufficiente,0,0,0,3,12.3668,41.757,-1,1,Autovettura privata,In marcia / fermata / arresto,Conducente,M,Illeso,0,,Utilizzato,Inesploso,
3963535,12,26/08/2018 23:25:00,Strada Urbana,VIA PINDARO,all'intersezione con,VIA SENOFANE,VIA SENOFANE,,,Scontro frontale/laterale SX fra veicoli in marcia,Intersezione semaforizzata,Una carreggiata a doppio senso,Asciutto,Asfaltata,Orizzontale,Sereno,Scarso,Sufficiente,Sufficiente,0,0,0,3,12.3668,41.757,-1,2,Autovettura privata,In marcia / fermata / arresto,Conducente,M,Illeso,0,,Utilizzato,Inesploso,
3963535,12,26/08/2018 23:25:00,Strada Urbana,VIA PINDARO,all'intersezione con,VIA SENOFANE,VIA SENOFANE,,,Scontro frontale/laterale SX fra veicoli in marcia,Intersezione semaforizzata,Una carreggiata a doppio senso,Asciutto,Asfaltata,Orizzontale,Sereno,Scarso,Sufficiente,Sufficiente,0,0,0,3,12.3668,41.757,-1,2,Autovettura privata,In marcia / fermata / arresto,Passeggero,F,Illeso,0,,Non accertato,Inesploso,
3963537,5,26/08/2018 22:50:00,Strada Urbana,VIA SIROLO,in prossimit�,,del palo luce n.,2,,Veicolo in marcia contro veicolo in sosta,Rettilineo,Una carreggiata a senso unico di marcia,Asciutto,Asfaltata,Verticale ed orizzontale,Sereno,Normale,Sufficiente,Sufficiente,0,0,0,5,12.5857,41.9387,-1,2,Autovettura privata,In marcia / fermata / arresto,Conducente,M,Illeso,0,,Non accertato,,
3963537,5,26/08/2018 22:50:00,Strada Urbana,VIA SIROLO,in prossimit�,,del palo luce n.,2,,Veicolo in marcia contro veicolo in sosta,Rettilineo,Una carreggiata a senso unico di marcia,Asciutto,Asfaltata,Verticale ed orizzontale,Sereno,Normale,Sufficiente,Sufficiente,0,0,0,5,12.5857,41.9387,-1,2,Autovettura privata,In marcia / fermata / arresto,Passeggero,F,Illeso,0,,Non accertato,,
3963537,5,26/08/2018 22:50:00,Strada Urbana,VIA SIROLO,in prossimit�,,del palo luce n.,2,,Veicolo in marcia contro veicolo in sosta,Rettilineo,Una carreggiata a senso unico di marcia,Asciutto,Asfaltata,Verticale ed orizzontale,Sereno,Normale,Sufficiente,Sufficiente,0,0,0,5,12.5857,41.9387,-1,2,Autovettura privata,In marcia / fermata / arresto,Passeggero,F,Illeso,0,,Non accertato,,
3963537,5,26/08/2018 22:50:00,Strada Urbana,VIA SIROLO,in prossimit�,,del palo luce n.,2,,Veicolo in marcia contro veicolo in sosta,Rettilineo,Una carreggiata a senso unico di marcia,Asciutto,Asfaltata,Verticale ed orizzontale,Sereno,Normale,Sufficiente,Sufficiente,0,0,0,5,12.5857,41.9387,-1,2,Autovettura privata,In marcia / fermata / arresto,Passeggero,F,Illeso,0,,Non accertato,,
3963537,5,26/08/2018 22:50:00,Strada Urbana,VIA SIROLO,in prossimit�,,del palo luce n.,2,,Veicolo in marcia contro veicolo in sosta,Rettilineo,Una carreggiata a senso unico di marcia,Asciutto,Asfaltata,Verticale ed orizzontale,Sereno,Normale,Sufficiente,Sufficiente,0,0,0,5,12.5857,41.9387,-1,2,Autovettura privata,In marcia / fermata / arresto,Passeggero,M,Illeso,0,,Non accertato,,
3963540,11,27/08/2018 03:50:00,Strada Urbana,VIA CRISTOFORO COLOMBO,in corrispondenza,,del civico n.,138,,Veicolo in marcia contro ostacolo fisso,Rettilineo,Pi� di due carreggiate,Asciutto,Asfaltata,Verticale ed orizzontale,Sereno,Scarso,Buona,Sufficiente,0,0,0,1,12.4965,41.8648,-1,1,Autovettura privata,In marcia / fermata / arresto,Conducente,M,Illeso,0,,,,
3963544,4,24/08/2018 22:30:00,Strada Urbana,VIA GIOVANNI CONTI,all'intersezione con,VIA DELLE VIGNE NUOVE,VIA DELLE VIGNE NUOVE,,,Veicolo in marcia contro ostacolo fisso,Incrocio,Una carreggiata a senso unico di marcia,Asciutto,Asfaltata,Verticale ed orizzontale,Sereno,Scarso,Sufficiente,Sufficiente,0,0,0,1,12.5358,41.9554,-1,1,Autovettura privata,In marcia / fermata / arresto,Conducente,M,Illeso,0,,Non accertato,,
3963546,15,26/08/2018 22:30:00,Strada Urbana,VIA DELLA MAGLIANA,all'intersezione con,VICOLO DI S. PASSERA,VICOLO DI S. PASSERA,,,Scontro frontale/laterale SX fra veicoli in marcia,Intersezione non regolata/non segnalata,Una carreggiata a doppio senso,Asciutto,Asfaltata,Orizzontale,Sereno,Normale,Buona,Sufficiente,1,0,0,1,12.4196,41.8317,-1,1,Autovettura privata,In marcia / fermata / arresto,Conducente,F,Ricoverato,0,NON DECEDUTO,Utilizzato,,
3963546,15,26/08/2018 22:30:00,Strada Urbana,VIA DELLA MAGLIANA,all'intersezione con,VICOLO DI S. PASSERA,VICOLO DI S. PASSERA,,,Scontro frontale/laterale SX fra veicoli in marcia,Intersezione non regolata/non segnalata,Una carreggiata a doppio senso,Asciutto,Asfaltata,Orizzontale,Sereno,Normale,Buona,Sufficiente,1,0,0,1,12.4196,41.8317,-1,2,Autovettura privata,In marcia / fermata / arresto,Conducente,M,Illeso,0,,Utilizzato,,
3963548,11,26/08/2018 02:20:00,Strada Urbana,VIA DEL GAZOMETRO,all'intersezione con,PIAZZA DEL GAZOMETRO,PIAZZA DEL GAZOMETRO,,,Infortunio per caduta del veicolo,Incrocio,Una carreggiata a doppio senso,Asciutto,Asfaltata,Verticale ed orizzontale,Sereno,Scarso,Buona,Sufficiente,1,0,0,0,12.4794,41.8705,-1,1,Motociclo a solo,In marcia / fermata / arresto,Conducente,M,Ricoverato,0,NON DECEDUTO,,,
3963552,4,26/08/2018 11:00:00,,VIA ISOLA BELLA,all'intersezione con,VIA MONTASIO,VIA MONTASIO,,,Scontro frontale/laterale SX fra veicoli in marcia,,,,,,,,,,0,0,0,4,,,0,1,Autovettura privata,In marcia / fermata / arresto,Conducente,M,Illeso,0,,,,
3963552,4,26/08/2018 11:00:00,,VIA ISOLA BELLA,all'intersezione con,VIA MONTASIO,VIA MONTASIO,,,Scontro frontale/laterale SX fra veicoli in marcia,,,,,,,,,,0,0,0,4,,,0,1,Autovettura privata,In marcia / fermata / arresto,Passeggero,M,Illeso,0,,,,
3963552,4,26/08/2018 11:00:00,,VIA ISOLA BELLA,all'intersezione con,VIA MONTASIO,VIA MONTASIO,,,Scontro frontale/laterale SX fra veicoli in marcia,,,,,,,,,,0,0,0,4,,,0,2,Autovettura privata,In marcia / fermata / arresto,Conducente,M,Illeso,0,,,,
3963552,4,26/08/2018 11:00:00,,VIA ISOLA BELLA,all'intersezione con,VIA MONTASIO,VIA MONTASIO,,,Scontro frontale/laterale SX fra veicoli in marcia,,,,,,,,,,0,0,0,4,,,0,2,Autovettura privata,In marcia / fermata / arresto,Passeggero,F,Illeso,0,,,,
3963557,12,24/08/2018 20:20:00,Strada Urbana,VIALE BARTOLOMEO CAVACEPPI,da specificare,,,,altezza PIAZZA C. ORIGO,Veicolo in marcia contro ostacolo fisso,Rettilineo,Due carreggiate,Asciutto,Asfaltata,Verticale ed orizzontale,Sereno,Scarso,Buona,Insufficiente,0,0,0,1,12.4313,41.7967,-1,1,Autovettura privata,In marcia / fermata / arresto,Conducente,M,Illeso,0,,,,
3963563,1,25/08/2018 02:20:00,Strada Urbana,VIA GIOBERTI,all'intersezione con,VIA GIOVANNI GIOLITTI,VIA GIOVANNI GIOLITTI,,,Tamponamento,Incrocio,Una carreggiata a senso unico di marcia,Asciutto,In cubetti di porfido,Verticale ed orizzontale,Sereno,Normale,Sufficiente,Sufficiente,0,0,0,2,,,0,1,Autovettura privata,In marcia / fermata / arresto,Conducente,M,Illeso,0,,Non accertato,,
3963563,1,25/08/2018 02:20:00,Strada Urbana,VIA GIOBERTI,all'intersezione con,VIA GIOVANNI GIOLITTI,VIA GIOVANNI GIOLITTI,,,Tamponamento,Incrocio,Una carreggiata a senso unico di marcia,Asciutto,In cubetti di porfido,Verticale ed orizzontale,Sereno,Normale,Sufficiente,Sufficiente,0,0,0,2,,,0,2,Autovettura privata,In marcia / fermata / arresto,Conducente,F,Illeso,0,,Non accertato,,
3963565,20,26/08/2018 11:40:00,Strada Urbana,VIA DEL FORO ITALICO,da specificare,,,,uscita Galleria Farnesina,Veicolo in marcia contro ostacolo accidentale,Rettilineo,Una carreggiata a senso unico di marcia,Asciutto,Asfaltata,Orizzontale,Sereno,Scarso,Buona,Ore Diurne,0,0,0,2,12.4828,41.94,-1,1,Autovettura privata,In marcia / fermata / arresto,Conducente,F,Illeso,0,,Non accertato,,
3963565,20,26/08/2018 11:40:00,Strada Urbana,VIA DEL FORO ITALICO,da specificare,,,,uscita Galleria Farnesina,Veicolo in marcia contro ostacolo accidentale,Rettilineo,Una carreggiata a senso unico di marcia,Asciutto,Asfaltata,Orizzontale,Sereno,Scarso,Buona,Ore Diurne,0,0,0,2,12.4828,41.94,-1,1,Autovettura privata,In marcia / fermata / arresto,Passeggero,M,Illeso,0,,Non accertato,,
3963566,15,26/08/2018 18:45:00,Strada Urbana,VIA DELLA MURATELLA,all'intersezione con,VIA CRISTOFORO SABBADINO,VIA CRISTOFORO SABBADINO,,,Scontro frontale/laterale SX fra veicoli in marcia,Incrocio,Una carreggiata a doppio senso,Asciutto,Asfaltata,Verticale ed orizzontale,Nuvoloso,Scarso,Buona,Ore Diurne,0,0,0,3,12.2585,41.8576,-1,1,Autovettura privata,In marcia / fermata / arresto,Conducente,M,Illeso,0,,,Inesploso,
3963566,15,26/08/2018 18:45:00,Strada Urbana,VIA DELLA MURATELLA,all'intersezione con,VIA CRISTOFORO SABBADINO,VIA CRISTOFORO SABBADINO,,,Scontro frontale/laterale SX fra veicoli in marcia,Incrocio,Una carreggiata a doppio senso,Asciutto,Asfaltata,Verticale ed orizzontale,Nuvoloso,Scarso,Buona,Ore Diurne,0,0,0,3,12.2585,41.8576,-1,1,Autovettura privata,In marcia / fermata / arresto,Passeggero,F,Illeso,0,,Utilizzato,Inesploso,
3963566,15,26/08/2018 18:45:00,Strada Urbana,VIA DELLA MURATELLA,all'intersezione con,VIA CRISTOFORO SABBADINO,VIA CRISTOFORO SABBADINO,,,Scontro frontale/laterale SX fra veicoli in marcia,Incrocio,Una carreggiata a doppio senso,Asciutto,Asfaltata,Verticale ed orizzontale,Nuvoloso,Scarso,Buona,Ore Diurne,0,0,0,3,12.2585,41.8576,-1,2,Autovettura privata,In marcia / fermata / arresto,Conducente,M,Illeso,0,,Utilizzato,Inesploso,
3963572,10,26/08/2018 17:25:00,Strada Urbana,VIA TUSCOLANA,in corrispondenza,,del civico n.,585,,Scontro laterale fra veicoli in marcia,Rettilineo,Due carreggiate,Asciutto,Asfaltata,Verticale ed orizzontale,Sereno,Normale,Buona,Ore Diurne,0,0,0,2,12.5485,41.864,-1,1,Autovettura privata,In marcia / fermata / arresto,Conducente,M,Illeso,0,,Non accertato,Inesploso,
3963572,10,26/08/2018 17:25:00,Strada Urbana,VIA TUSCOLANA,in corrispondenza,,del civico n.,585,,Scontro laterale fra veicoli in marcia,Rettilineo,Due carreggiate,Asciutto,Asfaltata,Verticale ed orizzontale,Sereno,Normale,Buona,Ore Diurne,0,0,0,2,12.5485,41.864,-1,2,Autocarro inferiore 35 q.,In marcia / fermata / arresto,Conducente,M,Illeso,0,,Non accertato,Inesploso,
3963576,16,26/08/2018 02:35:00,Strada Urbana,VIA DEL MARE,da specificare,,,,Km. 6,700 (direzione Ostia),Investimento di pedone,Rettilineo,Una carreggiata a doppio senso,Asciutto,Asfaltata,Orizzontale,Nuvoloso,Scarso,Insufficiente,Inesistente,1,0,1,2,12.4632,41.8403,-1,,,,Pedone,M,Deceduto sul posto,-1,,,
3963576,16,26/08/2018 02:35:00,Strada Urbana,VIA DEL MARE,da specificare,,,,Km. 6,700 (direzione Ostia),Investimento di pedone,Rettilineo,Una carreggiata a doppio senso,Asciutto,Asfaltata,Orizzontale,Nuvoloso,Scarso,Insufficiente,Inesistente,1,0,1,2,12.4632,41.8403,-1,1,Autovettura privata,In marcia / fermata / arresto,Conducente,F,Rimandato,0,NON DECEDUTO,Non accertato,
3963576,16,26/08/2018 02:35:00,Strada Urbana,VIA DEL MARE,da specificare,,,,Km. 6,700 (direzione Ostia),Investimento di pedone,Rettilineo,Una carreggiata a doppio senso,Asciutto,Asfaltata,Orizzontale,Nuvoloso,Scarso,Insufficiente,Inesistente,1,0,1,2,12.4632,41.8403,-1,2,Autovettura privata,In marcia / fermata / arresto,Conducente,M,Illeso,0,,Non accertato,
3963576,16,26/08/2018 02:35:00,Strada Urbana,VIA DEL MARE,da specificare,,,,Km. 6,700 (direzione Ostia),Investimento di pedone,Rettilineo,Una carreggiata a doppio senso,Asciutto,Asfaltata,Orizzontale,Nuvoloso,Scarso,Insufficiente,Inesistente,1,0,1,2,12.4632,41.8403,-1,2,Autovettura privata,In marcia / fermata / arresto,Passeggero,M,Illeso,0,,Non accertato,
3963579,3,18/08/2018 22:10:00,Strada Urbana,VIA DI TORREVECCHIA,in corrispondenza,,del civico n.,238,,Veicolo in marcia contro veicolo in sosta,Rettilineo,Una carreggiata a doppio senso,Asciutto,Asfaltata,Verticale ed orizzontale,Sereno,Scarso,Sufficiente,Sufficiente,1,0,0,0,12.4173,41.9293,-1,1,Autovettura privata,In marcia / fermata / arresto,Conducente,M,Rimandato,0,NON DECEDUTO,Non accertato,Inesploso,
3963594,12,25/08/2018 17:30:00,Strada Urbana,VIA DELLE TRE FONTANE,all'intersezione con,VIALE DELL'INDUSTRIA,VIALE DELL'INDUSTRIA,,,Scontro frontale fra veicoli in marcia,Intersezione semaforizzata,Una carreggiata a doppio senso,Asciutto,Asfaltata,Verticale ed orizzontale,Sereno,Normale,Buona,Ore Diurne,0,0,0,2,12.4749,41.839,-1,1,Autovettura privata,In marcia / fermata / arresto,Conducente,M,Illeso,0,,Non accertato,,
3963594,12,25/08/2018 17:30:00,Strada Urbana,VIA DELLE TRE FONTANE,all'intersezione con,VIALE DELL'INDUSTRIA,VIALE DELL'INDUSTRIA,,,Scontro frontale fra veicoli in marcia,Intersezione semaforizzata,Una carreggiata a doppio senso,Asciutto,Asfaltata,Verticale ed orizzontale,Sereno,Normale,Buona,Ore Diurne,0,0,0,2,12.4749,41.839,-1,1,Autovettura privata,In marcia / fermata / arresto,Passeggero,M,Illeso,0,,,,
3963599,12,25/08/2018 14:55:00,Provinciale,VIA ARDEATINA,all'intersezione con,VIA DI SPREGAMORE,VIA DI SPREGAMORE,,,Tamponamento,Intersezione semaforizzata,Una carreggiata a doppio senso,Asciutto,Asfaltata,Verticale ed orizzontale,Sereno,Scarso,Buona,Ore Diurne,0,0,0,3,12.5627,41.7357,-1,1,Autocarro inferiore 35 q.,In marcia / fermata / arresto,Conducente,M,Illeso,0,,,,
3963599,12,25/08/2018 14:55:00,Provinciale,VIA ARDEATINA,all'intersezione con,VIA DI SPREGAMORE,VIA DI SPREGAMORE,,,Tamponamento,Intersezione semaforizzata,Una carreggiata a doppio senso,Asciutto,Asfaltata,Verticale ed orizzontale,Sereno,Scarso,Buona,Ore Diurne,0,0,0,3,12.5627,41.7357,-1,2,Autovettura privata,In marcia / fermata / arresto,Conducente,M,Illeso,0,,,,
3963599,12,25/08/2018 14:55:00,Provinciale,VIA ARDEATINA,all'intersezione con,VIA DI SPREGAMORE,VIA DI SPREGAMORE,,,Tamponamento,Intersezione semaforizzata,Una carreggiata a doppio senso,Asciutto,Asfaltata,Verticale ed orizzontale,Sereno,Scarso,Buona,Ore Diurne,0,0,0,3,12.5627,41.7357,-1,2,Autovettura privata,In marcia / fermata / arresto,Passeggero,F,Illeso,0,,,,
3963622,17,26/08/2018 18:40:00,Strada Urbana,VIA COLA DI RIENZO,da specificare,,,,fronte civico 149,Veicolo in marcia contro veicolo in sosta,Rettilineo,Una carreggiata a doppio senso,Asciutto,In cubetti di porfido,Verticale ed orizzontale,Nuvoloso,Normale,Sufficiente,Ore Diurne,0,0,0,1,12.4654,41.908,-1,3,Autovettura privata,In marcia / fermata / arresto,Conducente,M,Illeso,0,,,,
3963625,12,26/08/2018 14:20:00,Strada Urbana,VIA CRISTOFORO COLOMBO,da specificare,,,,DIR. OSTIA 150 MT DOPO VIALE UMANESIMO,Scontro laterale fra veicoli in marcia,Curva a visuale libera,Una carreggiata a senso unico di marcia,Asciutto,Asfaltata,Verticale ed orizzontale,Nuvoloso,Normale,Buona,Ore Diurne,0,0,0,2,12.4121,41.786,-1,1,Autovettura privata,In marcia / fermata / arresto,Conducente,M,Illeso,0,,Utilizzato,Inesploso,
3963625,12,26/08/2018 14:20:00,Strada Urbana,VIA CRISTOFORO COLOMBO,da specificare,,,,DIR. OSTIA 150 MT DOPO VIALE UMANESIMO,Scontro laterale fra veicoli in marcia,Curva a visuale libera,Una carreggiata a senso unico di marcia,Asciutto,Asfaltata,Verticale ed orizzontale,Nuvoloso,Normale,Buona,Ore Diurne,0,0,0,2,12.4121,41.786,-1,2,Autovettura privata,In marcia / fermata / arresto,Conducente,F,Illeso,0,,Utilizzato,Inesploso,
3963637,1,25/08/2018 17:30:00,Strada Urbana,VIA EMANUELE FILIBERTO,all'intersezione con,VIA GALILEI,VIA GALILEI,,,Scontro frontale/laterale SX fra veicoli in marcia,Intersezione stradale segnalata,Una carreggiata a doppio senso,Asciutto,Asfaltata,Verticale ed orizzontale,Nebbia,Intenso,Buona,Ore Diurne,1,0,0,2,12.5063,41.8912,-1,1,Autovettura privata,In marcia / fermata / arresto,Conducente,M,Illeso,0,,Non accertato,,
3963637,1,25/08/2018 17:30:00,Strada Urbana,VIA EMANUELE FILIBERTO,all'intersezione con,VIA GALILEI,VIA GALILEI,,,Scontro frontale/laterale SX fra veicoli in marcia,Intersezione stradale segnalata,Una carreggiata a doppio senso,Asciutto,Asfaltata,Verticale ed orizzontale,Nebbia,Intenso,Buona,Ore Diurne,1,0,0,2,12.5063,41.8912,-1,1,Autovettura privata,In marcia / fermata / arresto,Passeggero,F,Illeso,0,,Non accertato,,
3963637,1,25/08/2018 17:30:00,Strada Urbana,VIA EMANUELE FILIBERTO,all'intersezione con,VIA GALILEI,VIA GALILEI,,,Scontro frontale/laterale SX fra veicoli in marcia,Intersezione stradale segnalata,Una carreggiata a doppio senso,Asciutto,Asfaltata,Verticale ed orizzontale,Nebbia,Intenso,Buona,Ore Diurne,1,0,0,2,12.5063,41.8912,-1,2,Motociclo a solo,In marcia / fermata / arresto,Conducente,M,Ricoverato,0,NON DECEDUTO,Non accertato,,
3963653,12,25/08/2018 01:30:00,Strada Urbana,PIAZZALE VENTICINQUE MARZO 1957,all'intersezione semaforizzata con,VIALE DELL'OCEANO ATLANTICO,VIALE DELL'OCEANO ATLANTICO,,,Veicolo in marcia contro ostacolo fisso,Incrocio,Due carreggiate,Asciutto,Asfaltata,Verticale ed orizzontale,Sereno,Scarso,Buona,Sufficiente,2,0,0,0,12.4631,41.8185,-1,1,Autovettura privata,In marcia / fermata / arresto,Conducente,M,Rimandato,0,NON DECEDUTO,Utilizzato,Inesploso,