Protocollo,Gruppo,DataOraIncidente,Localizzazione1,STRADA1,Localizzazione2,STRADA2,Strada02,Chilometrica,DaSpecificare,NaturaIncidente,particolaritastrade,TipoStrada,FondoStradale,Pavimentazione,Segnaletica,CondizioneAtmosferica,Traffico,Visibilita,Illuminazione,NUM_FERITI,NUM_RISERVATA,NUM_MORTI,NUM_ILLESI,Longitudine,Latitudine,Confermato,Progressivo,TipoVeicolo,StatoVeicolo,TipoPersona,Sesso,Tipolesione,Deceduto,DecedutoDopo,CinturaCascoUtilizzato,Airbag,
3963653,12,25/08/2018 01:30:00,Strada Urbana,PIAZZALE VENTICINQUE MARZO 1957,all'intersezione semaforizzata con,VIALE DELL'OCEANO ATLANTICO,VIALE DELL'OCEANO ATLANTICO,,,Veicolo in marcia contro ostacolo fisso,Incrocio,Due carreggiate,Asciutto,Asfaltata,Verticale ed orizzontale,Sereno,Scarso,Buona,Sufficiente,2,0,0,0,12.4631,41.8185,-1,1,Autovettura privata,In marcia / fermata / arresto,Passeggero,M,Rimandato,0,NON DECEDUTO,Non accertato,Inesploso,
3963694,20,27/08/2018 08:40:00,Strada Urbana,VIALE DI TOR DI QUINTO,all'intersezione semaforizzata con,PIAZZALE DI PONTE MILVIO,PIAZZALE DI PONTE MILVIO,,,Scontro laterale fra veicoli in marcia,Intersezione semaforizzata,Due carreggiate,Asciutto,Asfaltata,Orizzontale,Sereno,Normale,Buona,Ore Diurne,0,0,0,2,12.4785,41.9447,-1,1,Autobus urbano,In marcia / fermata / arresto,Conducente,M,Illeso,0,,Non accertato,Inesistente,
3963694,20,27/08/2018 08:40:00,Strada Urbana,VIALE DI TOR DI QUINTO,all'intersezione semaforizzata con,PIAZZALE DI PONTE MILVIO,PIAZZALE DI PONTE MILVIO,,,Scontro laterale fra veicoli in marcia,Intersezione semaforizzata,Due carreggiate,Asciutto,Asfaltata,Orizzontale,Sereno,Normale,Buona,Ore Diurne,0,0,0,2,12.4785,41.9447,-1,2,Autovettura privata,In marcia / fermata / arresto,Conducente,F,Illeso,0,,Non accertato,Inesploso,
3963721,2,22/08/2018 17:00:00,Strada Urbana,VIA PINCIANA,in corrispondenza,,del civico n.,33 A,,Veicolo in marcia contro ostacolo accidentale,Rettilineo,Una carreggiata a doppio senso,Asciutto,Asfaltata,Verticale ed orizzontale,Sereno,Normale,Buona,Ore Diurne,0,0,0,1,12.4929,41.9129,-1,1,Autovettura privata,In marcia / fermata / arresto,Conducente,M,Illeso,0,,,,
3963738,1,26/08/2018 05:30:00,Strada Urbana,LUNGOTEVERE DEI SANGALLO,in corrispondenza,,del palo luce n.,12,,Veicolo in marcia contro veicolo in sosta,Rettilineo,Una carreggiata a senso unico di marcia,Asciutto,Asfaltata,Verticale ed orizzontale,Nuvoloso,Scarso,Buona,Sufficiente,1,0,0,0,12.4652,41.8981,-1,1,Autovettura privata,In marcia / fermata / arresto,Conducente,F,Rimandato,0,NON DECEDUTO,Non accertato,Esploso,
3963746,7,27/08/2018 06:53:00,Strada Urbana,VIALE ALESSANDRINO,all'intersezione con,VIA DEGLI OLMI,VIA DEGLI OLMI,,,Scontro frontale/laterale DX fra veicoli in marcia,Incrocio,Una carreggiata a doppio senso,Asciutto,Asfaltata,Verticale ed orizzontale,Sereno,Scarso,Buona,Ore Diurne,0,0,0,2,12.5779,41.8792,-1,1,Autovettura privata,In marcia / fermata / arresto,Conducente,M,Illeso,0,,Non accertato,Inesploso,
3963746,7,27/08/2018 06:53:00,Strada Urbana,VIALE ALESSANDRINO,all'intersezione con,VIA DEGLI OLMI,VIA DEGLI OLMI,,,Scontro frontale/laterale DX fra veicoli in marcia,Incrocio,Una carreggiata a doppio senso,Asciutto,Asfaltata,Verticale ed orizzontale,Sereno,Scarso,Buona,Ore Diurne,0,0,0,2,12.5779,41.8792,-1,2,Autovettura privata,In marcia / fermata / arresto,Conducente,F,Illeso,0,,Non accertato,Inesploso,
3963768,18,24/08/2018 12:00:00,Strada Urbana,VIA DI VAL CANNUTA,all'intersezione con,VIA GIUSEPPE BETTIOL,VIA GIUSEPPE BETTIOL,,,Scontro frontale/laterale SX fra veicoli in marcia,Incrocio,Una carreggiata a doppio senso,Asciutto,Asfaltata,Verticale ed orizzontale,Sereno,Scarso,Buona,Ore Diurne,2,0,0,0,12.4128,41.8987,-1,1,Autovettura privata,In marcia / fermata / arresto,Conducente,M,Rifiuta cure immediate,0,NON DECEDUTO,,,
3963768,18,24/08/2018 12:00:00,Strada Urbana,VIA DI VAL CANNUTA,all'intersezione con,VIA GIUSEPPE BETTIOL,VIA GIUSEPPE BETTIOL,,,Scontro frontale/laterale SX fra veicoli in marcia,Incrocio,Una carreggiata a doppio senso,Asciutto,Asfaltata,Verticale ed orizzontale,Sereno,Scarso,Buona,Ore Diurne,2,0,0,0,12.4128,41.8987,-1,2,Autovettura privata,In marcia / fermata / arresto,Conducente,M,Rifiuta cure immediate,0,NON DECEDUTO,,,
3963773,2,26/08/2018 12:15:00,Strada Urbana,CIRCONVALLAZIONE SALARIA,da specificare,,,,altezza rampa uscita VIA SALARIA GRA ,Tamponamento Multiplo,Rettilineo,Una carreggiata a senso unico di marcia,Asciutto,Asfaltata,Verticale ed orizzontale,Nuvoloso,Scarso,Buona,Ore Diurne,0,0,0,5,12.5207,41.9347,-1,1,Autovettura privata,In marcia / fermata / arresto,Conducente,F,Illeso,0,,Non accertato,Inesploso,
3963773,2,26/08/2018 12:15:00,Strada Urbana,CIRCONVALLAZIONE SALARIA,da specificare,,,,altezza rampa uscita VIA SALARIA GRA ,Tamponamento Multiplo,Rettilineo,Una carreggiata a senso unico di marcia,Asciutto,Asfaltata,Verticale ed orizzontale,Nuvoloso,Scarso,Buona,Ore Diurne,0,0,0,5,12.5207,41.9347,-1,2,Autovettura privata,In marcia / fermata / arresto,Conducente,M,Illeso,0,,Non accertato,Inesploso,
3963773,2,26/08/2018 12:15:00,Strada Urbana,CIRCONVALLAZIONE SALARIA,da specificare,,,,altezza rampa uscita VIA SALARIA GRA ,Tamponamento Multiplo,Rettilineo,Una carreggiata a senso unico di marcia,Asciutto,Asfaltata,Verticale ed orizzontale,Nuvoloso,Scarso,Buona,Ore Diurne,0,0,0,5,12.5207,41.9347,-1,2,Autovettura privata,In marcia / fermata / arresto,Passeggero,F,Illeso,0,,Non accertato,Inesploso,
3963773,2,26/08/2018 12:15:00,Strada Urbana,CIRCONVALLAZIONE SALARIA,da specificare,,,,altezza rampa uscita VIA SALARIA GRA ,Tamponamento Multiplo,Rettilineo,Una carreggiata a senso unico di marcia,Asciutto,Asfaltata,Verticale ed orizzontale,Nuvoloso,Scarso,Buona,Ore Diurne,0,0,0,5,12.5207,41.9347,-1,2,Autovettura privata,In marcia / fermata / arresto,Passeggero,F,Illeso,0,,Non accertato,Inesploso,
3963773,2,26/08/2018 12:15:00,Strada Urbana,CIRCONVALLAZIONE SALARIA,da specificare,,,,altezza rampa uscita VIA SALARIA GRA ,Tamponamento Multiplo,Rettilineo,Una carreggiata a senso unico di marcia,Asciutto,Asfaltata,Verticale ed orizzontale,Nuvoloso,Scarso,Buona,Ore Diurne,0,0,0,5,12.5207,41.9347,-1,3,Autocarro inferiore 35 q.,In marcia / fermata / arresto,Conducente,M,Illeso,0,,Non accertato,Inesploso,
3963780,6,27/08/2018 09:15:00,Strada Urbana,VIA RAIMONDO MARRA,all'intersezione con,VIA GIANNINO ANCILLOTTO,VIA GIANNINO ANCILLOTTO,,,Veicolo in marcia contro veicolo in sosta,Incrocio,Una carreggiata a senso unico di marcia,Asciutto,Asfaltata,Assente,Sereno,Normale,Buona,Ore Diurne,0,0,0,1,12.5511,41.8759,-1,1,Autocarro inferiore 35 q.,In marcia / fermata / arresto,Conducente,M,Illeso,0,,Non accertato,Inesploso,
3963781,2,26/08/2018 12:00:00,Strada Urbana,VIA VELLETRI,in corrispondenza,,del civico n.,50,,Veicolo in marcia contro ostacolo accidentale,Rettilineo,Una carreggiata a senso unico di marcia,Viscido da liquidi oleosi,In cubetti di porfido,Verticale ed orizzontale,Nuvoloso,Scarso,Buona,Ore Diurne,0,0,0,1,12.4986,41.9127,-1,1,Motociclo a solo,In marcia / fermata / arresto,Conducente,M,Illeso,0,,,,
3963786,2,25/08/2018 19:00:00,Strada Urbana,PONTE SALARIO,in prossimit�,,del civico n.,fr. 99,,Fuoriuscita dalla sede stradale,Curva senza visuale libera,Una carreggiata a senso unico di marcia,Asciutto,Asfaltata,Verticale ed orizzontale,Sereno,Scarso,Buona,Ore Diurne,0,0,0,2,12.508,41.9361,-1,1,Autovettura privata,In marcia / fermata / arresto,Conducente,M,Illeso,0,,Non accertato,Inesploso,
3963786,2,25/08/2018 19:00:00,Strada Urbana,PONTE SALARIO,in prossimit�,,del civico n.,fr. 99,,Fuoriuscita dalla sede stradale,Curva senza visuale libera,Una carreggiata a senso unico di marcia,Asciutto,Asfaltata,Verticale ed orizzontale,Sereno,Scarso,Buona,Ore Diurne,0,0,0,2,12.508,41.9361,-1,1,Autovettura privata,In marcia / fermata / arresto,Passeggero,F,Illeso,0,,Non accertato,Inesploso,
3963791,2,25/08/2018 18:30:00,Strada Urbana,VIA DEL FORO ITALICO,all'intersezione con,VIA SALARIA,VIA SALARIA,,,Veicolo in marcia contro ostacolo fisso,Intersezione non regolata/non segnalata,Pi� di due carreggiate,Asciutto,Asfaltata,Verticale ed orizzontale,Sereno,Scarso,Buona,Ore Diurne,0,0,0,2,12.4828,41.94,-1,1,Autovettura privata,In marcia / fermata / arresto,Conducente,M,Illeso,0,,Non accertato,Esploso,
3963791,2,25/08/2018 18:30:00,Strada Urbana,VIA DEL FORO ITALICO,all'intersezione con,VIA SALARIA,VIA SALARIA,,,Veicolo in marcia contro ostacolo fisso,Intersezione non regolata/non segnalata,Pi� di due carreggiate,Asciutto,Asfaltata,Verticale ed orizzontale,Sereno,Scarso,Buona,Ore Diurne,0,0,0,2,12.4828,41.94,-1,1,Autovettura privata,In marcia / fermata / arresto,Passeggero,F,Illeso,0,,Non accertato,Esploso,
3963819,2,26/08/2018 22:20:00,Strada Urbana,VIA SAVERIO MERCADANTE,all'intersezione con,VIA GIOVANNI BATTISTA PERGOLESI,VIA GIOVANNI BATTISTA PERGOLESI,,,Scontro laterale fra veicoli in marcia,Incrocio,Una carreggiata a senso unico di marcia,Asciutto,Asfaltata,Verticale ed orizzontale,Sereno,Scarso,Sufficiente,Sufficiente,2,0,0,1,12.4927,41.9176,-1,1,Motociclo a solo,In marcia / fermata / arresto,Conducente,M,Rifiuta cure immediate,0,NON DECEDUTO,,,
3963819,2,26/08/2018 22:20:00,Strada Urbana,VIA SAVERIO MERCADANTE,all'intersezione con,VIA GIOVANNI BATTISTA PERGOLESI,VIA GIOVANNI BATTISTA PERGOLESI,,,Scontro laterale fra veicoli in marcia,Incrocio,Una carreggiata a senso unico di marcia,Asciutto,Asfaltata,Verticale ed orizzontale,Sereno,Scarso,Sufficiente,Sufficiente,2,0,0,1,12.4927,41.9176,-1,1,Motociclo a solo,In marcia / fermata / arresto,Passeggero,M,Rifiuta cure immediate,0,NON DECEDUTO,,,
3963819,2,26/08/2018 22:20:00,Strada Urbana,VIA SAVERIO MERCADANTE,all'intersezione con,VIA GIOVANNI BATTISTA PERGOLESI,VIA GIOVANNI BATTISTA PERGOLESI,,,Scontro laterale fra veicoli in marcia,Incrocio,Una carreggiata a senso unico di marcia,Asciutto,Asfaltata,Verticale ed orizzontale,Sereno,Scarso,Sufficiente,Sufficiente,2,0,0,1,12.4927,41.9176,-1,2,Autovettura privata,In marcia / fermata / arresto,Conducente,M,Illeso,0,,,,
3963862,2,27/08/2018 07:40:00,Strada Urbana,VIA ANAPO,all'intersezione con,VIA FOGLIANO,VIA FOGLIANO,,,Scontro frontale/laterale DX fra veicoli in marcia,Incrocio,Una carreggiata a doppio senso,Asciutto,Asfaltata,Verticale ed orizzontale,Sereno,Normale,Buona,Ore Diurne,1,0,0,1,12.507,41.9261,-1,1,Autocarro inferiore 35 q.,In marcia / fermata / arresto,Conducente,M,Illeso,0,,Non accertato,Inesploso,
3963862,2,27/08/2018 07:40:00,Strada Urbana,VIA ANAPO,all'intersezione con,VIA FOGLIANO,VIA FOGLIANO,,,Scontro frontale/laterale DX fra veicoli in marcia,Incrocio,Una carreggiata a doppio senso,Asciutto,Asfaltata,Verticale ed orizzontale,Sereno,Normale,Buona,Ore Diurne,1,0,0,1,12.507,41.9261,-1,2,Autovettura privata,In marcia / fermata / arresto,Conducente,F,Rimandato,0,NON DECEDUTO,,,
3963876,18,24/08/2018 11:30:00,Strada Urbana,VIA DI BOCCEA,all'intersezione con,VIA DI CASALOTTI,VIA DI CASALOTTI,,,Scontro frontale fra veicoli in marcia,Intersezione stradale segnalata,Una carreggiata a doppio senso,Asciutto,Asfaltata,Verticale ed orizzontale,Sereno,Normale,Buona,Ore Diurne,0,0,0,2,12.3772,41.9188,-1,1,Autovettura privata,In marcia / fermata / arresto,Conducente,M,Illeso,0,,Non accertato,Inesploso,
3963876,18,24/08/2018 11:30:00,Strada Urbana,VIA DI BOCCEA,all'intersezione con,VIA DI CASALOTTI,VIA DI CASALOTTI,,,Scontro frontale fra veicoli in marcia,Intersezione stradale segnalata,Una carreggiata a doppio senso,Asciutto,Asfaltata,Verticale ed orizzontale,Sereno,Normale,Buona,Ore Diurne,0,0,0,2,12.3772,41.9188,-1,2,Autovettura privata,In marcia / fermata / arresto,Conducente,M,Illeso,0,,Non accertato,Inesploso,
3963918,1,27/08/2018 02:40:00,Strada Urbana,PIAZZA DI PORTA MAGGIORE,da specificare,,,,PARCHEGGIO FRONTE VIA GIOLITTI,Veicolo in marcia contro veicolo fermo,Rettilineo,Una carreggiata a senso unico di marcia,Asciutto,Asfaltata,Verticale ed orizzontale,Sereno,Scarso,Sufficiente,Sufficiente,0,0,0,3,12.5145,41.8912,-1,1,Autovettura di polizia,In marcia / fermata / arresto,Conducente,M,Illeso,0,,Non accertato,,
3963918,1,27/08/2018 02:40:00,Strada Urbana,PIAZZA DI PORTA MAGGIORE,da specificare,,,,PARCHEGGIO FRONTE VIA GIOLITTI,Veicolo in marcia contro veicolo fermo,Rettilineo,Una carreggiata a senso unico di marcia,Asciutto,Asfaltata,Verticale ed orizzontale,Sereno,Scarso,Sufficiente,Sufficiente,0,0,0,3,12.5145,41.8912,-1,1,Autovettura di polizia,In marcia / fermata / arresto,Passeggero,M,Illeso,0,,Non accertato,,
3963918,1,27/08/2018 02:40:00,Strada Urbana,PIAZZA DI PORTA MAGGIORE,da specificare,,,,PARCHEGGIO FRONTE VIA GIOLITTI,Veicolo in marcia contro veicolo fermo,Rettilineo,Una carreggiata a senso unico di marcia,Asciutto,Asfaltata,Verticale ed orizzontale,Sereno,Scarso,Sufficiente,Sufficiente,0,0,0,3,12.5145,41.8912,-1,2,Motociclo a solo,In marcia / fermata / arresto,Conducente,M,Illeso,0,,Non accertato,,
3963919,18,24/08/2018 12:05:00,Strada Urbana,CIRCONVALLAZIONE CORNELIA,all'intersezione semaforizzata con,LARGO ALESSANDRO CARAVILLANI,LARGO ALESSANDRO CARAVILLANI,,,Scontro frontale/laterale SX fra veicoli in marcia,Intersezione semaforizzata,Pi� di due carreggiate,Asciutto,Asfaltata,Verticale ed orizzontale,Sereno,Normale,Buona,Ore Diurne,1,0,0,0,12.4272,41.8995,-1,1,Motociclo a solo,In marcia / fermata / arresto,Conducente,M,Rifiuta cure immediate,0,NON DECEDUTO,Non accertato,,
3963923,18,25/08/2018 12:30:00,Strada Urbana,VIA NUOVA DELLE FORNACI,in prossimit�,,del civico n.,67,,Veicolo in marcia contro ostacolo fisso,Rettilineo,Una carreggiata a senso unico di marcia,Asciutto,Asfaltata,Verticale ed orizzontale,Sereno,Scarso,Buona,Ore Diurne,0,0,0,1,12.4584,41.8909,-1,1,Autovettura privata,In marcia / fermata / arresto,Conducente,F,Illeso,0,,,,
3963926,18,25/08/2018 04:40:00,Strada Urbana,VIA DI BOCCEA,in prossimit�,,del civico n.,357,,Veicolo in marcia contro ostacolo fisso,Curva a visuale libera,Due carreggiate,Asciutto,Asfaltata,Verticale ed orizzontale,Sereno,Scarso,Buona,Sufficiente,1,0,0,0,12.403,41.9088,-1,1,Autovettura privata,In marcia / fermata / arresto,Conducente,F,Rifiuta cure immediate,0,NON DECEDUTO,Non accertato,Esploso,
3963931,8,25/08/2018 10:30:00,Strada Urbana,VIA POLENSE,all'intersezione con,VIA MASSA DI SAN GIULIANO,VIA MASSA DI SAN GIULIANO,,,Scontro frontale/laterale DX fra veicoli in marcia,Intersezione stradale segnalata,Una carreggiata a doppio senso,Asciutto,Asfaltata,Orizzontale,Nuvoloso,Normale,Buona,Ore Diurne,2,0,0,1,12.7079,41.902,-1,1,Autovettura privata,In marcia / fermata / arresto,Conducente,M,Illeso,0,,Non accertato,,
3963931,8,25/08/2018 10:30:00,Strada Urbana,VIA POLENSE,all'intersezione con,VIA MASSA DI SAN GIULIANO,VIA MASSA DI SAN GIULIANO,,,Scontro frontale/laterale DX fra veicoli in marcia,Intersezione stradale segnalata,Una carreggiata a doppio senso,Asciutto,Asfaltata,Orizzontale,Nuvoloso,Normale,Buona,Ore Diurne,2,0,0,1,12.7079,41.902,-1,2,Velocipede,In marcia / fermata / arresto,Conducente,M,Rimandato,0,NON DECEDUTO,Esente,,
3963931,8,25/08/2018 10:30:00,Strada Urbana,VIA POLENSE,all'intersezione con,VIA MASSA DI SAN GIULIANO,VIA MASSA DI SAN GIULIANO,,,Scontro frontale/laterale DX fra veicoli in marcia,Intersezione stradale segnalata,Una carreggiata a doppio senso,Asciutto,Asfaltata,Orizzontale,Nuvoloso,Normale,Buona,Ore Diurne,2,0,0,1,12.7079,41.902,-1,3,Velocipede,In marcia / fermata / arresto,Conducente,M,Rimandato,0,NON DECEDUTO,Esente,,
3963933,18,26/08/2018 11:50:00,Strada Urbana,VIA DI TORREVECCHIA,in prossimit�,,del civico n.,1123,,Scontro frontale/laterale SX fra veicoli in marcia,Rettilineo,Una carreggiata a doppio senso,Asciutto,Asfaltata,Verticale ed orizzontale,Sereno,Normale,Buona,Ore Diurne,0,0,0,3,12.4024,41.912,-1,1,Autovettura privata,In marcia / fermata / arresto,Conducente,M,Illeso,0,,,,
3963933,18,26/08/2018 11:50:00,Strada Urbana,VIA DI TORREVECCHIA,in prossimit�,,del civico n.,1123,,Scontro frontale/laterale SX fra veicoli in marcia,Rettilineo,Una carreggiata a doppio senso,Asciutto,Asfaltata,Verticale ed orizzontale,Sereno,Normale,Buona,Ore Diurne,0,0,0,3,12.4024,41.912,-1,2,Autovettura privata,In marcia / fermata / arresto,Conducente,F,Illeso,0,,,,
3963933,18,26/08/2018 11:50:00,Strada Urbana,VIA DI TORREVECCHIA,in prossimit�,,del civico n.,1123,,Scontro frontale/laterale SX fra veicoli in marcia,Rettilineo,Una carreggiata a doppio senso,Asciutto,Asfaltata,Verticale ed orizzontale,Sereno,Normale,Buona,Ore Diurne,0,0,0,3,12.4024,41.912,-1,2,Autovettura privata,In marcia / fermata / arresto,Passeggero,F,Illeso,0,,,,
3963939,8,25/08/2018 15:00:00,Strada Urbana,VIA DI TOR BELLA MONACA,in corrispondenza,,del palo luce n.,77,,Scontro laterale fra veicoli in marcia,Rettilineo,Due carreggiate,Asciutto,Asfaltata,Orizzontale,Sereno,Normale,Buona,Ore Diurne,0,0,0,2,12.6282,41.8763,-1,1,Autovettura privata,In marcia / fermata / arresto,Conducente,M,Illeso,0,,Non accertato,Inesploso,
3963939,8,25/08/2018 15:00:00,Strada Urbana,VIA DI TOR BELLA MONACA,in corrispondenza,,del palo luce n.,77,,Scontro laterale fra veicoli in marcia,Rettilineo,Due carreggiate,Asciutto,Asfaltata,Orizzontale,Sereno,Normale,Buona,Ore Diurne,0,0,0,2,12.6282,41.8763,-1,2,Autovettura privata,In marcia / fermata / arresto,Conducente,M,Illeso,0,,Non accertato,Inesploso,
3963944,8,25/08/2018 16:50:00,Strada Urbana,VIA BORGHESIANA,in corrispondenza,,del civico n.,400,,Veicolo in marcia contro ostacolo accidentale,Rettilineo,Una carreggiata a doppio senso,Asciutto,Asfaltata,Verticale,Sereno,Normale,Buona,Ore Diurne,0,0,0,3,12.6752,41.8652,-1,1,Autovettura privata,In marcia / fermata / arresto,Conducente,M,Illeso,0,,,,
3963944,8,25/08/2018 16:50:00,Strada Urbana,VIA BORGHESIANA,in corrispondenza,,del civico n.,400,,Veicolo in marcia contro ostacolo accidentale,Rettilineo,Una carreggiata a doppio senso,Asciutto,Asfaltata,Verticale,Sereno,Normale,Buona,Ore Diurne,0,0,0,3,12.6752,41.8652,-1,1,Autovettura privata,In marcia / fermata / arresto,Passeggero,F,Illeso,0,,Non accertato,Inesploso,
3963944,8,25/08/2018 16:50:00,Strada Urbana,VIA BORGHESIANA,in corrispondenza,,del civico n.,400,,Veicolo in marcia contro ostacolo accidentale,Rettilineo,Una carreggiata a doppio senso,Asciutto,Asfaltata,Verticale,Sereno,Normale,Buona,Ore Diurne,0,0,0,3,12.6752,41.8652,-1,1,Autovettura privata,In marcia / fermata / arresto,Passeggero,F,Illeso,0,,,,
3963945,8,25/08/2018 10:00:00,Strada Urbana,VIA CASILINA,all'intersezione con,VIA SILICELLA,VIA SILICELLA,,,Tamponamento,Incrocio,Una carreggiata a doppio senso,Asciutto,Asfaltata,Verticale ed orizzontale,Sereno,Intenso,Buona,Ore Diurne,0,0,0,4,12.6194,41.8629,-1,1,Autovettura privata,In marcia / fermata / arresto,Conducente,F,Illeso,0,,Non accertato,,
3963945,8,25/08/2018 10:00:00,Strada Urbana,VIA CASILINA,all'intersezione con,VIA SILICELLA,VIA SILICELLA,,,Tamponamento,Incrocio,Una carreggiata a doppio senso,Asciutto,Asfaltata,Verticale ed orizzontale,Sereno,Intenso,Buona,Ore Diurne,0,0,0,4,12.6194,41.8629,-1,1,Autovettura privata,In marcia / fermata / arresto,Passeggero,F,Illeso,0,,Non accertato,,
3963945,8,25/08/2018 10:00:00,Strada Urbana,VIA CASILINA,all'intersezione con,VIA SILICELLA,VIA SILICELLA,,,Tamponamento,Incrocio,Una carreggiata a doppio senso,Asciutto,Asfaltata,Verticale ed orizzontale,Sereno,Intenso,Buona,Ore Diurne,0,0,0,4,12.6194,41.8629,-1,2,Autovettura privata,In marcia / fermata / arresto,Conducente,M,Illeso,0,,,,
3963945,8,25/08/2018 10:00:00,Strada Urbana,VIA CASILINA,all'intersezione con,VIA SILICELLA,VIA SILICELLA,,,Tamponamento,Incrocio,Una carreggiata a doppio senso,Asciutto,Asfaltata,Verticale ed orizzontale,Sereno,Intenso,Buona,Ore Diurne,0,0,0,4,12.6194,41.8629,-1,2,Autovettura privata,In marcia / fermata / arresto,Passeggero,M,Illeso,0,,Non accertato,,
3963949,8,26/08/2018 20:20:00,Strada Urbana,VIA ROCCALUMERA,da specificare,,,,prossimit� intersezione con Via Borghesiana,Scontro frontale fra veicoli in marcia,Rettilineo,Una carreggiata a doppio senso,Asciutto,Asfaltata,Verticale ed orizzontale,Sereno,Scarso,Buona,Ore Diurne,0,0,0,2,12.6636,41.8829,-1,1,Autobus di linea,In marcia / fermata / arresto,Conducente,M,Illeso,0,,,,
3963949,8,26/08/2018 20:20:00,Strada Urbana,VIA ROCCALUMERA,da specificare,,,,prossimit� intersezione con Via Borghesiana,Scontro frontale fra veicoli in marcia,Rettilineo,Una carreggiata a doppio senso,Asciutto,Asfaltata,Verticale ed orizzontale,Sereno,Scarso,Buona,Ore Diurne,0,0,0,2,12.6636,41.8829,-1,2,Autovettura privata,In marcia / fermata / arresto,Conducente,M,Illeso,0,,,,
3963955,8,26/08/2018 02:30:00,Strada Urbana,VIA DI TOR BELLA MONACA,da specificare,,,,pross. cavalcavia Via Torrenova dir. Via Casilina,Veicolo in marcia contro ostacolo accidentale,Curva a visuale libera,Due carreggiate,Asciutto,Strada pavimentata dissestata,Verticale ed orizzontale,Sereno,Scarso,Sufficiente,Sufficiente,0,0,0,1,12.6282,41.8763,-1,1,Autovettura privata,In marcia / fermata / arresto,Conducente,M,Illeso,0,,Non accertato,Inesploso,
3963956,8,26/08/2018 03:00:00,,VIA DI TOR BELLA MONACA,da specificare,,,,pross. cavalcavia Via Torrenova dir. Via Casilina,Veicolo in marcia contro ostacolo accidentale,,,,,,,,,,0,0,0,2,,,0,1,Autovettura privata,In marcia / fermata / arresto,Conducente,M,Illeso,0,,,,
3963956,8,26/08/2018 03:00:00,,VIA DI TOR BELLA MONACA,da specificare,,,,pross. cavalcavia Via Torrenova dir. Via Casilina,Veicolo in marcia contro ostacolo accidentale,,,,,,,,,,0,0,0,2,,,0,1,Autovettura privata,In marcia / fermata / arresto,Passeggero,F,Illeso,0,,,,
3963958,8,25/08/2018 13:25:00,Strada Urbana,VIA CASILINA,all'intersezione con,VIA DI PRATAPORCI,VIA DI PRATAPORCI,,,Tamponamento,Intersezione stradale segnalata,Una carreggiata a doppio senso,Asciutto,Asfaltata,Verticale,Sereno,Normale,Buona,Ore Diurne,0,0,0,2,12.6194,41.8629,-1,1,Autovettura privata,In marcia / fermata / arresto,Conducente,F,Illeso,0,,,,
3963958,8,25/08/2018 13:25:00,Strada Urbana,VIA CASILINA,all'intersezione con,VIA DI PRATAPORCI,VIA DI PRATAPORCI,,,Tamponamento,Intersezione stradale segnalata,Una carreggiata a doppio senso,Asciutto,Asfaltata,Verticale,Sereno,Normale,Buona,Ore Diurne,0,0,0,2,12.6194,41.8629,-1,2,Autovettura privata,In marcia / fermata / arresto,Conducente,F,Illeso,0,,,,
3963960,18,26/08/2018 15:40:00,Strada Urbana,VIA DI BOCCEA,in prossimit�,,del civico n.,258,,Veicolo in marcia contro ostacolo fisso,Rettilineo,Una carreggiata a doppio senso,Bagnato (umidit� in atto),Asfaltata,Verticale ed orizzontale,Nuvoloso,Normale,Buona,Ore Diurne,3,0,0,2,12.4191,41.9037,-1,1,Autovettura privata,In marcia / fermata / arresto,Conducente,M,Illeso,0,,,,
3963960,18,26/08/2018 15:40:00,Strada Urbana,VIA DI BOCCEA,in prossimit�,,del civico n.,258,,Veicolo in marcia contro ostacolo fisso,Rettilineo,Una carreggiata a doppio senso,Bagnato (umidit� in atto),Asfaltata,Verticale ed orizzontale,Nuvoloso,Normale,Buona,Ore Diurne,3,0,0,2,12.4191,41.9037,-1,1,Autovettura privata,In marcia / fermata / arresto,Passeggero,F,Rimandato,0,NON DECEDUTO,,,
3963960,18,26/08/2018 15:40:00,Strada Urbana,VIA DI BOCCEA,in prossimit�,,del civico n.,258,,Veicolo in marcia contro ostacolo fisso,Rettilineo,Una carreggiata a doppio senso,Bagnato (umidit� in atto),Asfaltata,Verticale ed orizzontale,Nuvoloso,Normale,Buona,Ore Diurne,3,0,0,2,12.4191,41.9037,-1,1,Autovettura privata,In marcia / fermata / arresto,Passeggero,F,Illeso,0,,,,
3963960,18,26/08/2018 15:40:00,Strada Urbana,VIA DI BOCCEA,in prossimit�,,del civico n.,258,,Veicolo in marcia contro ostacolo fisso,Rettilineo,Una carreggiata a doppio senso,Bagnato (umidit� in atto),Asfaltata,Verticale ed orizzontale,Nuvoloso,Normale,Buona,Ore Diurne,3,0,0,2,12.4191,41.9037,-1,1,Autovettura privata,In marcia / fermata / arresto,Passeggero,M,Rifiuta cure immediate,0,NON DECEDUTO,,,