Protocollo,Gruppo,DataOraIncidente,Localizzazione1,STRADA1,Localizzazione2,STRADA2,Strada02,Chilometrica,DaSpecificare,NaturaIncidente,particolaritastrade,TipoStrada,FondoStradale,Pavimentazione,Segnaletica,CondizioneAtmosferica,Traffico,Visibilita,Illuminazione,NUM_FERITI,NUM_RISERVATA,NUM_MORTI,NUM_ILLESI,Longitudine,Latitudine,Confermato,Progressivo,TipoVeicolo,StatoVeicolo,TipoPersona,Sesso,Tipolesione,Deceduto,DecedutoDopo,CinturaCascoUtilizzato,Airbag,
3964770,1,27/08/2018 10:00:00,Strada Urbana,VIA CAVOUR,da specificare,,,,in prossimit� fronte civico 259,Veicolo in marcia contro veicolo fermo,Rettilineo,Una carreggiata a doppio senso,Asciutto,Asfaltata,Verticale ed orizzontale,Sereno,Normale,Buona,Ore Diurne,1,0,0,4,12.4951,41.8965,-1,2,Autovettura privata,In marcia / fermata / arresto,Passeggero,M,Illeso,0,,Non accertato,Inesploso,
3964770,1,27/08/2018 10:00:00,Strada Urbana,VIA CAVOUR,da specificare,,,,in prossimit� fronte civico 259,Veicolo in marcia contro veicolo fermo,Rettilineo,Una carreggiata a doppio senso,Asciutto,Asfaltata,Verticale ed orizzontale,Sereno,Normale,Buona,Ore Diurne,1,0,0,4,12.4951,41.8965,-1,2,Autovettura privata,In marcia / fermata / arresto,Passeggero,M,Illeso,0,,Non accertato,Inesploso,
3964785,13,27/08/2018 17:30:00,Strada Urbana,VIA DI DRAGONE,in prossimit�,,del civico n.,411,,Scontro laterale fra veicoli in marcia,Rettilineo,Una carreggiata a senso unico di marcia,Asciutto,Asfaltata,Assente,Sereno,Normale,Buona,Ore Diurne,0,0,0,4,12.3296,41.7865,-1,1,Autovettura privata,In marcia / fermata / arresto,Conducente,M,Illeso,0,,Non accertato,Inesploso,
3964785,13,27/08/2018 17:30:00,Strada Urbana,VIA DI DRAGONE,in prossimit�,,del civico n.,411,,Scontro laterale fra veicoli in marcia,Rettilineo,Una carreggiata a senso unico di marcia,Asciutto,Asfaltata,Assente,Sereno,Normale,Buona,Ore Diurne,0,0,0,4,12.3296,41.7865,-1,1,Autovettura privata,In marcia / fermata / arresto,Passeggero,M,Illeso,0,,Non accertato,Inesploso,
3964785,13,27/08/2018 17:30:00,Strada Urbana,VIA DI DRAGONE,in prossimit�,,del civico n.,411,,Scontro laterale fra veicoli in marcia,Rettilineo,Una carreggiata a senso unico di marcia,Asciutto,Asfaltata,Assente,Sereno,Normale,Buona,Ore Diurne,0,0,0,4,12.3296,41.7865,-1,2,Autovettura privata,In marcia / fermata / arresto,Conducente,M,Illeso,0,,Non accertato,Inesploso,
3964785,13,27/08/2018 17:30:00,Strada Urbana,VIA DI DRAGONE,in prossimit�,,del civico n.,411,,Scontro laterale fra veicoli in marcia,Rettilineo,Una carreggiata a senso unico di marcia,Asciutto,Asfaltata,Assente,Sereno,Normale,Buona,Ore Diurne,0,0,0,4,12.3296,41.7865,-1,2,Autovettura privata,In marcia / fermata / arresto,Passeggero,F,Illeso,0,,Non accertato,Inesploso,
3964797,17,27/08/2018 03:15:00,Strada Urbana,VIALE GIUSEPPE MAZZINI,all'intersezione con,VIA TOMMASO GULLI,VIA TOMMASO GULLI,,,Scontro frontale/laterale DX fra veicoli in marcia,Incrocio,Una carreggiata a senso unico di marcia,Asciutto,Asfaltata,Verticale ed orizzontale,Sereno,Scarso,Buona,Sufficiente,3,1,0,1,12.4576,41.9151,-1,1,Autovettura privata,In marcia / fermata / arresto,Conducente,M,Illeso,0,,,,
3964797,17,27/08/2018 03:15:00,Strada Urbana,VIALE GIUSEPPE MAZZINI,all'intersezione con,VIA TOMMASO GULLI,VIA TOMMASO GULLI,,,Scontro frontale/laterale DX fra veicoli in marcia,Incrocio,Una carreggiata a senso unico di marcia,Asciutto,Asfaltata,Verticale ed orizzontale,Sereno,Scarso,Buona,Sufficiente,3,1,0,1,12.4576,41.9151,-1,1,Autovettura privata,In marcia / fermata / arresto,Passeggero,M,Rimandato,0,NON DECEDUTO,,,
3964797,17,27/08/2018 03:15:00,Strada Urbana,VIALE GIUSEPPE MAZZINI,all'intersezione con,VIA TOMMASO GULLI,VIA TOMMASO GULLI,,,Scontro frontale/laterale DX fra veicoli in marcia,Incrocio,Una carreggiata a senso unico di marcia,Asciutto,Asfaltata,Verticale ed orizzontale,Sereno,Scarso,Buona,Sufficiente,3,1,0,1,12.4576,41.9151,-1,1,Autovettura privata,In marcia / fermata / arresto,Passeggero,F,Rimandato,0,NON DECEDUTO,,,
3964797,17,27/08/2018 03:15:00,Strada Urbana,VIALE GIUSEPPE MAZZINI,all'intersezione con,VIA TOMMASO GULLI,VIA TOMMASO GULLI,,,Scontro frontale/laterale DX fra veicoli in marcia,Incrocio,Una carreggiata a senso unico di marcia,Asciutto,Asfaltata,Verticale ed orizzontale,Sereno,Scarso,Buona,Sufficiente,3,1,0,1,12.4576,41.9151,-1,2,Motociclo con passeggero,In marcia / fermata / arresto,Conducente,M,Prognosi riservata,0,NON DECEDUTO,,,
3964797,17,27/08/2018 03:15:00,Strada Urbana,VIALE GIUSEPPE MAZZINI,all'intersezione con,VIA TOMMASO GULLI,VIA TOMMASO GULLI,,,Scontro frontale/laterale DX fra veicoli in marcia,Incrocio,Una carreggiata a senso unico di marcia,Asciutto,Asfaltata,Verticale ed orizzontale,Sereno,Scarso,Buona,Sufficiente,3,1,0,1,12.4576,41.9151,-1,2,Motociclo con passeggero,In marcia / fermata / arresto,Passeggero,M,Rimandato,0,NON DECEDUTO,,,
3964822,1,27/08/2018 17:55:00,Strada Urbana,VIA DEL CIRCO MASSIMO,da specificare,,,,FRONTE FERMATA ATAC 70549,Scontro frontale/laterale DX fra veicoli in marcia,Rettilineo,Una carreggiata a doppio senso,Asciutto,Asfaltata,Verticale ed orizzontale,Sereno,Scarso,Buona,Ore Diurne,0,0,0,2,12.4852,41.8853,-1,1,Motociclo a solo,In marcia / fermata / arresto,Conducente,M,Illeso,0,,,,
3964822,1,27/08/2018 17:55:00,Strada Urbana,VIA DEL CIRCO MASSIMO,da specificare,,,,FRONTE FERMATA ATAC 70549,Scontro frontale/laterale DX fra veicoli in marcia,Rettilineo,Una carreggiata a doppio senso,Asciutto,Asfaltata,Verticale ed orizzontale,Sereno,Scarso,Buona,Ore Diurne,0,0,0,2,12.4852,41.8853,-1,2,Quadriciclo leggero,In marcia / fermata / arresto,Conducente,M,Illeso,0,,,,
3964829,12,27/08/2018 16:00:00,Provinciale,VIA LAURENTINA,da specificare,,,,rotatoria cimitero laurentino direzione Pomezia,Scontro laterale fra veicoli in marcia,Rotatoria,Una carreggiata a senso unico di marcia,Asciutto,Asfaltata,Verticale ed orizzontale,Sereno,Normale,Buona,Ore Diurne,1,0,0,1,12.4985,41.7639,-1,1,Motociclo a solo,In marcia / fermata / arresto,Conducente,M,Ricoverato,0,NON DECEDUTO,Non accertato,,
3964829,12,27/08/2018 16:00:00,Provinciale,VIA LAURENTINA,da specificare,,,,rotatoria cimitero laurentino direzione Pomezia,Scontro laterale fra veicoli in marcia,Rotatoria,Una carreggiata a senso unico di marcia,Asciutto,Asfaltata,Verticale ed orizzontale,Sereno,Normale,Buona,Ore Diurne,1,0,0,1,12.4985,41.7639,-1,2,Autoarticolato,In marcia / fermata / arresto,Conducente,M,Illeso,0,,Non utilizzato,Inesploso,
3964835,1,26/08/2018 01:50:00,Strada Urbana,PIAZZA MONTE GRAPPA,all'intersezione con,VIA MARCELLO PRESTINARI,VIA MARCELLO PRESTINARI,,,Veicolo in marcia contro veicoli in sosta,Incrocio,Una carreggiata a senso unico di marcia,Asciutto,Asfaltata,Verticale ed orizzontale,Sereno,Scarso,Sufficiente,Sufficiente,0,0,0,1,12.4693,41.9187,-1,3,Autovettura privata,In marcia / fermata / arresto,Conducente,M,Illeso,0,,,,
3964859,1,25/08/2018 01:30:00,Strada Urbana,VIA MONTEBELLO,all'intersezione con,VIA MENTANA,VIA MENTANA,,,Scontro frontale/laterale DX fra veicoli in marcia,Incrocio,Una carreggiata a senso unico di marcia,Asciutto,In cubetti di porfido,Verticale,Sereno,Scarso,Sufficiente,Sufficiente,0,0,0,3,12.5029,41.9076,-1,1,Autovettura privata,In marcia / fermata / arresto,Conducente,M,Illeso,0,,,,
3964859,1,25/08/2018 01:30:00,Strada Urbana,VIA MONTEBELLO,all'intersezione con,VIA MENTANA,VIA MENTANA,,,Scontro frontale/laterale DX fra veicoli in marcia,Incrocio,Una carreggiata a senso unico di marcia,Asciutto,In cubetti di porfido,Verticale,Sereno,Scarso,Sufficiente,Sufficiente,0,0,0,3,12.5029,41.9076,-1,2,Autovettura privata,In marcia / fermata / arresto,Conducente,M,Illeso,0,,,,
3964859,1,25/08/2018 01:30:00,Strada Urbana,VIA MONTEBELLO,all'intersezione con,VIA MENTANA,VIA MENTANA,,,Scontro frontale/laterale DX fra veicoli in marcia,Incrocio,Una carreggiata a senso unico di marcia,Asciutto,In cubetti di porfido,Verticale,Sereno,Scarso,Sufficiente,Sufficiente,0,0,0,3,12.5029,41.9076,-1,2,Autovettura privata,In marcia / fermata / arresto,Passeggero,F,Illeso,0,,,,
3964862,2,27/08/2018 13:30:00,Strada Urbana,LUNGOTEVERE FLAMINIO,in prossimit�,,del civico n.,18,,Infortunio per caduta del veicolo,Rettilineo,Una carreggiata a doppio senso,Asciutto,Asfaltata,Verticale ed orizzontale,Sereno,Intenso,Buona,Ore Diurne,1,0,0,0,12.4705,41.9215,-1,1,Motociclo a solo,In marcia / fermata / arresto,Conducente,M,Rimandato,0,NON DECEDUTO,,,
3964870,1,28/08/2018 06:25:00,Strada Urbana,VIA DELLE VERGINI,all'intersezione con,VIA MARCO MINGHETTI,VIA MARCO MINGHETTI,,,Investimento di pedone,Intersezione non regolata/non segnalata,Una carreggiata a senso unico di marcia,Asciutto,Asfaltata,Verticale ed orizzontale,Sereno,Scarso,Buona,Ore Diurne,1,0,0,1,12.4826,41.9002,-1,,,,Pedone,M,Rimandato,0,NON DECEDUTO,,,
3964870,1,28/08/2018 06:25:00,Strada Urbana,VIA DELLE VERGINI,all'intersezione con,VIA MARCO MINGHETTI,VIA MARCO MINGHETTI,,,Investimento di pedone,Intersezione non regolata/non segnalata,Una carreggiata a senso unico di marcia,Asciutto,Asfaltata,Verticale ed orizzontale,Sereno,Scarso,Buona,Ore Diurne,1,0,0,1,12.4826,41.9002,-1,1,Autocarro inferiore 35 q.,In marcia / fermata / arresto,Conducente,M,Illeso,0,,Non accertato,Inesploso,
3964873,16,24/08/2018 11:30:00,Strada Urbana,VIA RAFFAELLO GIOVAGNOLI,in prossimit�,,del civico n.,25,,Tamponamento,Rettilineo,Una carreggiata a senso unico di marcia,Asciutto,Lastricata,Assente,Sereno,Normale,Buona,Ore Diurne,0,0,0,3,12.4606,41.8819,-1,1,Autovettura privata,In marcia / fermata / arresto,Conducente,M,Illeso,0,,Non accertato,Inesploso,
3964873,16,24/08/2018 11:30:00,Strada Urbana,VIA RAFFAELLO GIOVAGNOLI,in prossimit�,,del civico n.,25,,Tamponamento,Rettilineo,Una carreggiata a senso unico di marcia,Asciutto,Lastricata,Assente,Sereno,Normale,Buona,Ore Diurne,0,0,0,3,12.4606,41.8819,-1,2,Autovettura privata,In marcia / fermata / arresto,Conducente,M,Illeso,0,,Non accertato,Inesploso,
3964873,16,24/08/2018 11:30:00,Strada Urbana,VIA RAFFAELLO GIOVAGNOLI,in prossimit�,,del civico n.,25,,Tamponamento,Rettilineo,Una carreggiata a senso unico di marcia,Asciutto,Lastricata,Assente,Sereno,Normale,Buona,Ore Diurne,0,0,0,3,12.4606,41.8819,-1,2,Autovettura privata,In marcia / fermata / arresto,Passeggero,F,Illeso,0,,Non accertato,Inesploso,
3964883,16,25/08/2018 13:00:00,Strada Urbana,VIA SILVESTRI,da specificare,,,,prossimit� altezza palo ACEA 17,Veicolo in marcia contro veicoli in sosta,Rettilineo,Una carreggiata a doppio senso,Asciutto,Asfaltata,Verticale ed orizzontale,Sereno,Scarso,Buona,Ore Diurne,1,0,0,0,12.4326,41.8779,-1,1,Motociclo a solo,In marcia / fermata / arresto,Conducente,M,Rimandato,0,NON DECEDUTO,Non accertato,,
3964901,13,25/08/2018 15:25:00,Strada Urbana,LUNGOMARE DUILIO,da specificare,,,,"altezza fronte stabilimento ""Le Dune""",Scontro frontale/laterale SX fra veicoli in marcia,Rettilineo,Due carreggiate,Asciutto,Asfaltata,Verticale ed orizzontale,Sereno,Normale,Buona,Ore Diurne,0,0,0,2,12.298,41.7215,-1,1,Autovettura privata,In marcia / fermata / arresto,Conducente,M,Illeso,0,,Non accertato,Inesploso,
3964901,13,25/08/2018 15:25:00,Strada Urbana,LUNGOMARE DUILIO,da specificare,,,,"altezza fronte stabilimento ""Le Dune""",Scontro frontale/laterale SX fra veicoli in marcia,Rettilineo,Due carreggiate,Asciutto,Asfaltata,Verticale ed orizzontale,Sereno,Normale,Buona,Ore Diurne,0,0,0,2,12.298,41.7215,-1,1,Autovettura privata,In marcia / fermata / arresto,Passeggero,M,Illeso,0,,Non accertato,Inesploso,
3964904,1,27/08/2018 16:40:00,Strada Urbana,PIAZZA DI CAMPITELLI,all'intersezione con,VIA CAVALLETTI,VIA CAVALLETTI,,,Scontro frontale/laterale DX fra veicoli in marcia,Rotatoria,Una carreggiata a senso unico di marcia,Asciutto,Acciotolata,Verticale,Sereno,Scarso,Buona,Ore Diurne,0,0,0,3,,,0,1,Autovettura privata,In marcia / fermata / arresto,Conducente,M,Illeso,0,,,,
3964904,1,27/08/2018 16:40:00,Strada Urbana,PIAZZA DI CAMPITELLI,all'intersezione con,VIA CAVALLETTI,VIA CAVALLETTI,,,Scontro frontale/laterale DX fra veicoli in marcia,Rotatoria,Una carreggiata a senso unico di marcia,Asciutto,Acciotolata,Verticale,Sereno,Scarso,Buona,Ore Diurne,0,0,0,3,,,0,1,Autovettura privata,In marcia / fermata / arresto,Passeggero,M,Illeso,0,,,,
3964904,1,27/08/2018 16:40:00,Strada Urbana,PIAZZA DI CAMPITELLI,all'intersezione con,VIA CAVALLETTI,VIA CAVALLETTI,,,Scontro frontale/laterale DX fra veicoli in marcia,Rotatoria,Una carreggiata a senso unico di marcia,Asciutto,Acciotolata,Verticale,Sereno,Scarso,Buona,Ore Diurne,0,0,0,3,,,0,2,Autovettura pubblica,In marcia / fermata / arresto,Conducente,M,Illeso,0,,,,
3964923,16,26/08/2018 11:20:00,Strada Urbana,LUNGOTEVERE DEGLI ARTIGIANI,da specificare,,,,prossimit� VIA BELLANI,Tamponamento,Rettilineo,Una carreggiata a senso unico di marcia,Asciutto,Asfaltata,Assente,Sereno,Scarso,Buona,Ore Diurne,0,0,0,5,12.4702,41.8738,-1,1,Autovettura privata,In marcia / fermata / arresto,Conducente,F,Illeso,0,,Non accertato,,
3964923,16,26/08/2018 11:20:00,Strada Urbana,LUNGOTEVERE DEGLI ARTIGIANI,da specificare,,,,prossimit� VIA BELLANI,Tamponamento,Rettilineo,Una carreggiata a senso unico di marcia,Asciutto,Asfaltata,Assente,Sereno,Scarso,Buona,Ore Diurne,0,0,0,5,12.4702,41.8738,-1,1,Autovettura privata,In marcia / fermata / arresto,Passeggero,F,Illeso,0,,Non accertato,,
3964923,16,26/08/2018 11:20:00,Strada Urbana,LUNGOTEVERE DEGLI ARTIGIANI,da specificare,,,,prossimit� VIA BELLANI,Tamponamento,Rettilineo,Una carreggiata a senso unico di marcia,Asciutto,Asfaltata,Assente,Sereno,Scarso,Buona,Ore Diurne,0,0,0,5,12.4702,41.8738,-1,2,Autovettura privata,In marcia / fermata / arresto,Conducente,M,Illeso,0,,,,
3964923,16,26/08/2018 11:20:00,Strada Urbana,LUNGOTEVERE DEGLI ARTIGIANI,da specificare,,,,prossimit� VIA BELLANI,Tamponamento,Rettilineo,Una carreggiata a senso unico di marcia,Asciutto,Asfaltata,Assente,Sereno,Scarso,Buona,Ore Diurne,0,0,0,5,12.4702,41.8738,-1,2,Autovettura privata,In marcia / fermata / arresto,Passeggero,F,Illeso,0,,Non accertato,,
3964923,16,26/08/2018 11:20:00,Strada Urbana,LUNGOTEVERE DEGLI ARTIGIANI,da specificare,,,,prossimit� VIA BELLANI,Tamponamento,Rettilineo,Una carreggiata a senso unico di marcia,Asciutto,Asfaltata,Assente,Sereno,Scarso,Buona,Ore Diurne,0,0,0,5,12.4702,41.8738,-1,2,Autovettura privata,In marcia / fermata / arresto,Passeggero,M,Illeso,0,,Non accertato,,
3964929,12,27/08/2018 10:30:00,Strada Urbana,VIA LAURENTINA,all'intersezione con,VIA DI CASTEL DI LEVA,VIA DI CASTEL DI LEVA,,,Scontro laterale fra veicoli in marcia,Rotatoria,Due carreggiate,Asciutto,Asfaltata,Verticale ed orizzontale,Sereno,Normale,Buona,Ore Diurne,0,0,0,5,12.4853,41.8102,-1,1,Autovettura privata,In marcia / fermata / arresto,Conducente,M,Illeso,0,,Non accertato,Inesploso,
3964929,12,27/08/2018 10:30:00,Strada Urbana,VIA LAURENTINA,all'intersezione con,VIA DI CASTEL DI LEVA,VIA DI CASTEL DI LEVA,,,Scontro laterale fra veicoli in marcia,Rotatoria,Due carreggiate,Asciutto,Asfaltata,Verticale ed orizzontale,Sereno,Normale,Buona,Ore Diurne,0,0,0,5,12.4853,41.8102,-1,1,Autovettura privata,In marcia / fermata / arresto,Passeggero,F,Illeso,0,,Utilizzato,Inesploso,
3964929,12,27/08/2018 10:30:00,Strada Urbana,VIA LAURENTINA,all'intersezione con,VIA DI CASTEL DI LEVA,VIA DI CASTEL DI LEVA,,,Scontro laterale fra veicoli in marcia,Rotatoria,Due carreggiate,Asciutto,Asfaltata,Verticale ed orizzontale,Sereno,Normale,Buona,Ore Diurne,0,0,0,5,12.4853,41.8102,-1,2,Autovettura privata,In marcia / fermata / arresto,Conducente,F,Illeso,0,,Non accertato,Inesploso,
3964929,12,27/08/2018 10:30:00,Strada Urbana,VIA LAURENTINA,all'intersezione con,VIA DI CASTEL DI LEVA,VIA DI CASTEL DI LEVA,,,Scontro laterale fra veicoli in marcia,Rotatoria,Due carreggiate,Asciutto,Asfaltata,Verticale ed orizzontale,Sereno,Normale,Buona,Ore Diurne,0,0,0,5,12.4853,41.8102,-1,2,Autovettura privata,In marcia / fermata / arresto,Passeggero,F,Illeso,0,,,,
3964929,12,27/08/2018 10:30:00,Strada Urbana,VIA LAURENTINA,all'intersezione con,VIA DI CASTEL DI LEVA,VIA DI CASTEL DI LEVA,,,Scontro laterale fra veicoli in marcia,Rotatoria,Due carreggiate,Asciutto,Asfaltata,Verticale ed orizzontale,Sereno,Normale,Buona,Ore Diurne,0,0,0,5,12.4853,41.8102,-1,2,Autovettura privata,In marcia / fermata / arresto,Passeggero,M,Illeso,0,,,,
3964939,6,28/08/2018 07:45:00,Strada Urbana,VIA CASILINA,in corrispondenza,,del civico n.,323,,Scontro laterale fra veicoli in marcia,Rettilineo,Pi� di due carreggiate,Asciutto,Asfaltata,Assente,Sereno,Intenso,Buona,Ore Diurne,1,0,0,2,12.5356,41.8829,-1,1,Autovettura privata,In marcia / fermata / arresto,Conducente,M,Illeso,0,,,Inesploso,
3964939,6,28/08/2018 07:45:00,Strada Urbana,VIA CASILINA,in corrispondenza,,del civico n.,323,,Scontro laterale fra veicoli in marcia,Rettilineo,Pi� di due carreggiate,Asciutto,Asfaltata,Assente,Sereno,Intenso,Buona,Ore Diurne,1,0,0,2,12.5356,41.8829,-1,2,Motociclo con passeggero,In marcia / fermata / arresto,Conducente,M,Rifiuta cure immediate,0,NON DECEDUTO,Utilizzato,,
3964939,6,28/08/2018 07:45:00,Strada Urbana,VIA CASILINA,in corrispondenza,,del civico n.,323,,Scontro laterale fra veicoli in marcia,Rettilineo,Pi� di due carreggiate,Asciutto,Asfaltata,Assente,Sereno,Intenso,Buona,Ore Diurne,1,0,0,2,12.5356,41.8829,-1,3,Autovettura privata,In marcia / fermata / arresto,Conducente,M,Illeso,0,,,,
3964999,16,26/08/2018 22:40:00,Strada Urbana,VIA DEL PESCACCIO,da specificare,,,,100 m. prima del civico 22,Veicolo in marcia contro ostacolo accidentale,Curva a visuale libera,Una carreggiata a doppio senso,Asciutto,Asfaltata,Orizzontale,Sereno,Scarso,Sufficiente,Insufficiente,0,0,0,2,12.3771,41.8687,-1,1,Autovettura privata,In marcia / fermata / arresto,Conducente,F,Illeso,0,,Non accertato,Inesploso,
3964999,16,26/08/2018 22:40:00,Strada Urbana,VIA DEL PESCACCIO,da specificare,,,,100 m. prima del civico 22,Veicolo in marcia contro ostacolo accidentale,Curva a visuale libera,Una carreggiata a doppio senso,Asciutto,Asfaltata,Orizzontale,Sereno,Scarso,Sufficiente,Insufficiente,0,0,0,2,12.3771,41.8687,-1,1,Autovettura privata,In marcia / fermata / arresto,Passeggero,M,Illeso,0,,Non accertato,Inesploso,
3965033,1,28/08/2018 09:40:00,Strada Urbana,CORSO VITTORIO EMANUELE II,all'intersezione semaforizzata con,LARGO DI TORRE ARGENTINA,LARGO DI TORRE ARGENTINA,,,Scontro laterale fra veicoli in marcia,Intersezione semaforizzata,Una carreggiata a doppio senso,Asciutto,Asfaltata,Verticale ed orizzontale,Sereno,Normale,Buona,Ore Diurne,1,0,0,1,12.4765,41.896,-1,1,Veicolo speciale,In marcia / fermata / arresto,Conducente,M,Illeso,0,,Non accertato,Inesploso,
3965033,1,28/08/2018 09:40:00,Strada Urbana,CORSO VITTORIO EMANUELE II,all'intersezione semaforizzata con,LARGO DI TORRE ARGENTINA,LARGO DI TORRE ARGENTINA,,,Scontro laterale fra veicoli in marcia,Intersezione semaforizzata,Una carreggiata a doppio senso,Asciutto,Asfaltata,Verticale ed orizzontale,Sereno,Normale,Buona,Ore Diurne,1,0,0,1,12.4765,41.896,-1,2,Motociclo a solo,In marcia / fermata / arresto,Conducente,M,Rimandato,0,NON DECEDUTO,Non accertato,,
3965047,17,28/08/2018 10:50:00,Strada Urbana,VIA LEONE IV,all'intersezione semaforizzata con,LARGO TRIONFALE,LARGO TRIONFALE,,,Tamponamento,Incrocio,Una carreggiata a doppio senso,Asciutto,Asfaltata,Temporanea di cantiere,Sereno,Normale,Buona,Ore Diurne,0,0,0,5,12.4553,41.9087,-1,1,Autovettura privata,In marcia / fermata / arresto,Conducente,M,Illeso,0,,,,
3965047,17,28/08/2018 10:50:00,Strada Urbana,VIA LEONE IV,all'intersezione semaforizzata con,LARGO TRIONFALE,LARGO TRIONFALE,,,Tamponamento,Incrocio,Una carreggiata a doppio senso,Asciutto,Asfaltata,Temporanea di cantiere,Sereno,Normale,Buona,Ore Diurne,0,0,0,5,12.4553,41.9087,-1,1,Autovettura privata,In marcia / fermata / arresto,Passeggero,F,Illeso,0,,,,
3965047,17,28/08/2018 10:50:00,Strada Urbana,VIA LEONE IV,all'intersezione semaforizzata con,LARGO TRIONFALE,LARGO TRIONFALE,,,Tamponamento,Incrocio,Una carreggiata a doppio senso,Asciutto,Asfaltata,Temporanea di cantiere,Sereno,Normale,Buona,Ore Diurne,0,0,0,5,12.4553,41.9087,-1,1,Autovettura privata,In marcia / fermata / arresto,Passeggero,F,Illeso,0,,,,
3965047,17,28/08/2018 10:50:00,Strada Urbana,VIA LEONE IV,all'intersezione semaforizzata con,LARGO TRIONFALE,LARGO TRIONFALE,,,Tamponamento,Incrocio,Una carreggiata a doppio senso,Asciutto,Asfaltata,Temporanea di cantiere,Sereno,Normale,Buona,Ore Diurne,0,0,0,5,12.4553,41.9087,-1,1,Autovettura privata,In marcia / fermata / arresto,Passeggero,M,Illeso,0,,,,
3965047,17,28/08/2018 10:50:00,Strada Urbana,VIA LEONE IV,all'intersezione semaforizzata con,LARGO TRIONFALE,LARGO TRIONFALE,,,Tamponamento,Incrocio,Una carreggiata a doppio senso,Asciutto,Asfaltata,Temporanea di cantiere,Sereno,Normale,Buona,Ore Diurne,0,0,0,5,12.4553,41.9087,-1,2,Autovettura privata,In marcia / fermata / arresto,Conducente,M,Illeso,0,,,,
3965146,6,28/08/2018 12:00:00,Strada Urbana,VIA CASILINA,all'intersezione semaforizzata con,VIA DI TOR PIGNATTARA,VIA DI TOR PIGNATTARA,,,Scontro frontale/laterale DX fra veicoli in marcia,Intersezione semaforizzata,Pi� di due carreggiate,Asciutto,Asfaltata,Verticale ed orizzontale,Sereno,Normale,Buona,Ore Diurne,0,0,0,6,12.5422,41.8803,-1,1,Autovettura privata,In marcia / fermata / arresto,Conducente,M,Illeso,0,,,,
3965146,6,28/08/2018 12:00:00,Strada Urbana,VIA CASILINA,all'intersezione semaforizzata con,VIA DI TOR PIGNATTARA,VIA DI TOR PIGNATTARA,,,Scontro frontale/laterale DX fra veicoli in marcia,Intersezione semaforizzata,Pi� di due carreggiate,Asciutto,Asfaltata,Verticale ed orizzontale,Sereno,Normale,Buona,Ore Diurne,0,0,0,6,12.5422,41.8803,-1,1,Autovettura privata,In marcia / fermata / arresto,Passeggero,M,Illeso,0,,,,
3965146,6,28/08/2018 12:00:00,Strada Urbana,VIA CASILINA,all'intersezione semaforizzata con,VIA DI TOR PIGNATTARA,VIA DI TOR PIGNATTARA,,,Scontro frontale/laterale DX fra veicoli in marcia,Intersezione semaforizzata,Pi� di due carreggiate,Asciutto,Asfaltata,Verticale ed orizzontale,Sereno,Normale,Buona,Ore Diurne,0,0,0,6,12.5422,41.8803,-1,2,Autoambulanza in servizio,In marcia / fermata / arresto,Conducente,M,Illeso,0,,,,
3965146,6,28/08/2018 12:00:00,Strada Urbana,VIA CASILINA,all'intersezione semaforizzata con,VIA DI TOR PIGNATTARA,VIA DI TOR PIGNATTARA,,,Scontro frontale/laterale DX fra veicoli in marcia,Intersezione semaforizzata,Pi� di due carreggiate,Asciutto,Asfaltata,Verticale ed orizzontale,Sereno,Normale,Buona,Ore Diurne,0,0,0,6,12.5422,41.8803,-1,2,Autoambulanza in servizio,In marcia / fermata / arresto,Passeggero,M,Illeso,0,,,,
3965146,6,28/08/2018 12:00:00,Strada Urbana,VIA CASILINA,all'intersezione semaforizzata con,VIA DI TOR PIGNATTARA,VIA DI TOR PIGNATTARA,,,Scontro frontale/laterale DX fra veicoli in marcia,Intersezione semaforizzata,Pi� di due carreggiate,Asciutto,Asfaltata,Verticale ed orizzontale,Sereno,Normale,Buona,Ore Diurne,0,0,0,6,12.5422,41.8803,-1,2,Autoambulanza in servizio,In marcia / fermata / arresto,Passeggero,M,Illeso,0,,,,
3965146,6,28/08/2018 12:00:00,Strada Urbana,VIA CASILINA,all'intersezione semaforizzata con,VIA DI TOR PIGNATTARA,VIA DI TOR PIGNATTARA,,,Scontro frontale/laterale DX fra veicoli in marcia,Intersezione semaforizzata,Pi� di due carreggiate,Asciutto,Asfaltata,Verticale ed orizzontale,Sereno,Normale,Buona,Ore Diurne,0,0,0,6,12.5422,41.8803,-1,2,Autoambulanza in servizio,In marcia / fermata / arresto,Passeggero,F,Illeso,0,,,,
3965343,9,28/08/2018 12:20:00,Strada Urbana,VIA TUSCOLANA,all'intersezione con,VIA VERBANIA,VIA VERBANIA,,,Scontro laterale fra veicoli in marcia,Incrocio,Una carreggiata a doppio senso,Asciutto,Asfaltata,Orizzontale,Sereno,Normale,Buona,Ore Diurne,1,0,0,1,12.5923,41.8396,-1,1,Autocarro inferiore 35 q.,In marcia / fermata / arresto,Conducente,M,Illeso,0,,Non accertato,Inesploso,