Protocollo,Gruppo,DataOraIncidente,Localizzazione1,STRADA1,Localizzazione2,STRADA2,Strada02,Chilometrica,DaSpecificare,NaturaIncidente,particolaritastrade,TipoStrada,FondoStradale,Pavimentazione,Segnaletica,CondizioneAtmosferica,Traffico,Visibilita,Illuminazione,NUM_FERITI,NUM_RISERVATA,NUM_MORTI,NUM_ILLESI,Longitudine,Latitudine,Confermato,Progressivo,TipoVeicolo,StatoVeicolo,TipoPersona,Sesso,Tipolesione,Deceduto,DecedutoDopo,CinturaCascoUtilizzato,Airbag,
3965343,9,28/08/2018 12:20:00,Strada Urbana,VIA TUSCOLANA,all'intersezione con,VIA VERBANIA,VIA VERBANIA,,,Scontro laterale fra veicoli in marcia,Incrocio,Una carreggiata a doppio senso,Asciutto,Asfaltata,Orizzontale,Sereno,Normale,Buona,Ore Diurne,1,0,0,1,12.5923,41.8396,-1,2,Motociclo a solo,In marcia / fermata / arresto,Conducente,M,Rimandato,0,NON DECEDUTO,,,
3965354,6,28/08/2018 16:25:00,Strada Urbana,VIALE DELLA SERENISSIMA,all'intersezione semaforizzata con,VIA PRENESTINA,VIA PRENESTINA,,,Scontro laterale fra veicoli in marcia,Intersezione semaforizzata,Due carreggiate,Asciutto,Asfaltata,Verticale ed orizzontale,Sereno,Normale,Buona,Ore Diurne,0,0,0,4,12.5592,41.8949,-1,1,Autovettura privata,In marcia / fermata / arresto,Conducente,F,Illeso,0,,Non accertato,Inesploso,
3965354,6,28/08/2018 16:25:00,Strada Urbana,VIALE DELLA SERENISSIMA,all'intersezione semaforizzata con,VIA PRENESTINA,VIA PRENESTINA,,,Scontro laterale fra veicoli in marcia,Intersezione semaforizzata,Due carreggiate,Asciutto,Asfaltata,Verticale ed orizzontale,Sereno,Normale,Buona,Ore Diurne,0,0,0,4,12.5592,41.8949,-1,1,Autovettura privata,In marcia / fermata / arresto,Passeggero,F,Illeso,0,,Non accertato,Inesploso,
3965354,6,28/08/2018 16:25:00,Strada Urbana,VIALE DELLA SERENISSIMA,all'intersezione semaforizzata con,VIA PRENESTINA,VIA PRENESTINA,,,Scontro laterale fra veicoli in marcia,Intersezione semaforizzata,Due carreggiate,Asciutto,Asfaltata,Verticale ed orizzontale,Sereno,Normale,Buona,Ore Diurne,0,0,0,4,12.5592,41.8949,-1,2,Autovettura privata,In marcia / fermata / arresto,Conducente,M,Illeso,0,,Non accertato,Inesploso,
3965354,6,28/08/2018 16:25:00,Strada Urbana,VIALE DELLA SERENISSIMA,all'intersezione semaforizzata con,VIA PRENESTINA,VIA PRENESTINA,,,Scontro laterale fra veicoli in marcia,Intersezione semaforizzata,Due carreggiate,Asciutto,Asfaltata,Verticale ed orizzontale,Sereno,Normale,Buona,Ore Diurne,0,0,0,4,12.5592,41.8949,-1,2,Autovettura privata,In marcia / fermata / arresto,Passeggero,F,Illeso,0,,Non accertato,Inesploso,
3965372,9,28/08/2018 13:47:00,Strada Urbana,VIA DELL'ARCO DI TRAVERTINO,da specificare,,,,in prossimit� dell'intersezione con Via Dei Colli ,Investimento di pedone,Rettilineo,Pi� di due carreggiate,Asciutto,Asfaltata,Orizzontale,Sereno,Normale,Buona,Ore Diurne,1,0,0,1,12.5351,41.866,-1,,,,Pedone,F,Rimandato,0,NON DECEDUTO,,,
3965372,9,28/08/2018 13:47:00,Strada Urbana,VIA DELL'ARCO DI TRAVERTINO,da specificare,,,,in prossimit� dell'intersezione con Via Dei Colli ,Investimento di pedone,Rettilineo,Pi� di due carreggiate,Asciutto,Asfaltata,Orizzontale,Sereno,Normale,Buona,Ore Diurne,1,0,0,1,12.5351,41.866,-1,1,Autovettura privata,In marcia / fermata / arresto,Conducente,F,Illeso,0,,Non accertato,Inesploso,
3965416,12,27/08/2018 11:30:00,Strada Urbana,VIALE CAMILLO SABATINI,da specificare,,,,VIA DI DECIMA,Tamponamento,Rettilineo,Due carreggiate,Asciutto,Asfaltata,Verticale ed orizzontale,Sereno,Scarso,Buona,Ore Diurne,0,0,0,2,12.4437,41.821,-1,1,Autocarro inferiore 35 q.,In marcia / fermata / arresto,Conducente,M,Illeso,0,,,,
3965416,12,27/08/2018 11:30:00,Strada Urbana,VIALE CAMILLO SABATINI,da specificare,,,,VIA DI DECIMA,Tamponamento,Rettilineo,Due carreggiate,Asciutto,Asfaltata,Verticale ed orizzontale,Sereno,Scarso,Buona,Ore Diurne,0,0,0,2,12.4437,41.821,-1,2,Autovettura privata,In marcia / fermata / arresto,Conducente,M,Illeso,0,,,,
3965430,19,28/08/2018 17:15:00,Strada Urbana,VIALE MONFORTANI,in prossimit�,,del civico n.,2,,Tamponamento,Curva senza visuale libera,Una carreggiata a senso unico di marcia,Asciutto,Asfaltata,Verticale ed orizzontale,Sereno,Scarso,Buona,Ore Diurne,0,0,0,4,12.4255,41.938,-1,1,Autovettura privata,In marcia / fermata / arresto,Conducente,M,Illeso,0,,,,
3965430,19,28/08/2018 17:15:00,Strada Urbana,VIALE MONFORTANI,in prossimit�,,del civico n.,2,,Tamponamento,Curva senza visuale libera,Una carreggiata a senso unico di marcia,Asciutto,Asfaltata,Verticale ed orizzontale,Sereno,Scarso,Buona,Ore Diurne,0,0,0,4,12.4255,41.938,-1,1,Autovettura privata,In marcia / fermata / arresto,Passeggero,F,Illeso,0,,,,
3965430,19,28/08/2018 17:15:00,Strada Urbana,VIALE MONFORTANI,in prossimit�,,del civico n.,2,,Tamponamento,Curva senza visuale libera,Una carreggiata a senso unico di marcia,Asciutto,Asfaltata,Verticale ed orizzontale,Sereno,Scarso,Buona,Ore Diurne,0,0,0,4,12.4255,41.938,-1,2,Autovettura privata,In marcia / fermata / arresto,Conducente,F,Illeso,0,,,,
3965430,19,28/08/2018 17:15:00,Strada Urbana,VIALE MONFORTANI,in prossimit�,,del civico n.,2,,Tamponamento,Curva senza visuale libera,Una carreggiata a senso unico di marcia,Asciutto,Asfaltata,Verticale ed orizzontale,Sereno,Scarso,Buona,Ore Diurne,0,0,0,4,12.4255,41.938,-1,2,Autovettura privata,In marcia / fermata / arresto,Passeggero,F,Illeso,0,,,,
3965439,20,28/08/2018 14:55:00,Strada Urbana,VIALE DI TOR DI QUINTO,in prossimit�,,del civico n.,f.c. 51,,Veicolo in marcia contro ostacolo accidentale,Rettilineo,Una carreggiata a doppio senso,Asciutto,Asfaltata,Orizzontale,Sereno,Scarso,Buona,Ore Diurne,0,0,0,3,12.4753,41.9375,-1,1,Autovettura privata,In marcia / fermata / arresto,Conducente,F,Illeso,0,,Non accertato,,
3965439,20,28/08/2018 14:55:00,Strada Urbana,VIALE DI TOR DI QUINTO,in prossimit�,,del civico n.,f.c. 51,,Veicolo in marcia contro ostacolo accidentale,Rettilineo,Una carreggiata a doppio senso,Asciutto,Asfaltata,Orizzontale,Sereno,Scarso,Buona,Ore Diurne,0,0,0,3,12.4753,41.9375,-1,1,Autovettura privata,In marcia / fermata / arresto,Passeggero,F,Illeso,0,,Non accertato,,
3965439,20,28/08/2018 14:55:00,Strada Urbana,VIALE DI TOR DI QUINTO,in prossimit�,,del civico n.,f.c. 51,,Veicolo in marcia contro ostacolo accidentale,Rettilineo,Una carreggiata a doppio senso,Asciutto,Asfaltata,Orizzontale,Sereno,Scarso,Buona,Ore Diurne,0,0,0,3,12.4753,41.9375,-1,1,Autovettura privata,In marcia / fermata / arresto,Passeggero,M,Illeso,0,,Non accertato,,
3965444,12,28/08/2018 00:15:00,Strada Urbana,VIA VITALIANO ROTELLINI,da specificare,,,,civ.90,Scontro frontale/laterale DX fra veicoli in marcia,Curva senza visuale libera,Una carreggiata a doppio senso,Asciutto,Asfaltata,Verticale ed orizzontale,Sereno,Scarso,Sufficiente,Sufficiente,0,0,0,4,12.438,41.775,-1,1,Autovettura privata,In marcia / fermata / arresto,Conducente,F,Illeso,0,,Utilizzato,Inesploso,
3965444,12,28/08/2018 00:15:00,Strada Urbana,VIA VITALIANO ROTELLINI,da specificare,,,,civ.90,Scontro frontale/laterale DX fra veicoli in marcia,Curva senza visuale libera,Una carreggiata a doppio senso,Asciutto,Asfaltata,Verticale ed orizzontale,Sereno,Scarso,Sufficiente,Sufficiente,0,0,0,4,12.438,41.775,-1,2,Autovettura privata,In marcia / fermata / arresto,Conducente,M,Illeso,0,,Utilizzato,Inesploso,
3965444,12,28/08/2018 00:15:00,Strada Urbana,VIA VITALIANO ROTELLINI,da specificare,,,,civ.90,Scontro frontale/laterale DX fra veicoli in marcia,Curva senza visuale libera,Una carreggiata a doppio senso,Asciutto,Asfaltata,Verticale ed orizzontale,Sereno,Scarso,Sufficiente,Sufficiente,0,0,0,4,12.438,41.775,-1,2,Autovettura privata,In marcia / fermata / arresto,Passeggero,F,Illeso,0,,Utilizzato,Inesploso,
3965444,12,28/08/2018 00:15:00,Strada Urbana,VIA VITALIANO ROTELLINI,da specificare,,,,civ.90,Scontro frontale/laterale DX fra veicoli in marcia,Curva senza visuale libera,Una carreggiata a doppio senso,Asciutto,Asfaltata,Verticale ed orizzontale,Sereno,Scarso,Sufficiente,Sufficiente,0,0,0,4,12.438,41.775,-1,2,Autovettura privata,In marcia / fermata / arresto,Passeggero,F,Illeso,0,,Utilizzato,Inesploso,
3965465,16,28/08/2018 00:05:00,Strada Urbana,VIALE DEI COLLI PORTUENSI,all'intersezione con,VIA DI MONTE VERDE,VIA DI MONTE VERDE,,,Scontro laterale fra veicoli in marcia,Intersezione semaforizzata,Due carreggiate,Asciutto,Asfaltata,Verticale ed orizzontale,Sereno,Scarso,Buona,Sufficiente,2,0,0,1,12.4441,41.8666,-1,1,Motociclo con passeggero,In marcia / fermata / arresto,Conducente,M,Rimandato,0,NON DECEDUTO,Non accertato,,
3965465,16,28/08/2018 00:05:00,Strada Urbana,VIALE DEI COLLI PORTUENSI,all'intersezione con,VIA DI MONTE VERDE,VIA DI MONTE VERDE,,,Scontro laterale fra veicoli in marcia,Intersezione semaforizzata,Due carreggiate,Asciutto,Asfaltata,Verticale ed orizzontale,Sereno,Scarso,Buona,Sufficiente,2,0,0,1,12.4441,41.8666,-1,1,Motociclo con passeggero,In marcia / fermata / arresto,Passeggero,M,Rimandato,0,NON DECEDUTO,Non accertato,,
3965465,16,28/08/2018 00:05:00,Strada Urbana,VIALE DEI COLLI PORTUENSI,all'intersezione con,VIA DI MONTE VERDE,VIA DI MONTE VERDE,,,Scontro laterale fra veicoli in marcia,Intersezione semaforizzata,Due carreggiate,Asciutto,Asfaltata,Verticale ed orizzontale,Sereno,Scarso,Buona,Sufficiente,2,0,0,1,12.4441,41.8666,-1,2,Autovettura privata,In marcia / fermata / arresto,Conducente,M,Illeso,0,,Non accertato,,
3965469,17,28/08/2018 15:30:00,Strada Urbana,VIALE DELLO STADIO OLIMPICO,da specificare,,,,in prossimit� palo luce n� 41,Veicolo in marcia contro ostacolo accidentale,Rettilineo,Una carreggiata a senso unico di marcia,Asciutto,Asfaltata,Verticale ed orizzontale,Sereno,Normale,Buona,Ore Diurne,0,0,0,1,12.4542,41.9299,-1,1,Motociclo a solo,In marcia / fermata / arresto,Conducente,M,Illeso,0,,,,
3965478,10,28/08/2018 08:20:00,Strada Urbana,VIA DEL QUADRARO,all'intersezione con,VIA ERMINIO,VIA ERMINIO,,,Scontro frontale/laterale SX fra veicoli in marcia,Intersezione stradale segnalata,Due carreggiate,Asciutto,Asfaltata,Verticale ed orizzontale,Sereno,Normale,Buona,Ore Diurne,0,0,0,2,12.5534,41.8571,-1,1,Autovettura privata,In marcia / fermata / arresto,Conducente,M,Illeso,0,,Non accertato,Inesploso,
3965478,10,28/08/2018 08:20:00,Strada Urbana,VIA DEL QUADRARO,all'intersezione con,VIA ERMINIO,VIA ERMINIO,,,Scontro frontale/laterale SX fra veicoli in marcia,Intersezione stradale segnalata,Due carreggiate,Asciutto,Asfaltata,Verticale ed orizzontale,Sereno,Normale,Buona,Ore Diurne,0,0,0,2,12.5534,41.8571,-1,2,Autovettura privata,In marcia / fermata / arresto,Conducente,M,Illeso,0,,Non accertato,Inesploso,
3965481,9,28/08/2018 11:40:00,Strada Urbana,VIA APPIA NUOVA,in corrispondenza,,del civico n.,42,,Scontro frontale fra veicoli in marcia,Rettilineo,Due carreggiate,Asciutto,Asfaltata,Orizzontale,Sereno,Normale,Buona,Ore Diurne,1,0,0,2,12.5106,41.8845,-1,1,Autovettura privata,In marcia / fermata / arresto,Conducente,M,Illeso,0,,Non accertato,Inesploso,
3965481,9,28/08/2018 11:40:00,Strada Urbana,VIA APPIA NUOVA,in corrispondenza,,del civico n.,42,,Scontro frontale fra veicoli in marcia,Rettilineo,Due carreggiate,Asciutto,Asfaltata,Orizzontale,Sereno,Normale,Buona,Ore Diurne,1,0,0,2,12.5106,41.8845,-1,1,Autovettura privata,In marcia / fermata / arresto,Passeggero,F,Illeso,0,,Non accertato,Inesploso,
3965481,9,28/08/2018 11:40:00,Strada Urbana,VIA APPIA NUOVA,in corrispondenza,,del civico n.,42,,Scontro frontale fra veicoli in marcia,Rettilineo,Due carreggiate,Asciutto,Asfaltata,Orizzontale,Sereno,Normale,Buona,Ore Diurne,1,0,0,2,12.5106,41.8845,-1,2,Motociclo a solo,In marcia / fermata / arresto,Conducente,M,Rimandato,0,NON DECEDUTO,,,
3965485,16,28/08/2018 06:50:00,Strada Urbana,CIRCONVALLAZIONE GIANICOLENSE,da specificare,,,,(altezza capolinea tram 8)corsia inversione marcia,Scontro laterale fra veicoli in marcia,Curva a visuale libera,Una carreggiata a senso unico di marcia,Asciutto,Asfaltata,Verticale ed orizzontale,Sereno,Normale,Buona,Ore Diurne,1,0,0,0,,,0,1,Motociclo a solo,In marcia / fermata / arresto,Conducente,M,Ricoverato,0,NON DECEDUTO,Non accertato,,
3965487,10,28/08/2018 09:30:00,Strada Urbana,PIAZZA DEI CONSOLI,all'intersezione con,VIALE S. GIOVANNI BOSCO,VIALE S. GIOVANNI BOSCO,,,Scontro frontale/laterale SX fra veicoli in marcia,Incrocio,Due carreggiate,Asciutto,Asfaltata,Verticale ed orizzontale,Sereno,Normale,Buona,Ore Diurne,0,0,0,3,12.5588,41.8618,-1,1,Autobus di linea,In marcia / fermata / arresto,Conducente,F,Illeso,0,,Non accertato,Inesploso,
3965487,10,28/08/2018 09:30:00,Strada Urbana,PIAZZA DEI CONSOLI,all'intersezione con,VIALE S. GIOVANNI BOSCO,VIALE S. GIOVANNI BOSCO,,,Scontro frontale/laterale SX fra veicoli in marcia,Incrocio,Due carreggiate,Asciutto,Asfaltata,Verticale ed orizzontale,Sereno,Normale,Buona,Ore Diurne,0,0,0,3,12.5588,41.8618,-1,2,Autovettura privata,In marcia / fermata / arresto,Conducente,M,Illeso,0,,Non accertato,Inesploso,
3965487,10,28/08/2018 09:30:00,Strada Urbana,PIAZZA DEI CONSOLI,all'intersezione con,VIALE S. GIOVANNI BOSCO,VIALE S. GIOVANNI BOSCO,,,Scontro frontale/laterale SX fra veicoli in marcia,Incrocio,Due carreggiate,Asciutto,Asfaltata,Verticale ed orizzontale,Sereno,Normale,Buona,Ore Diurne,0,0,0,3,12.5588,41.8618,-1,2,Autovettura privata,In marcia / fermata / arresto,Passeggero,F,Illeso,0,,Non accertato,Inesploso,
3965498,9,28/08/2018 18:20:00,,VIA FAENZA,all'intersezione semaforizzata con,VIA TARANTO,VIA TARANTO,,,Scontro laterale fra veicoli in marcia,,,,,,,,,,0,0,0,2,,,0,1,Autovettura privata,In marcia / fermata / arresto,Conducente,M,Illeso,0,,,,
3965498,9,28/08/2018 18:20:00,,VIA FAENZA,all'intersezione semaforizzata con,VIA TARANTO,VIA TARANTO,,,Scontro laterale fra veicoli in marcia,,,,,,,,,,0,0,0,2,,,0,2,Autovettura privata,In marcia / fermata / arresto,Conducente,F,Illeso,0,,,,
3965499,10,28/08/2018 18:15:00,Strada Urbana,VIA TUSCOLANA,in corrispondenza,,del civico n.,879,,Scontro frontale/laterale DX fra veicoli in marcia,Rettilineo,Due carreggiate,Asciutto,Asfaltata,Verticale ed orizzontale,Sereno,Normale,Buona,Ore Diurne,0,0,0,2,12.5613,41.8575,-1,1,Autovettura privata,In marcia / fermata / arresto,Conducente,F,Illeso,0,,Non accertato,Inesploso,
3965499,10,28/08/2018 18:15:00,Strada Urbana,VIA TUSCOLANA,in corrispondenza,,del civico n.,879,,Scontro frontale/laterale DX fra veicoli in marcia,Rettilineo,Due carreggiate,Asciutto,Asfaltata,Verticale ed orizzontale,Sereno,Normale,Buona,Ore Diurne,0,0,0,2,12.5613,41.8575,-1,2,Autovettura privata,In marcia / fermata / arresto,Conducente,F,Illeso,0,,Non accertato,Inesploso,
3965533,12,28/08/2018 18:20:00,Strada Urbana,VIA CRISTOFORO COLOMBO,all'intersezione semaforizzata con,VIALE EUROPA,VIALE EUROPA,,,Scontro frontale/laterale DX fra veicoli in marcia,Intersezione semaforizzata,Due carreggiate,Asciutto,Asfaltata,Verticale ed orizzontale,Sereno,Normale,Buona,Ore Diurne,1,0,0,1,12.47,41.8307,-1,1,Autovettura privata,In marcia / fermata / arresto,Conducente,M,Illeso,0,,Utilizzato,Inesploso,
3965533,12,28/08/2018 18:20:00,Strada Urbana,VIA CRISTOFORO COLOMBO,all'intersezione semaforizzata con,VIALE EUROPA,VIALE EUROPA,,,Scontro frontale/laterale DX fra veicoli in marcia,Intersezione semaforizzata,Due carreggiate,Asciutto,Asfaltata,Verticale ed orizzontale,Sereno,Normale,Buona,Ore Diurne,1,0,0,1,12.47,41.8307,-1,2,Motociclo a solo,In marcia / fermata / arresto,Conducente,F,Rimandato,0,NON DECEDUTO,Utilizzato,,
3965608,4,28/08/2018 18:30:00,Statale entro l'abitato,VIA SALARIA,da specificare,,,,alt.za intersezione stradale  Via Gaiole in Chiant,Fuoriuscita dalla sede stradale,Rettilineo,Due carreggiate,Asciutto,Asfaltata,Verticale ed orizzontale,Sereno,Normale,Buona,Ore Diurne,1,2,0,0,12.5116,41.9875,0,1,Autovettura privata,In marcia / fermata / arresto,Conducente,M,Prognosi riservata,0,NON DECEDUTO,,,
3965608,4,28/08/2018 18:30:00,Statale entro l'abitato,VIA SALARIA,da specificare,,,,alt.za intersezione stradale  Via Gaiole in Chiant,Fuoriuscita dalla sede stradale,Rettilineo,Due carreggiate,Asciutto,Asfaltata,Verticale ed orizzontale,Sereno,Normale,Buona,Ore Diurne,1,2,0,0,12.5116,41.9875,0,1,Autovettura privata,In marcia / fermata / arresto,Passeggero,M,Ricoverato,0,NON DECEDUTO,,,
3965608,4,28/08/2018 18:30:00,Statale entro l'abitato,VIA SALARIA,da specificare,,,,alt.za intersezione stradale  Via Gaiole in Chiant,Fuoriuscita dalla sede stradale,Rettilineo,Due carreggiate,Asciutto,Asfaltata,Verticale ed orizzontale,Sereno,Normale,Buona,Ore Diurne,1,2,0,0,12.5116,41.9875,0,1,Autovettura privata,In marcia / fermata / arresto,Passeggero,M,Prognosi riservata,0,NON DECEDUTO,,,
3965714,8,28/08/2018 15:30:00,,VIA NICOLA SALIOLA,in prossimit�,,del palo luce n.,3,,Veicolo in marcia contro ostacolo accidentale,,,,,,,,,,0,0,0,1,,,0,1,Motociclo a solo,In marcia / fermata / arresto,Conducente,,Illeso,0,,,,
3965722,8,28/08/2018 20:05:00,Statale entro l'abitato,VIA CASILINA,all'intersezione semaforizzata con,VIA CINO DEL DUCA,VIA CINO DEL DUCA,,,Scontro laterale fra veicoli in marcia,Intersezione semaforizzata,Due carreggiate,Asciutto,Asfaltata,Verticale ed orizzontale,Sereno,Normale,Sufficiente,Sufficiente,0,0,0,3,12.6194,41.8629,-1,1,Autobus di linea,In marcia / fermata / arresto,Conducente,M,Illeso,0,,Non utilizzato,Inesistente,
3965722,8,28/08/2018 20:05:00,Statale entro l'abitato,VIA CASILINA,all'intersezione semaforizzata con,VIA CINO DEL DUCA,VIA CINO DEL DUCA,,,Scontro laterale fra veicoli in marcia,Intersezione semaforizzata,Due carreggiate,Asciutto,Asfaltata,Verticale ed orizzontale,Sereno,Normale,Sufficiente,Sufficiente,0,0,0,3,12.6194,41.8629,-1,2,Autovettura privata,In marcia / fermata / arresto,Conducente,M,Illeso,0,,Non accertato,Inesploso,
3965722,8,28/08/2018 20:05:00,Statale entro l'abitato,VIA CASILINA,all'intersezione semaforizzata con,VIA CINO DEL DUCA,VIA CINO DEL DUCA,,,Scontro laterale fra veicoli in marcia,Intersezione semaforizzata,Due carreggiate,Asciutto,Asfaltata,Verticale ed orizzontale,Sereno,Normale,Sufficiente,Sufficiente,0,0,0,3,12.6194,41.8629,-1,2,Autovettura privata,In marcia / fermata / arresto,Passeggero,F,Illeso,0,,Non accertato,Inesploso,
3965723,13,28/08/2018 11:10:00,Strada Urbana,VIA DEI NAVICELLARI,in corrispondenza,,del civico n.,11,,Scontro laterale fra veicoli in marcia,Rettilineo,Una carreggiata a senso unico di marcia,Asciutto,Asfaltata,Verticale ed orizzontale,Sereno,Scarso,Buona,Ore Diurne,0,0,0,3,12.2817,41.7296,-1,1,Autovettura privata,In marcia / fermata / arresto,Conducente,M,Illeso,0,,Non accertato,Inesploso,
3965723,13,28/08/2018 11:10:00,Strada Urbana,VIA DEI NAVICELLARI,in corrispondenza,,del civico n.,11,,Scontro laterale fra veicoli in marcia,Rettilineo,Una carreggiata a senso unico di marcia,Asciutto,Asfaltata,Verticale ed orizzontale,Sereno,Scarso,Buona,Ore Diurne,0,0,0,3,12.2817,41.7296,-1,1,Autovettura privata,In marcia / fermata / arresto,Passeggero,F,Illeso,0,,Non accertato,Inesploso,
3965723,13,28/08/2018 11:10:00,Strada Urbana,VIA DEI NAVICELLARI,in corrispondenza,,del civico n.,11,,Scontro laterale fra veicoli in marcia,Rettilineo,Una carreggiata a senso unico di marcia,Asciutto,Asfaltata,Verticale ed orizzontale,Sereno,Scarso,Buona,Ore Diurne,0,0,0,3,12.2817,41.7296,-1,2,Autovettura privata,In marcia / fermata / arresto,Conducente,M,Illeso,0,,Non accertato,Inesploso,
3965737,13,28/08/2018 15:00:00,Strada Urbana,VIA ADOLFO COZZA,all'intersezione con,VIA PIETRO ERCOLE VISCONTI,VIA PIETRO ERCOLE VISCONTI,,,Scontro laterale fra veicoli in marcia,Incrocio,Una carreggiata a doppio senso,Asciutto,Asfaltata,Verticale,Sereno,Normale,Buona,Ore Diurne,0,0,0,2,12.2719,41.7326,-1,1,Autovettura privata,In marcia / fermata / arresto,Conducente,M,Illeso,0,,Non accertato,Inesploso,
3965737,13,28/08/2018 15:00:00,Strada Urbana,VIA ADOLFO COZZA,all'intersezione con,VIA PIETRO ERCOLE VISCONTI,VIA PIETRO ERCOLE VISCONTI,,,Scontro laterale fra veicoli in marcia,Incrocio,Una carreggiata a doppio senso,Asciutto,Asfaltata,Verticale,Sereno,Normale,Buona,Ore Diurne,0,0,0,2,12.2719,41.7326,-1,2,Autovettura privata,In marcia / fermata / arresto,Conducente,M,Illeso,0,,Non accertato,Inesploso,
3965752,17,28/08/2018 22:10:00,Strada Urbana,VIALE DELLO STADIO OLIMPICO,da specificare,,,,in prossimit� del civico 16,Fuoriuscita dalla sede stradale,Curva a visuale libera,Una carreggiata a senso unico di marcia,Asciutto,Asfaltata,Assente,Sereno,Normale,Sufficiente,Sufficiente,0,0,0,2,12.4542,41.9299,-1,1,Motociclo con passeggero,In marcia / fermata / arresto,Conducente,M,Illeso,0,,,,
3965752,17,28/08/2018 22:10:00,Strada Urbana,VIALE DELLO STADIO OLIMPICO,da specificare,,,,in prossimit� del civico 16,Fuoriuscita dalla sede stradale,Curva a visuale libera,Una carreggiata a senso unico di marcia,Asciutto,Asfaltata,Assente,Sereno,Normale,Sufficiente,Sufficiente,0,0,0,2,12.4542,41.9299,-1,1,Motociclo con passeggero,In marcia / fermata / arresto,Passeggero,F,Illeso,0,,Utilizzato,,
3965753,5,28/08/2018 09:30:00,Strada Urbana,VIA DEI MONTI DI PIETRALATA,da specificare,,,,direzione Chiaromonte alt. svinc. inv. via Caraci,Scontro laterale fra veicoli in marcia,Curva a visuale libera,Due carreggiate,Asciutto,Asfaltata,Verticale ed orizzontale,Sereno,Normale,Buona,Ore Diurne,2,0,0,0,12.5309,41.9201,-1,1,Motociclo a solo,In marcia / fermata / arresto,Conducente,M,Rimandato,0,NON DECEDUTO,Non accertato,,
3965753,5,28/08/2018 09:30:00,Strada Urbana,VIA DEI MONTI DI PIETRALATA,da specificare,,,,direzione Chiaromonte alt. svinc. inv. via Caraci,Scontro laterale fra veicoli in marcia,Curva a visuale libera,Due carreggiate,Asciutto,Asfaltata,Verticale ed orizzontale,Sereno,Normale,Buona,Ore Diurne,2,0,0,0,12.5309,41.9201,-1,2,Velocipede,In marcia / fermata / arresto,Conducente,M,Rimandato,0,NON DECEDUTO,Esente,,
3965755,20,28/08/2018 16:00:00,Provinciale,VIA BRACCIANENSE,all'intersezione con,VIA VILLARBASSE,VIA VILLARBASSE,,,Scontro laterale fra veicoli in marcia,Intersezione non regolata/non segnalata,Una carreggiata a doppio senso,Asciutto,Asfaltata,Verticale ed orizzontale,Sereno,Scarso,Buona,Ore Diurne,3,0,0,2,12.267,42.0369,-1,1,Autovettura privata,In marcia / fermata / arresto,Conducente,F,Rimandato,0,NON DECEDUTO,Non accertato,,
3965755,20,28/08/2018 16:00:00,Provinciale,VIA BRACCIANENSE,all'intersezione con,VIA VILLARBASSE,VIA VILLARBASSE,,,Scontro laterale fra veicoli in marcia,Intersezione non regolata/non segnalata,Una carreggiata a doppio senso,Asciutto,Asfaltata,Verticale ed orizzontale,Sereno,Scarso,Buona,Ore Diurne,3,0,0,2,12.267,42.0369,-1,2,Autovettura privata,In marcia / fermata / arresto,Conducente,M,Rimandato,0,NON DECEDUTO,Non accertato,,
3965755,20,28/08/2018 16:00:00,Provinciale,VIA BRACCIANENSE,all'intersezione con,VIA VILLARBASSE,VIA VILLARBASSE,,,Scontro laterale fra veicoli in marcia,Intersezione non regolata/non segnalata,Una carreggiata a doppio senso,Asciutto,Asfaltata,Verticale ed orizzontale,Sereno,Scarso,Buona,Ore Diurne,3,0,0,2,12.267,42.0369,-1,2,Autovettura privata,In marcia / fermata / arresto,Passeggero,F,Rimandato,0,NON DECEDUTO,Non accertato,,
3965755,20,28/08/2018 16:00:00,Provinciale,VIA BRACCIANENSE,all'intersezione con,VIA VILLARBASSE,VIA VILLARBASSE,,,Scontro laterale fra veicoli in marcia,Intersezione non regolata/non segnalata,Una carreggiata a doppio senso,Asciutto,Asfaltata,Verticale ed orizzontale,Sereno,Scarso,Buona,Ore Diurne,3,0,0,2,12.267,42.0369,-1,2,Autovettura privata,In marcia / fermata / arresto,Passeggero,F,Illeso,0,,Non accertato,,
3965755,20,28/08/2018 16:00:00,Provinciale,VIA BRACCIANENSE,all'intersezione con,VIA VILLARBASSE,VIA VILLARBASSE,,,Scontro laterale fra veicoli in marcia,Intersezione non regolata/non segnalata,Una carreggiata a doppio senso,Asciutto,Asfaltata,Verticale ed orizzontale,Sereno,Scarso,Buona,Ore Diurne,3,0,0,2,12.267,42.0369,-1,2,Autovettura privata,In marcia / fermata / arresto,Passeggero,F,Illeso,0,,Non accertato,,