Protocollo,Gruppo,DataOraIncidente,Localizzazione1,STRADA1,Localizzazione2,STRADA2,Strada02,Chilometrica,DaSpecificare,NaturaIncidente,particolaritastrade,TipoStrada,FondoStradale,Pavimentazione,Segnaletica,CondizioneAtmosferica,Traffico,Visibilita,Illuminazione,NUM_FERITI,NUM_RISERVATA,NUM_MORTI,NUM_ILLESI,Longitudine,Latitudine,Confermato,Progressivo,TipoVeicolo,StatoVeicolo,TipoPersona,Sesso,Tipolesione,Deceduto,DecedutoDopo,CinturaCascoUtilizzato,Airbag,
3965756,18,28/08/2018 16:40:00,Strada Urbana,VIA DOMENICO TARDINI,da specificare,,,,in prossimit� di via del forte boccea,Tamponamento Multiplo,Rettilineo,Una carreggiata a doppio senso,Asciutto,Asfaltata,Verticale ed orizzontale,Sereno,Normale,Buona,Ore Diurne,1,0,0,3,12.4254,41.9075,-1,1,Autovettura privata,In marcia / fermata / arresto,Conducente,F,Illeso,0,,Non accertato,Esploso,
3965756,18,28/08/2018 16:40:00,Strada Urbana,VIA DOMENICO TARDINI,da specificare,,,,in prossimit� di via del forte boccea,Tamponamento Multiplo,Rettilineo,Una carreggiata a doppio senso,Asciutto,Asfaltata,Verticale ed orizzontale,Sereno,Normale,Buona,Ore Diurne,1,0,0,3,12.4254,41.9075,-1,2,Autovettura privata,In marcia / fermata / arresto,Conducente,F,Rifiuta cure immediate,0,NON DECEDUTO,Non accertato,Inesploso,
3965756,18,28/08/2018 16:40:00,Strada Urbana,VIA DOMENICO TARDINI,da specificare,,,,in prossimit� di via del forte boccea,Tamponamento Multiplo,Rettilineo,Una carreggiata a doppio senso,Asciutto,Asfaltata,Verticale ed orizzontale,Sereno,Normale,Buona,Ore Diurne,1,0,0,3,12.4254,41.9075,-1,3,Autovettura privata,In marcia / fermata / arresto,Conducente,M,Illeso,0,,Non accertato,Inesploso,
3965756,18,28/08/2018 16:40:00,Strada Urbana,VIA DOMENICO TARDINI,da specificare,,,,in prossimit� di via del forte boccea,Tamponamento Multiplo,Rettilineo,Una carreggiata a doppio senso,Asciutto,Asfaltata,Verticale ed orizzontale,Sereno,Normale,Buona,Ore Diurne,1,0,0,3,12.4254,41.9075,-1,3,Autovettura privata,In marcia / fermata / arresto,Passeggero,F,Illeso,0,,Non accertato,Inesploso,
3965772,5,28/08/2018 13:30:00,Strada Urbana,VIA TIBURTINA,in prossimit�,,del civico n.,1331,,Veicolo in marcia contro veicolo arresto,Curva a visuale libera,Due carreggiate,Asciutto,Asfaltata,Orizzontale,Nuvoloso,Normale,Buona,Ore Diurne,0,0,0,5,12.6174,41.9371,-1,1,Autovettura privata,In marcia / fermata / arresto,Conducente,M,Illeso,0,,Non accertato,Esploso,
3965772,5,28/08/2018 13:30:00,Strada Urbana,VIA TIBURTINA,in prossimit�,,del civico n.,1331,,Veicolo in marcia contro veicolo arresto,Curva a visuale libera,Due carreggiate,Asciutto,Asfaltata,Orizzontale,Nuvoloso,Normale,Buona,Ore Diurne,0,0,0,5,12.6174,41.9371,-1,2,Autovettura privata,In marcia / fermata / arresto,Conducente,M,Illeso,0,,Non accertato,Inesploso,
3965772,5,28/08/2018 13:30:00,Strada Urbana,VIA TIBURTINA,in prossimit�,,del civico n.,1331,,Veicolo in marcia contro veicolo arresto,Curva a visuale libera,Due carreggiate,Asciutto,Asfaltata,Orizzontale,Nuvoloso,Normale,Buona,Ore Diurne,0,0,0,5,12.6174,41.9371,-1,2,Autovettura privata,In marcia / fermata / arresto,Passeggero,F,Illeso,0,,Non accertato,Inesploso,
3965772,5,28/08/2018 13:30:00,Strada Urbana,VIA TIBURTINA,in prossimit�,,del civico n.,1331,,Veicolo in marcia contro veicolo arresto,Curva a visuale libera,Due carreggiate,Asciutto,Asfaltata,Orizzontale,Nuvoloso,Normale,Buona,Ore Diurne,0,0,0,5,12.6174,41.9371,-1,2,Autovettura privata,In marcia / fermata / arresto,Passeggero,M,Illeso,0,,Non accertato,Inesploso,
3965772,5,28/08/2018 13:30:00,Strada Urbana,VIA TIBURTINA,in prossimit�,,del civico n.,1331,,Veicolo in marcia contro veicolo arresto,Curva a visuale libera,Due carreggiate,Asciutto,Asfaltata,Orizzontale,Nuvoloso,Normale,Buona,Ore Diurne,0,0,0,5,12.6174,41.9371,-1,2,Autovettura privata,In marcia / fermata / arresto,Passeggero,F,Illeso,0,,Non accertato,Inesploso,
3965778,20,28/08/2018 17:35:00,Strada Urbana,VIALE DI TOR DI QUINTO,da specificare,,,,corsia laterale in prossimit� del civico 114,Scontro laterale fra veicoli in marcia,Rettilineo,Pi� di due carreggiate,Asciutto,Asfaltata,Verticale ed orizzontale,Sereno,Scarso,Buona,Ore Diurne,0,0,0,3,12.4785,41.9447,-1,1,Autovettura privata,In marcia / fermata / arresto,Conducente,F,Illeso,0,,Non accertato,Inesploso,
3965778,20,28/08/2018 17:35:00,Strada Urbana,VIALE DI TOR DI QUINTO,da specificare,,,,corsia laterale in prossimit� del civico 114,Scontro laterale fra veicoli in marcia,Rettilineo,Pi� di due carreggiate,Asciutto,Asfaltata,Verticale ed orizzontale,Sereno,Scarso,Buona,Ore Diurne,0,0,0,3,12.4785,41.9447,-1,1,Autovettura privata,In marcia / fermata / arresto,Passeggero,M,Illeso,0,,Non accertato,Inesploso,
3965778,20,28/08/2018 17:35:00,Strada Urbana,VIALE DI TOR DI QUINTO,da specificare,,,,corsia laterale in prossimit� del civico 114,Scontro laterale fra veicoli in marcia,Rettilineo,Pi� di due carreggiate,Asciutto,Asfaltata,Verticale ed orizzontale,Sereno,Scarso,Buona,Ore Diurne,0,0,0,3,12.4785,41.9447,-1,2,Velocipede,In marcia / fermata / arresto,Conducente,M,Illeso,0,,Esente,,
3965788,15,28/08/2018 14:30:00,Strada Urbana,VIA SARZANA,all'intersezione con,VIALE VENTIMIGLIA,VIALE VENTIMIGLIA,,,Scontro frontale/laterale SX fra veicoli in marcia,Incrocio,Una carreggiata a doppio senso,Asciutto,Asfaltata,Verticale ed orizzontale,Sereno,Normale,Buona,Ore Diurne,0,0,0,3,12.4382,41.8417,-1,1,Autovettura privata,In marcia / fermata / arresto,Conducente,F,Illeso,0,,Non accertato,Inesploso,
3965788,15,28/08/2018 14:30:00,Strada Urbana,VIA SARZANA,all'intersezione con,VIALE VENTIMIGLIA,VIALE VENTIMIGLIA,,,Scontro frontale/laterale SX fra veicoli in marcia,Incrocio,Una carreggiata a doppio senso,Asciutto,Asfaltata,Verticale ed orizzontale,Sereno,Normale,Buona,Ore Diurne,0,0,0,3,12.4382,41.8417,-1,1,Autovettura privata,In marcia / fermata / arresto,Passeggero,M,Illeso,0,,Non accertato,Inesploso,
3965788,15,28/08/2018 14:30:00,Strada Urbana,VIA SARZANA,all'intersezione con,VIALE VENTIMIGLIA,VIALE VENTIMIGLIA,,,Scontro frontale/laterale SX fra veicoli in marcia,Incrocio,Una carreggiata a doppio senso,Asciutto,Asfaltata,Verticale ed orizzontale,Sereno,Normale,Buona,Ore Diurne,0,0,0,3,12.4382,41.8417,-1,2,Autovettura privata,In marcia / fermata / arresto,Conducente,M,Illeso,0,,Non accertato,Inesistente,
3965791,5,28/08/2018 23:30:00,Strada Urbana,VIALE EGIDIO GALBANI,all'intersezione semaforizzata con,VIA FURIO CICOGNA,VIA FURIO CICOGNA,,,Scontro frontale/laterale SX fra veicoli in marcia,Intersezione semaforizzata,Due carreggiate,Asciutto,Asfaltata,Verticale ed orizzontale,Sereno,Scarso,Buona,Sufficiente,4,0,0,1,12.5646,41.9278,-1,1,Autovettura privata,In marcia / fermata / arresto,Conducente,F,Rimandato,0,NON DECEDUTO,Non accertato,Inesploso,
3965791,5,28/08/2018 23:30:00,Strada Urbana,VIALE EGIDIO GALBANI,all'intersezione semaforizzata con,VIA FURIO CICOGNA,VIA FURIO CICOGNA,,,Scontro frontale/laterale SX fra veicoli in marcia,Intersezione semaforizzata,Due carreggiate,Asciutto,Asfaltata,Verticale ed orizzontale,Sereno,Scarso,Buona,Sufficiente,4,0,0,1,12.5646,41.9278,-1,1,Autovettura privata,In marcia / fermata / arresto,Passeggero,F,Rimandato,0,NON DECEDUTO,Non accertato,Inesploso,
3965791,5,28/08/2018 23:30:00,Strada Urbana,VIALE EGIDIO GALBANI,all'intersezione semaforizzata con,VIA FURIO CICOGNA,VIA FURIO CICOGNA,,,Scontro frontale/laterale SX fra veicoli in marcia,Intersezione semaforizzata,Due carreggiate,Asciutto,Asfaltata,Verticale ed orizzontale,Sereno,Scarso,Buona,Sufficiente,4,0,0,1,12.5646,41.9278,-1,1,Autovettura privata,In marcia / fermata / arresto,Passeggero,F,Illeso,0,,Non accertato,Inesploso,
3965791,5,28/08/2018 23:30:00,Strada Urbana,VIALE EGIDIO GALBANI,all'intersezione semaforizzata con,VIA FURIO CICOGNA,VIA FURIO CICOGNA,,,Scontro frontale/laterale SX fra veicoli in marcia,Intersezione semaforizzata,Due carreggiate,Asciutto,Asfaltata,Verticale ed orizzontale,Sereno,Scarso,Buona,Sufficiente,4,0,0,1,12.5646,41.9278,-1,2,Autovettura privata,In marcia / fermata / arresto,Conducente,F,Rimandato,0,NON DECEDUTO,Non accertato,Inesploso,
3965791,5,28/08/2018 23:30:00,Strada Urbana,VIALE EGIDIO GALBANI,all'intersezione semaforizzata con,VIA FURIO CICOGNA,VIA FURIO CICOGNA,,,Scontro frontale/laterale SX fra veicoli in marcia,Intersezione semaforizzata,Due carreggiate,Asciutto,Asfaltata,Verticale ed orizzontale,Sereno,Scarso,Buona,Sufficiente,4,0,0,1,12.5646,41.9278,-1,2,Autovettura privata,In marcia / fermata / arresto,Passeggero,M,Rimandato,0,NON DECEDUTO,Non accertato,Inesploso,
3965798,5,28/08/2018 12:30:00,,VIA DEL CASALE DI S. BASILIO,all'intersezione con,VIA PIEVE TORINA,VIA PIEVE TORINA,,,Scontro laterale fra veicoli in marcia,,,,,,,,,,1,0,0,0,12.5845,41.9331,0,2,Motociclo a solo,In marcia / fermata / arresto,Conducente,M,Rimandato,0,NON DECEDUTO,,,
3965828,12,29/08/2018 04:30:00,Strada Urbana,VIA UMBERTO LILLONI,da specificare,,,,altezza civico,52,Veicolo in marcia contro veicoli in sosta,Rettilineo,Una carreggiata a senso unico di marcia,Asciutto,Asfaltata,Assente,Sereno,Scarso,Buona,Sufficiente,0,0,0,1,12.3475,41.7759,-1,1,Autovettura privata,In marcia / fermata / arresto,Conducente,M,Illeso,0,,Utilizzato,
3965834,12,28/08/2018 17:20:00,Strada Urbana,VIA DEL PIANETA TERRA,all'intersezione con,VIA DEL PIANETA URANO,VIA DEL PIANETA URANO,,,Infortunio per sola frenata improvvisa,Incrocio,Una carreggiata a doppio senso,Asciutto,Asfaltata,Verticale ed orizzontale,Sereno,Scarso,Buona,Ore Diurne,1,0,0,2,12.446,41.8179,-1,1,Autovettura privata,In marcia / fermata / arresto,Conducente,M,Illeso,0,,Utilizzato,Inesploso,
3965834,12,28/08/2018 17:20:00,Strada Urbana,VIA DEL PIANETA TERRA,all'intersezione con,VIA DEL PIANETA URANO,VIA DEL PIANETA URANO,,,Infortunio per sola frenata improvvisa,Incrocio,Una carreggiata a doppio senso,Asciutto,Asfaltata,Verticale ed orizzontale,Sereno,Scarso,Buona,Ore Diurne,1,0,0,2,12.446,41.8179,-1,1,Autovettura privata,In marcia / fermata / arresto,Passeggero,F,Illeso,0,,Utilizzato,Inesistente,
3965834,12,28/08/2018 17:20:00,Strada Urbana,VIA DEL PIANETA TERRA,all'intersezione con,VIA DEL PIANETA URANO,VIA DEL PIANETA URANO,,,Infortunio per sola frenata improvvisa,Incrocio,Una carreggiata a doppio senso,Asciutto,Asfaltata,Verticale ed orizzontale,Sereno,Scarso,Buona,Ore Diurne,1,0,0,2,12.446,41.8179,-1,2,Motociclo a solo,In marcia / fermata / arresto,Conducente,M,Rimandato,0,NON DECEDUTO,Non accertato,,
3965835,20,29/08/2018 01:55:00,Strada Urbana,VIA DI SELVA CANDIDA,all'intersezione con,VIA CREMOLINO,VIA CREMOLINO,,,Tamponamento,Incrocio,Una carreggiata a doppio senso,Asciutto,Asfaltata,Verticale ed orizzontale,Sereno,Scarso,Buona,Sufficiente,0,0,0,2,12.3772,41.9348,-1,1,Autovettura privata,In marcia / fermata / arresto,Conducente,M,Illeso,0,,Non accertato,Inesploso,
3965835,20,29/08/2018 01:55:00,Strada Urbana,VIA DI SELVA CANDIDA,all'intersezione con,VIA CREMOLINO,VIA CREMOLINO,,,Tamponamento,Incrocio,Una carreggiata a doppio senso,Asciutto,Asfaltata,Verticale ed orizzontale,Sereno,Scarso,Buona,Sufficiente,0,0,0,2,12.3772,41.9348,-1,2,Autovettura privata,In marcia / fermata / arresto,Conducente,M,Illeso,0,,Non accertato,Inesploso,
3965845,4,28/08/2018 11:00:00,Strada Urbana,VIA ARTURO GRAF,in corrispondenza,,del civico n.,11,,Tamponamento,Rettilineo,Due carreggiate,Asciutto,Asfaltata,Verticale ed orizzontale,Sereno,Normale,Buona,Ore Diurne,0,0,0,2,12.5524,41.9416,-1,1,Autovettura privata,In marcia / fermata / arresto,Conducente,M,Illeso,0,,,,
3965845,4,28/08/2018 11:00:00,Strada Urbana,VIA ARTURO GRAF,in corrispondenza,,del civico n.,11,,Tamponamento,Rettilineo,Due carreggiate,Asciutto,Asfaltata,Verticale ed orizzontale,Sereno,Normale,Buona,Ore Diurne,0,0,0,2,12.5524,41.9416,-1,2,Autovettura privata,In marcia / fermata / arresto,Conducente,M,Illeso,0,,,,
3965847,12,28/08/2018 13:45:00,Strada Urbana,VIA DELLA STAZIONE DI PAVONA,da specificare,,,,CIV.115,Investimento di pedone,Curva senza visuale libera,Una carreggiata a doppio senso,Asciutto,Asfaltata,Verticale ed orizzontale,Sereno,Scarso,Buona,Ore Diurne,1,0,0,1,12.5886,41.7189,-1,,,,Pedone,M,Rimandato,0,NON DECEDUTO,,,
3965847,12,28/08/2018 13:45:00,Strada Urbana,VIA DELLA STAZIONE DI PAVONA,da specificare,,,,CIV.115,Investimento di pedone,Curva senza visuale libera,Una carreggiata a doppio senso,Asciutto,Asfaltata,Verticale ed orizzontale,Sereno,Scarso,Buona,Ore Diurne,1,0,0,1,12.5886,41.7189,-1,1,Autovettura privata,In marcia / fermata / arresto,Conducente,M,Illeso,0,,Non accertato,Inesploso,
3965865,20,29/08/2018 06:20:00,Strada Urbana,VIA CASSIA,in prossimit�,,del civico n.,966,,Veicolo in marcia contro ostacolo fisso,Rettilineo,Una carreggiata a doppio senso,Asciutto,Asfaltata,Verticale ed orizzontale,Sereno,Normale,Buona,Ore Diurne,0,0,0,1,12.4316,41.9727,-1,1,Autovettura privata,In marcia / fermata / arresto,Conducente,M,Illeso,0,,Non accertato,,
3965910,9,29/08/2018 06:35:00,Strada Urbana,VIA LATINA,all'intersezione con,VIA CESARE BARONIO,VIA CESARE BARONIO,,,Scontro frontale/laterale DX fra veicoli in marcia,Incrocio,Una carreggiata a doppio senso,Asciutto,Asfaltata,Verticale ed orizzontale,Sereno,Normale,Buona,Ore Diurne,0,0,0,3,12.5176,41.8718,-1,1,Autovettura privata,In marcia / fermata / arresto,Conducente,M,Illeso,0,,Non accertato,Inesploso,
3965910,9,29/08/2018 06:35:00,Strada Urbana,VIA LATINA,all'intersezione con,VIA CESARE BARONIO,VIA CESARE BARONIO,,,Scontro frontale/laterale DX fra veicoli in marcia,Incrocio,Una carreggiata a doppio senso,Asciutto,Asfaltata,Verticale ed orizzontale,Sereno,Normale,Buona,Ore Diurne,0,0,0,3,12.5176,41.8718,-1,2,Autovettura privata,In marcia / fermata / arresto,Conducente,M,Illeso,0,,Non accertato,Inesploso,
3965910,9,29/08/2018 06:35:00,Strada Urbana,VIA LATINA,all'intersezione con,VIA CESARE BARONIO,VIA CESARE BARONIO,,,Scontro frontale/laterale DX fra veicoli in marcia,Incrocio,Una carreggiata a doppio senso,Asciutto,Asfaltata,Verticale ed orizzontale,Sereno,Normale,Buona,Ore Diurne,0,0,0,3,12.5176,41.8718,-1,2,Autovettura privata,In marcia / fermata / arresto,Passeggero,M,Illeso,0,,Non accertato,Inesploso,
3965928,7,28/08/2018 13:04:00,Strada Urbana,VIALE PALMIRO TOGLIATTI,in corrispondenza,,del civico n.,680,,Scontro laterale fra veicoli in marcia,Rettilineo,Due carreggiate,Asciutto,Asfaltata,Verticale ed orizzontale,Sereno,Scarso,Buona,Ore Diurne,0,0,0,3,12.5733,41.8797,-1,1,Autovettura privata,In marcia / fermata / arresto,Conducente,M,Illeso,0,,Non accertato,Inesploso,
3965928,7,28/08/2018 13:04:00,Strada Urbana,VIALE PALMIRO TOGLIATTI,in corrispondenza,,del civico n.,680,,Scontro laterale fra veicoli in marcia,Rettilineo,Due carreggiate,Asciutto,Asfaltata,Verticale ed orizzontale,Sereno,Scarso,Buona,Ore Diurne,0,0,0,3,12.5733,41.8797,-1,1,Autovettura privata,In marcia / fermata / arresto,Passeggero,F,Illeso,0,,Non accertato,Inesploso,
3965928,7,28/08/2018 13:04:00,Strada Urbana,VIALE PALMIRO TOGLIATTI,in corrispondenza,,del civico n.,680,,Scontro laterale fra veicoli in marcia,Rettilineo,Due carreggiate,Asciutto,Asfaltata,Verticale ed orizzontale,Sereno,Scarso,Buona,Ore Diurne,0,0,0,3,12.5733,41.8797,-1,2,Autovettura privata,In marcia / fermata / arresto,Conducente,M,Illeso,0,,Non accertato,Inesploso,
3965957,7,29/08/2018 08:00:00,Strada Urbana,VIALE ALESSANDRINO,all'intersezione con,VIA DEL PERGOLATO,VIA DEL PERGOLATO,,,Scontro laterale fra veicoli in marcia,Incrocio,Una carreggiata a doppio senso,Asciutto,Asfaltata,Verticale ed orizzontale,Sereno,Normale,Sufficiente,Ore Diurne,1,0,0,2,12.577,41.8848,-1,1,Motociclo con passeggero,In marcia / fermata / arresto,Conducente,M,Illeso,0,,Non accertato,,
3965957,7,29/08/2018 08:00:00,Strada Urbana,VIALE ALESSANDRINO,all'intersezione con,VIA DEL PERGOLATO,VIA DEL PERGOLATO,,,Scontro laterale fra veicoli in marcia,Incrocio,Una carreggiata a doppio senso,Asciutto,Asfaltata,Verticale ed orizzontale,Sereno,Normale,Sufficiente,Ore Diurne,1,0,0,2,12.577,41.8848,-1,1,Motociclo con passeggero,In marcia / fermata / arresto,Passeggero,M,Illeso,0,,,,
3965957,7,29/08/2018 08:00:00,Strada Urbana,VIALE ALESSANDRINO,all'intersezione con,VIA DEL PERGOLATO,VIA DEL PERGOLATO,,,Scontro laterale fra veicoli in marcia,Incrocio,Una carreggiata a doppio senso,Asciutto,Asfaltata,Verticale ed orizzontale,Sereno,Normale,Sufficiente,Ore Diurne,1,0,0,2,12.577,41.8848,-1,2,Autovettura privata,In marcia / fermata / arresto,Conducente,M,Rimandato,0,NON DECEDUTO,Non accertato,,
3965993,18,28/08/2018 09:30:00,Strada Urbana,VIA PIETRO UBALDO ANGELETTI,in prossimit�,,del civico n.,14,,Investimento di pedone,Rettilineo,Una carreggiata a senso unico di marcia,Asciutto,Asfaltata,Verticale ed orizzontale,Sereno,Scarso,Buona,Ore Diurne,1,0,0,1,12.3881,41.911,-1,,,,Pedone,F,Rimandato,0,NON DECEDUTO,,,
3965993,18,28/08/2018 09:30:00,Strada Urbana,VIA PIETRO UBALDO ANGELETTI,in prossimit�,,del civico n.,14,,Investimento di pedone,Rettilineo,Una carreggiata a senso unico di marcia,Asciutto,Asfaltata,Verticale ed orizzontale,Sereno,Scarso,Buona,Ore Diurne,1,0,0,1,12.3881,41.911,-1,1,Autovettura privata,In marcia / fermata / arresto,Conducente,M,Illeso,0,,Non accertato,Inesploso,
3966026,2,28/08/2018 09:00:00,Strada Urbana,PIAZZALE BRASILE,all'intersezione con,VIALE SAN PAOLO DEL BRASILE,VIALE SAN PAOLO DEL BRASILE,,,Tamponamento,Intersezione semaforizzata,Una carreggiata a senso unico di marcia,Asciutto,Asfaltata,Verticale ed orizzontale,Sereno,Normale,Buona,Ore Diurne,0,0,0,3,12.4888,41.9096,-1,1,Autovettura privata,In marcia / fermata / arresto,Conducente,M,Illeso,0,,Non accertato,Inesploso,
3966026,2,28/08/2018 09:00:00,Strada Urbana,PIAZZALE BRASILE,all'intersezione con,VIALE SAN PAOLO DEL BRASILE,VIALE SAN PAOLO DEL BRASILE,,,Tamponamento,Intersezione semaforizzata,Una carreggiata a senso unico di marcia,Asciutto,Asfaltata,Verticale ed orizzontale,Sereno,Normale,Buona,Ore Diurne,0,0,0,3,12.4888,41.9096,-1,2,Autovettura privata,In marcia / fermata / arresto,Conducente,F,Illeso,0,,,,
3966026,2,28/08/2018 09:00:00,Strada Urbana,PIAZZALE BRASILE,all'intersezione con,VIALE SAN PAOLO DEL BRASILE,VIALE SAN PAOLO DEL BRASILE,,,Tamponamento,Intersezione semaforizzata,Una carreggiata a senso unico di marcia,Asciutto,Asfaltata,Verticale ed orizzontale,Sereno,Normale,Buona,Ore Diurne,0,0,0,3,12.4888,41.9096,-1,2,Autovettura privata,In marcia / fermata / arresto,Passeggero,F,Illeso,0,,Non accertato,Inesploso,
3966029,2,28/08/2018 15:00:00,Strada Urbana,VIA GUIDUBALDO DEL MONTE,in prossimit�,,del civico n.,11,,Scontro laterale fra veicoli in marcia,Rettilineo,Una carreggiata a senso unico di marcia,Asciutto,Asfaltata,Verticale ed orizzontale,Sereno,Normale,Buona,Ore Diurne,0,0,0,2,12.4801,41.9272,-1,1,Quadriciclo leggero,In marcia / fermata / arresto,Conducente,F,Illeso,0,,Non accertato,Inesploso,
3966029,2,28/08/2018 15:00:00,Strada Urbana,VIA GUIDUBALDO DEL MONTE,in prossimit�,,del civico n.,11,,Scontro laterale fra veicoli in marcia,Rettilineo,Una carreggiata a senso unico di marcia,Asciutto,Asfaltata,Verticale ed orizzontale,Sereno,Normale,Buona,Ore Diurne,0,0,0,2,12.4801,41.9272,-1,2,Motociclo a solo,In marcia / fermata / arresto,Conducente,M,Illeso,0,,Non accertato,,
3966030,19,29/08/2018 08:40:00,Strada Urbana,VIA DI TORREVECCHIA,in prossimit�,,del civico n.,368,,Scontro frontale/laterale DX fra veicoli in marcia,Rettilineo,Una carreggiata a doppio senso,Asciutto,Asfaltata,Verticale,Sereno,Normale,Buona,Ore Diurne,0,0,0,2,12.4145,41.9259,-1,1,Autovettura privata,In marcia / fermata / arresto,Conducente,F,Illeso,0,,Non accertato,Inesploso,
3966030,19,29/08/2018 08:40:00,Strada Urbana,VIA DI TORREVECCHIA,in prossimit�,,del civico n.,368,,Scontro frontale/laterale DX fra veicoli in marcia,Rettilineo,Una carreggiata a doppio senso,Asciutto,Asfaltata,Verticale,Sereno,Normale,Buona,Ore Diurne,0,0,0,2,12.4145,41.9259,-1,2,Motociclo a solo,In marcia / fermata / arresto,Conducente,M,Illeso,0,,Non accertato,,
3966033,2,28/08/2018 19:50:00,Strada Urbana,VIA CASSIA,all'intersezione semaforizzata con,VIA MANFREDI AZZARITA,VIA MANFREDI AZZARITA,,,Scontro frontale/laterale SX fra veicoli in marcia,Intersezione semaforizzata,Una carreggiata a doppio senso,Asciutto,Asfaltata,Verticale ed orizzontale,Sereno,Scarso,Buona,Ore Diurne,1,0,0,1,12.4139,41.9827,-1,1,Autovettura privata,In marcia / fermata / arresto,Conducente,F,Illeso,0,,Non accertato,Inesploso,
3966033,2,28/08/2018 19:50:00,Strada Urbana,VIA CASSIA,all'intersezione semaforizzata con,VIA MANFREDI AZZARITA,VIA MANFREDI AZZARITA,,,Scontro frontale/laterale SX fra veicoli in marcia,Intersezione semaforizzata,Una carreggiata a doppio senso,Asciutto,Asfaltata,Verticale ed orizzontale,Sereno,Scarso,Buona,Ore Diurne,1,0,0,1,12.4139,41.9827,-1,2,Motociclo a solo,In marcia / fermata / arresto,Conducente,M,Rimandato,0,NON DECEDUTO,,,
3966047,16,28/08/2018 16:45:00,Strada Urbana,VIA BERNARDINO RAMAZZINI,da specificare,,,,in prossimit� del fronte civico 45,Scontro frontale/laterale SX fra veicoli in marcia,Rettilineo,Due carreggiate,Asciutto,Asfaltata,Verticale ed orizzontale,Sereno,Normale,Buona,Ore Diurne,1,0,0,1,12.4505,41.8666,-1,1,Autovettura privata,In marcia / fermata / arresto,Conducente,F,Illeso,0,,Non accertato,Inesploso,
3966047,16,28/08/2018 16:45:00,Strada Urbana,VIA BERNARDINO RAMAZZINI,da specificare,,,,in prossimit� del fronte civico 45,Scontro frontale/laterale SX fra veicoli in marcia,Rettilineo,Due carreggiate,Asciutto,Asfaltata,Verticale ed orizzontale,Sereno,Normale,Buona,Ore Diurne,1,0,0,1,12.4505,41.8666,-1,2,Motociclo a solo,In marcia / fermata / arresto,Conducente,M,Rifiuta cure immediate,0,NON DECEDUTO,Non accertato,,
3966060,18,28/08/2018 21:30:00,Strada Urbana,VIA DELLA CAVA AURELIA,in prossimit�,,del civico n.,96,,Veicolo in marcia contro veicolo in sosta,Rettilineo,Una carreggiata a doppio senso,Asciutto,Asfaltata,Verticale ed orizzontale,Sereno,Scarso,Buona,Sufficiente,0,0,0,1,12.4503,41.8947,-1,1,Autovettura privata,In marcia / fermata / arresto,Conducente,M,Illeso,0,,,,
3966098,18,28/08/2018 11:50:00,Strada Urbana,VIA AURELIA,in prossimit�,,del civico n.,497,,Tamponamento,Rettilineo,Una carreggiata a doppio senso,Asciutto,Asfaltata,Verticale ed orizzontale,Sereno,Normale,Buona,Ore Diurne,1,0,0,1,12.4242,41.8983,-1,1,Motociclo a solo,In marcia / fermata / arresto,Conducente,M,Ricoverato,0,NON DECEDUTO,Non accertato,,
3966098,18,28/08/2018 11:50:00,Strada Urbana,VIA AURELIA,in prossimit�,,del civico n.,497,,Tamponamento,Rettilineo,Una carreggiata a doppio senso,Asciutto,Asfaltata,Verticale ed orizzontale,Sereno,Normale,Buona,Ore Diurne,1,0,0,1,12.4242,41.8983,-1,2,Autovettura privata,In marcia / fermata / arresto,Conducente,M,Illeso,0,,Non accertato,Inesploso,
3966100,23,28/08/2018 16:45:00,Strada Urbana,PIAZZALE CRISTOFORO COLOMBO,all'intersezione con,VIA CRISTOFORO COLOMBO,VIA CRISTOFORO COLOMBO,,,Tamponamento,Rotatoria,Due carreggiate,Asciutto,Asfaltata,Orizzontale,Sereno,Normale,Buona,Ore Diurne,0,0,0,2,12.3177,41.7149,-1,1,Autovettura privata,In marcia / fermata / arresto,Conducente,M,Illeso,0,,Utilizzato,Inesploso,
3966100,23,28/08/2018 16:45:00,Strada Urbana,PIAZZALE CRISTOFORO COLOMBO,all'intersezione con,VIA CRISTOFORO COLOMBO,VIA CRISTOFORO COLOMBO,,,Tamponamento,Rotatoria,Due carreggiate,Asciutto,Asfaltata,Orizzontale,Sereno,Normale,Buona,Ore Diurne,0,0,0,2,12.3177,41.7149,-1,2,Autovettura privata,In marcia / fermata / arresto,Conducente,F,Illeso,0,,Utilizzato,Inesploso,
3966104,10,29/08/2018 08:30:00,Strada Urbana,VIA LUCIO SESTIO,all'intersezione con,VIA SERVILIO ISARNICO,VIA SERVILIO ISARNICO,,,Scontro laterale fra veicoli in marcia,Incrocio,Una carreggiata a senso unico di marcia,Asciutto,Asfaltata,Orizzontale,Sereno,Normale,Buona,Ore Diurne,1,0,0,1,12.5547,41.8571,-1,1,Autovettura privata,In marcia / fermata / arresto,Conducente,M,Illeso,0,,Non accertato,Inesploso,