Protocollo,Gruppo,DataOraIncidente,Localizzazione1,STRADA1,Localizzazione2,STRADA2,Strada02,Chilometrica,DaSpecificare,NaturaIncidente,particolaritastrade,TipoStrada,FondoStradale,Pavimentazione,Segnaletica,CondizioneAtmosferica,Traffico,Visibilita,Illuminazione,NUM_FERITI,NUM_RISERVATA,NUM_MORTI,NUM_ILLESI,Longitudine,Latitudine,Confermato,Progressivo,TipoVeicolo,StatoVeicolo,TipoPersona,Sesso,Tipolesione,Deceduto,DecedutoDopo,CinturaCascoUtilizzato,Airbag,
3966104,10,29/08/2018 08:30:00,Strada Urbana,VIA LUCIO SESTIO,all'intersezione con,VIA SERVILIO ISARNICO,VIA SERVILIO ISARNICO,,,Scontro laterale fra veicoli in marcia,Incrocio,Una carreggiata a senso unico di marcia,Asciutto,Asfaltata,Orizzontale,Sereno,Normale,Buona,Ore Diurne,1,0,0,1,12.5547,41.8571,-1,2,Motociclo a solo,In marcia / fermata / arresto,Conducente,M,Rimandato,0,NON DECEDUTO,Non accertato,,
3966115,18,28/08/2018 19:15:00,Strada Urbana,VIA DI TORREVECCHIA,da specificare,,,,civico n.906 (parcheggio Lidl - area privata),Scontro laterale fra veicoli in marcia,Rettilineo,Una carreggiata a doppio senso,Asciutto,Lastricata,Verticale ed orizzontale,Sereno,Scarso,Buona,Ore Diurne,0,0,0,5,12.4074,41.9151,-1,1,Autovettura privata,In marcia / fermata / arresto,Conducente,F,Illeso,0,,,,
3966115,18,28/08/2018 19:15:00,Strada Urbana,VIA DI TORREVECCHIA,da specificare,,,,civico n.906 (parcheggio Lidl - area privata),Scontro laterale fra veicoli in marcia,Rettilineo,Una carreggiata a doppio senso,Asciutto,Lastricata,Verticale ed orizzontale,Sereno,Scarso,Buona,Ore Diurne,0,0,0,5,12.4074,41.9151,-1,2,Autovettura privata,In marcia / fermata / arresto,Conducente,F,Illeso,0,,,,
3966115,18,28/08/2018 19:15:00,Strada Urbana,VIA DI TORREVECCHIA,da specificare,,,,civico n.906 (parcheggio Lidl - area privata),Scontro laterale fra veicoli in marcia,Rettilineo,Una carreggiata a doppio senso,Asciutto,Lastricata,Verticale ed orizzontale,Sereno,Scarso,Buona,Ore Diurne,0,0,0,5,12.4074,41.9151,-1,2,Autovettura privata,In marcia / fermata / arresto,Passeggero,M,Illeso,0,,,,
3966149,18,29/08/2018 10:00:00,Strada Urbana,VIA SILVESTRO II,all'intersezione con,VIA PIO IX,VIA PIO IX,,,Scontro frontale/laterale DX fra veicoli in marcia,Intersezione stradale segnalata,Una carreggiata a senso unico di marcia,Asciutto,Asfaltata,Verticale ed orizzontale,Sereno,Normale,Buona,Ore Diurne,1,0,0,1,12.4234,41.9057,-1,1,Ciclomotore,In marcia / fermata / arresto,Conducente,M,Rimandato,0,NON DECEDUTO,Non accertato,,
3966149,18,29/08/2018 10:00:00,Strada Urbana,VIA SILVESTRO II,all'intersezione con,VIA PIO IX,VIA PIO IX,,,Scontro frontale/laterale DX fra veicoli in marcia,Intersezione stradale segnalata,Una carreggiata a senso unico di marcia,Asciutto,Asfaltata,Verticale ed orizzontale,Sereno,Normale,Buona,Ore Diurne,1,0,0,1,12.4234,41.9057,-1,2,Autovettura privata,In marcia / fermata / arresto,Conducente,M,Illeso,0,,Non accertato,Inesploso,
3966158,18,28/08/2018 23:50:00,Strada Urbana,VIA RUGGERO DI LAURIA,all'intersezione con,VIA FRANCESCO CARACCIOLO,VIA FRANCESCO CARACCIOLO,,,Scontro frontale/laterale DX fra veicoli in marcia,Intersezione stradale segnalata,Una carreggiata a senso unico di marcia,Asciutto,Asfaltata,Verticale ed orizzontale,Sereno,Scarso,Buona,Sufficiente,0,0,0,2,12.4505,41.9084,-1,1,Autovettura privata,In marcia / fermata / arresto,Conducente,F,Illeso,0,,,,
3966158,18,28/08/2018 23:50:00,Strada Urbana,VIA RUGGERO DI LAURIA,all'intersezione con,VIA FRANCESCO CARACCIOLO,VIA FRANCESCO CARACCIOLO,,,Scontro frontale/laterale DX fra veicoli in marcia,Intersezione stradale segnalata,Una carreggiata a senso unico di marcia,Asciutto,Asfaltata,Verticale ed orizzontale,Sereno,Scarso,Buona,Sufficiente,0,0,0,2,12.4505,41.9084,-1,2,Autovettura pubblica,In marcia / fermata / arresto,Conducente,M,Illeso,0,,,,
3966199,12,28/08/2018 15:30:00,Provinciale entro l'abitato,VIA LAURENTINA,all'intersezione con,VIA DI TOR PAGNOTTA,VIA DI TOR PAGNOTTA,,,Scontro laterale fra veicoli in marcia,Rotatoria,Una carreggiata a senso unico di marcia,Asciutto,Asfaltata,Verticale ed orizzontale,Sereno,Scarso,Buona,Ore Diurne,0,0,0,3,12.482,41.8036,-1,1,Autovettura privata,In marcia / fermata / arresto,Conducente,M,Illeso,0,,,,
3966199,12,28/08/2018 15:30:00,Provinciale entro l'abitato,VIA LAURENTINA,all'intersezione con,VIA DI TOR PAGNOTTA,VIA DI TOR PAGNOTTA,,,Scontro laterale fra veicoli in marcia,Rotatoria,Una carreggiata a senso unico di marcia,Asciutto,Asfaltata,Verticale ed orizzontale,Sereno,Scarso,Buona,Ore Diurne,0,0,0,3,12.482,41.8036,-1,2,Autovettura privata,In marcia / fermata / arresto,Conducente,F,Illeso,0,,,,
3966199,12,28/08/2018 15:30:00,Provinciale entro l'abitato,VIA LAURENTINA,all'intersezione con,VIA DI TOR PAGNOTTA,VIA DI TOR PAGNOTTA,,,Scontro laterale fra veicoli in marcia,Rotatoria,Una carreggiata a senso unico di marcia,Asciutto,Asfaltata,Verticale ed orizzontale,Sereno,Scarso,Buona,Ore Diurne,0,0,0,3,12.482,41.8036,-1,2,Autovettura privata,In marcia / fermata / arresto,Passeggero,M,Illeso,0,,Utilizzato,Inesploso,
3966307,1,29/08/2018 04:00:00,Strada Urbana,VIA BONCOMPAGNI,da specificare,,,,altezza 3� albero direz. Via V. VENETO-Via Boncomp,Veicolo in marcia contro ostacolo fisso,Rettilineo,Una carreggiata a doppio senso,Asciutto,Asfaltata,Verticale ed orizzontale,Sereno,Scarso,Sufficiente,Sufficiente,0,0,0,1,12.4935,41.9084,-1,1,Autovettura privata,In marcia / fermata / arresto,Conducente,F,Illeso,0,,Non accertato,Inesploso,
3966376,7,29/08/2018 12:20:00,Strada Urbana,VIA PRENESTINA,all'intersezione con,VIA DI TOR SAPIENZA,VIA DI TOR SAPIENZA,,,Scontro laterale fra veicoli in marcia,Incrocio,Due carreggiate,Asciutto,Asfaltata,Verticale ed orizzontale,Sereno,Scarso,Buona,Ore Diurne,0,0,0,2,12.5924,41.8941,-1,1,Autovettura privata,In marcia / fermata / arresto,Conducente,M,Illeso,0,,,,
3966376,7,29/08/2018 12:20:00,Strada Urbana,VIA PRENESTINA,all'intersezione con,VIA DI TOR SAPIENZA,VIA DI TOR SAPIENZA,,,Scontro laterale fra veicoli in marcia,Incrocio,Due carreggiate,Asciutto,Asfaltata,Verticale ed orizzontale,Sereno,Scarso,Buona,Ore Diurne,0,0,0,2,12.5924,41.8941,-1,2,Autovettura privata,In marcia / fermata / arresto,Conducente,M,Illeso,0,,Non accertato,Inesploso,
3966384,1,28/08/2018 20:40:00,Strada Urbana,VIA VITTORIO VENETO,all'intersezione semaforizzata con,VIA BONCOMPAGNI,VIA BONCOMPAGNI,,,Investimento di pedone,Intersezione semaforizzata,Una carreggiata a doppio senso,Asciutto,Asfaltata,Verticale ed orizzontale,Sereno,Normale,Sufficiente,Sufficiente,1,0,0,1,12.4895,41.9061,-1,,,,Pedone,F,Rimandato,0,NON DECEDUTO,,,
3966384,1,28/08/2018 20:40:00,Strada Urbana,VIA VITTORIO VENETO,all'intersezione semaforizzata con,VIA BONCOMPAGNI,VIA BONCOMPAGNI,,,Investimento di pedone,Intersezione semaforizzata,Una carreggiata a doppio senso,Asciutto,Asfaltata,Verticale ed orizzontale,Sereno,Normale,Sufficiente,Sufficiente,1,0,0,1,12.4895,41.9061,-1,1,Autovettura privata,In marcia / fermata / arresto,Conducente,M,Illeso,0,,Non accertato,Inesploso,
3966439,1,28/08/2018 15:50:00,Strada Urbana,VIA TOMACELLI,all'intersezione semaforizzata con,PIAZZA DEL PORTO DI RIPETTA,PIAZZA DEL PORTO DI RIPETTA,,,Veicolo in marcia contro ostacolo accidentale,Intersezione semaforizzata,Una carreggiata a doppio senso,Asciutto,Strada pavimentata dissestata,Verticale ed orizzontale,Sereno,Scarso,Buona,Ore Diurne,0,0,0,1,12.4771,41.9048,-1,1,Autovettura privata,In marcia / fermata / arresto,Conducente,M,Illeso,0,,Non accertato,Inesploso,
3966461,1,29/08/2018 08:15:00,Strada Urbana,VIA CALABRIA,in prossimit�,,del civico n.,48,,Scontro laterale fra veicoli in marcia,Rettilineo,Una carreggiata a senso unico di marcia,Asciutto,Asfaltata,Verticale ed orizzontale,Sereno,Intenso,Buona,Ore Diurne,0,0,0,2,12.4973,41.9096,-1,1,Autovettura privata,In marcia / fermata / arresto,Conducente,M,Illeso,0,,Non accertato,Inesploso,
3966461,1,29/08/2018 08:15:00,Strada Urbana,VIA CALABRIA,in prossimit�,,del civico n.,48,,Scontro laterale fra veicoli in marcia,Rettilineo,Una carreggiata a senso unico di marcia,Asciutto,Asfaltata,Verticale ed orizzontale,Sereno,Intenso,Buona,Ore Diurne,0,0,0,2,12.4973,41.9096,-1,2,Autovettura privata,In marcia / fermata / arresto,Conducente,M,Illeso,0,,Non accertato,Inesploso,
3966528,19,29/08/2018 14:40:00,Strada Urbana,GALLERIA GIOVANNI XXIII,in prossimit�,,della chilometrica,0.4,,Tamponamento,Galleria illuminata,Una carreggiata a senso unico di marcia,Asciutto,Asfaltata,Verticale ed orizzontale,Sereno,Normale,Buona,Sufficiente,2,0,0,2,12.4277,41.9366,-1,1,Autovettura privata,In marcia / fermata / arresto,Conducente,F,Rimandato,0,NON DECEDUTO,Non accertato,Inesploso,
3966528,19,29/08/2018 14:40:00,Strada Urbana,GALLERIA GIOVANNI XXIII,in prossimit�,,della chilometrica,0.4,,Tamponamento,Galleria illuminata,Una carreggiata a senso unico di marcia,Asciutto,Asfaltata,Verticale ed orizzontale,Sereno,Normale,Buona,Sufficiente,2,0,0,2,12.4277,41.9366,-1,1,Autovettura privata,In marcia / fermata / arresto,Passeggero,M,Illeso,0,,Non accertato,Inesploso,
3966528,19,29/08/2018 14:40:00,Strada Urbana,GALLERIA GIOVANNI XXIII,in prossimit�,,della chilometrica,0.4,,Tamponamento,Galleria illuminata,Una carreggiata a senso unico di marcia,Asciutto,Asfaltata,Verticale ed orizzontale,Sereno,Normale,Buona,Sufficiente,2,0,0,2,12.4277,41.9366,-1,1,Autovettura privata,In marcia / fermata / arresto,Passeggero,F,Illeso,0,,Non accertato,Inesploso,
3966528,19,29/08/2018 14:40:00,Strada Urbana,GALLERIA GIOVANNI XXIII,in prossimit�,,della chilometrica,0.4,,Tamponamento,Galleria illuminata,Una carreggiata a senso unico di marcia,Asciutto,Asfaltata,Verticale ed orizzontale,Sereno,Normale,Buona,Sufficiente,2,0,0,2,12.4277,41.9366,-1,2,Motociclo a solo,In marcia / fermata / arresto,Conducente,M,Rimandato,0,NON DECEDUTO,Non accertato,,
3966547,12,29/08/2018 13:00:00,Strada Urbana,VIA S. SERENA,in prossimit�,,del civico n.,19,,Scontro frontale fra veicoli in marcia,Rettilineo,Una carreggiata a doppio senso,Asciutto,Asfaltata,Assente,Sereno,Scarso,Buona,Ore Diurne,0,0,0,2,12.5017,41.7495,-1,1,Autovettura privata,In marcia / fermata / arresto,Conducente,F,Illeso,0,,Utilizzato,Inesploso,
3966547,12,29/08/2018 13:00:00,Strada Urbana,VIA S. SERENA,in prossimit�,,del civico n.,19,,Scontro frontale fra veicoli in marcia,Rettilineo,Una carreggiata a doppio senso,Asciutto,Asfaltata,Assente,Sereno,Scarso,Buona,Ore Diurne,0,0,0,2,12.5017,41.7495,-1,2,Autovettura privata,In marcia / fermata / arresto,Conducente,F,Illeso,0,,Utilizzato,Inesploso,
3966581,6,26/08/2018 18:00:00,Strada Urbana,VIA GIUSEPPE DALLA VEDOVA,in prossimit�,,del civico n.,31,,Veicolo in marcia contro ostacolo accidentale,Rettilineo,Una carreggiata a senso unico di marcia,Asciutto,Asfaltata,Verticale ed orizzontale,Sereno,Scarso,Buona,Ore Diurne,0,0,0,1,12.5415,41.8865,-1,1,Autovettura privata,In marcia / fermata / arresto,Conducente,F,Illeso,0,,,,
3966598,7,29/08/2018 11:10:00,Strada Urbana,VIA COLLATINA,all'intersezione con,VIALE GIORGIO DE CHIRICO,VIALE GIORGIO DE CHIRICO,,,Scontro laterale fra veicoli in marcia,Incrocio,Una carreggiata a doppio senso,Asciutto,Asfaltata,Verticale ed orizzontale,Sereno,Normale,Buona,Ore Diurne,1,0,0,0,12.585,41.9034,-1,1,Motociclo a solo,In marcia / fermata / arresto,Conducente,M,Rimandato,0,NON DECEDUTO,Non accertato,,
3966675,10,29/08/2018 10:45:00,Provinciale entro l'abitato,VIA ANAGNINA,da specificare,,,,dir. Roma Centro 150 mt. dopo il civ. 171,Veicolo in marcia contro ostacolo accidentale,Rettilineo,Due carreggiate,Asciutto,Asfaltata,Orizzontale,Sereno,Normale,Buona,Ore Diurne,0,0,0,1,12.6013,41.8272,-1,1,Autovettura privata,In marcia / fermata / arresto,Conducente,M,Illeso,0,,Non accertato,Inesploso,
3966713,1,28/08/2018 20:10:00,Strada Urbana,PIAZZA DI S. COSIMATO,in prossimit�,,del civico n.,35,,Veicolo in marcia contro veicolo arresto,Rettilineo,Una carreggiata a senso unico di marcia,Asciutto,In cubetti di porfido,Verticale ed orizzontale,Sereno,Normale,Sufficiente,Sufficiente,1,0,0,3,,,0,1,Autovettura privata,In marcia / fermata / arresto,Conducente,M,Illeso,0,,Non accertato,,
3966713,1,28/08/2018 20:10:00,Strada Urbana,PIAZZA DI S. COSIMATO,in prossimit�,,del civico n.,35,,Veicolo in marcia contro veicolo arresto,Rettilineo,Una carreggiata a senso unico di marcia,Asciutto,In cubetti di porfido,Verticale ed orizzontale,Sereno,Normale,Sufficiente,Sufficiente,1,0,0,3,,,0,1,Autovettura privata,In marcia / fermata / arresto,Passeggero,F,Illeso,0,,,,
3966713,1,28/08/2018 20:10:00,Strada Urbana,PIAZZA DI S. COSIMATO,in prossimit�,,del civico n.,35,,Veicolo in marcia contro veicolo arresto,Rettilineo,Una carreggiata a senso unico di marcia,Asciutto,In cubetti di porfido,Verticale ed orizzontale,Sereno,Normale,Sufficiente,Sufficiente,1,0,0,3,,,0,1,Autovettura privata,In marcia / fermata / arresto,Passeggero,F,Illeso,0,,Non accertato,Inesploso,
3966713,1,28/08/2018 20:10:00,Strada Urbana,PIAZZA DI S. COSIMATO,in prossimit�,,del civico n.,35,,Veicolo in marcia contro veicolo arresto,Rettilineo,Una carreggiata a senso unico di marcia,Asciutto,In cubetti di porfido,Verticale ed orizzontale,Sereno,Normale,Sufficiente,Sufficiente,1,0,0,3,,,0,2,Motociclo a solo,In marcia / fermata / arresto,Conducente,F,Rifiuta cure immediate,0,NON DECEDUTO,Non accertato,,
3966942,11,29/08/2018 13:00:00,Strada Urbana,VIALE DI TOR MARANCIA,in corrispondenza,,del civico n.,38,,Scontro laterale fra veicoli in marcia,Rettilineo,Due carreggiate,Asciutto,Asfaltata,Verticale ed orizzontale,Sereno,Normale,Buona,Ore Diurne,0,0,0,2,12.4972,41.855,-1,1,Autovettura privata,In marcia / fermata / arresto,Conducente,M,Illeso,0,,,,
3966942,11,29/08/2018 13:00:00,Strada Urbana,VIALE DI TOR MARANCIA,in corrispondenza,,del civico n.,38,,Scontro laterale fra veicoli in marcia,Rettilineo,Due carreggiate,Asciutto,Asfaltata,Verticale ed orizzontale,Sereno,Normale,Buona,Ore Diurne,0,0,0,2,12.4972,41.855,-1,2,Autovettura privata,In marcia / fermata / arresto,Conducente,M,Illeso,0,,,,
3966952,11,29/08/2018 10:10:00,Strada Urbana,VIALE PICO DELLA MIRANDOLA,all'intersezione semaforizzata con,VIA DI GROTTA PERFETTA,VIA DI GROTTA PERFETTA,,,Investimento di pedone,Intersezione semaforizzata,Due carreggiate,Asciutto,Asfaltata,Verticale ed orizzontale,Sereno,Normale,Buona,Ore Diurne,0,0,0,2,12.4878,41.8475,-1,,,,Pedone,M,Illeso,0,,,,
3966952,11,29/08/2018 10:10:00,Strada Urbana,VIALE PICO DELLA MIRANDOLA,all'intersezione semaforizzata con,VIA DI GROTTA PERFETTA,VIA DI GROTTA PERFETTA,,,Investimento di pedone,Intersezione semaforizzata,Due carreggiate,Asciutto,Asfaltata,Verticale ed orizzontale,Sereno,Normale,Buona,Ore Diurne,0,0,0,2,12.4878,41.8475,-1,1,Autovettura privata,In marcia / fermata / arresto,Conducente,F,Illeso,0,,Non accertato,,
3966961,5,29/08/2018 14:50:00,Strada Urbana,VIA TIBURTINA,in prossimit�,,del civico n.,722,,Tamponamento,Rettilineo,Due carreggiate,Asciutto,Asfaltata,Verticale ed orizzontale,Sereno,Normale,Buona,Ore Diurne,0,0,0,3,12.5519,41.9115,-1,1,Autovettura privata,In marcia / fermata / arresto,Conducente,F,Illeso,0,,Non accertato,Inesploso,
3966961,5,29/08/2018 14:50:00,Strada Urbana,VIA TIBURTINA,in prossimit�,,del civico n.,722,,Tamponamento,Rettilineo,Due carreggiate,Asciutto,Asfaltata,Verticale ed orizzontale,Sereno,Normale,Buona,Ore Diurne,0,0,0,3,12.5519,41.9115,-1,2,Autovettura privata,In marcia / fermata / arresto,Conducente,M,Illeso,0,,Non accertato,Inesploso,
3966961,5,29/08/2018 14:50:00,Strada Urbana,VIA TIBURTINA,in prossimit�,,del civico n.,722,,Tamponamento,Rettilineo,Due carreggiate,Asciutto,Asfaltata,Verticale ed orizzontale,Sereno,Normale,Buona,Ore Diurne,0,0,0,3,12.5519,41.9115,-1,2,Autovettura privata,In marcia / fermata / arresto,Passeggero,F,Illeso,0,,Non accertato,Inesploso,
3966966,13,29/08/2018 08:25:00,Strada Urbana,VIA DI PRATO CORNELIO,all'intersezione con,VIA CESARE MACCARI,VIA CESARE MACCARI,,,Scontro frontale/laterale SX fra veicoli in marcia,Incrocio,Una carreggiata a doppio senso,Asciutto,Asfaltata,Assente,Sereno,Normale,Buona,Ore Diurne,0,0,0,2,12.3626,41.7738,-1,1,Autovettura privata,In marcia / fermata / arresto,Conducente,M,Illeso,0,,Non accertato,Inesploso,
3966966,13,29/08/2018 08:25:00,Strada Urbana,VIA DI PRATO CORNELIO,all'intersezione con,VIA CESARE MACCARI,VIA CESARE MACCARI,,,Scontro frontale/laterale SX fra veicoli in marcia,Incrocio,Una carreggiata a doppio senso,Asciutto,Asfaltata,Assente,Sereno,Normale,Buona,Ore Diurne,0,0,0,2,12.3626,41.7738,-1,2,Autovettura privata,In marcia / fermata / arresto,Conducente,F,Illeso,0,,Non accertato,Inesploso,
3966967,15,29/08/2018 08:50:00,Strada Urbana,VIA DELLE VIGNE,all'intersezione con,VIA DI VIGNA GIRELLI,VIA DI VIGNA GIRELLI,,,Tamponamento,Incrocio,Una carreggiata a doppio senso,Asciutto,Asfaltata,Verticale,Sereno,Normale,Buona,Ore Diurne,0,0,0,6,12.422,41.8403,-1,1,Autovettura privata,In marcia / fermata / arresto,Conducente,F,Illeso,0,,,,
3966967,15,29/08/2018 08:50:00,Strada Urbana,VIA DELLE VIGNE,all'intersezione con,VIA DI VIGNA GIRELLI,VIA DI VIGNA GIRELLI,,,Tamponamento,Incrocio,Una carreggiata a doppio senso,Asciutto,Asfaltata,Verticale,Sereno,Normale,Buona,Ore Diurne,0,0,0,6,12.422,41.8403,-1,2,Autovettura privata,In marcia / fermata / arresto,Conducente,M,Illeso,0,,,,
3966967,15,29/08/2018 08:50:00,Strada Urbana,VIA DELLE VIGNE,all'intersezione con,VIA DI VIGNA GIRELLI,VIA DI VIGNA GIRELLI,,,Tamponamento,Incrocio,Una carreggiata a doppio senso,Asciutto,Asfaltata,Verticale,Sereno,Normale,Buona,Ore Diurne,0,0,0,6,12.422,41.8403,-1,2,Autovettura privata,In marcia / fermata / arresto,Passeggero,M,Illeso,0,,,,
3966967,15,29/08/2018 08:50:00,Strada Urbana,VIA DELLE VIGNE,all'intersezione con,VIA DI VIGNA GIRELLI,VIA DI VIGNA GIRELLI,,,Tamponamento,Incrocio,Una carreggiata a doppio senso,Asciutto,Asfaltata,Verticale,Sereno,Normale,Buona,Ore Diurne,0,0,0,6,12.422,41.8403,-1,2,Autovettura privata,In marcia / fermata / arresto,Passeggero,F,Illeso,0,,,,
3966967,15,29/08/2018 08:50:00,Strada Urbana,VIA DELLE VIGNE,all'intersezione con,VIA DI VIGNA GIRELLI,VIA DI VIGNA GIRELLI,,,Tamponamento,Incrocio,Una carreggiata a doppio senso,Asciutto,Asfaltata,Verticale,Sereno,Normale,Buona,Ore Diurne,0,0,0,6,12.422,41.8403,-1,2,Autovettura privata,In marcia / fermata / arresto,Passeggero,M,Illeso,0,,,,
3966967,15,29/08/2018 08:50:00,Strada Urbana,VIA DELLE VIGNE,all'intersezione con,VIA DI VIGNA GIRELLI,VIA DI VIGNA GIRELLI,,,Tamponamento,Incrocio,Una carreggiata a doppio senso,Asciutto,Asfaltata,Verticale,Sereno,Normale,Buona,Ore Diurne,0,0,0,6,12.422,41.8403,-1,2,Autovettura privata,In marcia / fermata / arresto,Passeggero,F,Illeso,0,,,,
3966982,20,29/08/2018 15:50:00,Strada Urbana,VIA DI VALLE MURICANA,in prossimit�,,del civico n.,491,,Tamponamento Multiplo,Rettilineo,Una carreggiata a doppio senso,Asciutto,Asfaltata,Verticale ed orizzontale,Sereno,Intenso,Buona,Ore Diurne,0,0,0,5,12.4673,42.0256,-1,1,Autovettura privata,In marcia / fermata / arresto,Conducente,M,Illeso,0,,Non accertato,Inesploso,
3966982,20,29/08/2018 15:50:00,Strada Urbana,VIA DI VALLE MURICANA,in prossimit�,,del civico n.,491,,Tamponamento Multiplo,Rettilineo,Una carreggiata a doppio senso,Asciutto,Asfaltata,Verticale ed orizzontale,Sereno,Intenso,Buona,Ore Diurne,0,0,0,5,12.4673,42.0256,-1,1,Autovettura privata,In marcia / fermata / arresto,Passeggero,F,Illeso,0,,Non accertato,Inesploso,
3966982,20,29/08/2018 15:50:00,Strada Urbana,VIA DI VALLE MURICANA,in prossimit�,,del civico n.,491,,Tamponamento Multiplo,Rettilineo,Una carreggiata a doppio senso,Asciutto,Asfaltata,Verticale ed orizzontale,Sereno,Intenso,Buona,Ore Diurne,0,0,0,5,12.4673,42.0256,-1,2,Autovettura privata,In marcia / fermata / arresto,Conducente,M,Illeso,0,,Non accertato,Inesploso,
3966982,20,29/08/2018 15:50:00,Strada Urbana,VIA DI VALLE MURICANA,in prossimit�,,del civico n.,491,,Tamponamento Multiplo,Rettilineo,Una carreggiata a doppio senso,Asciutto,Asfaltata,Verticale ed orizzontale,Sereno,Intenso,Buona,Ore Diurne,0,0,0,5,12.4673,42.0256,-1,2,Autovettura privata,In marcia / fermata / arresto,Passeggero,F,Illeso,0,,Non accertato,Inesploso,
3966982,20,29/08/2018 15:50:00,Strada Urbana,VIA DI VALLE MURICANA,in prossimit�,,del civico n.,491,,Tamponamento Multiplo,Rettilineo,Una carreggiata a doppio senso,Asciutto,Asfaltata,Verticale ed orizzontale,Sereno,Intenso,Buona,Ore Diurne,0,0,0,5,12.4673,42.0256,-1,3,Autovettura privata,In marcia / fermata / arresto,Conducente,M,Illeso,0,,Non accertato,Inesploso,
3966983,10,29/08/2018 18:45:00,Strada Urbana,VIA DELLE CAPANNELLE,da specificare,,,,fronte palo ACEA n�91,Tamponamento Multiplo,Rettilineo,Una carreggiata a doppio senso,Asciutto,Asfaltata,Verticale ed orizzontale,Sereno,Normale,Buona,Ore Diurne,2,0,0,3,12.565,41.8278,-1,1,Autovettura privata,In marcia / fermata / arresto,Conducente,F,Illeso,0,,Non accertato,Inesploso,
3966983,10,29/08/2018 18:45:00,Strada Urbana,VIA DELLE CAPANNELLE,da specificare,,,,fronte palo ACEA n�91,Tamponamento Multiplo,Rettilineo,Una carreggiata a doppio senso,Asciutto,Asfaltata,Verticale ed orizzontale,Sereno,Normale,Buona,Ore Diurne,2,0,0,3,12.565,41.8278,-1,2,Autovettura privata,In marcia / fermata / arresto,Conducente,F,Rimandato,0,NON DECEDUTO,Non accertato,Inesploso,
3966983,10,29/08/2018 18:45:00,Strada Urbana,VIA DELLE CAPANNELLE,da specificare,,,,fronte palo ACEA n�91,Tamponamento Multiplo,Rettilineo,Una carreggiata a doppio senso,Asciutto,Asfaltata,Verticale ed orizzontale,Sereno,Normale,Buona,Ore Diurne,2,0,0,3,12.565,41.8278,-1,3,Autovettura privata,In marcia / fermata / arresto,Conducente,F,Illeso,0,,Non accertato,Inesploso,
3966983,10,29/08/2018 18:45:00,Strada Urbana,VIA DELLE CAPANNELLE,da specificare,,,,fronte palo ACEA n�91,Tamponamento Multiplo,Rettilineo,Una carreggiata a doppio senso,Asciutto,Asfaltata,Verticale ed orizzontale,Sereno,Normale,Buona,Ore Diurne,2,0,0,3,12.565,41.8278,-1,3,Autovettura privata,In marcia / fermata / arresto,Passeggero,F,Rimandato,0,NON DECEDUTO,Non accertato,Inesploso,
3966983,10,29/08/2018 18:45:00,Strada Urbana,VIA DELLE CAPANNELLE,da specificare,,,,fronte palo ACEA n�91,Tamponamento Multiplo,Rettilineo,Una carreggiata a doppio senso,Asciutto,Asfaltata,Verticale ed orizzontale,Sereno,Normale,Buona,Ore Diurne,2,0,0,3,12.565,41.8278,-1,3,Autovettura privata,In marcia / fermata / arresto,Passeggero,F,Illeso,0,,Utilizzato,Inesploso,
3966984,20,29/08/2018 18:40:00,Strada Urbana,VIA CASSIA,in prossimit�,,del civico n.,390,,Ribaltamento senza urto contro ostacolo fisso,Curva senza visuale libera,Una carreggiata a doppio senso,Asciutto,Asfaltata,Orizzontale,Sereno,Normale,Buona,Ore Diurne,0,0,0,2,12.4573,41.9561,-1,1,Quadriciclo leggero,In marcia / fermata / arresto,Conducente,M,Illeso,0,,Non accertato,,
3966984,20,29/08/2018 18:40:00,Strada Urbana,VIA CASSIA,in prossimit�,,del civico n.,390,,Ribaltamento senza urto contro ostacolo fisso,Curva senza visuale libera,Una carreggiata a doppio senso,Asciutto,Asfaltata,Orizzontale,Sereno,Normale,Buona,Ore Diurne,0,0,0,2,12.4573,41.9561,-1,1,Quadriciclo leggero,In marcia / fermata / arresto,Passeggero,M,Illeso,0,,Non accertato,,
3966996,13,29/08/2018 12:00:00,Strada Urbana,VIALE DEI PROMONTORI,in prossimit�,,del civico n.,170,,Scontro frontale/laterale SX fra veicoli in marcia,Rettilineo,Due carreggiate,Asciutto,Asfaltata,Assente,Sereno,Normale,Buona,Ore Diurne,0,0,0,4,12.2905,41.7379,-1,1,Autovettura privata,In marcia / fermata / arresto,Conducente,M,Illeso,0,,Non accertato,Inesploso,
3966996,13,29/08/2018 12:00:00,Strada Urbana,VIALE DEI PROMONTORI,in prossimit�,,del civico n.,170,,Scontro frontale/laterale SX fra veicoli in marcia,Rettilineo,Due carreggiate,Asciutto,Asfaltata,Assente,Sereno,Normale,Buona,Ore Diurne,0,0,0,4,12.2905,41.7379,-1,1,Autovettura privata,In marcia / fermata / arresto,Passeggero,F,Illeso,0,,Non accertato,,