Protocollo,Gruppo,DataOraIncidente,Localizzazione1,STRADA1,Localizzazione2,STRADA2,Strada02,Chilometrica,DaSpecificare,NaturaIncidente,particolaritastrade,TipoStrada,FondoStradale,Pavimentazione,Segnaletica,CondizioneAtmosferica,Traffico,Visibilita,Illuminazione,NUM_FERITI,NUM_RISERVATA,NUM_MORTI,NUM_ILLESI,Longitudine,Latitudine,Confermato,Progressivo,TipoVeicolo,StatoVeicolo,TipoPersona,Sesso,Tipolesione,Deceduto,DecedutoDopo,CinturaCascoUtilizzato,Airbag,
3966996,13,29/08/2018 12:00:00,Strada Urbana,VIALE DEI PROMONTORI,in prossimit�,,del civico n.,170,,Scontro frontale/laterale SX fra veicoli in marcia,Rettilineo,Due carreggiate,Asciutto,Asfaltata,Assente,Sereno,Normale,Buona,Ore Diurne,0,0,0,4,12.2905,41.7379,-1,1,Autovettura privata,In marcia / fermata / arresto,Passeggero,M,Illeso,0,,Non accertato,,
3966996,13,29/08/2018 12:00:00,Strada Urbana,VIALE DEI PROMONTORI,in prossimit�,,del civico n.,170,,Scontro frontale/laterale SX fra veicoli in marcia,Rettilineo,Due carreggiate,Asciutto,Asfaltata,Assente,Sereno,Normale,Buona,Ore Diurne,0,0,0,4,12.2905,41.7379,-1,2,Autocarro inferiore 35 q.,In marcia / fermata / arresto,Conducente,M,Illeso,0,,Non accertato,Inesploso,
3967005,7,29/08/2018 18:20:00,Strada Urbana,VIA PRENESTINA,da specificare,,,,gra prov firenze,Scontro frontale/laterale DX fra veicoli in marcia,Rettilineo,Una carreggiata a doppio senso,Asciutto,Asfaltata,Verticale ed orizzontale,Sereno,Normale,Buona,Ore Diurne,0,0,0,2,12.6142,41.8933,-1,1,Autocarro inferiore 35 q.,In marcia / fermata / arresto,Conducente,M,Illeso,0,,,,
3967005,7,29/08/2018 18:20:00,Strada Urbana,VIA PRENESTINA,da specificare,,,,gra prov firenze,Scontro frontale/laterale DX fra veicoli in marcia,Rettilineo,Una carreggiata a doppio senso,Asciutto,Asfaltata,Verticale ed orizzontale,Sereno,Normale,Buona,Ore Diurne,0,0,0,2,12.6142,41.8933,-1,2,Autovettura privata,In marcia / fermata / arresto,Conducente,F,Illeso,0,,,,
3967009,13,29/08/2018 12:00:00,Strada Urbana,VIA DI MACCHIA SAPONARA,all'intersezione con,VIA ALBERICO CRESCITELLI,VIA ALBERICO CRESCITELLI,,,Scontro frontale/laterale SX fra veicoli in marcia,Intersezione semaforizzata,Una carreggiata a doppio senso,Asciutto,Asfaltata,Verticale ed orizzontale,Sereno,Normale,Buona,Ore Diurne,0,0,0,4,12.3576,41.7675,-1,1,Autovettura privata,In marcia / fermata / arresto,Conducente,M,Illeso,0,,Non accertato,Inesploso,
3967009,13,29/08/2018 12:00:00,Strada Urbana,VIA DI MACCHIA SAPONARA,all'intersezione con,VIA ALBERICO CRESCITELLI,VIA ALBERICO CRESCITELLI,,,Scontro frontale/laterale SX fra veicoli in marcia,Intersezione semaforizzata,Una carreggiata a doppio senso,Asciutto,Asfaltata,Verticale ed orizzontale,Sereno,Normale,Buona,Ore Diurne,0,0,0,4,12.3576,41.7675,-1,1,Autovettura privata,In marcia / fermata / arresto,Passeggero,F,Illeso,0,,Non accertato,Esploso,
3967009,13,29/08/2018 12:00:00,Strada Urbana,VIA DI MACCHIA SAPONARA,all'intersezione con,VIA ALBERICO CRESCITELLI,VIA ALBERICO CRESCITELLI,,,Scontro frontale/laterale SX fra veicoli in marcia,Intersezione semaforizzata,Una carreggiata a doppio senso,Asciutto,Asfaltata,Verticale ed orizzontale,Sereno,Normale,Buona,Ore Diurne,0,0,0,4,12.3576,41.7675,-1,2,Autovettura privata,In marcia / fermata / arresto,Conducente,F,Illeso,0,,Non accertato,Inesploso,
3967009,13,29/08/2018 12:00:00,Strada Urbana,VIA DI MACCHIA SAPONARA,all'intersezione con,VIA ALBERICO CRESCITELLI,VIA ALBERICO CRESCITELLI,,,Scontro frontale/laterale SX fra veicoli in marcia,Intersezione semaforizzata,Una carreggiata a doppio senso,Asciutto,Asfaltata,Verticale ed orizzontale,Sereno,Normale,Buona,Ore Diurne,0,0,0,4,12.3576,41.7675,-1,2,Autovettura privata,In marcia / fermata / arresto,Passeggero,F,Illeso,0,,Non accertato,Inesploso,
3967025,20,29/08/2018 16:15:00,Statale,VIA FLAMINIA,all'intersezione con,VIA SACROFANESE,VIA SACROFANESE,,,Scontro laterale fra veicoli in marcia,Intersezione stradale segnalata,Una carreggiata a doppio senso,Asciutto,Asfaltata,Verticale ed orizzontale,Sereno,Normale,Buona,Ore Diurne,0,0,0,3,12.4718,41.9419,-1,1,Autovettura privata,In marcia / fermata / arresto,Conducente,M,Illeso,0,,,,
3967025,20,29/08/2018 16:15:00,Statale,VIA FLAMINIA,all'intersezione con,VIA SACROFANESE,VIA SACROFANESE,,,Scontro laterale fra veicoli in marcia,Intersezione stradale segnalata,Una carreggiata a doppio senso,Asciutto,Asfaltata,Verticale ed orizzontale,Sereno,Normale,Buona,Ore Diurne,0,0,0,3,12.4718,41.9419,-1,2,Motociclo con passeggero,In marcia / fermata / arresto,Conducente,M,Illeso,0,,,,
3967025,20,29/08/2018 16:15:00,Statale,VIA FLAMINIA,all'intersezione con,VIA SACROFANESE,VIA SACROFANESE,,,Scontro laterale fra veicoli in marcia,Intersezione stradale segnalata,Una carreggiata a doppio senso,Asciutto,Asfaltata,Verticale ed orizzontale,Sereno,Normale,Buona,Ore Diurne,0,0,0,3,12.4718,41.9419,-1,2,Motociclo con passeggero,In marcia / fermata / arresto,Passeggero,F,Illeso,0,,,,
3967028,16,29/08/2018 10:50:00,Strada Urbana,VIA DI AFFOGALASINO,in prossimit�,,del civico n.,30,,Scontro frontale/laterale SX fra veicoli in marcia,Curva senza visuale libera,Una carreggiata a doppio senso,Asciutto,Asfaltata,Verticale ed orizzontale,Sereno,Normale,Buona,Ore Diurne,1,0,0,1,12.4336,41.8637,-1,1,Motociclo a solo,In marcia / fermata / arresto,Conducente,M,Rimandato,0,NON DECEDUTO,Non accertato,,
3967028,16,29/08/2018 10:50:00,Strada Urbana,VIA DI AFFOGALASINO,in prossimit�,,del civico n.,30,,Scontro frontale/laterale SX fra veicoli in marcia,Curva senza visuale libera,Una carreggiata a doppio senso,Asciutto,Asfaltata,Verticale ed orizzontale,Sereno,Normale,Buona,Ore Diurne,1,0,0,1,12.4336,41.8637,-1,2,Autovettura privata,In marcia / fermata / arresto,Conducente,M,Illeso,0,,Non accertato,Inesploso,
3967035,12,29/08/2018 15:10:00,Strada Urbana,VIA CRISTOFORO COLOMBO,all'intersezione semaforizzata con,VIALE EUROPA,VIALE EUROPA,,,Investimento di pedone,Intersezione semaforizzata,Due carreggiate,Asciutto,Asfaltata,Verticale ed orizzontale,Sereno,Normale,Buona,Ore Diurne,0,0,0,2,12.4695,41.8308,-1,,,,Pedone,F,Illeso,0,,,,
3967035,12,29/08/2018 15:10:00,Strada Urbana,VIA CRISTOFORO COLOMBO,all'intersezione semaforizzata con,VIALE EUROPA,VIALE EUROPA,,,Investimento di pedone,Intersezione semaforizzata,Due carreggiate,Asciutto,Asfaltata,Verticale ed orizzontale,Sereno,Normale,Buona,Ore Diurne,0,0,0,2,12.4695,41.8308,-1,1,Autovettura privata,In marcia / fermata / arresto,Conducente,F,Illeso,0,,Utilizzato,Inesploso,
3967039,13,29/08/2018 16:30:00,Strada Urbana,VIA DI MACCHIA SAPONARA,in prossimit�,,del civico n.,50,,Tamponamento,Rettilineo,Due carreggiate,Asciutto,Asfaltata,Assente,Sereno,Normale,Buona,Ore Diurne,0,0,0,4,12.3511,41.7773,-1,1,Autovettura privata,In marcia / fermata / arresto,Conducente,M,Illeso,0,,Non accertato,Inesploso,
3967039,13,29/08/2018 16:30:00,Strada Urbana,VIA DI MACCHIA SAPONARA,in prossimit�,,del civico n.,50,,Tamponamento,Rettilineo,Due carreggiate,Asciutto,Asfaltata,Assente,Sereno,Normale,Buona,Ore Diurne,0,0,0,4,12.3511,41.7773,-1,1,Autovettura privata,In marcia / fermata / arresto,Passeggero,M,Illeso,0,,Non accertato,Inesploso,
3967039,13,29/08/2018 16:30:00,Strada Urbana,VIA DI MACCHIA SAPONARA,in prossimit�,,del civico n.,50,,Tamponamento,Rettilineo,Due carreggiate,Asciutto,Asfaltata,Assente,Sereno,Normale,Buona,Ore Diurne,0,0,0,4,12.3511,41.7773,-1,1,Autovettura privata,In marcia / fermata / arresto,Passeggero,M,Illeso,0,,Non accertato,Inesploso,
3967039,13,29/08/2018 16:30:00,Strada Urbana,VIA DI MACCHIA SAPONARA,in prossimit�,,del civico n.,50,,Tamponamento,Rettilineo,Due carreggiate,Asciutto,Asfaltata,Assente,Sereno,Normale,Buona,Ore Diurne,0,0,0,4,12.3511,41.7773,-1,2,Autovettura privata,In marcia / fermata / arresto,Conducente,M,Illeso,0,,Non accertato,Inesploso,
3967045,16,29/08/2018 13:10:00,Strada Urbana,VIA DI BRAVETTA,all'intersezione con,VIA DELLA PISANA,VIA DELLA PISANA,,,Scontro frontale fra veicoli in marcia,Intersezione stradale segnalata,Due carreggiate,Asciutto,Asfaltata,Verticale ed orizzontale,Sereno,Normale,Buona,Ore Diurne,0,0,0,3,12.4257,41.8762,-1,1,Autovettura privata,In marcia / fermata / arresto,Conducente,M,Illeso,0,,Non accertato,,
3967045,16,29/08/2018 13:10:00,Strada Urbana,VIA DI BRAVETTA,all'intersezione con,VIA DELLA PISANA,VIA DELLA PISANA,,,Scontro frontale fra veicoli in marcia,Intersezione stradale segnalata,Due carreggiate,Asciutto,Asfaltata,Verticale ed orizzontale,Sereno,Normale,Buona,Ore Diurne,0,0,0,3,12.4257,41.8762,-1,1,Autovettura privata,In marcia / fermata / arresto,Passeggero,F,Illeso,0,,,,
3967045,16,29/08/2018 13:10:00,Strada Urbana,VIA DI BRAVETTA,all'intersezione con,VIA DELLA PISANA,VIA DELLA PISANA,,,Scontro frontale fra veicoli in marcia,Intersezione stradale segnalata,Due carreggiate,Asciutto,Asfaltata,Verticale ed orizzontale,Sereno,Normale,Buona,Ore Diurne,0,0,0,3,12.4257,41.8762,-1,2,Autovettura privata,In marcia / fermata / arresto,Conducente,M,Illeso,0,,Non accertato,,
3967046,4,29/08/2018 09:30:00,Strada Urbana,VIA DEI PRATI FISCALI,da specificare,,,,f.c. 251,Tamponamento,Rettilineo,Due carreggiate,Asciutto,Asfaltata,Verticale ed orizzontale,Sereno,Normale,Buona,Ore Diurne,0,0,0,4,12.5165,41.9461,-1,1,Autovettura privata,In marcia / fermata / arresto,Conducente,F,Illeso,0,,,,
3967046,4,29/08/2018 09:30:00,Strada Urbana,VIA DEI PRATI FISCALI,da specificare,,,,f.c. 251,Tamponamento,Rettilineo,Due carreggiate,Asciutto,Asfaltata,Verticale ed orizzontale,Sereno,Normale,Buona,Ore Diurne,0,0,0,4,12.5165,41.9461,-1,2,Autovettura privata,In marcia / fermata / arresto,Conducente,M,Illeso,0,,,,
3967046,4,29/08/2018 09:30:00,Strada Urbana,VIA DEI PRATI FISCALI,da specificare,,,,f.c. 251,Tamponamento,Rettilineo,Due carreggiate,Asciutto,Asfaltata,Verticale ed orizzontale,Sereno,Normale,Buona,Ore Diurne,0,0,0,4,12.5165,41.9461,-1,2,Autovettura privata,In marcia / fermata / arresto,Passeggero,F,Illeso,0,,,,
3967046,4,29/08/2018 09:30:00,Strada Urbana,VIA DEI PRATI FISCALI,da specificare,,,,f.c. 251,Tamponamento,Rettilineo,Due carreggiate,Asciutto,Asfaltata,Verticale ed orizzontale,Sereno,Normale,Buona,Ore Diurne,0,0,0,4,12.5165,41.9461,-1,2,Autovettura privata,In marcia / fermata / arresto,Passeggero,M,Illeso,0,,,,
3967054,13,29/08/2018 18:00:00,Strada Urbana,VICOLO DI TOR BOACCIANA,all'intersezione con,VIA DI TOR BOACCIANA,VIA DI TOR BOACCIANA,,,Scontro frontale/laterale DX fra veicoli in marcia,Intersezione stradale segnalata,Una carreggiata a doppio senso,Asciutto,Asfaltata,Verticale ed orizzontale,Sereno,Intenso,Buona,Ore Diurne,1,0,0,2,12.2796,41.7527,-1,1,Autovettura privata,In marcia / fermata / arresto,Conducente,M,Illeso,0,,Non accertato,Inesploso,
3967054,13,29/08/2018 18:00:00,Strada Urbana,VICOLO DI TOR BOACCIANA,all'intersezione con,VIA DI TOR BOACCIANA,VIA DI TOR BOACCIANA,,,Scontro frontale/laterale DX fra veicoli in marcia,Intersezione stradale segnalata,Una carreggiata a doppio senso,Asciutto,Asfaltata,Verticale ed orizzontale,Sereno,Intenso,Buona,Ore Diurne,1,0,0,2,12.2796,41.7527,-1,1,Autovettura privata,In marcia / fermata / arresto,Passeggero,M,Illeso,0,,Non accertato,Inesistente,
3967054,13,29/08/2018 18:00:00,Strada Urbana,VICOLO DI TOR BOACCIANA,all'intersezione con,VIA DI TOR BOACCIANA,VIA DI TOR BOACCIANA,,,Scontro frontale/laterale DX fra veicoli in marcia,Intersezione stradale segnalata,Una carreggiata a doppio senso,Asciutto,Asfaltata,Verticale ed orizzontale,Sereno,Intenso,Buona,Ore Diurne,1,0,0,2,12.2796,41.7527,-1,2,Motociclo a solo,In marcia / fermata / arresto,Conducente,M,Rimandato,0,NON DECEDUTO,Non accertato,,
3967064,19,30/08/2018 07:10:00,Strada Urbana,VIA PIETRO GASPARRI,all'intersezione con,VIA GEROLAMO ALEANDRO,VIA GEROLAMO ALEANDRO,,,Scontro frontale/laterale SX fra veicoli in marcia,Incrocio,Una carreggiata a doppio senso,Asciutto,Asfaltata,Assente,Sereno,Scarso,Buona,Ore Diurne,0,0,0,2,12.4145,41.9207,-1,1,Autovettura privata,In marcia / fermata / arresto,Conducente,F,Illeso,0,,Non accertato,Inesploso,
3967064,19,30/08/2018 07:10:00,Strada Urbana,VIA PIETRO GASPARRI,all'intersezione con,VIA GEROLAMO ALEANDRO,VIA GEROLAMO ALEANDRO,,,Scontro frontale/laterale SX fra veicoli in marcia,Incrocio,Una carreggiata a doppio senso,Asciutto,Asfaltata,Assente,Sereno,Scarso,Buona,Ore Diurne,0,0,0,2,12.4145,41.9207,-1,2,Autovettura privata,In marcia / fermata / arresto,Conducente,M,Illeso,0,,Non accertato,Inesploso,
3967078,1,29/08/2018 19:15:00,Strada Urbana,VIA DEI SERPENTI,all'intersezione semaforizzata con,VIA CAVOUR,VIA CAVOUR,,,Scontro laterale fra veicoli in marcia,Intersezione semaforizzata,Una carreggiata a senso unico di marcia,Asciutto,Asfaltata,Verticale ed orizzontale,Sereno,Normale,Buona,Ore Diurne,0,0,0,6,12.4903,41.8961,-1,1,Autovettura privata,In marcia / fermata / arresto,Conducente,F,Illeso,0,,Non accertato,Inesploso,
3967078,1,29/08/2018 19:15:00,Strada Urbana,VIA DEI SERPENTI,all'intersezione semaforizzata con,VIA CAVOUR,VIA CAVOUR,,,Scontro laterale fra veicoli in marcia,Intersezione semaforizzata,Una carreggiata a senso unico di marcia,Asciutto,Asfaltata,Verticale ed orizzontale,Sereno,Normale,Buona,Ore Diurne,0,0,0,6,12.4903,41.8961,-1,1,Autovettura privata,In marcia / fermata / arresto,Passeggero,F,Illeso,0,,Non accertato,,
3967078,1,29/08/2018 19:15:00,Strada Urbana,VIA DEI SERPENTI,all'intersezione semaforizzata con,VIA CAVOUR,VIA CAVOUR,,,Scontro laterale fra veicoli in marcia,Intersezione semaforizzata,Una carreggiata a senso unico di marcia,Asciutto,Asfaltata,Verticale ed orizzontale,Sereno,Normale,Buona,Ore Diurne,0,0,0,6,12.4903,41.8961,-1,2,Autovettura privata,In marcia / fermata / arresto,Conducente,M,Illeso,0,,Non accertato,Inesploso,
3967078,1,29/08/2018 19:15:00,Strada Urbana,VIA DEI SERPENTI,all'intersezione semaforizzata con,VIA CAVOUR,VIA CAVOUR,,,Scontro laterale fra veicoli in marcia,Intersezione semaforizzata,Una carreggiata a senso unico di marcia,Asciutto,Asfaltata,Verticale ed orizzontale,Sereno,Normale,Buona,Ore Diurne,0,0,0,6,12.4903,41.8961,-1,2,Autovettura privata,In marcia / fermata / arresto,Passeggero,M,Illeso,0,,Non accertato,,
3967078,1,29/08/2018 19:15:00,Strada Urbana,VIA DEI SERPENTI,all'intersezione semaforizzata con,VIA CAVOUR,VIA CAVOUR,,,Scontro laterale fra veicoli in marcia,Intersezione semaforizzata,Una carreggiata a senso unico di marcia,Asciutto,Asfaltata,Verticale ed orizzontale,Sereno,Normale,Buona,Ore Diurne,0,0,0,6,12.4903,41.8961,-1,2,Autovettura privata,In marcia / fermata / arresto,Passeggero,F,Illeso,0,,Non accertato,,
3967078,1,29/08/2018 19:15:00,Strada Urbana,VIA DEI SERPENTI,all'intersezione semaforizzata con,VIA CAVOUR,VIA CAVOUR,,,Scontro laterale fra veicoli in marcia,Intersezione semaforizzata,Una carreggiata a senso unico di marcia,Asciutto,Asfaltata,Verticale ed orizzontale,Sereno,Normale,Buona,Ore Diurne,0,0,0,6,12.4903,41.8961,-1,2,Autovettura privata,In marcia / fermata / arresto,Passeggero,M,Illeso,0,,Non accertato,,
3967107,13,29/08/2018 20:00:00,Strada Urbana,VIA LEOPOLDO ORI,all'intersezione con,VIA BERNARDINO DA MONTICASTRO,VIA BERNARDINO DA MONTICASTRO,,,Scontro frontale/laterale DX fra veicoli in marcia,Incrocio,Una carreggiata a doppio senso,Asciutto,Asfaltata,Assente,Sereno,Normale,Sufficiente,Ore Diurne,0,0,0,3,12.314,41.7167,-1,1,Autovettura privata,In marcia / fermata / arresto,Conducente,M,Illeso,0,,Non accertato,Inesploso,
3967107,13,29/08/2018 20:00:00,Strada Urbana,VIA LEOPOLDO ORI,all'intersezione con,VIA BERNARDINO DA MONTICASTRO,VIA BERNARDINO DA MONTICASTRO,,,Scontro frontale/laterale DX fra veicoli in marcia,Incrocio,Una carreggiata a doppio senso,Asciutto,Asfaltata,Assente,Sereno,Normale,Sufficiente,Ore Diurne,0,0,0,3,12.314,41.7167,-1,1,Autovettura privata,In marcia / fermata / arresto,Passeggero,M,Illeso,0,,Non accertato,,
3967107,13,29/08/2018 20:00:00,Strada Urbana,VIA LEOPOLDO ORI,all'intersezione con,VIA BERNARDINO DA MONTICASTRO,VIA BERNARDINO DA MONTICASTRO,,,Scontro frontale/laterale DX fra veicoli in marcia,Incrocio,Una carreggiata a doppio senso,Asciutto,Asfaltata,Assente,Sereno,Normale,Sufficiente,Ore Diurne,0,0,0,3,12.314,41.7167,-1,2,Autovettura privata,In marcia / fermata / arresto,Conducente,M,Illeso,0,,Non accertato,Esploso,
3967108,1,29/08/2018 17:10:00,Strada Urbana,VIA BUONARROTI,in prossimit�,,del civico n.,7,,Scontro laterale fra veicoli in marcia,Rettilineo,Una carreggiata a senso unico di marcia,Asciutto,In cubetti di porfido,Verticale ed orizzontale,Sereno,Scarso,Buona,Ore Diurne,0,0,0,3,,,0,1,Autovettura privata,In marcia / fermata / arresto,Conducente,M,Illeso,0,,Non accertato,Inesploso,
3967108,1,29/08/2018 17:10:00,Strada Urbana,VIA BUONARROTI,in prossimit�,,del civico n.,7,,Scontro laterale fra veicoli in marcia,Rettilineo,Una carreggiata a senso unico di marcia,Asciutto,In cubetti di porfido,Verticale ed orizzontale,Sereno,Scarso,Buona,Ore Diurne,0,0,0,3,,,0,1,Autovettura privata,In marcia / fermata / arresto,Passeggero,M,Illeso,0,,,,
3967108,1,29/08/2018 17:10:00,Strada Urbana,VIA BUONARROTI,in prossimit�,,del civico n.,7,,Scontro laterale fra veicoli in marcia,Rettilineo,Una carreggiata a senso unico di marcia,Asciutto,In cubetti di porfido,Verticale ed orizzontale,Sereno,Scarso,Buona,Ore Diurne,0,0,0,3,,,0,2,Autovettura privata,In marcia / fermata / arresto,Conducente,M,Illeso,0,,Non accertato,Inesploso,
3967132,17,29/08/2018 11:30:00,Strada Urbana,CIRCONVALLAZIONE CLODIA,all'intersezione con,VIA FASANA,VIA FASANA,,,Scontro laterale fra veicoli in marcia,Incrocio,Due carreggiate,Asciutto,Asfaltata,Verticale ed orizzontale,Sereno,Normale,Buona,Ore Diurne,1,0,0,1,12.4572,41.9196,-1,1,Autovettura privata,In marcia / fermata / arresto,Conducente,M,Illeso,0,,,,
3967132,17,29/08/2018 11:30:00,Strada Urbana,CIRCONVALLAZIONE CLODIA,all'intersezione con,VIA FASANA,VIA FASANA,,,Scontro laterale fra veicoli in marcia,Incrocio,Due carreggiate,Asciutto,Asfaltata,Verticale ed orizzontale,Sereno,Normale,Buona,Ore Diurne,1,0,0,1,12.4572,41.9196,-1,2,Motociclo a solo,In marcia / fermata / arresto,Conducente,M,Rimandato,0,NON DECEDUTO,Non accertato,,
3967133,1,30/08/2018 04:50:00,Strada Urbana,PIAZZA VITTORIO EMANUELE II,all'intersezione con,VIA CONTE VERDE,VIA CONTE VERDE,,,Scontro frontale/laterale SX fra veicoli in marcia,Incrocio,Una carreggiata a doppio senso,Asciutto,In cubetti di porfido,Orizzontale,Sereno,Scarso,Buona,Sufficiente,0,0,0,6,12.5057,41.8938,-1,1,Autovettura privata,In marcia / fermata / arresto,Conducente,M,Illeso,0,,Non accertato,Inesploso,
3967133,1,30/08/2018 04:50:00,Strada Urbana,PIAZZA VITTORIO EMANUELE II,all'intersezione con,VIA CONTE VERDE,VIA CONTE VERDE,,,Scontro frontale/laterale SX fra veicoli in marcia,Incrocio,Una carreggiata a doppio senso,Asciutto,In cubetti di porfido,Orizzontale,Sereno,Scarso,Buona,Sufficiente,0,0,0,6,12.5057,41.8938,-1,1,Autovettura privata,In marcia / fermata / arresto,Passeggero,M,Illeso,0,,Non accertato,,
3967133,1,30/08/2018 04:50:00,Strada Urbana,PIAZZA VITTORIO EMANUELE II,all'intersezione con,VIA CONTE VERDE,VIA CONTE VERDE,,,Scontro frontale/laterale SX fra veicoli in marcia,Incrocio,Una carreggiata a doppio senso,Asciutto,In cubetti di porfido,Orizzontale,Sereno,Scarso,Buona,Sufficiente,0,0,0,6,12.5057,41.8938,-1,1,Autovettura privata,In marcia / fermata / arresto,Passeggero,F,Illeso,0,,Non accertato,,
3967133,1,30/08/2018 04:50:00,Strada Urbana,PIAZZA VITTORIO EMANUELE II,all'intersezione con,VIA CONTE VERDE,VIA CONTE VERDE,,,Scontro frontale/laterale SX fra veicoli in marcia,Incrocio,Una carreggiata a doppio senso,Asciutto,In cubetti di porfido,Orizzontale,Sereno,Scarso,Buona,Sufficiente,0,0,0,6,12.5057,41.8938,-1,2,Autovettura privata,In marcia / fermata / arresto,Conducente,M,Illeso,0,,Non accertato,Inesploso,
3967133,1,30/08/2018 04:50:00,Strada Urbana,PIAZZA VITTORIO EMANUELE II,all'intersezione con,VIA CONTE VERDE,VIA CONTE VERDE,,,Scontro frontale/laterale SX fra veicoli in marcia,Incrocio,Una carreggiata a doppio senso,Asciutto,In cubetti di porfido,Orizzontale,Sereno,Scarso,Buona,Sufficiente,0,0,0,6,12.5057,41.8938,-1,2,Autovettura privata,In marcia / fermata / arresto,Passeggero,M,Illeso,0,,Non accertato,,
3967142,4,29/08/2018 12:30:00,Strada Urbana,VIA CHIUSI,in prossimit�,,del civico n.,49,,Scontro laterale fra veicoli in marcia,Rettilineo,Una carreggiata a senso unico di marcia,Asciutto,Asfaltata,Assente,Sereno,Scarso,Buona,Ore Diurne,0,0,0,4,12.5125,41.9509,-1,1,Autovettura privata,In marcia / fermata / arresto,Conducente,F,Illeso,0,,,,
3967142,4,29/08/2018 12:30:00,Strada Urbana,VIA CHIUSI,in prossimit�,,del civico n.,49,,Scontro laterale fra veicoli in marcia,Rettilineo,Una carreggiata a senso unico di marcia,Asciutto,Asfaltata,Assente,Sereno,Scarso,Buona,Ore Diurne,0,0,0,4,12.5125,41.9509,-1,1,Autovettura privata,In marcia / fermata / arresto,Passeggero,F,Illeso,0,,,,
3967142,4,29/08/2018 12:30:00,Strada Urbana,VIA CHIUSI,in prossimit�,,del civico n.,49,,Scontro laterale fra veicoli in marcia,Rettilineo,Una carreggiata a senso unico di marcia,Asciutto,Asfaltata,Assente,Sereno,Scarso,Buona,Ore Diurne,0,0,0,4,12.5125,41.9509,-1,1,Autovettura privata,In marcia / fermata / arresto,Passeggero,M,Illeso,0,,,,
3967142,4,29/08/2018 12:30:00,Strada Urbana,VIA CHIUSI,in prossimit�,,del civico n.,49,,Scontro laterale fra veicoli in marcia,Rettilineo,Una carreggiata a senso unico di marcia,Asciutto,Asfaltata,Assente,Sereno,Scarso,Buona,Ore Diurne,0,0,0,4,12.5125,41.9509,-1,2,Autovettura privata,In marcia / fermata / arresto,Conducente,M,Illeso,0,,,,
3967172,4,29/08/2018 19:00:00,Strada Urbana,VIA DELLE VIGNE NUOVE,da specificare,,,,prossimit� LARGO FRATELLI LUMIERE,Tamponamento,Rettilineo,Due carreggiate,Asciutto,Asfaltata,Orizzontale,Sereno,Intenso,Buona,Ore Diurne,0,0,0,2,12.5358,41.9554,-1,1,Autovettura privata,In marcia / fermata / arresto,Conducente,M,Illeso,0,,,,
3967172,4,29/08/2018 19:00:00,Strada Urbana,VIA DELLE VIGNE NUOVE,da specificare,,,,prossimit� LARGO FRATELLI LUMIERE,Tamponamento,Rettilineo,Due carreggiate,Asciutto,Asfaltata,Orizzontale,Sereno,Intenso,Buona,Ore Diurne,0,0,0,2,12.5358,41.9554,-1,2,Autobus di linea,In marcia / fermata / arresto,Conducente,M,Illeso,0,,,,
3967175,9,21/08/2018 16:30:00,Strada Urbana,VIA GINO CAPPONI,in corrispondenza,,del civico n.,170,,Veicolo in marcia contro veicolo in sosta,Rettilineo,Una carreggiata a senso unico di marcia,Asciutto,Asfaltata,Assente,Sereno,Normale,Buona,Ore Diurne,0,0,0,1,12.5177,41.8733,-1,1,Autocarro superiore 35 q.,In marcia / fermata / arresto,Conducente,M,Illeso,0,,,,
3967185,23,29/08/2018 12:20:00,Comunale extraurbana,VIA CRISTOFORO COLOMBO,in prossimit�,,della chilometrica,14.1,,Veicolo in marcia contro ostacolo fisso,Rettilineo,Pi� di due carreggiate,Asciutto,Asfaltata,Verticale ed orizzontale,Sereno,Normale,Buona,Ore Diurne,1,0,0,0,12.4121,41.786,-1,1,Autovettura privata,In marcia / fermata / arresto,Conducente,M,Rifiuta cure immediate,0,NON DECEDUTO,Non accertato,Esploso,
3967191,23,29/08/2018 15:30:00,Strada Urbana,PIAZZALE CRISTOFORO COLOMBO,all'intersezione con,VIA CRISTOFORO COLOMBO,VIA CRISTOFORO COLOMBO,,,Scontro laterale fra veicoli in marcia,Intersezione stradale segnalata,Pi� di due carreggiate,Asciutto,Asfaltata,Orizzontale,Sereno,Normale,Buona,Ore Diurne,0,0,0,2,12.4121,41.786,-1,1,Autovettura privata,In marcia / fermata / arresto,Conducente,F,Illeso,0,,Non accertato,Inesploso,
3967191,23,29/08/2018 15:30:00,Strada Urbana,PIAZZALE CRISTOFORO COLOMBO,all'intersezione con,VIA CRISTOFORO COLOMBO,VIA CRISTOFORO COLOMBO,,,Scontro laterale fra veicoli in marcia,Intersezione stradale segnalata,Pi� di due carreggiate,Asciutto,Asfaltata,Orizzontale,Sereno,Normale,Buona,Ore Diurne,0,0,0,2,12.4121,41.786,-1,2,Autovettura privata,In marcia / fermata / arresto,Conducente,F,Illeso,0,,Non accertato,Inesploso,