Protocollo,Gruppo,DataOraIncidente,Localizzazione1,STRADA1,Localizzazione2,STRADA2,Strada02,Chilometrica,DaSpecificare,NaturaIncidente,particolaritastrade,TipoStrada,FondoStradale,Pavimentazione,Segnaletica,CondizioneAtmosferica,Traffico,Visibilita,Illuminazione,NUM_FERITI,NUM_RISERVATA,NUM_MORTI,NUM_ILLESI,Longitudine,Latitudine,Confermato,Progressivo,TipoVeicolo,StatoVeicolo,TipoPersona,Sesso,Tipolesione,Deceduto,DecedutoDopo,CinturaCascoUtilizzato,Airbag,
3967211,7,30/08/2018 08:35:00,Strada Urbana,VIA DI TOR CERVARA,all'intersezione con,VIA ANTONIO FONTANESI,VIA ANTONIO FONTANESI,,,Scontro frontale/laterale DX fra veicoli in marcia,Incrocio,Una carreggiata a doppio senso,Asciutto,Asfaltata,Verticale,Sereno,Normale,Buona,Ore Diurne,0,0,0,2,12.5882,41.9102,-1,1,Autovettura privata,In marcia / fermata / arresto,Conducente,M,Illeso,0,,,,
3967211,7,30/08/2018 08:35:00,Strada Urbana,VIA DI TOR CERVARA,all'intersezione con,VIA ANTONIO FONTANESI,VIA ANTONIO FONTANESI,,,Scontro frontale/laterale DX fra veicoli in marcia,Incrocio,Una carreggiata a doppio senso,Asciutto,Asfaltata,Verticale,Sereno,Normale,Buona,Ore Diurne,0,0,0,2,12.5882,41.9102,-1,2,Autovettura privata,In marcia / fermata / arresto,Conducente,M,Illeso,0,,,,
3967223,3,28/08/2018 07:45:00,,VIA GIOVANNI BATTISTA MORGAGNI,da specificare,,,,fronte civ. 50,Investimento di pedone,,,,,,,,,,0,1,0,1,,,0,,,,Pedone,M,Prognosi riservata,0,NON DECEDUTO,,,
3967223,3,28/08/2018 07:45:00,,VIA GIOVANNI BATTISTA MORGAGNI,da specificare,,,,fronte civ. 50,Investimento di pedone,,,,,,,,,,0,1,0,1,,,0,1,Motociclo a solo,In marcia / fermata / arresto,Conducente,M,Illeso,0,,,,
3967229,4,29/08/2018 12:30:00,Strada Urbana,PIAZZA DEGLI EUGANEI,da specificare,,,,di fronte al civico 46,Scontro laterale fra veicoli in marcia,Rettilineo,Una carreggiata a senso unico di marcia,Asciutto,Asfaltata,Verticale ed orizzontale,Sereno,Scarso,Buona,Ore Diurne,0,0,0,2,12.5328,41.9491,-1,1,Autovettura privata,In marcia / fermata / arresto,Conducente,F,Illeso,0,,,,
3967229,4,29/08/2018 12:30:00,Strada Urbana,PIAZZA DEGLI EUGANEI,da specificare,,,,di fronte al civico 46,Scontro laterale fra veicoli in marcia,Rettilineo,Una carreggiata a senso unico di marcia,Asciutto,Asfaltata,Verticale ed orizzontale,Sereno,Scarso,Buona,Ore Diurne,0,0,0,2,12.5328,41.9491,-1,2,Autovettura privata,In marcia / fermata / arresto,Conducente,M,Illeso,0,,,,
3967246,8,29/08/2018 21:10:00,Statale entro l'abitato,VIA CASILINA,all'intersezione con,VIA DI TOR BELLA MONACA,VIA DI TOR BELLA MONACA,,,Scontro frontale/laterale SX fra veicoli in marcia,Intersezione stradale segnalata,Due carreggiate,Asciutto,Asfaltata,Verticale ed orizzontale,Sereno,Scarso,Buona,Insufficiente,0,0,0,1,12.6194,41.8629,-1,1,Autovettura privata,In marcia / fermata / arresto,Conducente,F,Illeso,0,,Non accertato,Esploso,
3967251,4,29/08/2018 18:00:00,Strada Urbana,VIA DI VALLE MELAINA,in corrispondenza,,del civico n.,44,,Tamponamento Multiplo,Rettilineo,Due carreggiate,Asciutto,Asfaltata,Verticale ed orizzontale,Sereno,Normale,Buona,Ore Diurne,0,0,0,5,12.526,41.9485,-1,1,Autovettura privata,In marcia / fermata / arresto,Conducente,M,Illeso,0,,,,
3967251,4,29/08/2018 18:00:00,Strada Urbana,VIA DI VALLE MELAINA,in corrispondenza,,del civico n.,44,,Tamponamento Multiplo,Rettilineo,Due carreggiate,Asciutto,Asfaltata,Verticale ed orizzontale,Sereno,Normale,Buona,Ore Diurne,0,0,0,5,12.526,41.9485,-1,2,Autovettura privata,In marcia / fermata / arresto,Conducente,M,Illeso,0,,,,
3967251,4,29/08/2018 18:00:00,Strada Urbana,VIA DI VALLE MELAINA,in corrispondenza,,del civico n.,44,,Tamponamento Multiplo,Rettilineo,Due carreggiate,Asciutto,Asfaltata,Verticale ed orizzontale,Sereno,Normale,Buona,Ore Diurne,0,0,0,5,12.526,41.9485,-1,2,Autovettura privata,In marcia / fermata / arresto,Passeggero,F,Illeso,0,,,,
3967251,4,29/08/2018 18:00:00,Strada Urbana,VIA DI VALLE MELAINA,in corrispondenza,,del civico n.,44,,Tamponamento Multiplo,Rettilineo,Due carreggiate,Asciutto,Asfaltata,Verticale ed orizzontale,Sereno,Normale,Buona,Ore Diurne,0,0,0,5,12.526,41.9485,-1,3,Quadriciclo leggero,In marcia / fermata / arresto,Conducente,M,Illeso,0,,,,
3967251,4,29/08/2018 18:00:00,Strada Urbana,VIA DI VALLE MELAINA,in corrispondenza,,del civico n.,44,,Tamponamento Multiplo,Rettilineo,Due carreggiate,Asciutto,Asfaltata,Verticale ed orizzontale,Sereno,Normale,Buona,Ore Diurne,0,0,0,5,12.526,41.9485,-1,3,Quadriciclo leggero,In marcia / fermata / arresto,Passeggero,F,Illeso,0,,,,
3967262,6,29/08/2018 23:50:00,Strada Urbana,VIA PRENESTINA,da specificare,,,,altezza VIA TOR DE' SCHIAVI,Veicolo in marcia contro ostacolo accidentale,Rettilineo,Pi� di due carreggiate,Asciutto,Asfaltata,Verticale ed orizzontale,Sereno,Scarso,Buona,Sufficiente,0,0,0,2,12.559,41.8948,-1,,,,Pedone,M,Illeso,0,,,,
3967262,6,29/08/2018 23:50:00,Strada Urbana,VIA PRENESTINA,da specificare,,,,altezza VIA TOR DE' SCHIAVI,Veicolo in marcia contro ostacolo accidentale,Rettilineo,Pi� di due carreggiate,Asciutto,Asfaltata,Verticale ed orizzontale,Sereno,Scarso,Buona,Sufficiente,0,0,0,2,12.559,41.8948,-1,1,Autobus urbano,In marcia / fermata / arresto,Conducente,M,Illeso,0,,Non accertato,Inesploso,
3967270,19,30/08/2018 09:10:00,Strada Urbana,VIA MARIO FANI,in corrispondenza,,del civico n.,15,,Tamponamento,Rettilineo,Una carreggiata a doppio senso,Asciutto,Asfaltata,Verticale ed orizzontale,Sereno,Normale,Buona,Ore Diurne,1,0,0,3,12.4389,41.9352,-1,1,Autovettura privata,In marcia / fermata / arresto,Conducente,F,Illeso,0,,Non accertato,Inesploso,
3967270,19,30/08/2018 09:10:00,Strada Urbana,VIA MARIO FANI,in corrispondenza,,del civico n.,15,,Tamponamento,Rettilineo,Una carreggiata a doppio senso,Asciutto,Asfaltata,Verticale ed orizzontale,Sereno,Normale,Buona,Ore Diurne,1,0,0,3,12.4389,41.9352,-1,1,Autovettura privata,In marcia / fermata / arresto,Passeggero,F,Illeso,0,,Non accertato,Inesploso,
3967270,19,30/08/2018 09:10:00,Strada Urbana,VIA MARIO FANI,in corrispondenza,,del civico n.,15,,Tamponamento,Rettilineo,Una carreggiata a doppio senso,Asciutto,Asfaltata,Verticale ed orizzontale,Sereno,Normale,Buona,Ore Diurne,1,0,0,3,12.4389,41.9352,-1,1,Autovettura privata,In marcia / fermata / arresto,Passeggero,F,Illeso,0,,Non accertato,Inesploso,
3967270,19,30/08/2018 09:10:00,Strada Urbana,VIA MARIO FANI,in corrispondenza,,del civico n.,15,,Tamponamento,Rettilineo,Una carreggiata a doppio senso,Asciutto,Asfaltata,Verticale ed orizzontale,Sereno,Normale,Buona,Ore Diurne,1,0,0,3,12.4389,41.9352,-1,2,Motociclo a solo,In marcia / fermata / arresto,Conducente,M,Rimandato,0,NON DECEDUTO,Non accertato,,
3967278,2,29/08/2018 19:30:00,Strada Urbana,VIALE ERITREA,da specificare,,,,altezza Piazza S. Emerenziana,Scontro laterale fra veicoli in marcia,Rettilineo,Una carreggiata a senso unico di marcia,Asciutto,Asfaltata,Verticale ed orizzontale,Sereno,Normale,Buona,Ore Diurne,0,0,0,3,12.5157,41.9266,-1,1,Autovettura privata,In marcia / fermata / arresto,Conducente,M,Illeso,0,,Non accertato,Inesploso,
3967278,2,29/08/2018 19:30:00,Strada Urbana,VIALE ERITREA,da specificare,,,,altezza Piazza S. Emerenziana,Scontro laterale fra veicoli in marcia,Rettilineo,Una carreggiata a senso unico di marcia,Asciutto,Asfaltata,Verticale ed orizzontale,Sereno,Normale,Buona,Ore Diurne,0,0,0,3,12.5157,41.9266,-1,1,Autovettura privata,In marcia / fermata / arresto,Passeggero,F,Illeso,0,,Non accertato,Inesploso,
3967278,2,29/08/2018 19:30:00,Strada Urbana,VIALE ERITREA,da specificare,,,,altezza Piazza S. Emerenziana,Scontro laterale fra veicoli in marcia,Rettilineo,Una carreggiata a senso unico di marcia,Asciutto,Asfaltata,Verticale ed orizzontale,Sereno,Normale,Buona,Ore Diurne,0,0,0,3,12.5157,41.9266,-1,2,Autovettura privata,In marcia / fermata / arresto,Conducente,F,Illeso,0,,Non accertato,Inesploso,
3967323,15,30/08/2018 08:00:00,Strada Urbana,VIA DELLE IDROVORE DELLA MAGLIANA,da specificare,,,,prossim.t� civ. 163,Fuoriuscita dalla sede stradale,Rettilineo,Una carreggiata a doppio senso,Asciutto,Asfaltata,Assente,Sereno,Normale,Buona,Ore Diurne,0,0,0,1,12.4406,41.8314,-1,1,Autovettura privata,In marcia / fermata / arresto,Conducente,M,Illeso,0,,,,
3967463,9,30/08/2018 12:10:00,Strada Urbana,PIAZZA TUSCOLO,da specificare,,,,fronte VIA ETRURIA,Scontro laterale fra veicoli in marcia,Rettilineo,Una carreggiata a doppio senso,Asciutto,Asfaltata,Verticale ed orizzontale,Sereno,Normale,Buona,Ore Diurne,0,0,0,2,12.5082,41.8802,-1,1,Autovettura privata,In marcia / fermata / arresto,Conducente,M,Illeso,0,,Non accertato,Inesploso,
3967463,9,30/08/2018 12:10:00,Strada Urbana,PIAZZA TUSCOLO,da specificare,,,,fronte VIA ETRURIA,Scontro laterale fra veicoli in marcia,Rettilineo,Una carreggiata a doppio senso,Asciutto,Asfaltata,Verticale ed orizzontale,Sereno,Normale,Buona,Ore Diurne,0,0,0,2,12.5082,41.8802,-1,2,Motociclo a solo,In marcia / fermata / arresto,Conducente,M,Illeso,0,,Non accertato,,
3967490,12,29/08/2018 18:00:00,Strada Urbana,VIALE DELL'ASTRONOMIA,all'intersezione con,VIALE UMBERTO TUPINI,VIALE UMBERTO TUPINI,,,Scontro laterale fra veicoli in marcia,Intersezione semaforizzata,Due carreggiate,Asciutto,Asfaltata,Verticale ed orizzontale,Sereno,Normale,Buona,Ore Diurne,0,0,0,2,12.4632,41.8354,-1,1,Autovettura privata,In marcia / fermata / arresto,Conducente,M,Illeso,0,,,,
3967490,12,29/08/2018 18:00:00,Strada Urbana,VIALE DELL'ASTRONOMIA,all'intersezione con,VIALE UMBERTO TUPINI,VIALE UMBERTO TUPINI,,,Scontro laterale fra veicoli in marcia,Intersezione semaforizzata,Due carreggiate,Asciutto,Asfaltata,Verticale ed orizzontale,Sereno,Normale,Buona,Ore Diurne,0,0,0,2,12.4632,41.8354,-1,2,Autovettura privata,In marcia / fermata / arresto,Conducente,M,Illeso,0,,,,
3967503,12,29/08/2018 18:50:00,Strada Urbana,VIALE DELL'ATLETICA,da specificare,,,,Direzione Laurentina,Veicolo in marcia contro ostacolo fisso,Rettilineo,Due carreggiate,Asciutto,Asfaltata,Orizzontale,Sereno,Scarso,Buona,Ore Diurne,0,0,0,1,12.4769,41.8403,-1,1,Autovettura privata,In marcia / fermata / arresto,Conducente,M,Illeso,0,,,,
3967542,17,29/08/2018 17:30:00,Strada Urbana,VIA RAFFAELE ROSSETTI,all'intersezione con,VIA MARIO AMATO,VIA MARIO AMATO,,,Scontro frontale/laterale DX fra veicoli in marcia,Incrocio,Una carreggiata a doppio senso,Asciutto,Asfaltata,Verticale ed orizzontale,Sereno,Scarso,Buona,Ore Diurne,0,0,0,3,12.4507,41.9147,-1,1,Autovettura privata,In marcia / fermata / arresto,Conducente,M,Illeso,0,,,,
3967542,17,29/08/2018 17:30:00,Strada Urbana,VIA RAFFAELE ROSSETTI,all'intersezione con,VIA MARIO AMATO,VIA MARIO AMATO,,,Scontro frontale/laterale DX fra veicoli in marcia,Incrocio,Una carreggiata a doppio senso,Asciutto,Asfaltata,Verticale ed orizzontale,Sereno,Scarso,Buona,Ore Diurne,0,0,0,3,12.4507,41.9147,-1,2,Autovettura privata,In marcia / fermata / arresto,Conducente,M,Illeso,0,,,,
3967542,17,29/08/2018 17:30:00,Strada Urbana,VIA RAFFAELE ROSSETTI,all'intersezione con,VIA MARIO AMATO,VIA MARIO AMATO,,,Scontro frontale/laterale DX fra veicoli in marcia,Incrocio,Una carreggiata a doppio senso,Asciutto,Asfaltata,Verticale ed orizzontale,Sereno,Scarso,Buona,Ore Diurne,0,0,0,3,12.4507,41.9147,-1,2,Autovettura privata,In marcia / fermata / arresto,Passeggero,F,Illeso,0,,,,
3967543,12,29/08/2018 12:20:00,Strada Urbana,VIA DI PORTA MEDAGLIA,all'intersezione con,VIA DI TORRE S. ANASTASIA,VIA DI TORRE S. ANASTASIA,,,Scontro frontale/laterale DX fra veicoli in marcia,Incrocio,Una carreggiata a doppio senso,Asciutto,Asfaltata,Verticale ed orizzontale,Sereno,Normale,Buona,Ore Diurne,2,0,0,1,12.5224,41.7615,-1,1,Autovettura privata,In marcia / fermata / arresto,Conducente,M,Rimandato,0,NON DECEDUTO,Non accertato,Esploso,
3967543,12,29/08/2018 12:20:00,Strada Urbana,VIA DI PORTA MEDAGLIA,all'intersezione con,VIA DI TORRE S. ANASTASIA,VIA DI TORRE S. ANASTASIA,,,Scontro frontale/laterale DX fra veicoli in marcia,Incrocio,Una carreggiata a doppio senso,Asciutto,Asfaltata,Verticale ed orizzontale,Sereno,Normale,Buona,Ore Diurne,2,0,0,1,12.5224,41.7615,-1,1,Autovettura privata,In marcia / fermata / arresto,Passeggero,F,Rimandato,0,NON DECEDUTO,Non accertato,Inesploso,
3967543,12,29/08/2018 12:20:00,Strada Urbana,VIA DI PORTA MEDAGLIA,all'intersezione con,VIA DI TORRE S. ANASTASIA,VIA DI TORRE S. ANASTASIA,,,Scontro frontale/laterale DX fra veicoli in marcia,Incrocio,Una carreggiata a doppio senso,Asciutto,Asfaltata,Verticale ed orizzontale,Sereno,Normale,Buona,Ore Diurne,2,0,0,1,12.5224,41.7615,-1,2,Autocarro superiore 35 q.,In marcia / fermata / arresto,Conducente,M,Illeso,0,,Non accertato,Esploso,
3967559,16,30/08/2018 06:10:00,,VIA AURELIA ANTICA,da specificare,,,,prossimit� fronte civico 6,Veicolo in marcia contro ostacolo fisso,,,,,,,,,,0,0,0,1,,,0,1,Autovettura privata,In marcia / fermata / arresto,Conducente,M,Illeso,0,,,,
3967615,18,30/08/2018 11:00:00,Strada Urbana,VIA GREGORIO VII,all'intersezione con,PIAZZA DI VILLA CARPEGNA,PIAZZA DI VILLA CARPEGNA,,,Scontro laterale fra veicoli in marcia,Intersezione semaforizzata,Una carreggiata a senso unico di marcia,Asciutto,Asfaltata,Verticale ed orizzontale,Sereno,Normale,Buona,Ore Diurne,0,0,0,4,12.43,41.8949,-1,1,Autobus turistico,In marcia / fermata / arresto,Conducente,M,Illeso,0,,Non accertato,Inesploso,
3967615,18,30/08/2018 11:00:00,Strada Urbana,VIA GREGORIO VII,all'intersezione con,PIAZZA DI VILLA CARPEGNA,PIAZZA DI VILLA CARPEGNA,,,Scontro laterale fra veicoli in marcia,Intersezione semaforizzata,Una carreggiata a senso unico di marcia,Asciutto,Asfaltata,Verticale ed orizzontale,Sereno,Normale,Buona,Ore Diurne,0,0,0,4,12.43,41.8949,-1,2,Autovettura privata,In marcia / fermata / arresto,Conducente,M,Illeso,0,,Non accertato,Inesploso,
3967615,18,30/08/2018 11:00:00,Strada Urbana,VIA GREGORIO VII,all'intersezione con,PIAZZA DI VILLA CARPEGNA,PIAZZA DI VILLA CARPEGNA,,,Scontro laterale fra veicoli in marcia,Intersezione semaforizzata,Una carreggiata a senso unico di marcia,Asciutto,Asfaltata,Verticale ed orizzontale,Sereno,Normale,Buona,Ore Diurne,0,0,0,4,12.43,41.8949,-1,2,Autovettura privata,In marcia / fermata / arresto,Passeggero,M,Illeso,0,,Non accertato,Inesploso,
3967615,18,30/08/2018 11:00:00,Strada Urbana,VIA GREGORIO VII,all'intersezione con,PIAZZA DI VILLA CARPEGNA,PIAZZA DI VILLA CARPEGNA,,,Scontro laterale fra veicoli in marcia,Intersezione semaforizzata,Una carreggiata a senso unico di marcia,Asciutto,Asfaltata,Verticale ed orizzontale,Sereno,Normale,Buona,Ore Diurne,0,0,0,4,12.43,41.8949,-1,2,Autovettura privata,In marcia / fermata / arresto,Passeggero,F,Illeso,0,,Non accertato,Inesploso,
3967619,18,30/08/2018 12:50:00,Strada Urbana,VIA DI VAL CANNUTA,all'intersezione con,VIA GIUSEPPE BETTIOL,VIA GIUSEPPE BETTIOL,,,Scontro frontale/laterale DX fra veicoli in marcia,Intersezione non regolata/non segnalata,Una carreggiata a doppio senso,Asciutto,Asfaltata,Verticale ed orizzontale,Sereno,Scarso,Buona,Ore Diurne,1,0,0,2,12.4128,41.8987,-1,1,Motociclo a solo,In marcia / fermata / arresto,Conducente,M,Rifiuta cure immediate,0,NON DECEDUTO,,,
3967619,18,30/08/2018 12:50:00,Strada Urbana,VIA DI VAL CANNUTA,all'intersezione con,VIA GIUSEPPE BETTIOL,VIA GIUSEPPE BETTIOL,,,Scontro frontale/laterale DX fra veicoli in marcia,Intersezione non regolata/non segnalata,Una carreggiata a doppio senso,Asciutto,Asfaltata,Verticale ed orizzontale,Sereno,Scarso,Buona,Ore Diurne,1,0,0,2,12.4128,41.8987,-1,2,Autovettura privata,In marcia / fermata / arresto,Conducente,F,Illeso,0,,Non accertato,Inesploso,
3967619,18,30/08/2018 12:50:00,Strada Urbana,VIA DI VAL CANNUTA,all'intersezione con,VIA GIUSEPPE BETTIOL,VIA GIUSEPPE BETTIOL,,,Scontro frontale/laterale DX fra veicoli in marcia,Intersezione non regolata/non segnalata,Una carreggiata a doppio senso,Asciutto,Asfaltata,Verticale ed orizzontale,Sereno,Scarso,Buona,Ore Diurne,1,0,0,2,12.4128,41.8987,-1,2,Autovettura privata,In marcia / fermata / arresto,Passeggero,M,Illeso,0,,Utilizzato,Inesploso,
3967653,2,29/08/2018 17:35:00,Strada Urbana,VIA GREGORIO ALLEGRI,in prossimit�,,del civico n.,20,,Scontro laterale fra veicoli in marcia,Rettilineo,Una carreggiata a senso unico di marcia,Asciutto,Asfaltata,Verticale ed orizzontale,Sereno,Scarso,Buona,Ore Diurne,0,0,0,1,12.4944,41.9153,-1,1,Autovettura privata,In marcia / fermata / arresto,Conducente,M,Illeso,0,,,,
3967760,10,30/08/2018 16:05:00,Strada Urbana,VIA LICINIO STOLONE,in prossimit�,,del civico n.,142,,Veicolo in marcia contro veicoli in sosta,Rettilineo,Una carreggiata a senso unico di marcia,Asciutto,Asfaltata,Verticale,Sereno,Scarso,Buona,Ore Diurne,0,0,0,1,12.5654,41.8568,-1,1,Autovettura privata,In marcia / fermata / arresto,Conducente,F,Illeso,0,,Non accertato,Inesploso,
3967812,9,30/08/2018 13:15:00,Strada Urbana,VIA APPIA NUOVA,in corrispondenza,,del civico n.,597,,Scontro laterale fra veicoli in marcia,Rettilineo,Due carreggiate,Asciutto,Asfaltata,Verticale ed orizzontale,Sereno,Normale,Buona,Ore Diurne,1,0,0,1,12.5301,41.8684,-1,1,Autovettura privata,In marcia / fermata / arresto,Conducente,F,Illeso,0,,Non accertato,Inesploso,
3967812,9,30/08/2018 13:15:00,Strada Urbana,VIA APPIA NUOVA,in corrispondenza,,del civico n.,597,,Scontro laterale fra veicoli in marcia,Rettilineo,Due carreggiate,Asciutto,Asfaltata,Verticale ed orizzontale,Sereno,Normale,Buona,Ore Diurne,1,0,0,1,12.5301,41.8684,-1,2,Motociclo a solo,In marcia / fermata / arresto,Conducente,M,Rimandato,0,NON DECEDUTO,Non accertato,,
3967839,9,30/08/2018 14:00:00,Statale entro l'abitato,VIA APPIA NUOVA,in corrispondenza,,del civico n.,597,,Veicolo in marcia contro ostacolo fisso,Rettilineo,Due carreggiate,Asciutto,Asfaltata,Verticale ed orizzontale,Sereno,Scarso,Buona,Ore Diurne,0,0,0,2,12.5303,41.8684,-1,1,Autovettura privata,In marcia / fermata / arresto,Conducente,M,Illeso,0,,Non accertato,Inesploso,
3967839,9,30/08/2018 14:00:00,Statale entro l'abitato,VIA APPIA NUOVA,in corrispondenza,,del civico n.,597,,Veicolo in marcia contro ostacolo fisso,Rettilineo,Due carreggiate,Asciutto,Asfaltata,Verticale ed orizzontale,Sereno,Scarso,Buona,Ore Diurne,0,0,0,2,12.5303,41.8684,-1,2,Motociclo a solo,In marcia / fermata / arresto,Conducente,M,Illeso,0,,Non accertato,,
3967847,9,30/08/2018 14:40:00,Strada Urbana,VIA CUTILIA,in prossimit�,,del civico n.,51,,Veicolo in marcia contro veicolo fermo,Rettilineo,Una carreggiata a senso unico di marcia,Asciutto,Asfaltata,Verticale,Sereno,Scarso,Buona,Ore Diurne,0,0,0,2,12.5102,41.879,-1,1,Autovettura privata,In marcia / fermata / arresto,Conducente,F,Illeso,0,,Non accertato,Inesploso,
3967847,9,30/08/2018 14:40:00,Strada Urbana,VIA CUTILIA,in prossimit�,,del civico n.,51,,Veicolo in marcia contro veicolo fermo,Rettilineo,Una carreggiata a senso unico di marcia,Asciutto,Asfaltata,Verticale,Sereno,Scarso,Buona,Ore Diurne,0,0,0,2,12.5102,41.879,-1,2,Autovettura privata,In marcia / fermata / arresto,Conducente,M,Illeso,0,,Non accertato,Inesploso,
3967854,9,30/08/2018 18:00:00,Strada Urbana,VIA SATRICO,all'intersezione semaforizzata con,VIA ACAIA,VIA ACAIA,,,Fuoriuscita dalla sede stradale,Intersezione semaforizzata,Una carreggiata a doppio senso,Asciutto,Asfaltata,Verticale ed orizzontale,Sereno,Normale,Buona,Ore Diurne,0,0,0,2,12.5081,41.8768,-1,1,Motociclo con passeggero,In marcia / fermata / arresto,Conducente,M,Illeso,0,,Non accertato,,
3967854,9,30/08/2018 18:00:00,Strada Urbana,VIA SATRICO,all'intersezione semaforizzata con,VIA ACAIA,VIA ACAIA,,,Fuoriuscita dalla sede stradale,Intersezione semaforizzata,Una carreggiata a doppio senso,Asciutto,Asfaltata,Verticale ed orizzontale,Sereno,Normale,Buona,Ore Diurne,0,0,0,2,12.5081,41.8768,-1,1,Motociclo con passeggero,In marcia / fermata / arresto,Passeggero,F,Illeso,0,,,,
3968072,11,30/08/2018 18:00:00,Strada Urbana,VIALE PICO DELLA MIRANDOLA,all'intersezione semaforizzata con,VIA DI GROTTA PERFETTA,VIA DI GROTTA PERFETTA,,,Scontro laterale fra veicoli in marcia,Intersezione semaforizzata,Due carreggiate,Asciutto,Asfaltata,Verticale ed orizzontale,Sereno,Scarso,Buona,Ore Diurne,0,0,0,3,12.4877,41.8475,-1,1,Autovettura privata,In marcia / fermata / arresto,Conducente,M,Illeso,0,,,,
3968072,11,30/08/2018 18:00:00,Strada Urbana,VIALE PICO DELLA MIRANDOLA,all'intersezione semaforizzata con,VIA DI GROTTA PERFETTA,VIA DI GROTTA PERFETTA,,,Scontro laterale fra veicoli in marcia,Intersezione semaforizzata,Due carreggiate,Asciutto,Asfaltata,Verticale ed orizzontale,Sereno,Scarso,Buona,Ore Diurne,0,0,0,3,12.4877,41.8475,-1,2,Autovettura privata,In marcia / fermata / arresto,Conducente,M,Illeso,0,,,,
3968072,11,30/08/2018 18:00:00,Strada Urbana,VIALE PICO DELLA MIRANDOLA,all'intersezione semaforizzata con,VIA DI GROTTA PERFETTA,VIA DI GROTTA PERFETTA,,,Scontro laterale fra veicoli in marcia,Intersezione semaforizzata,Due carreggiate,Asciutto,Asfaltata,Verticale ed orizzontale,Sereno,Scarso,Buona,Ore Diurne,0,0,0,3,12.4877,41.8475,-1,2,Autovettura privata,In marcia / fermata / arresto,Passeggero,F,Illeso,0,,Utilizzato,,
3968081,7,30/08/2018 13:30:00,Strada Urbana,VIA PRENESTINA,all'intersezione con,VIALE PALMIRO TOGLIATTI,VIALE PALMIRO TOGLIATTI,,,Scontro frontale/laterale SX fra veicoli in marcia,Intersezione semaforizzata,Una carreggiata a senso unico di marcia,Asciutto,Asfaltata,Verticale ed orizzontale,Sereno,Intenso,Buona,Ore Diurne,0,0,0,2,12.5746,41.8943,-1,1,Autovettura privata,In marcia / fermata / arresto,Conducente,M,Illeso,0,,Non accertato,Inesploso,
3968081,7,30/08/2018 13:30:00,Strada Urbana,VIA PRENESTINA,all'intersezione con,VIALE PALMIRO TOGLIATTI,VIALE PALMIRO TOGLIATTI,,,Scontro frontale/laterale SX fra veicoli in marcia,Intersezione semaforizzata,Una carreggiata a senso unico di marcia,Asciutto,Asfaltata,Verticale ed orizzontale,Sereno,Intenso,Buona,Ore Diurne,0,0,0,2,12.5746,41.8943,-1,2,Autovettura privata,In marcia / fermata / arresto,Conducente,F,Illeso,0,,Non accertato,Inesploso,
3968086,8,30/08/2018 17:15:00,Strada Urbana,VIA DOMENICO SFONDRINI,in corrispondenza,,del civico n.,6,,Scontro laterale fra veicoli in marcia,Rettilineo,Una carreggiata a senso unico di marcia,Asciutto,Asfaltata,Verticale,Sereno,Normale,Buona,Ore Diurne,0,0,0,3,12.6709,41.9234,-1,1,Autovettura privata,In marcia / fermata / arresto,Conducente,M,Illeso,0,,Non accertato,Inesploso,
3968086,8,30/08/2018 17:15:00,Strada Urbana,VIA DOMENICO SFONDRINI,in corrispondenza,,del civico n.,6,,Scontro laterale fra veicoli in marcia,Rettilineo,Una carreggiata a senso unico di marcia,Asciutto,Asfaltata,Verticale,Sereno,Normale,Buona,Ore Diurne,0,0,0,3,12.6709,41.9234,-1,1,Autovettura privata,In marcia / fermata / arresto,Passeggero,F,Illeso,0,,Non accertato,Inesploso,
3968086,8,30/08/2018 17:15:00,Strada Urbana,VIA DOMENICO SFONDRINI,in corrispondenza,,del civico n.,6,,Scontro laterale fra veicoli in marcia,Rettilineo,Una carreggiata a senso unico di marcia,Asciutto,Asfaltata,Verticale,Sereno,Normale,Buona,Ore Diurne,0,0,0,3,12.6709,41.9234,-1,2,Autovettura privata,In marcia / fermata / arresto,Conducente,M,Illeso,0,,Non accertato,Inesploso,
3968088,8,30/08/2018 13:20:00,Strada Urbana,VIA ALBERTO LUTHULI,da specificare,,,,altezza Via Raoul Follereau,Scontro frontale fra veicoli in marcia,Rettilineo,Una carreggiata a doppio senso,Asciutto,Asfaltata,Verticale ed orizzontale,Sereno,Scarso,Buona,Ore Diurne,2,0,0,0,12.6763,41.8938,-1,1,Autocarro inferiore 35 q.,In marcia / fermata / arresto,Conducente,M,Rimandato,0,NON DECEDUTO,,,
3968088,8,30/08/2018 13:20:00,Strada Urbana,VIA ALBERTO LUTHULI,da specificare,,,,altezza Via Raoul Follereau,Scontro frontale fra veicoli in marcia,Rettilineo,Una carreggiata a doppio senso,Asciutto,Asfaltata,Verticale ed orizzontale,Sereno,Scarso,Buona,Ore Diurne,2,0,0,0,12.6763,41.8938,-1,2,Autovettura privata,In marcia / fermata / arresto,Conducente,M,Rimandato,0,NON DECEDUTO,,,
3968091,8,30/08/2018 06:45:00,Strada Urbana,VIA DELLE ALZAVOLE,in corrispondenza,,del civico n.,20,,Scontro frontale/laterale DX fra veicoli in marcia,Rettilineo,Una carreggiata a doppio senso,Asciutto,Asfaltata,Assente,Sereno,Scarso,Buona,Ore Diurne,0,0,0,1,12.6005,41.874,-1,1,Autovettura privata,In marcia / fermata / arresto,Conducente,F,Illeso,0,,,,