Protocollo,Gruppo,DataOraIncidente,Localizzazione1,STRADA1,Localizzazione2,STRADA2,Strada02,Chilometrica,DaSpecificare,NaturaIncidente,particolaritastrade,TipoStrada,FondoStradale,Pavimentazione,Segnaletica,CondizioneAtmosferica,Traffico,Visibilita,Illuminazione,NUM_FERITI,NUM_RISERVATA,NUM_MORTI,NUM_ILLESI,Longitudine,Latitudine,Confermato,Progressivo,TipoVeicolo,StatoVeicolo,TipoPersona,Sesso,Tipolesione,Deceduto,DecedutoDopo,CinturaCascoUtilizzato,Airbag,
3968092,8,30/08/2018 19:00:00,Strada Urbana,VIA DI SALONE,in corrispondenza,,del civico n.,301,,Veicolo in marcia contro ostacolo accidentale,Curva a visuale libera,Una carreggiata a doppio senso,Asciutto,Con buche,Orizzontale,Sereno,Normale,Buona,Ore Diurne,0,0,0,2,12.6348,41.9206,-1,1,Autovettura privata,In marcia / fermata / arresto,Conducente,M,Illeso,0,,Non accertato,Inesploso,
3968092,8,30/08/2018 19:00:00,Strada Urbana,VIA DI SALONE,in corrispondenza,,del civico n.,301,,Veicolo in marcia contro ostacolo accidentale,Curva a visuale libera,Una carreggiata a doppio senso,Asciutto,Con buche,Orizzontale,Sereno,Normale,Buona,Ore Diurne,0,0,0,2,12.6348,41.9206,-1,1,Autovettura privata,In marcia / fermata / arresto,Passeggero,F,Illeso,0,,Non accertato,Inesploso,
3968093,8,30/08/2018 11:40:00,Strada Urbana,VIA ACQUARONI,in corrispondenza,,del civico n.,72 B,,Scontro laterale fra veicoli in marcia,Rettilineo,Una carreggiata a doppio senso,Asciutto,Asfaltata,Verticale ed orizzontale,Sereno,Scarso,Buona,Ore Diurne,0,0,0,2,12.6439,41.8658,-1,1,Autovettura privata,In marcia / fermata / arresto,Conducente,M,Illeso,0,,,,
3968093,8,30/08/2018 11:40:00,Strada Urbana,VIA ACQUARONI,in corrispondenza,,del civico n.,72 B,,Scontro laterale fra veicoli in marcia,Rettilineo,Una carreggiata a doppio senso,Asciutto,Asfaltata,Verticale ed orizzontale,Sereno,Scarso,Buona,Ore Diurne,0,0,0,2,12.6439,41.8658,-1,2,Autovettura privata,In marcia / fermata / arresto,Conducente,F,Illeso,0,,,,
3968100,8,30/08/2018 10:50:00,Strada Urbana,VIA GIUSEPPE MARTELLOTTI,all'intersezione con,VIA SETTIMIO DI VICO,VIA SETTIMIO DI VICO,,,Scontro frontale/laterale SX fra veicoli in marcia,Incrocio,Una carreggiata a senso unico di marcia,Asciutto,Asfaltata,Verticale,Sereno,Scarso,Buona,Ore Diurne,1,0,0,1,,,0,1,Autovettura privata,In marcia / fermata / arresto,Conducente,M,Illeso,0,,Non accertato,Inesploso,
3968100,8,30/08/2018 10:50:00,Strada Urbana,VIA GIUSEPPE MARTELLOTTI,all'intersezione con,VIA SETTIMIO DI VICO,VIA SETTIMIO DI VICO,,,Scontro frontale/laterale SX fra veicoli in marcia,Incrocio,Una carreggiata a senso unico di marcia,Asciutto,Asfaltata,Verticale,Sereno,Scarso,Buona,Ore Diurne,1,0,0,1,,,0,2,Autovettura privata,In marcia / fermata / arresto,Conducente,M,Rifiuta cure immediate,0,NON DECEDUTO,Non accertato,Inesploso,
3968104,8,30/08/2018 10:55:00,Strada Urbana,VIA DEL FOSSO DELL'OSA,all'intersezione con,VIA DI LUNGHEZZA,VIA DI LUNGHEZZA,,,Scontro frontale/laterale SX fra veicoli in marcia,Incrocio,Una carreggiata a doppio senso,Asciutto,Asfaltata,Verticale ed orizzontale,Sereno,Normale,Buona,Ore Diurne,1,0,0,1,12.6842,41.9059,-1,1,Autocarro inferiore 35 q.,In marcia / fermata / arresto,Conducente,M,Illeso,0,,,,
3968104,8,30/08/2018 10:55:00,Strada Urbana,VIA DEL FOSSO DELL'OSA,all'intersezione con,VIA DI LUNGHEZZA,VIA DI LUNGHEZZA,,,Scontro frontale/laterale SX fra veicoli in marcia,Incrocio,Una carreggiata a doppio senso,Asciutto,Asfaltata,Verticale ed orizzontale,Sereno,Normale,Buona,Ore Diurne,1,0,0,1,12.6842,41.9059,-1,2,Motociclo a solo,In marcia / fermata / arresto,Conducente,M,Rimandato,0,NON DECEDUTO,Non accertato,,
3968105,13,30/08/2018 17:50:00,Strada Urbana,PIAZZA ENRICO MILLO,all'intersezione con,PIAZZA ENRICO MILLO,PIAZZA ENRICO MILLO,,,Tamponamento,Rotatoria,Una carreggiata a senso unico di marcia,Asciutto,Asfaltata,Verticale ed orizzontale,Sereno,Normale,Buona,Ore Diurne,0,0,0,2,12.2897,41.732,-1,1,Autovettura privata,In marcia / fermata / arresto,Conducente,F,Illeso,0,,Non accertato,Inesploso,
3968105,13,30/08/2018 17:50:00,Strada Urbana,PIAZZA ENRICO MILLO,all'intersezione con,PIAZZA ENRICO MILLO,PIAZZA ENRICO MILLO,,,Tamponamento,Rotatoria,Una carreggiata a senso unico di marcia,Asciutto,Asfaltata,Verticale ed orizzontale,Sereno,Normale,Buona,Ore Diurne,0,0,0,2,12.2897,41.732,-1,2,Autovettura privata,In marcia / fermata / arresto,Conducente,F,Illeso,0,,Non accertato,Inesploso,
3968117,12,30/08/2018 18:50:00,Strada Urbana,VIA MARCELLO GAROSI,all'intersezione con,VIA LUIGINO TANDURA,VIA LUIGINO TANDURA,,,Scontro laterale fra veicoli in marcia,Incrocio,Una carreggiata a doppio senso,Asciutto,Asfaltata,Verticale ed orizzontale,Sereno,Normale,Buona,Ore Diurne,0,0,0,4,12.45,41.798,-1,1,Autovettura privata,In marcia / fermata / arresto,Conducente,M,Illeso,0,,,Inesploso,
3968117,12,30/08/2018 18:50:00,Strada Urbana,VIA MARCELLO GAROSI,all'intersezione con,VIA LUIGINO TANDURA,VIA LUIGINO TANDURA,,,Scontro laterale fra veicoli in marcia,Incrocio,Una carreggiata a doppio senso,Asciutto,Asfaltata,Verticale ed orizzontale,Sereno,Normale,Buona,Ore Diurne,0,0,0,4,12.45,41.798,-1,1,Autovettura privata,In marcia / fermata / arresto,Passeggero,F,Illeso,0,,Utilizzato,,
3968117,12,30/08/2018 18:50:00,Strada Urbana,VIA MARCELLO GAROSI,all'intersezione con,VIA LUIGINO TANDURA,VIA LUIGINO TANDURA,,,Scontro laterale fra veicoli in marcia,Incrocio,Una carreggiata a doppio senso,Asciutto,Asfaltata,Verticale ed orizzontale,Sereno,Normale,Buona,Ore Diurne,0,0,0,4,12.45,41.798,-1,1,Autovettura privata,In marcia / fermata / arresto,Passeggero,F,Illeso,0,,Utilizzato,,
3968117,12,30/08/2018 18:50:00,Strada Urbana,VIA MARCELLO GAROSI,all'intersezione con,VIA LUIGINO TANDURA,VIA LUIGINO TANDURA,,,Scontro laterale fra veicoli in marcia,Incrocio,Una carreggiata a doppio senso,Asciutto,Asfaltata,Verticale ed orizzontale,Sereno,Normale,Buona,Ore Diurne,0,0,0,4,12.45,41.798,-1,2,Autocarro inferiore 35 q.,In marcia / fermata / arresto,Conducente,M,Illeso,0,,,Inesploso,
3968119,7,30/08/2018 10:45:00,Strada Urbana,VIALE GIORGIO DE CHIRICO,in prossimit�,,del civico n.,134,,Scontro laterale fra veicoli in marcia,Rettilineo,Una carreggiata a senso unico di marcia,Asciutto,Asfaltata,Orizzontale,Sereno,Normale,Buona,Ore Diurne,1,0,0,2,12.5895,41.8953,-1,1,Autovettura privata,In marcia / fermata / arresto,Conducente,F,Ricoverato,0,NON DECEDUTO,Non accertato,Inesploso,
3968119,7,30/08/2018 10:45:00,Strada Urbana,VIALE GIORGIO DE CHIRICO,in prossimit�,,del civico n.,134,,Scontro laterale fra veicoli in marcia,Rettilineo,Una carreggiata a senso unico di marcia,Asciutto,Asfaltata,Orizzontale,Sereno,Normale,Buona,Ore Diurne,1,0,0,2,12.5895,41.8953,-1,2,Autovettura privata,In marcia / fermata / arresto,Conducente,M,Illeso,0,,Non accertato,,
3968119,7,30/08/2018 10:45:00,Strada Urbana,VIALE GIORGIO DE CHIRICO,in prossimit�,,del civico n.,134,,Scontro laterale fra veicoli in marcia,Rettilineo,Una carreggiata a senso unico di marcia,Asciutto,Asfaltata,Orizzontale,Sereno,Normale,Buona,Ore Diurne,1,0,0,2,12.5895,41.8953,-1,2,Autovettura privata,In marcia / fermata / arresto,Passeggero,M,Illeso,0,,Non accertato,Inesploso,
3968130,11,30/08/2018 06:00:00,Strada Urbana,VIA ATTILIO AMBROSINI,all'intersezione semaforizzata con,VIA ACCADEMIA DEGLI AGIATI,VIA ACCADEMIA DEGLI AGIATI,,,Scontro frontale/laterale DX fra veicoli in marcia,Intersezione semaforizzata,Due carreggiate,Asciutto,Asfaltata,Verticale ed orizzontale,Sereno,Scarso,Buona,Ore Diurne,1,0,0,3,12.4906,41.8494,-1,1,Autovettura privata,In marcia / fermata / arresto,Conducente,M,Rifiuta cure immediate,0,NON DECEDUTO,,,
3968130,11,30/08/2018 06:00:00,Strada Urbana,VIA ATTILIO AMBROSINI,all'intersezione semaforizzata con,VIA ACCADEMIA DEGLI AGIATI,VIA ACCADEMIA DEGLI AGIATI,,,Scontro frontale/laterale DX fra veicoli in marcia,Intersezione semaforizzata,Due carreggiate,Asciutto,Asfaltata,Verticale ed orizzontale,Sereno,Scarso,Buona,Ore Diurne,1,0,0,3,12.4906,41.8494,-1,2,Autovettura privata,In marcia / fermata / arresto,Conducente,M,Illeso,0,,,,
3968130,11,30/08/2018 06:00:00,Strada Urbana,VIA ATTILIO AMBROSINI,all'intersezione semaforizzata con,VIA ACCADEMIA DEGLI AGIATI,VIA ACCADEMIA DEGLI AGIATI,,,Scontro frontale/laterale DX fra veicoli in marcia,Intersezione semaforizzata,Due carreggiate,Asciutto,Asfaltata,Verticale ed orizzontale,Sereno,Scarso,Buona,Ore Diurne,1,0,0,3,12.4906,41.8494,-1,2,Autovettura privata,In marcia / fermata / arresto,Passeggero,M,Illeso,0,,,,
3968130,11,30/08/2018 06:00:00,Strada Urbana,VIA ATTILIO AMBROSINI,all'intersezione semaforizzata con,VIA ACCADEMIA DEGLI AGIATI,VIA ACCADEMIA DEGLI AGIATI,,,Scontro frontale/laterale DX fra veicoli in marcia,Intersezione semaforizzata,Due carreggiate,Asciutto,Asfaltata,Verticale ed orizzontale,Sereno,Scarso,Buona,Ore Diurne,1,0,0,3,12.4906,41.8494,-1,2,Autovettura privata,In marcia / fermata / arresto,Passeggero,F,Illeso,0,,,,
3968131,7,30/08/2018 20:10:00,Strada Urbana,VIALE PALMIRO TOGLIATTI,all'intersezione con,VIA DEGLI OLMI,VIA DEGLI OLMI,,,Scontro laterale fra veicoli in marcia,Incrocio,Una carreggiata a senso unico di marcia,Asciutto,Asfaltata,Verticale ed orizzontale,Sereno,Normale,Buona,Sufficiente,0,0,0,5,12.5733,41.8872,-1,1,Autovettura privata,In marcia / fermata / arresto,Conducente,M,Illeso,0,,,,
3968131,7,30/08/2018 20:10:00,Strada Urbana,VIALE PALMIRO TOGLIATTI,all'intersezione con,VIA DEGLI OLMI,VIA DEGLI OLMI,,,Scontro laterale fra veicoli in marcia,Incrocio,Una carreggiata a senso unico di marcia,Asciutto,Asfaltata,Verticale ed orizzontale,Sereno,Normale,Buona,Sufficiente,0,0,0,5,12.5733,41.8872,-1,1,Autovettura privata,In marcia / fermata / arresto,Passeggero,F,Illeso,0,,,,
3968131,7,30/08/2018 20:10:00,Strada Urbana,VIALE PALMIRO TOGLIATTI,all'intersezione con,VIA DEGLI OLMI,VIA DEGLI OLMI,,,Scontro laterale fra veicoli in marcia,Incrocio,Una carreggiata a senso unico di marcia,Asciutto,Asfaltata,Verticale ed orizzontale,Sereno,Normale,Buona,Sufficiente,0,0,0,5,12.5733,41.8872,-1,2,Autovettura privata,In marcia / fermata / arresto,Conducente,F,Illeso,0,,,,
3968131,7,30/08/2018 20:10:00,Strada Urbana,VIALE PALMIRO TOGLIATTI,all'intersezione con,VIA DEGLI OLMI,VIA DEGLI OLMI,,,Scontro laterale fra veicoli in marcia,Incrocio,Una carreggiata a senso unico di marcia,Asciutto,Asfaltata,Verticale ed orizzontale,Sereno,Normale,Buona,Sufficiente,0,0,0,5,12.5733,41.8872,-1,2,Autovettura privata,In marcia / fermata / arresto,Passeggero,F,Illeso,0,,,,
3968131,7,30/08/2018 20:10:00,Strada Urbana,VIALE PALMIRO TOGLIATTI,all'intersezione con,VIA DEGLI OLMI,VIA DEGLI OLMI,,,Scontro laterale fra veicoli in marcia,Incrocio,Una carreggiata a senso unico di marcia,Asciutto,Asfaltata,Verticale ed orizzontale,Sereno,Normale,Buona,Sufficiente,0,0,0,5,12.5733,41.8872,-1,2,Autovettura privata,In marcia / fermata / arresto,Passeggero,F,Illeso,0,,,,
3968133,20,30/08/2018 15:20:00,Regionale entro l'abitato,VIA CASSIA,da specificare,,,,fronte Via Collinense,Veicolo in marcia contro ostacolo accidentale,Rettilineo,Una carreggiata a doppio senso,Asciutto,Asfaltata,Verticale ed orizzontale,Sereno,Normale,Buona,Ore Diurne,0,0,0,1,12.3804,42.0052,-1,1,Autovettura privata,In marcia / fermata / arresto,Conducente,M,Illeso,0,,,,
3968139,7,30/08/2018 08:20:00,Strada Urbana,VIALE PALMIRO TOGLIATTI,in corrispondenza,,del civico n.,993,,Scontro laterale fra veicoli in marcia,Rettilineo,Due carreggiate,Asciutto,Asfaltata,Verticale ed orizzontale,Sereno,Normale,Buona,Ore Diurne,0,0,0,2,12.5745,41.8941,-1,1,Autovettura privata,In marcia / fermata / arresto,Conducente,M,Illeso,0,,Non accertato,,
3968139,7,30/08/2018 08:20:00,Strada Urbana,VIALE PALMIRO TOGLIATTI,in corrispondenza,,del civico n.,993,,Scontro laterale fra veicoli in marcia,Rettilineo,Due carreggiate,Asciutto,Asfaltata,Verticale ed orizzontale,Sereno,Normale,Buona,Ore Diurne,0,0,0,2,12.5745,41.8941,-1,2,Autovettura privata,In marcia / fermata / arresto,Conducente,F,Illeso,0,,Non accertato,,
3968142,15,30/08/2018 19:15:00,Strada Urbana,VIA DELLA PISANA,in prossimit�,,del civico n.,237,,Scontro frontale fra veicoli in marcia,Rettilineo,Una carreggiata a doppio senso,Asciutto,Asfaltata,Orizzontale,Sereno,Normale,Buona,Ore Diurne,1,0,0,2,12.4158,41.8779,-1,1,Motociclo a solo,In marcia / fermata / arresto,Conducente,M,Rimandato,0,NON DECEDUTO,Utilizzato,,
3968142,15,30/08/2018 19:15:00,Strada Urbana,VIA DELLA PISANA,in prossimit�,,del civico n.,237,,Scontro frontale fra veicoli in marcia,Rettilineo,Una carreggiata a doppio senso,Asciutto,Asfaltata,Orizzontale,Sereno,Normale,Buona,Ore Diurne,1,0,0,2,12.4158,41.8779,-1,2,Autovettura privata,In marcia / fermata / arresto,Conducente,M,Illeso,0,,Utilizzato,,
3968142,15,30/08/2018 19:15:00,Strada Urbana,VIA DELLA PISANA,in prossimit�,,del civico n.,237,,Scontro frontale fra veicoli in marcia,Rettilineo,Una carreggiata a doppio senso,Asciutto,Asfaltata,Orizzontale,Sereno,Normale,Buona,Ore Diurne,1,0,0,2,12.4158,41.8779,-1,2,Autovettura privata,In marcia / fermata / arresto,Passeggero,F,Illeso,0,,Utilizzato,,
3968144,4,30/08/2018 15:00:00,Strada Urbana,VIA PIETRO ARETINO,in corrispondenza,,del civico n.,8/A,,Veicolo in marcia contro veicolo in sosta,Rettilineo,Una carreggiata a senso unico di marcia,Asciutto,Asfaltata,Verticale ed orizzontale,Sereno,Scarso,Buona,Ore Diurne,0,0,0,2,12.5483,41.9444,-1,1,Autovettura privata,In marcia / fermata / arresto,Conducente,M,Illeso,0,,Non accertato,Inesploso,
3968144,4,30/08/2018 15:00:00,Strada Urbana,VIA PIETRO ARETINO,in corrispondenza,,del civico n.,8/A,,Veicolo in marcia contro veicolo in sosta,Rettilineo,Una carreggiata a senso unico di marcia,Asciutto,Asfaltata,Verticale ed orizzontale,Sereno,Scarso,Buona,Ore Diurne,0,0,0,2,12.5483,41.9444,-1,1,Autovettura privata,In marcia / fermata / arresto,Passeggero,M,Illeso,0,,Non accertato,Inesploso,
3968146,13,30/08/2018 15:45:00,Strada Urbana,VIALE DELLA VILLA DI PLINIO,all'intersezione semaforizzata con,VIA DEI PESCATORI,VIA DEI PESCATORI,,,Scontro laterale fra veicoli in marcia,Intersezione semaforizzata,Una carreggiata a doppio senso,Asciutto,Asfaltata,Verticale ed orizzontale,Sereno,Normale,Buona,Ore Diurne,0,0,0,3,12.3413,41.7148,-1,1,Autovettura privata,In marcia / fermata / arresto,Conducente,M,Illeso,0,,Non accertato,Inesploso,
3968146,13,30/08/2018 15:45:00,Strada Urbana,VIALE DELLA VILLA DI PLINIO,all'intersezione semaforizzata con,VIA DEI PESCATORI,VIA DEI PESCATORI,,,Scontro laterale fra veicoli in marcia,Intersezione semaforizzata,Una carreggiata a doppio senso,Asciutto,Asfaltata,Verticale ed orizzontale,Sereno,Normale,Buona,Ore Diurne,0,0,0,3,12.3413,41.7148,-1,1,Autovettura privata,In marcia / fermata / arresto,Passeggero,M,Illeso,0,,Non accertato,Inesploso,
3968146,13,30/08/2018 15:45:00,Strada Urbana,VIALE DELLA VILLA DI PLINIO,all'intersezione semaforizzata con,VIA DEI PESCATORI,VIA DEI PESCATORI,,,Scontro laterale fra veicoli in marcia,Intersezione semaforizzata,Una carreggiata a doppio senso,Asciutto,Asfaltata,Verticale ed orizzontale,Sereno,Normale,Buona,Ore Diurne,0,0,0,3,12.3413,41.7148,-1,2,Autovettura privata,In marcia / fermata / arresto,Conducente,M,Illeso,0,,Non accertato,Inesploso,
3968151,20,30/08/2018 17:35:00,Regionale,VIA CASSIA,in prossimit�,,del civico n.,2040,,Tamponamento Multiplo,Rettilineo,Una carreggiata a doppio senso,Asciutto,Asfaltata,Orizzontale,Sereno,Normale,Buona,Ore Diurne,0,0,0,4,12.3775,42.035,-1,1,Autovettura privata,In marcia / fermata / arresto,Conducente,M,Illeso,0,,Non accertato,,
3968151,20,30/08/2018 17:35:00,Regionale,VIA CASSIA,in prossimit�,,del civico n.,2040,,Tamponamento Multiplo,Rettilineo,Una carreggiata a doppio senso,Asciutto,Asfaltata,Orizzontale,Sereno,Normale,Buona,Ore Diurne,0,0,0,4,12.3775,42.035,-1,2,Autovettura privata,In marcia / fermata / arresto,Conducente,F,Illeso,0,,Non accertato,Inesploso,
3968151,20,30/08/2018 17:35:00,Regionale,VIA CASSIA,in prossimit�,,del civico n.,2040,,Tamponamento Multiplo,Rettilineo,Una carreggiata a doppio senso,Asciutto,Asfaltata,Orizzontale,Sereno,Normale,Buona,Ore Diurne,0,0,0,4,12.3775,42.035,-1,2,Autovettura privata,In marcia / fermata / arresto,Passeggero,F,Illeso,0,,Non accertato,Inesploso,
3968151,20,30/08/2018 17:35:00,Regionale,VIA CASSIA,in prossimit�,,del civico n.,2040,,Tamponamento Multiplo,Rettilineo,Una carreggiata a doppio senso,Asciutto,Asfaltata,Orizzontale,Sereno,Normale,Buona,Ore Diurne,0,0,0,4,12.3775,42.035,-1,3,Autovettura privata,In marcia / fermata / arresto,Conducente,M,Illeso,0,,Non accertato,,
3968176,15,31/08/2018 04:40:00,Strada Urbana,VIA ALBERTO MANCINI,in corrispondenza,,del civico n.,61,,Veicolo in marcia contro ostacolo fisso,Curva senza visuale libera,Una carreggiata a doppio senso,Asciutto,Asfaltata,Orizzontale,Sereno,Scarso,Sufficiente,Sufficiente,2,0,0,2,12.4552,41.8561,-1,1,Autovettura privata,In marcia / fermata / arresto,Conducente,M,Rimandato,0,NON DECEDUTO,Utilizzato,Inesploso,
3968176,15,31/08/2018 04:40:00,Strada Urbana,VIA ALBERTO MANCINI,in corrispondenza,,del civico n.,61,,Veicolo in marcia contro ostacolo fisso,Curva senza visuale libera,Una carreggiata a doppio senso,Asciutto,Asfaltata,Orizzontale,Sereno,Scarso,Sufficiente,Sufficiente,2,0,0,2,12.4552,41.8561,-1,1,Autovettura privata,In marcia / fermata / arresto,Passeggero,M,Illeso,0,,Utilizzato,,
3968176,15,31/08/2018 04:40:00,Strada Urbana,VIA ALBERTO MANCINI,in corrispondenza,,del civico n.,61,,Veicolo in marcia contro ostacolo fisso,Curva senza visuale libera,Una carreggiata a doppio senso,Asciutto,Asfaltata,Orizzontale,Sereno,Scarso,Sufficiente,Sufficiente,2,0,0,2,12.4552,41.8561,-1,1,Autovettura privata,In marcia / fermata / arresto,Passeggero,M,Rimandato,0,NON DECEDUTO,Utilizzato,,
3968189,17,30/08/2018 17:35:00,Strada Urbana,PIAZZALE MARESCIALLO GIARDINO,all'intersezione semaforizzata con,LUNGOTEVERE MARESCIALLO CADORNA,LUNGOTEVERE MARESCIALLO CADORNA,,,Scontro laterale fra veicoli in marcia,Intersezione semaforizzata,Una carreggiata a senso unico di marcia,Asciutto,Asfaltata,Verticale ed orizzontale,Sereno,Intenso,Buona,Ore Diurne,0,0,0,4,12.4586,41.924,-1,1,Autovettura privata,In marcia / fermata / arresto,Conducente,M,Illeso,0,,,,
3968189,17,30/08/2018 17:35:00,Strada Urbana,PIAZZALE MARESCIALLO GIARDINO,all'intersezione semaforizzata con,LUNGOTEVERE MARESCIALLO CADORNA,LUNGOTEVERE MARESCIALLO CADORNA,,,Scontro laterale fra veicoli in marcia,Intersezione semaforizzata,Una carreggiata a senso unico di marcia,Asciutto,Asfaltata,Verticale ed orizzontale,Sereno,Intenso,Buona,Ore Diurne,0,0,0,4,12.4586,41.924,-1,1,Autovettura privata,In marcia / fermata / arresto,Passeggero,M,Illeso,0,,,,
3968189,17,30/08/2018 17:35:00,Strada Urbana,PIAZZALE MARESCIALLO GIARDINO,all'intersezione semaforizzata con,LUNGOTEVERE MARESCIALLO CADORNA,LUNGOTEVERE MARESCIALLO CADORNA,,,Scontro laterale fra veicoli in marcia,Intersezione semaforizzata,Una carreggiata a senso unico di marcia,Asciutto,Asfaltata,Verticale ed orizzontale,Sereno,Intenso,Buona,Ore Diurne,0,0,0,4,12.4586,41.924,-1,2,Autobus urbano,In marcia / fermata / arresto,Conducente,M,Illeso,0,,,,
3968189,17,30/08/2018 17:35:00,Strada Urbana,PIAZZALE MARESCIALLO GIARDINO,all'intersezione semaforizzata con,LUNGOTEVERE MARESCIALLO CADORNA,LUNGOTEVERE MARESCIALLO CADORNA,,,Scontro laterale fra veicoli in marcia,Intersezione semaforizzata,Una carreggiata a senso unico di marcia,Asciutto,Asfaltata,Verticale ed orizzontale,Sereno,Intenso,Buona,Ore Diurne,0,0,0,4,12.4586,41.924,-1,2,Autobus urbano,In marcia / fermata / arresto,Passeggero,M,Illeso,0,,,,
3968203,4,30/08/2018 10:20:00,Strada Urbana,VIALE JONIO,all'intersezione semaforizzata con,VIALE PANTELLERIA,VIALE PANTELLERIA,,,Scontro frontale/laterale SX fra veicoli in marcia,Intersezione semaforizzata,Due carreggiate,Asciutto,Asfaltata,Verticale,Sereno,Normale,Buona,Ore Diurne,0,0,0,3,12.536,41.9442,-1,1,Autovettura privata,In marcia / fermata / arresto,Conducente,M,Illeso,0,,Non accertato,,
3968203,4,30/08/2018 10:20:00,Strada Urbana,VIALE JONIO,all'intersezione semaforizzata con,VIALE PANTELLERIA,VIALE PANTELLERIA,,,Scontro frontale/laterale SX fra veicoli in marcia,Intersezione semaforizzata,Due carreggiate,Asciutto,Asfaltata,Verticale,Sereno,Normale,Buona,Ore Diurne,0,0,0,3,12.536,41.9442,-1,2,Autovettura privata,In marcia / fermata / arresto,Conducente,M,Illeso,0,,Non accertato,,
3968203,4,30/08/2018 10:20:00,Strada Urbana,VIALE JONIO,all'intersezione semaforizzata con,VIALE PANTELLERIA,VIALE PANTELLERIA,,,Scontro frontale/laterale SX fra veicoli in marcia,Intersezione semaforizzata,Due carreggiate,Asciutto,Asfaltata,Verticale,Sereno,Normale,Buona,Ore Diurne,0,0,0,3,12.536,41.9442,-1,2,Autovettura privata,In marcia / fermata / arresto,Passeggero,F,Illeso,0,,Non accertato,Inesploso,
3968218,4,30/08/2018 10:45:00,Strada Urbana,VIA UGO OJETTI,in corrispondenza,,del civico n.,6,,Scontro laterale fra veicoli in marcia,Rettilineo,Due carreggiate,Asciutto,Asfaltata,Verticale ed orizzontale,Sereno,Normale,Buona,Ore Diurne,0,0,0,3,12.5481,41.9437,-1,1,Autovettura privata,In marcia / fermata / arresto,Conducente,F,Illeso,0,,Non accertato,Inesploso,
3968218,4,30/08/2018 10:45:00,Strada Urbana,VIA UGO OJETTI,in corrispondenza,,del civico n.,6,,Scontro laterale fra veicoli in marcia,Rettilineo,Due carreggiate,Asciutto,Asfaltata,Verticale ed orizzontale,Sereno,Normale,Buona,Ore Diurne,0,0,0,3,12.5481,41.9437,-1,2,Autovettura privata,In marcia / fermata / arresto,Conducente,F,Illeso,0,,Non accertato,Inesploso,
3968218,4,30/08/2018 10:45:00,Strada Urbana,VIA UGO OJETTI,in corrispondenza,,del civico n.,6,,Scontro laterale fra veicoli in marcia,Rettilineo,Due carreggiate,Asciutto,Asfaltata,Verticale ed orizzontale,Sereno,Normale,Buona,Ore Diurne,0,0,0,3,12.5481,41.9437,-1,2,Autovettura privata,In marcia / fermata / arresto,Passeggero,F,Illeso,0,,Non accertato,Inesploso,
3968233,4,30/08/2018 19:30:00,Strada Urbana,VIA DELLA BUFALOTTA,in prossimit�,,del civico n.,663,,Tamponamento,Rettilineo,Una carreggiata a doppio senso,Asciutto,Asfaltata,Verticale ed orizzontale,Sereno,Normale,Sufficiente,Sufficiente,0,0,0,4,12.5513,41.9827,-1,1,Autovettura privata,In marcia / fermata / arresto,Conducente,M,Illeso,0,,Non accertato,,
3968233,4,30/08/2018 19:30:00,Strada Urbana,VIA DELLA BUFALOTTA,in prossimit�,,del civico n.,663,,Tamponamento,Rettilineo,Una carreggiata a doppio senso,Asciutto,Asfaltata,Verticale ed orizzontale,Sereno,Normale,Sufficiente,Sufficiente,0,0,0,4,12.5513,41.9827,-1,1,Autovettura privata,In marcia / fermata / arresto,Passeggero,F,Illeso,0,,Non accertato,,
3968233,4,30/08/2018 19:30:00,Strada Urbana,VIA DELLA BUFALOTTA,in prossimit�,,del civico n.,663,,Tamponamento,Rettilineo,Una carreggiata a doppio senso,Asciutto,Asfaltata,Verticale ed orizzontale,Sereno,Normale,Sufficiente,Sufficiente,0,0,0,4,12.5513,41.9827,-1,1,Autovettura privata,In marcia / fermata / arresto,Passeggero,M,Illeso,0,,Non accertato,,
3968233,4,30/08/2018 19:30:00,Strada Urbana,VIA DELLA BUFALOTTA,in prossimit�,,del civico n.,663,,Tamponamento,Rettilineo,Una carreggiata a doppio senso,Asciutto,Asfaltata,Verticale ed orizzontale,Sereno,Normale,Sufficiente,Sufficiente,0,0,0,4,12.5513,41.9827,-1,2,Autovettura privata,In marcia / fermata / arresto,Conducente,F,Illeso,0,,Non accertato,,
3968237,19,30/08/2018 11:20:00,Strada Urbana,VIA TRIONFALE,in prossimit�,,del civico n.,8219,,Tamponamento,Rettilineo,Una carreggiata a senso unico di marcia,Asciutto,Asfaltata,Verticale,Sereno,Normale,Buona,Ore Diurne,0,0,0,2,12.4279,41.9374,-1,1,Autovettura privata,In marcia / fermata / arresto,Conducente,M,Illeso,0,,Non accertato,Inesploso,