Protocollo,Gruppo,DataOraIncidente,Localizzazione1,STRADA1,Localizzazione2,STRADA2,Strada02,Chilometrica,DaSpecificare,NaturaIncidente,particolaritastrade,TipoStrada,FondoStradale,Pavimentazione,Segnaletica,CondizioneAtmosferica,Traffico,Visibilita,Illuminazione,NUM_FERITI,NUM_RISERVATA,NUM_MORTI,NUM_ILLESI,Longitudine,Latitudine,Confermato,Progressivo,TipoVeicolo,StatoVeicolo,TipoPersona,Sesso,Tipolesione,Deceduto,DecedutoDopo,CinturaCascoUtilizzato,Airbag,
3968237,19,30/08/2018 11:20:00,Strada Urbana,VIA TRIONFALE,in prossimit�,,del civico n.,8219,,Tamponamento,Rettilineo,Una carreggiata a senso unico di marcia,Asciutto,Asfaltata,Verticale,Sereno,Normale,Buona,Ore Diurne,0,0,0,2,12.4279,41.9374,-1,2,Autocarro inferiore 35 q.,In marcia / fermata / arresto,Conducente,M,Illeso,0,,Non accertato,Inesploso,
3968304,1,31/08/2018 00:35:00,Strada Urbana,VIA MILANO,da specificare,,,,poco prima intersezione Via Palermo,Scontro laterale fra veicoli in marcia,Rettilineo,Una carreggiata a doppio senso,Asciutto,Asfaltata,Verticale ed orizzontale,Sereno,Scarso,Buona,Sufficiente,1,0,0,1,12.4902,41.8987,-1,1,Autovettura privata,In marcia / fermata / arresto,Conducente,M,Rimandato,0,NON DECEDUTO,Non accertato,,
3968304,1,31/08/2018 00:35:00,Strada Urbana,VIA MILANO,da specificare,,,,poco prima intersezione Via Palermo,Scontro laterale fra veicoli in marcia,Rettilineo,Una carreggiata a doppio senso,Asciutto,Asfaltata,Verticale ed orizzontale,Sereno,Scarso,Buona,Sufficiente,1,0,0,1,12.4902,41.8987,-1,2,Autobus di linea,In marcia / fermata / arresto,Conducente,M,Illeso,0,,,,
3968345,3,24/08/2018 17:30:00,Strada Urbana,VIA TIBURTINA,in corrispondenza,,del civico n.,259/A,,Scontro laterale fra veicoli in marcia,Rettilineo,Una carreggiata a senso unico di marcia,Asciutto,Asfaltata,Verticale ed orizzontale,Sereno,Scarso,Buona,Ore Diurne,1,0,0,1,12.5235,41.9072,-1,1,Motociclo a solo,In marcia / fermata / arresto,Conducente,M,Rimandato,0,NON DECEDUTO,Non accertato,,
3968345,3,24/08/2018 17:30:00,Strada Urbana,VIA TIBURTINA,in corrispondenza,,del civico n.,259/A,,Scontro laterale fra veicoli in marcia,Rettilineo,Una carreggiata a senso unico di marcia,Asciutto,Asfaltata,Verticale ed orizzontale,Sereno,Scarso,Buona,Ore Diurne,1,0,0,1,12.5235,41.9072,-1,2,Autovettura privata,In marcia / fermata / arresto,Conducente,M,Illeso,0,,Non accertato,Inesploso,
3968348,16,30/08/2018 11:00:00,Strada Urbana,PIAZZA S. GIOVANNI DI DIO,all'intersezione semaforizzata con,VIA FERDINANDO PALASCIANO,VIA FERDINANDO PALASCIANO,,,Scontro frontale/laterale SX fra veicoli in marcia,Intersezione semaforizzata,Una carreggiata a doppio senso,Asciutto,Asfaltata,Verticale ed orizzontale,Sereno,Normale,Buona,Ore Diurne,0,0,0,2,12.4468,41.8744,-1,1,Autovettura privata,In marcia / fermata / arresto,Conducente,M,Illeso,0,,Non accertato,Inesploso,
3968348,16,30/08/2018 11:00:00,Strada Urbana,PIAZZA S. GIOVANNI DI DIO,all'intersezione semaforizzata con,VIA FERDINANDO PALASCIANO,VIA FERDINANDO PALASCIANO,,,Scontro frontale/laterale SX fra veicoli in marcia,Intersezione semaforizzata,Una carreggiata a doppio senso,Asciutto,Asfaltata,Verticale ed orizzontale,Sereno,Normale,Buona,Ore Diurne,0,0,0,2,12.4468,41.8744,-1,2,Motociclo a solo,In marcia / fermata / arresto,Conducente,F,Illeso,0,,Non accertato,,
3968349,6,31/08/2018 09:10:00,Strada Urbana,VIA LEONARDO BUFALINI,all'intersezione con,VIA AUGUSTO DULCERI,VIA AUGUSTO DULCERI,,,Investimento di pedone,Incrocio,Due carreggiate,Asciutto,Asfaltata,Verticale ed orizzontale,Sereno,Normale,Buona,Ore Diurne,1,0,0,1,12.5388,41.8838,-1,,,,Pedone,M,Ricoverato,0,NON DECEDUTO,,,
3968349,6,31/08/2018 09:10:00,Strada Urbana,VIA LEONARDO BUFALINI,all'intersezione con,VIA AUGUSTO DULCERI,VIA AUGUSTO DULCERI,,,Investimento di pedone,Incrocio,Due carreggiate,Asciutto,Asfaltata,Verticale ed orizzontale,Sereno,Normale,Buona,Ore Diurne,1,0,0,1,12.5388,41.8838,-1,1,Autovettura privata,In marcia / fermata / arresto,Conducente,F,Illeso,0,,Non accertato,Inesploso,
3968357,3,26/08/2018 23:10:00,Strada Urbana,VIALE DELLO SCALO S. LORENZO,all'intersezione con,VIA DEGLI AUSONI,VIA DEGLI AUSONI,,,Veicolo in marcia contro veicolo in sosta,Intersezione stradale segnalata,Pi� di due carreggiate,Asciutto,Asfaltata,Assente,Sereno,Scarso,Buona,Sufficiente,0,0,0,1,12.5181,41.8953,-1,1,Autovettura privata,In marcia / fermata / arresto,Conducente,M,Illeso,0,,Non accertato,Inesploso,
3968359,2,31/08/2018 07:45:00,Strada Urbana,CORSO D'ITALIA,da specificare,,,,fronte Via Alessandria,Investimento di pedone,Rettilineo,Pi� di due carreggiate,Asciutto,Asfaltata,Verticale ed orizzontale,Sereno,Intenso,Buona,Ore Diurne,2,0,0,1,12.5,41.9102,-1,,,,Pedone,F,Ricoverato,0,NON DECEDUTO,,,
3968359,2,31/08/2018 07:45:00,Strada Urbana,CORSO D'ITALIA,da specificare,,,,fronte Via Alessandria,Investimento di pedone,Rettilineo,Pi� di due carreggiate,Asciutto,Asfaltata,Verticale ed orizzontale,Sereno,Intenso,Buona,Ore Diurne,2,0,0,1,12.5,41.9102,-1,1,Motociclo con passeggero,In marcia / fermata / arresto,Conducente,M,Rifiuta cure immediate,0,NON DECEDUTO,,,
3968359,2,31/08/2018 07:45:00,Strada Urbana,CORSO D'ITALIA,da specificare,,,,fronte Via Alessandria,Investimento di pedone,Rettilineo,Pi� di due carreggiate,Asciutto,Asfaltata,Verticale ed orizzontale,Sereno,Intenso,Buona,Ore Diurne,2,0,0,1,12.5,41.9102,-1,1,Motociclo con passeggero,In marcia / fermata / arresto,Passeggero,M,Illeso,0,,,,
3968367,3,27/08/2018 12:33:00,Strada Urbana,CIRCONVALLAZIONE TIBURTINA,da specificare,,,,direzione S.Giovanni fronte uscita A24,Veicolo in marcia contro veicolo fermo,Rettilineo,Due carreggiate,Asciutto,Asfaltata,Verticale ed orizzontale,Sereno,Normale,Buona,Ore Diurne,2,0,0,2,12.528,41.8994,-1,1,Autovettura privata,In marcia / fermata / arresto,Conducente,M,Illeso,0,,Non accertato,Inesploso,
3968367,3,27/08/2018 12:33:00,Strada Urbana,CIRCONVALLAZIONE TIBURTINA,da specificare,,,,direzione S.Giovanni fronte uscita A24,Veicolo in marcia contro veicolo fermo,Rettilineo,Due carreggiate,Asciutto,Asfaltata,Verticale ed orizzontale,Sereno,Normale,Buona,Ore Diurne,2,0,0,2,12.528,41.8994,-1,1,Autovettura privata,In marcia / fermata / arresto,Passeggero,M,Rimandato,0,NON DECEDUTO,Non accertato,Inesploso,
3968367,3,27/08/2018 12:33:00,Strada Urbana,CIRCONVALLAZIONE TIBURTINA,da specificare,,,,direzione S.Giovanni fronte uscita A24,Veicolo in marcia contro veicolo fermo,Rettilineo,Due carreggiate,Asciutto,Asfaltata,Verticale ed orizzontale,Sereno,Normale,Buona,Ore Diurne,2,0,0,2,12.528,41.8994,-1,1,Autovettura privata,In marcia / fermata / arresto,Passeggero,M,Rimandato,0,NON DECEDUTO,Non accertato,Inesploso,
3968367,3,27/08/2018 12:33:00,Strada Urbana,CIRCONVALLAZIONE TIBURTINA,da specificare,,,,direzione S.Giovanni fronte uscita A24,Veicolo in marcia contro veicolo fermo,Rettilineo,Due carreggiate,Asciutto,Asfaltata,Verticale ed orizzontale,Sereno,Normale,Buona,Ore Diurne,2,0,0,2,12.528,41.8994,-1,2,Autocarro inferiore 35 q.,In marcia / fermata / arresto,Conducente,M,Illeso,0,,Non accertato,Inesploso,
3968378,23,30/08/2018 11:30:00,Comunale extraurbana,VIA CRISTOFORO COLOMBO,all'intersezione semaforizzata con,VIA DI MALAFEDE,VIA DI MALAFEDE,,,Tamponamento Multiplo,Intersezione semaforizzata,Pi� di due carreggiate,Asciutto,Asfaltata,Verticale ed orizzontale,Sereno,Normale,Buona,Ore Diurne,0,0,0,6,12.3968,41.7754,0,1,Autovettura privata,Allontanatosi,Conducente,F,Illeso,0,,,,
3968378,23,30/08/2018 11:30:00,Comunale extraurbana,VIA CRISTOFORO COLOMBO,all'intersezione semaforizzata con,VIA DI MALAFEDE,VIA DI MALAFEDE,,,Tamponamento Multiplo,Intersezione semaforizzata,Pi� di due carreggiate,Asciutto,Asfaltata,Verticale ed orizzontale,Sereno,Normale,Buona,Ore Diurne,0,0,0,6,12.3968,41.7754,0,2,Autovettura privata,In marcia / fermata / arresto,Conducente,M,Illeso,0,,Non accertato,Inesploso,
3968378,23,30/08/2018 11:30:00,Comunale extraurbana,VIA CRISTOFORO COLOMBO,all'intersezione semaforizzata con,VIA DI MALAFEDE,VIA DI MALAFEDE,,,Tamponamento Multiplo,Intersezione semaforizzata,Pi� di due carreggiate,Asciutto,Asfaltata,Verticale ed orizzontale,Sereno,Normale,Buona,Ore Diurne,0,0,0,6,12.3968,41.7754,0,2,Autovettura privata,In marcia / fermata / arresto,Passeggero,F,Illeso,0,,Non accertato,Inesploso,
3968378,23,30/08/2018 11:30:00,Comunale extraurbana,VIA CRISTOFORO COLOMBO,all'intersezione semaforizzata con,VIA DI MALAFEDE,VIA DI MALAFEDE,,,Tamponamento Multiplo,Intersezione semaforizzata,Pi� di due carreggiate,Asciutto,Asfaltata,Verticale ed orizzontale,Sereno,Normale,Buona,Ore Diurne,0,0,0,6,12.3968,41.7754,0,3,Autovettura privata,In marcia / fermata / arresto,Conducente,F,Illeso,0,,Non utilizzato,Inesploso,
3968378,23,30/08/2018 11:30:00,Comunale extraurbana,VIA CRISTOFORO COLOMBO,all'intersezione semaforizzata con,VIA DI MALAFEDE,VIA DI MALAFEDE,,,Tamponamento Multiplo,Intersezione semaforizzata,Pi� di due carreggiate,Asciutto,Asfaltata,Verticale ed orizzontale,Sereno,Normale,Buona,Ore Diurne,0,0,0,6,12.3968,41.7754,0,3,Autovettura privata,In marcia / fermata / arresto,Passeggero,F,Illeso,0,,Utilizzato,Inesploso,
3968378,23,30/08/2018 11:30:00,Comunale extraurbana,VIA CRISTOFORO COLOMBO,all'intersezione semaforizzata con,VIA DI MALAFEDE,VIA DI MALAFEDE,,,Tamponamento Multiplo,Intersezione semaforizzata,Pi� di due carreggiate,Asciutto,Asfaltata,Verticale ed orizzontale,Sereno,Normale,Buona,Ore Diurne,0,0,0,6,12.3968,41.7754,0,3,Autovettura privata,In marcia / fermata / arresto,Passeggero,F,Illeso,0,,Non accertato,Inesploso,
3968388,2,30/08/2018 17:10:00,Strada Urbana,PIAZZA DI PRISCILLA,all'intersezione con,VIA DI TOR FIORENZA,VIA DI TOR FIORENZA,,,Scontro laterale fra veicoli in marcia,Incrocio,Due carreggiate,Asciutto,Asfaltata,Verticale ed orizzontale,Sereno,Normale,Buona,Ore Diurne,0,0,0,3,12.509,41.9303,-1,1,Autovettura privata,In marcia / fermata / arresto,Conducente,M,Illeso,0,,Non accertato,Inesploso,
3968388,2,30/08/2018 17:10:00,Strada Urbana,PIAZZA DI PRISCILLA,all'intersezione con,VIA DI TOR FIORENZA,VIA DI TOR FIORENZA,,,Scontro laterale fra veicoli in marcia,Incrocio,Due carreggiate,Asciutto,Asfaltata,Verticale ed orizzontale,Sereno,Normale,Buona,Ore Diurne,0,0,0,3,12.509,41.9303,-1,2,Autovettura privata,In marcia / fermata / arresto,Conducente,F,Illeso,0,,Non accertato,Inesploso,
3968388,2,30/08/2018 17:10:00,Strada Urbana,PIAZZA DI PRISCILLA,all'intersezione con,VIA DI TOR FIORENZA,VIA DI TOR FIORENZA,,,Scontro laterale fra veicoli in marcia,Incrocio,Due carreggiate,Asciutto,Asfaltata,Verticale ed orizzontale,Sereno,Normale,Buona,Ore Diurne,0,0,0,3,12.509,41.9303,-1,2,Autovettura privata,In marcia / fermata / arresto,Passeggero,F,Illeso,0,,Non accertato,Inesploso,
3968470,3,28/08/2018 09:40:00,Strada Urbana,VIA TIBURTINA,all'intersezione con,VIA DEL CASTRO LAURENZIANO,VIA DEL CASTRO LAURENZIANO,,,Infortunio per sola frenata improvvisa,Incrocio,Due carreggiate,Asciutto,Asfaltata,Verticale ed orizzontale,Sereno,Scarso,Buona,Ore Diurne,1,0,0,0,12.5201,41.9036,0,1,Motociclo a solo,In marcia / fermata / arresto,Conducente,M,Rimandato,0,NON DECEDUTO,Utilizzato,,
3968666,15,31/08/2018 11:55:00,Strada Urbana,VIA FRANCESCO GRIMALDI,da specificare,,,,FRONTE CIV. 151,Veicolo in marcia contro veicolo in sosta,Rettilineo,Due carreggiate,Asciutto,Asfaltata,Verticale ed orizzontale,Sereno,Normale,Buona,Ore Diurne,0,0,0,1,12.4671,41.8649,-1,1,Autocarro inferiore 35 q.,In marcia / fermata / arresto,Conducente,M,Illeso,0,,,,
3968702,9,31/08/2018 11:28:00,Strada Urbana,VIA APPIA NUOVA,da specificare,,,,altezza VIA VETURIA,Scontro frontale/laterale DX fra veicoli in marcia,Rettilineo,Pi� di due carreggiate,Asciutto,Asfaltata,Verticale ed orizzontale,Sereno,Normale,Buona,Ore Diurne,1,0,0,3,12.5215,41.876,-1,1,Autovettura privata,In marcia / fermata / arresto,Conducente,F,Illeso,0,,Non accertato,Inesploso,
3968702,9,31/08/2018 11:28:00,Strada Urbana,VIA APPIA NUOVA,da specificare,,,,altezza VIA VETURIA,Scontro frontale/laterale DX fra veicoli in marcia,Rettilineo,Pi� di due carreggiate,Asciutto,Asfaltata,Verticale ed orizzontale,Sereno,Normale,Buona,Ore Diurne,1,0,0,3,12.5215,41.876,-1,1,Autovettura privata,In marcia / fermata / arresto,Passeggero,F,Illeso,0,,Non accertato,Inesploso,
3968702,9,31/08/2018 11:28:00,Strada Urbana,VIA APPIA NUOVA,da specificare,,,,altezza VIA VETURIA,Scontro frontale/laterale DX fra veicoli in marcia,Rettilineo,Pi� di due carreggiate,Asciutto,Asfaltata,Verticale ed orizzontale,Sereno,Normale,Buona,Ore Diurne,1,0,0,3,12.5215,41.876,-1,1,Autovettura privata,In marcia / fermata / arresto,Passeggero,M,Illeso,0,,Non accertato,Inesploso,
3968702,9,31/08/2018 11:28:00,Strada Urbana,VIA APPIA NUOVA,da specificare,,,,altezza VIA VETURIA,Scontro frontale/laterale DX fra veicoli in marcia,Rettilineo,Pi� di due carreggiate,Asciutto,Asfaltata,Verticale ed orizzontale,Sereno,Normale,Buona,Ore Diurne,1,0,0,3,12.5215,41.876,-1,2,Autovettura privata,In marcia / fermata / arresto,Conducente,F,Rifiuta cure immediate,0,NON DECEDUTO,Non accertato,Inesploso,
3968706,9,31/08/2018 12:00:00,Strada Urbana,VIA APPIA NUOVA,da specificare,,,,fronte 249,Veicolo in marcia contro veicoli in sosta,Rettilineo,Una carreggiata a senso unico di marcia,Asciutto,Asfaltata,Verticale ed orizzontale,Sereno,Normale,Buona,Ore Diurne,0,0,0,1,12.5177,41.879,-1,1,Autovettura privata,In marcia / fermata / arresto,Conducente,M,Illeso,0,,Non accertato,Inesploso,
3968707,9,31/08/2018 12:30:00,Strada Urbana,VIA TUSCOLANA,da specificare,,,,altezza civico 553,Tamponamento,Rettilineo,Una carreggiata a senso unico di marcia,Asciutto,Asfaltata,Verticale ed orizzontale,Sereno,Normale,Buona,Ore Diurne,1,0,0,1,12.543,41.8656,-1,1,Autovettura privata,In marcia / fermata / arresto,Conducente,M,Illeso,0,,Non accertato,Inesploso,
3968707,9,31/08/2018 12:30:00,Strada Urbana,VIA TUSCOLANA,da specificare,,,,altezza civico 553,Tamponamento,Rettilineo,Una carreggiata a senso unico di marcia,Asciutto,Asfaltata,Verticale ed orizzontale,Sereno,Normale,Buona,Ore Diurne,1,0,0,1,12.543,41.8656,-1,2,Ciclomotore,In marcia / fermata / arresto,Conducente,M,Rimandato,0,NON DECEDUTO,Non accertato,,
3968803,1,30/08/2018 12:30:00,Strada Urbana,VIALE AVENTINO,in prossimit�,,del civico n.,58,,Veicolo in marcia contro ostacolo fisso,Rettilineo,Pi� di due carreggiate,Asciutto,In cubetti di porfido,Verticale ed orizzontale,Sereno,Normale,Buona,Ore Diurne,0,0,0,2,12.4863,41.8823,-1,2,Autovettura privata,In marcia / fermata / arresto,Conducente,M,Illeso,0,,Non accertato,Inesploso,
3968803,1,30/08/2018 12:30:00,Strada Urbana,VIALE AVENTINO,in prossimit�,,del civico n.,58,,Veicolo in marcia contro ostacolo fisso,Rettilineo,Pi� di due carreggiate,Asciutto,In cubetti di porfido,Verticale ed orizzontale,Sereno,Normale,Buona,Ore Diurne,0,0,0,2,12.4863,41.8823,-1,4,Autovettura privata,In marcia / fermata / arresto,Conducente,M,Illeso,0,,Non accertato,Inesploso,
3968812,3,28/08/2018 19:50:00,Strada Urbana,VIALE REGINA ELENA,in prossimit�,,del civico n.,334 B,,Tamponamento,Pendenza,Una carreggiata a doppio senso,Asciutto,Asfaltata,Verticale ed orizzontale,Sereno,Scarso,Buona,Sufficiente,1,0,0,2,12.5177,41.9038,-1,1,Autovettura privata,In marcia / fermata / arresto,Conducente,M,Illeso,0,,,,
3968812,3,28/08/2018 19:50:00,Strada Urbana,VIALE REGINA ELENA,in prossimit�,,del civico n.,334 B,,Tamponamento,Pendenza,Una carreggiata a doppio senso,Asciutto,Asfaltata,Verticale ed orizzontale,Sereno,Scarso,Buona,Sufficiente,1,0,0,2,12.5177,41.9038,-1,2,Autovettura di polizia,In marcia / fermata / arresto,Conducente,M,Illeso,0,,,,
3968812,3,28/08/2018 19:50:00,Strada Urbana,VIALE REGINA ELENA,in prossimit�,,del civico n.,334 B,,Tamponamento,Pendenza,Una carreggiata a doppio senso,Asciutto,Asfaltata,Verticale ed orizzontale,Sereno,Scarso,Buona,Sufficiente,1,0,0,2,12.5177,41.9038,-1,2,Autovettura di polizia,In marcia / fermata / arresto,Passeggero,M,Rimandato,0,NON DECEDUTO,Non accertato,,
3968851,18,31/08/2018 16:10:00,Strada Urbana,PIAZZA IRNERIO,all'intersezione semaforizzata con,VIA AURELIA,VIA AURELIA,,,Scontro laterale fra veicoli in marcia,Intersezione semaforizzata,Una carreggiata a senso unico di marcia,Asciutto,Asfaltata,Verticale ed orizzontale,Sereno,Normale,Buona,Ore Diurne,0,0,0,2,12.4298,41.8984,-1,1,Autovettura privata,In marcia / fermata / arresto,Conducente,F,Illeso,0,,,,
3968851,18,31/08/2018 16:10:00,Strada Urbana,PIAZZA IRNERIO,all'intersezione semaforizzata con,VIA AURELIA,VIA AURELIA,,,Scontro laterale fra veicoli in marcia,Intersezione semaforizzata,Una carreggiata a senso unico di marcia,Asciutto,Asfaltata,Verticale ed orizzontale,Sereno,Normale,Buona,Ore Diurne,0,0,0,2,12.4298,41.8984,-1,2,Autovettura privata,In marcia / fermata / arresto,Conducente,F,Illeso,0,,,,
3968857,18,31/08/2018 09:00:00,Strada Urbana,VIA DELLE FORNACI,in corrispondenza,,del civico n.,24,,Scontro laterale fra veicoli in marcia,Rettilineo,Una carreggiata a senso unico di marcia,Asciutto,Asfaltata,Verticale ed orizzontale,Sereno,Normale,Buona,Ore Diurne,1,0,0,1,12.4561,41.899,-1,1,Autobus turistico,In marcia / fermata / arresto,Conducente,M,Illeso,0,,,,
3968857,18,31/08/2018 09:00:00,Strada Urbana,VIA DELLE FORNACI,in corrispondenza,,del civico n.,24,,Scontro laterale fra veicoli in marcia,Rettilineo,Una carreggiata a senso unico di marcia,Asciutto,Asfaltata,Verticale ed orizzontale,Sereno,Normale,Buona,Ore Diurne,1,0,0,1,12.4561,41.899,-1,2,Motociclo a solo,In marcia / fermata / arresto,Conducente,M,Rifiuta cure immediate,0,NON DECEDUTO,,,
3968866,1,30/08/2018 10:30:00,Strada Urbana,VIA MARMORATA,in corrispondenza,,del civico n.,151,,Veicolo in marcia contro veicolo in sosta,Rettilineo,Pi� di due carreggiate,Asciutto,Asfaltata,Verticale ed orizzontale,Sereno,Scarso,Buona,Ore Diurne,0,0,0,1,12.4783,41.8798,-1,1,Autovettura privata,In marcia / fermata / arresto,Conducente,M,Illeso,0,,,,
3968869,18,30/08/2018 21:50:00,Statale,VIA AURELIA,in prossimit�,,della chilometrica,17.8,,Veicolo in marcia contro ostacolo fisso,Rettilineo,Due carreggiate,Asciutto,Asfaltata,Orizzontale,Sereno,Scarso,Sufficiente,Inesistente,0,0,0,2,12.4015,41.8862,-1,1,Autovettura privata,In marcia / fermata / arresto,Conducente,F,Illeso,0,,Non accertato,Inesploso,
3968869,18,30/08/2018 21:50:00,Statale,VIA AURELIA,in prossimit�,,della chilometrica,17.8,,Veicolo in marcia contro ostacolo fisso,Rettilineo,Due carreggiate,Asciutto,Asfaltata,Orizzontale,Sereno,Scarso,Sufficiente,Inesistente,0,0,0,2,12.4015,41.8862,-1,1,Autovettura privata,In marcia / fermata / arresto,Passeggero,F,Illeso,0,,Non accertato,Inesploso,
3968903,1,30/08/2018 21:15:00,Strada Urbana,VIA PRINCIPE EUGENIO,in prossimit�,,del civico n.,103,,Investimento di pedone,Rettilineo,Una carreggiata a doppio senso,Asciutto,Asfaltata,Assente,Sereno,Normale,Sufficiente,Sufficiente,2,0,0,0,12.5091,41.8934,0,,,,Pedone,M,Ricoverato,0,NON DECEDUTO,,,
3968903,1,30/08/2018 21:15:00,Strada Urbana,VIA PRINCIPE EUGENIO,in prossimit�,,del civico n.,103,,Investimento di pedone,Rettilineo,Una carreggiata a doppio senso,Asciutto,Asfaltata,Assente,Sereno,Normale,Sufficiente,Sufficiente,2,0,0,0,12.5091,41.8934,0,1,Motociclo a solo,In marcia / fermata / arresto,Conducente,M,Rifiuta cure immediate,0,NON DECEDUTO,Non accertato,,
3968912,1,30/08/2018 16:50:00,Strada Urbana,VIA NAZIONALE,in prossimit�,,del civico n.,82,,Tamponamento,Rettilineo,Una carreggiata a doppio senso,Asciutto,In cubetti di porfido,Verticale ed orizzontale,Sereno,Normale,Buona,Ore Diurne,0,0,0,3,12.4907,41.8991,-1,1,Autovettura di polizia,In marcia / fermata / arresto,Conducente,M,Illeso,0,,Non accertato,Inesploso,
3968912,1,30/08/2018 16:50:00,Strada Urbana,VIA NAZIONALE,in prossimit�,,del civico n.,82,,Tamponamento,Rettilineo,Una carreggiata a doppio senso,Asciutto,In cubetti di porfido,Verticale ed orizzontale,Sereno,Normale,Buona,Ore Diurne,0,0,0,3,12.4907,41.8991,-1,1,Autovettura di polizia,In marcia / fermata / arresto,Passeggero,M,Illeso,0,,Non accertato,Inesploso,
3968912,1,30/08/2018 16:50:00,Strada Urbana,VIA NAZIONALE,in prossimit�,,del civico n.,82,,Tamponamento,Rettilineo,Una carreggiata a doppio senso,Asciutto,In cubetti di porfido,Verticale ed orizzontale,Sereno,Normale,Buona,Ore Diurne,0,0,0,3,12.4907,41.8991,-1,2,Autovettura pubblica,In marcia / fermata / arresto,Conducente,M,Illeso,0,,Non accertato,Inesploso,
3968942,10,31/08/2018 14:30:00,Strada Urbana,VIA TUSCOLANA,all'intersezione con,VIA DELL'AEROPORTO,VIA DELL'AEROPORTO,,,Scontro frontale/laterale DX fra veicoli in marcia,Incrocio,Due carreggiate,Asciutto,Asfaltata,Verticale ed orizzontale,Sereno,Normale,Buona,Ore Diurne,0,0,0,3,12.5548,41.8611,-1,1,Autocarro inferiore 35 q.,In marcia / fermata / arresto,Conducente,M,Illeso,0,,Non accertato,Inesploso,
3968942,10,31/08/2018 14:30:00,Strada Urbana,VIA TUSCOLANA,all'intersezione con,VIA DELL'AEROPORTO,VIA DELL'AEROPORTO,,,Scontro frontale/laterale DX fra veicoli in marcia,Incrocio,Due carreggiate,Asciutto,Asfaltata,Verticale ed orizzontale,Sereno,Normale,Buona,Ore Diurne,0,0,0,3,12.5548,41.8611,-1,1,Autocarro inferiore 35 q.,In marcia / fermata / arresto,Passeggero,M,Illeso,0,,Non accertato,Inesploso,
3968942,10,31/08/2018 14:30:00,Strada Urbana,VIA TUSCOLANA,all'intersezione con,VIA DELL'AEROPORTO,VIA DELL'AEROPORTO,,,Scontro frontale/laterale DX fra veicoli in marcia,Incrocio,Due carreggiate,Asciutto,Asfaltata,Verticale ed orizzontale,Sereno,Normale,Buona,Ore Diurne,0,0,0,3,12.5548,41.8611,-1,2,Autovettura privata,In marcia / fermata / arresto,Conducente,F,Illeso,0,,Non accertato,Inesploso,
3968953,1,30/08/2018 15:15:00,Strada Urbana,VIA NAZIONALE,all'intersezione semaforizzata con,VIA MILANO,VIA MILANO,,,Scontro frontale/laterale DX fra veicoli in marcia,Intersezione semaforizzata,Una carreggiata a doppio senso,Asciutto,In cubetti di porfido,Verticale ed orizzontale,Sereno,Normale,Buona,Ore Diurne,1,0,0,2,9.644,45.397,-1,1,Autovettura di polizia,In marcia / fermata / arresto,Conducente,M,Illeso,0,,Esente,Inesploso,
3968953,1,30/08/2018 15:15:00,Strada Urbana,VIA NAZIONALE,all'intersezione semaforizzata con,VIA MILANO,VIA MILANO,,,Scontro frontale/laterale DX fra veicoli in marcia,Intersezione semaforizzata,Una carreggiata a doppio senso,Asciutto,In cubetti di porfido,Verticale ed orizzontale,Sereno,Normale,Buona,Ore Diurne,1,0,0,2,9.644,45.397,-1,1,Autovettura di polizia,In marcia / fermata / arresto,Passeggero,M,Illeso,0,,,,
3968953,1,30/08/2018 15:15:00,Strada Urbana,VIA NAZIONALE,all'intersezione semaforizzata con,VIA MILANO,VIA MILANO,,,Scontro frontale/laterale DX fra veicoli in marcia,Intersezione semaforizzata,Una carreggiata a doppio senso,Asciutto,In cubetti di porfido,Verticale ed orizzontale,Sereno,Normale,Buona,Ore Diurne,1,0,0,2,9.644,45.397,-1,2,Motociclo a solo,In marcia / fermata / arresto,Conducente,M,Rimandato,0,NON DECEDUTO,Non accertato,,
3968955,10,31/08/2018 16:10:00,Strada Urbana,VIA TUSCOLANA,all'intersezione con,PIAZZA DI CINECITTA',PIAZZA DI CINECITTA',,,Scontro frontale/laterale DX fra veicoli in marcia,Intersezione semaforizzata,Due carreggiate,Asciutto,Asfaltata,Verticale ed orizzontale,Sereno,Normale,Buona,Ore Diurne,1,0,0,2,12.5677,41.8538,-1,1,Motociclo a solo,In marcia / fermata / arresto,Conducente,M,Rimandato,0,NON DECEDUTO,Non accertato,,
3968955,10,31/08/2018 16:10:00,Strada Urbana,VIA TUSCOLANA,all'intersezione con,PIAZZA DI CINECITTA',PIAZZA DI CINECITTA',,,Scontro frontale/laterale DX fra veicoli in marcia,Intersezione semaforizzata,Due carreggiate,Asciutto,Asfaltata,Verticale ed orizzontale,Sereno,Normale,Buona,Ore Diurne,1,0,0,2,12.5677,41.8538,-1,2,Autovettura privata,In marcia / fermata / arresto,Conducente,M,Illeso,0,,Non accertato,Inesploso,