Protocollo,Gruppo,DataOraIncidente,Localizzazione1,STRADA1,Localizzazione2,STRADA2,Strada02,Chilometrica,DaSpecificare,NaturaIncidente,particolaritastrade,TipoStrada,FondoStradale,Pavimentazione,Segnaletica,CondizioneAtmosferica,Traffico,Visibilita,Illuminazione,NUM_FERITI,NUM_RISERVATA,NUM_MORTI,NUM_ILLESI,Longitudine,Latitudine,Confermato,Progressivo,TipoVeicolo,StatoVeicolo,TipoPersona,Sesso,Tipolesione,Deceduto,DecedutoDopo,CinturaCascoUtilizzato,Airbag,
3968955,10,31/08/2018 16:10:00,Strada Urbana,VIA TUSCOLANA,all'intersezione con,PIAZZA DI CINECITTA',PIAZZA DI CINECITTA',,,Scontro frontale/laterale DX fra veicoli in marcia,Intersezione semaforizzata,Due carreggiate,Asciutto,Asfaltata,Verticale ed orizzontale,Sereno,Normale,Buona,Ore Diurne,1,0,0,2,12.5677,41.8538,-1,2,Autovettura privata,In marcia / fermata / arresto,Passeggero,M,Illeso,0,,Non accertato,Inesploso,
3968962,10,31/08/2018 15:20:00,Strada Urbana,VIA TUSCOLANA,in corrispondenza,,del civico n.,1768,,Investimento di pedone,Rettilineo,Una carreggiata a senso unico di marcia,Asciutto,Asfaltata,Orizzontale,Sereno,Normale,Buona,Ore Diurne,1,0,0,1,12.5826,41.8435,-1,,,,Pedone,F,Rimandato,0,NON DECEDUTO,,,
3968962,10,31/08/2018 15:20:00,Strada Urbana,VIA TUSCOLANA,in corrispondenza,,del civico n.,1768,,Investimento di pedone,Rettilineo,Una carreggiata a senso unico di marcia,Asciutto,Asfaltata,Orizzontale,Sereno,Normale,Buona,Ore Diurne,1,0,0,1,12.5826,41.8435,-1,1,Autovettura privata,In marcia / fermata / arresto,Conducente,F,Illeso,0,,Non accertato,Inesploso,
3968967,1,31/08/2018 13:00:00,Strada Urbana,VIALE AVENTINO,in prossimit�,,del palo luce n.,9,,Tamponamento,Rettilineo,Una carreggiata a senso unico di marcia,Asciutto,In cubetti di porfido,Verticale ed orizzontale,Sereno,Scarso,Buona,Ore Diurne,0,0,0,2,,,0,1,Autovettura privata,In marcia / fermata / arresto,Conducente,F,Illeso,0,,Non accertato,Inesploso,
3968967,1,31/08/2018 13:00:00,Strada Urbana,VIALE AVENTINO,in prossimit�,,del palo luce n.,9,,Tamponamento,Rettilineo,Una carreggiata a senso unico di marcia,Asciutto,In cubetti di porfido,Verticale ed orizzontale,Sereno,Scarso,Buona,Ore Diurne,0,0,0,2,,,0,2,Autovettura privata,In marcia / fermata / arresto,Conducente,M,Illeso,0,,Non accertato,Inesploso,
3968976,10,31/08/2018 17:00:00,Strada Urbana,VIA TUSCOLANA,da specificare,,,,dir. G.R.A. 100mt dopo Via delle Capannelle,Scontro laterale fra veicoli in marcia,Rettilineo,Una carreggiata a senso unico di marcia,Asciutto,Asfaltata,Verticale ed orizzontale,Sereno,Normale,Buona,Ore Diurne,0,0,0,3,12.5766,41.8478,-1,1,Autovettura privata,In marcia / fermata / arresto,Conducente,M,Illeso,0,,Non accertato,Inesploso,
3968976,10,31/08/2018 17:00:00,Strada Urbana,VIA TUSCOLANA,da specificare,,,,dir. G.R.A. 100mt dopo Via delle Capannelle,Scontro laterale fra veicoli in marcia,Rettilineo,Una carreggiata a senso unico di marcia,Asciutto,Asfaltata,Verticale ed orizzontale,Sereno,Normale,Buona,Ore Diurne,0,0,0,3,12.5766,41.8478,-1,1,Autovettura privata,In marcia / fermata / arresto,Passeggero,F,Illeso,0,,Non accertato,Inesploso,
3968976,10,31/08/2018 17:00:00,Strada Urbana,VIA TUSCOLANA,da specificare,,,,dir. G.R.A. 100mt dopo Via delle Capannelle,Scontro laterale fra veicoli in marcia,Rettilineo,Una carreggiata a senso unico di marcia,Asciutto,Asfaltata,Verticale ed orizzontale,Sereno,Normale,Buona,Ore Diurne,0,0,0,3,12.5766,41.8478,-1,2,Autovettura privata,In marcia / fermata / arresto,Conducente,M,Illeso,0,,Non accertato,Inesploso,
3969065,15,31/08/2018 19:30:00,Strada Urbana,VIA PORTUENSE,in prossimit�,,del civico n.,590,,Investimento di pedone,Rettilineo,Due carreggiate,Asciutto,Asfaltata,Verticale ed orizzontale,Sereno,Normale,Buona,Sufficiente,1,0,0,1,12.4455,41.8562,-1,,,,Pedone,F,Rimandato,0,NON DECEDUTO,,,
3969065,15,31/08/2018 19:30:00,Strada Urbana,VIA PORTUENSE,in prossimit�,,del civico n.,590,,Investimento di pedone,Rettilineo,Due carreggiate,Asciutto,Asfaltata,Verticale ed orizzontale,Sereno,Normale,Buona,Sufficiente,1,0,0,1,12.4455,41.8562,-1,1,Quadriciclo leggero,In marcia / fermata / arresto,Conducente,M,Illeso,0,,Utilizzato,Inesploso,
3969067,15,31/08/2018 14:20:00,Strada Urbana,VIALE GUGLIELMO MARCONI,all'intersezione con,PIAZZALE TOMMASO EDISON,PIAZZALE TOMMASO EDISON,,,Scontro laterale fra veicoli in marcia,Incrocio,Due carreggiate,Asciutto,Asfaltata,Verticale ed orizzontale,Sereno,Normale,Buona,Ore Diurne,0,0,0,2,12.4713,41.8573,-1,1,Autovettura privata,In marcia / fermata / arresto,Conducente,M,Illeso,0,,Utilizzato,Inesploso,
3969067,15,31/08/2018 14:20:00,Strada Urbana,VIALE GUGLIELMO MARCONI,all'intersezione con,PIAZZALE TOMMASO EDISON,PIAZZALE TOMMASO EDISON,,,Scontro laterale fra veicoli in marcia,Incrocio,Due carreggiate,Asciutto,Asfaltata,Verticale ed orizzontale,Sereno,Normale,Buona,Ore Diurne,0,0,0,2,12.4713,41.8573,-1,2,Autovettura privata,In marcia / fermata / arresto,Conducente,M,Illeso,0,,Utilizzato,Inesploso,
3969265,11,31/08/2018 14:45:00,Strada Urbana,VIALE CARLO TOMMASO ODESCALCHI,all'intersezione con,PIAZZALE ANTONIO TOSTI,PIAZZALE ANTONIO TOSTI,,,Scontro frontale/laterale DX fra veicoli in marcia,Intersezione stradale segnalata,Due carreggiate,Asciutto,Asfaltata,Verticale ed orizzontale,Sereno,Normale,Buona,Ore Diurne,0,0,0,2,12.4978,41.8535,-1,1,Autovettura privata,In marcia / fermata / arresto,Conducente,M,Illeso,0,,,,
3969265,11,31/08/2018 14:45:00,Strada Urbana,VIALE CARLO TOMMASO ODESCALCHI,all'intersezione con,PIAZZALE ANTONIO TOSTI,PIAZZALE ANTONIO TOSTI,,,Scontro frontale/laterale DX fra veicoli in marcia,Intersezione stradale segnalata,Due carreggiate,Asciutto,Asfaltata,Verticale ed orizzontale,Sereno,Normale,Buona,Ore Diurne,0,0,0,2,12.4978,41.8535,-1,2,Autovettura privata,In marcia / fermata / arresto,Conducente,M,Illeso,0,,,,
3969271,11,31/08/2018 16:40:00,Strada Urbana,VIA DEI LINCEI,in corrispondenza,,del civico n.,50,,Veicolo in marcia contro veicolo in sosta,Galleria non illuminata,Una carreggiata a senso unico di marcia,Asciutto,Asfaltata,Verticale ed orizzontale,Sereno,Scarso,Buona,Ore Diurne,0,0,0,1,12.4946,41.8541,-1,1,Autovettura privata,In marcia / fermata / arresto,Conducente,M,Illeso,0,,Non accertato,Inesploso,
3969276,6,31/08/2018 19:00:00,Strada Urbana,VIALE DELLA SERENISSIMA,all'intersezione con,VIA PISINO,VIA PISINO,,,Scontro frontale/laterale DX fra veicoli in marcia,Incrocio,Una carreggiata a senso unico di marcia,Asciutto,Asfaltata,Verticale,Sereno,Scarso,Sufficiente,Ore Diurne,1,0,0,1,12.5586,41.8982,-1,1,Autovettura privata,In marcia / fermata / arresto,Conducente,M,Illeso,0,,Non accertato,Inesploso,
3969276,6,31/08/2018 19:00:00,Strada Urbana,VIALE DELLA SERENISSIMA,all'intersezione con,VIA PISINO,VIA PISINO,,,Scontro frontale/laterale DX fra veicoli in marcia,Incrocio,Una carreggiata a senso unico di marcia,Asciutto,Asfaltata,Verticale,Sereno,Scarso,Sufficiente,Ore Diurne,1,0,0,1,12.5586,41.8982,-1,2,Motociclo a solo,In marcia / fermata / arresto,Conducente,M,Rifiuta cure immediate,0,NON DECEDUTO,,,
3969284,6,31/08/2018 19:15:00,Strada Urbana,VIALE DELLA PRIMAVERA,da specificare,,,,f.c. 225,Scontro laterale fra veicoli in marcia,Rettilineo,Due carreggiate,Asciutto,Asfaltata,Assente,Sereno,Normale,Buona,Ore Diurne,1,0,0,1,12.5605,41.8815,-1,1,Autovettura privata,In marcia / fermata / arresto,Conducente,M,Illeso,0,,,,
3969284,6,31/08/2018 19:15:00,Strada Urbana,VIALE DELLA PRIMAVERA,da specificare,,,,f.c. 225,Scontro laterale fra veicoli in marcia,Rettilineo,Due carreggiate,Asciutto,Asfaltata,Assente,Sereno,Normale,Buona,Ore Diurne,1,0,0,1,12.5605,41.8815,-1,2,Motociclo a solo,In marcia / fermata / arresto,Conducente,M,Rimandato,0,NON DECEDUTO,,,
3969293,6,31/08/2018 23:20:00,Strada Urbana,VIA GABRIO SERBELLONI,all'intersezione con,VIA CASILINA,VIA CASILINA,,,Scontro laterale fra veicoli in marcia,Incrocio,Una carreggiata a senso unico di marcia,Asciutto,Asfaltata,Verticale ed orizzontale,Nuvoloso,Normale,Sufficiente,Sufficiente,1,0,0,1,12.5413,41.8805,-1,1,Autovettura privata,In marcia / fermata / arresto,Conducente,M,Illeso,0,,Non accertato,Inesploso,
3969293,6,31/08/2018 23:20:00,Strada Urbana,VIA GABRIO SERBELLONI,all'intersezione con,VIA CASILINA,VIA CASILINA,,,Scontro laterale fra veicoli in marcia,Incrocio,Una carreggiata a senso unico di marcia,Asciutto,Asfaltata,Verticale ed orizzontale,Nuvoloso,Normale,Sufficiente,Sufficiente,1,0,0,1,12.5413,41.8805,-1,2,Motociclo a solo,In marcia / fermata / arresto,Conducente,M,Rimandato,0,NON DECEDUTO,Non accertato,,
3969298,19,31/08/2018 17:30:00,Strada Urbana,VIA DI BOCCEA,all'intersezione con,VIA MORSASCO,VIA MORSASCO,,,Scontro frontale/laterale DX fra veicoli in marcia,Incrocio,Una carreggiata a doppio senso,Asciutto,Asfaltata,Verticale ed orizzontale,Sereno,Normale,Buona,Ore Diurne,0,0,0,4,12.3618,41.9256,-1,1,Autovettura privata,In marcia / fermata / arresto,Conducente,M,Illeso,0,,Non accertato,Inesploso,
3969298,19,31/08/2018 17:30:00,Strada Urbana,VIA DI BOCCEA,all'intersezione con,VIA MORSASCO,VIA MORSASCO,,,Scontro frontale/laterale DX fra veicoli in marcia,Incrocio,Una carreggiata a doppio senso,Asciutto,Asfaltata,Verticale ed orizzontale,Sereno,Normale,Buona,Ore Diurne,0,0,0,4,12.3618,41.9256,-1,1,Autovettura privata,In marcia / fermata / arresto,Passeggero,F,Illeso,0,,Non accertato,Inesploso,
3969298,19,31/08/2018 17:30:00,Strada Urbana,VIA DI BOCCEA,all'intersezione con,VIA MORSASCO,VIA MORSASCO,,,Scontro frontale/laterale DX fra veicoli in marcia,Incrocio,Una carreggiata a doppio senso,Asciutto,Asfaltata,Verticale ed orizzontale,Sereno,Normale,Buona,Ore Diurne,0,0,0,4,12.3618,41.9256,-1,1,Autovettura privata,In marcia / fermata / arresto,Passeggero,F,Illeso,0,,Non accertato,Inesploso,
3969298,19,31/08/2018 17:30:00,Strada Urbana,VIA DI BOCCEA,all'intersezione con,VIA MORSASCO,VIA MORSASCO,,,Scontro frontale/laterale DX fra veicoli in marcia,Incrocio,Una carreggiata a doppio senso,Asciutto,Asfaltata,Verticale ed orizzontale,Sereno,Normale,Buona,Ore Diurne,0,0,0,4,12.3618,41.9256,-1,2,Motociclo a solo,In marcia / fermata / arresto,Conducente,M,Illeso,0,,Non accertato,,
3969299,8,31/08/2018 20:45:00,,VIA WALTER TOBAGI,all'intersezione semaforizzata con,VIA DELL'USIGNOLO,VIA DELL'USIGNOLO,,,Scontro frontale/laterale DX fra veicoli in marcia,,,,,,,,,,2,0,0,2,12.5973,41.8753,0,1,Autovettura privata,In marcia / fermata / arresto,Conducente,M,Illeso,0,,Non accertato,Inesploso,
3969299,8,31/08/2018 20:45:00,,VIA WALTER TOBAGI,all'intersezione semaforizzata con,VIA DELL'USIGNOLO,VIA DELL'USIGNOLO,,,Scontro frontale/laterale DX fra veicoli in marcia,,,,,,,,,,2,0,0,2,12.5973,41.8753,0,1,Autovettura privata,In marcia / fermata / arresto,Passeggero,M,Illeso,0,,Non accertato,Inesistente,
3969299,8,31/08/2018 20:45:00,,VIA WALTER TOBAGI,all'intersezione semaforizzata con,VIA DELL'USIGNOLO,VIA DELL'USIGNOLO,,,Scontro frontale/laterale DX fra veicoli in marcia,,,,,,,,,,2,0,0,2,12.5973,41.8753,0,2,Motociclo a solo,In marcia / fermata / arresto,Conducente,M,Rimandato,0,NON DECEDUTO,Non accertato,,
3969299,8,31/08/2018 20:45:00,,VIA WALTER TOBAGI,all'intersezione semaforizzata con,VIA DELL'USIGNOLO,VIA DELL'USIGNOLO,,,Scontro frontale/laterale DX fra veicoli in marcia,,,,,,,,,,2,0,0,2,12.5973,41.8753,0,2,Motociclo a solo,In marcia / fermata / arresto,Passeggero,F,Rimandato,0,NON DECEDUTO,,,
3969307,8,31/08/2018 19:45:00,,VIA MANDANICI,da specificare,,,,altezza campo sportivo,Tamponamento,,,,,,,,,,0,0,0,2,,,0,1,Autovettura privata,In marcia / fermata / arresto,Conducente,M,Illeso,0,,,,
3969307,8,31/08/2018 19:45:00,,VIA MANDANICI,da specificare,,,,altezza campo sportivo,Tamponamento,,,,,,,,,,0,0,0,2,,,0,2,Velocipede,In marcia / fermata / arresto,Conducente,M,Illeso,0,,Esente,,
3969310,13,31/08/2018 12:00:00,Strada Urbana,VIALE VASCO DE GAMA,in corrispondenza,,del civico n.,87,,Veicolo in marcia contro veicolo in sosta,Rettilineo,Due carreggiate,Asciutto,Asfaltata,Orizzontale,Sereno,Normale,Buona,Ore Diurne,0,0,0,1,12.2763,41.7339,-1,1,Autocarro inferiore 35 q.,In marcia / fermata / arresto,Conducente,M,Illeso,0,,Non accertato,Inesploso,
3969349,13,31/08/2018 08:30:00,Strada Urbana,VIALE DI CASTEL PORZIANO,in corrispondenza,,del civico n.,497,,Tamponamento,Rettilineo,Una carreggiata a doppio senso,Asciutto,Asfaltata,Orizzontale,Sereno,Normale,Buona,Ore Diurne,2,0,0,2,12.3741,41.7381,-1,1,Autocarro inferiore 35 q.,In marcia / fermata / arresto,Conducente,M,Rimandato,0,NON DECEDUTO,,,
3969349,13,31/08/2018 08:30:00,Strada Urbana,VIALE DI CASTEL PORZIANO,in corrispondenza,,del civico n.,497,,Tamponamento,Rettilineo,Una carreggiata a doppio senso,Asciutto,Asfaltata,Orizzontale,Sereno,Normale,Buona,Ore Diurne,2,0,0,2,12.3741,41.7381,-1,1,Autocarro inferiore 35 q.,In marcia / fermata / arresto,Passeggero,M,Rimandato,0,NON DECEDUTO,,,
3969349,13,31/08/2018 08:30:00,Strada Urbana,VIALE DI CASTEL PORZIANO,in corrispondenza,,del civico n.,497,,Tamponamento,Rettilineo,Una carreggiata a doppio senso,Asciutto,Asfaltata,Orizzontale,Sereno,Normale,Buona,Ore Diurne,2,0,0,2,12.3741,41.7381,-1,2,Autovettura privata,In marcia / fermata / arresto,Conducente,M,Illeso,0,,,,
3969349,13,31/08/2018 08:30:00,Strada Urbana,VIALE DI CASTEL PORZIANO,in corrispondenza,,del civico n.,497,,Tamponamento,Rettilineo,Una carreggiata a doppio senso,Asciutto,Asfaltata,Orizzontale,Sereno,Normale,Buona,Ore Diurne,2,0,0,2,12.3741,41.7381,-1,2,Autovettura privata,In marcia / fermata / arresto,Passeggero,F,Illeso,0,,,,
3969361,1,31/08/2018 07:00:00,Strada Urbana,VIA PIEMONTE,all'intersezione con,VIA SARDEGNA,VIA SARDEGNA,,,Scontro frontale/laterale SX fra veicoli in marcia,Incrocio,Una carreggiata a senso unico di marcia,Asciutto,Asfaltata,Verticale ed orizzontale,Sereno,Scarso,Buona,Ore Diurne,2,0,0,0,12.4934,41.9087,-1,1,Autovettura privata,In marcia / fermata / arresto,Conducente,M,Rifiuta cure immediate,0,NON DECEDUTO,Non accertato,Inesploso,
3969361,1,31/08/2018 07:00:00,Strada Urbana,VIA PIEMONTE,all'intersezione con,VIA SARDEGNA,VIA SARDEGNA,,,Scontro frontale/laterale SX fra veicoli in marcia,Incrocio,Una carreggiata a senso unico di marcia,Asciutto,Asfaltata,Verticale ed orizzontale,Sereno,Scarso,Buona,Ore Diurne,2,0,0,0,12.4934,41.9087,-1,2,Autovettura privata,In marcia / fermata / arresto,Conducente,M,Rifiuta cure immediate,0,NON DECEDUTO,Non accertato,Inesploso,
3969378,1,31/08/2018 11:50:00,Strada Urbana,VIA DEI CERCHI,in corrispondenza,,del civico n.,32,,Scontro laterale fra veicoli in marcia,Rettilineo,Una carreggiata a senso unico di marcia,Asciutto,In cubetti di porfido,Assente,Sereno,Normale,Buona,Ore Diurne,0,0,0,2,12.4825,41.8886,-1,1,Autovettura privata,In marcia / fermata / arresto,Conducente,M,Illeso,0,,Non accertato,Inesploso,
3969378,1,31/08/2018 11:50:00,Strada Urbana,VIA DEI CERCHI,in corrispondenza,,del civico n.,32,,Scontro laterale fra veicoli in marcia,Rettilineo,Una carreggiata a senso unico di marcia,Asciutto,In cubetti di porfido,Assente,Sereno,Normale,Buona,Ore Diurne,0,0,0,2,12.4825,41.8886,-1,2,Autocarro inferiore 35 q.,In marcia / fermata / arresto,Conducente,M,Illeso,0,,Non accertato,Inesploso,
3969389,1,31/08/2018 10:00:00,Strada Urbana,VIALE MARCO POLO,in prossimit�,,del civico n.,43,,Scontro laterale fra veicoli in marcia,Rettilineo,Una carreggiata a doppio senso,Asciutto,Asfaltata,Verticale ed orizzontale,Nuvoloso,Scarso,Buona,Ore Diurne,1,0,0,1,12.4866,41.8745,-1,1,Autovettura privata,In marcia / fermata / arresto,Conducente,M,Illeso,0,,Non accertato,Inesploso,
3969389,1,31/08/2018 10:00:00,Strada Urbana,VIALE MARCO POLO,in prossimit�,,del civico n.,43,,Scontro laterale fra veicoli in marcia,Rettilineo,Una carreggiata a doppio senso,Asciutto,Asfaltata,Verticale ed orizzontale,Nuvoloso,Scarso,Buona,Ore Diurne,1,0,0,1,12.4866,41.8745,-1,2,Motociclo a solo,In marcia / fermata / arresto,Conducente,M,Rifiuta cure immediate,0,NON DECEDUTO,Non accertato,,
3969404,2,31/08/2018 16:50:00,Strada Urbana,CORSO TRIESTE,in prossimit�,,del civico n.,67,,Scontro frontale/laterale SX fra veicoli in marcia,Rettilineo,Una carreggiata a senso unico di marcia,Asciutto,Asfaltata,Verticale ed orizzontale,Sereno,Normale,Buona,Ore Diurne,1,0,0,2,12.5083,41.92,-1,1,Autovettura privata,In marcia / fermata / arresto,Conducente,M,Illeso,0,,Non accertato,Inesploso,
3969404,2,31/08/2018 16:50:00,Strada Urbana,CORSO TRIESTE,in prossimit�,,del civico n.,67,,Scontro frontale/laterale SX fra veicoli in marcia,Rettilineo,Una carreggiata a senso unico di marcia,Asciutto,Asfaltata,Verticale ed orizzontale,Sereno,Normale,Buona,Ore Diurne,1,0,0,2,12.5083,41.92,-1,1,Autovettura privata,In marcia / fermata / arresto,Passeggero,F,Illeso,0,,Non accertato,Inesploso,
3969404,2,31/08/2018 16:50:00,Strada Urbana,CORSO TRIESTE,in prossimit�,,del civico n.,67,,Scontro frontale/laterale SX fra veicoli in marcia,Rettilineo,Una carreggiata a senso unico di marcia,Asciutto,Asfaltata,Verticale ed orizzontale,Sereno,Normale,Buona,Ore Diurne,1,0,0,2,12.5083,41.92,-1,2,Motociclo a solo,In marcia / fermata / arresto,Conducente,M,Rimandato,0,NON DECEDUTO,Non accertato,,
3969406,1,31/08/2018 17:10:00,Strada Urbana,VIALE GIOTTO,in prossimit�,,del civico n.,23,,Scontro frontale fra veicoli in marcia,Rettilineo,Una carreggiata a doppio senso,Asciutto,Asfaltata,Verticale ed orizzontale,Sereno,Normale,Buona,Ore Diurne,0,0,0,2,12.4885,41.8782,-1,1,Autovettura privata,In marcia / fermata / arresto,Conducente,M,Illeso,0,,Non accertato,Inesploso,
3969406,1,31/08/2018 17:10:00,Strada Urbana,VIALE GIOTTO,in prossimit�,,del civico n.,23,,Scontro frontale fra veicoli in marcia,Rettilineo,Una carreggiata a doppio senso,Asciutto,Asfaltata,Verticale ed orizzontale,Sereno,Normale,Buona,Ore Diurne,0,0,0,2,12.4885,41.8782,-1,2,Autovettura privata,In marcia / fermata / arresto,Conducente,M,Illeso,0,,Non accertato,Inesploso,
3969455,1,29/08/2018 22:55:00,Strada Urbana,VIA DEI CROCIFERI,all'intersezione con,VIA DI S. MARIA IN VIA,VIA DI S. MARIA IN VIA,,,Scontro frontale/laterale DX fra veicoli in marcia,Incrocio,Una carreggiata a senso unico di marcia,Asciutto,In cubetti di porfido,Verticale ed orizzontale,Sereno,Normale,Sufficiente,Sufficiente,1,0,0,2,12.4824,41.9009,-1,1,Motociclo con passeggero,In marcia / fermata / arresto,Conducente,M,Illeso,0,,Non accertato,,
3969455,1,29/08/2018 22:55:00,Strada Urbana,VIA DEI CROCIFERI,all'intersezione con,VIA DI S. MARIA IN VIA,VIA DI S. MARIA IN VIA,,,Scontro frontale/laterale DX fra veicoli in marcia,Incrocio,Una carreggiata a senso unico di marcia,Asciutto,In cubetti di porfido,Verticale ed orizzontale,Sereno,Normale,Sufficiente,Sufficiente,1,0,0,2,12.4824,41.9009,-1,1,Motociclo con passeggero,In marcia / fermata / arresto,Passeggero,F,Rimandato,0,NON DECEDUTO,Non accertato,,
3969455,1,29/08/2018 22:55:00,Strada Urbana,VIA DEI CROCIFERI,all'intersezione con,VIA DI S. MARIA IN VIA,VIA DI S. MARIA IN VIA,,,Scontro frontale/laterale DX fra veicoli in marcia,Incrocio,Una carreggiata a senso unico di marcia,Asciutto,In cubetti di porfido,Verticale ed orizzontale,Sereno,Normale,Sufficiente,Sufficiente,1,0,0,2,12.4824,41.9009,-1,2,Autovettura pubblica,In marcia / fermata / arresto,Conducente,M,Illeso,0,,Non accertato,Inesploso,
3969456,23,31/08/2018 18:15:00,Strada Urbana,VIALE GUGLIELMO MARCONI,all'intersezione con,PIAZZALE TOMMASO EDISON,PIAZZALE TOMMASO EDISON,,,Scontro laterale fra veicoli in marcia,Intersezione stradale segnalata,Due carreggiate,Asciutto,Asfaltata,Verticale ed orizzontale,Sereno,Normale,Buona,Ore Diurne,1,0,0,2,12.4713,41.8573,-1,1,Autovettura privata,In marcia / fermata / arresto,Conducente,M,Illeso,0,,Non accertato,Inesploso,
3969456,23,31/08/2018 18:15:00,Strada Urbana,VIALE GUGLIELMO MARCONI,all'intersezione con,PIAZZALE TOMMASO EDISON,PIAZZALE TOMMASO EDISON,,,Scontro laterale fra veicoli in marcia,Intersezione stradale segnalata,Due carreggiate,Asciutto,Asfaltata,Verticale ed orizzontale,Sereno,Normale,Buona,Ore Diurne,1,0,0,2,12.4713,41.8573,-1,1,Autovettura privata,In marcia / fermata / arresto,Passeggero,F,Illeso,0,,Utilizzato,Inesploso,
3969456,23,31/08/2018 18:15:00,Strada Urbana,VIALE GUGLIELMO MARCONI,all'intersezione con,PIAZZALE TOMMASO EDISON,PIAZZALE TOMMASO EDISON,,,Scontro laterale fra veicoli in marcia,Intersezione stradale segnalata,Due carreggiate,Asciutto,Asfaltata,Verticale ed orizzontale,Sereno,Normale,Buona,Ore Diurne,1,0,0,2,12.4713,41.8573,-1,2,Velocipede,In marcia / fermata / arresto,Conducente,M,Rifiuta cure immediate,0,NON DECEDUTO,Esente,,
3969476,1,31/08/2018 23:25:00,Strada Urbana,PIAZZA DI PORTA MAGGIORE,in prossimit�,,del civico n.,16,,Tamponamento,Rettilineo,Una carreggiata a senso unico di marcia,Asciutto,In cubetti di porfido,Verticale ed orizzontale,Nuvoloso,Normale,Sufficiente,Sufficiente,0,0,0,3,12.5139,41.8915,-1,1,Autovettura privata,In marcia / fermata / arresto,Conducente,M,Illeso,0,,Non accertato,Inesploso,
3969476,1,31/08/2018 23:25:00,Strada Urbana,PIAZZA DI PORTA MAGGIORE,in prossimit�,,del civico n.,16,,Tamponamento,Rettilineo,Una carreggiata a senso unico di marcia,Asciutto,In cubetti di porfido,Verticale ed orizzontale,Nuvoloso,Normale,Sufficiente,Sufficiente,0,0,0,3,12.5139,41.8915,-1,2,Autovettura privata,In marcia / fermata / arresto,Conducente,F,Illeso,0,,Non accertato,Inesploso,
3969476,1,31/08/2018 23:25:00,Strada Urbana,PIAZZA DI PORTA MAGGIORE,in prossimit�,,del civico n.,16,,Tamponamento,Rettilineo,Una carreggiata a senso unico di marcia,Asciutto,In cubetti di porfido,Verticale ed orizzontale,Nuvoloso,Normale,Sufficiente,Sufficiente,0,0,0,3,12.5139,41.8915,-1,2,Autovettura privata,In marcia / fermata / arresto,Passeggero,F,Illeso,0,,Non accertato,Inesploso,
3969612,3,30/08/2018 16:10:00,Strada Urbana,CIRCONVALLAZIONE TIBURTINA,da specificare,,,,direzione SALARIA pross. civ. 110,Veicolo in marcia contro ostacolo fisso,Rettilineo,Due carreggiate,Asciutto,Asfaltata,Verticale ed orizzontale,Sereno,Normale,Buona,Ore Diurne,1,0,0,0,12.522,41.8971,0,1,Autovettura privata,In marcia / fermata / arresto,Conducente,M,Rimandato,0,NON DECEDUTO,Non accertato,Esploso,
3969620,3,28/08/2018 06:00:00,Strada Urbana,VIALE REGINA ELENA,da specificare,,,,fronte civ. 530,Scontro frontale/laterale DX fra veicoli in marcia,Rettilineo,Una carreggiata a doppio senso,Asciutto,Asfaltata,Verticale ed orizzontale,Sereno,Normale,Sufficiente,Ore Diurne,0,0,0,2,12.5156,41.9056,-1,1,Autovettura privata,In marcia / fermata / arresto,Conducente,F,Illeso,0,,,,
3969620,3,28/08/2018 06:00:00,Strada Urbana,VIALE REGINA ELENA,da specificare,,,,fronte civ. 530,Scontro frontale/laterale DX fra veicoli in marcia,Rettilineo,Una carreggiata a doppio senso,Asciutto,Asfaltata,Verticale ed orizzontale,Sereno,Normale,Sufficiente,Ore Diurne,0,0,0,2,12.5156,41.9056,-1,2,Autovettura privata,In marcia / fermata / arresto,Conducente,M,Illeso,0,,,,
3969625,3,30/08/2018 18:30:00,Strada Urbana,VIA DEGLI EQUI,in prossimit�,,del civico n.,53/55,,Infortunio per caduta del veicolo,Rettilineo,Una carreggiata a senso unico di marcia,Asciutto,Asfaltata,Verticale ed orizzontale,Sereno,Scarso,Buona,Ore Diurne,0,0,0,2,12.5137,41.8959,-1,1,Autovettura privata,In marcia / fermata / arresto,Conducente,M,Illeso,0,,Non accertato,Inesploso,
3969625,3,30/08/2018 18:30:00,Strada Urbana,VIA DEGLI EQUI,in prossimit�,,del civico n.,53/55,,Infortunio per caduta del veicolo,Rettilineo,Una carreggiata a senso unico di marcia,Asciutto,Asfaltata,Verticale ed orizzontale,Sereno,Scarso,Buona,Ore Diurne,0,0,0,2,12.5137,41.8959,-1,2,Autovettura privata,In marcia / fermata / arresto,Conducente,M,Illeso,0,,Non accertato,Inesploso,
3969632,3,29/08/2018 09:40:00,Strada Urbana,VIA TIBURTINA,da specificare,,,,altezza Via Valerio Massimo,Scontro laterale fra veicoli in marcia,Rettilineo,Pi� di due carreggiate,Asciutto,Asfaltata,Verticale ed orizzontale,Sereno,Normale,Buona,Ore Diurne,1,0,0,3,12.5219,41.9053,-1,1,Autovettura di polizia,In marcia / fermata / arresto,Conducente,M,Illeso,0,,,,