Protocollo,Gruppo,DataOraIncidente,Localizzazione1,STRADA1,Localizzazione2,STRADA2,Strada02,Chilometrica,DaSpecificare,NaturaIncidente,particolaritastrade,TipoStrada,FondoStradale,Pavimentazione,Segnaletica,CondizioneAtmosferica,Traffico,Visibilita,Illuminazione,NUM_FERITI,NUM_RISERVATA,NUM_MORTI,NUM_ILLESI,Longitudine,Latitudine,Confermato,Progressivo,TipoVeicolo,StatoVeicolo,TipoPersona,Sesso,Tipolesione,Deceduto,DecedutoDopo,CinturaCascoUtilizzato,Airbag,
3969632,3,29/08/2018 09:40:00,Strada Urbana,VIA TIBURTINA,da specificare,,,,altezza Via Valerio Massimo,Scontro laterale fra veicoli in marcia,Rettilineo,Pi� di due carreggiate,Asciutto,Asfaltata,Verticale ed orizzontale,Sereno,Normale,Buona,Ore Diurne,1,0,0,3,12.5219,41.9053,-1,1,Autovettura di polizia,In marcia / fermata / arresto,Passeggero,M,Rimandato,0,NON DECEDUTO,,,
3969632,3,29/08/2018 09:40:00,Strada Urbana,VIA TIBURTINA,da specificare,,,,altezza Via Valerio Massimo,Scontro laterale fra veicoli in marcia,Rettilineo,Pi� di due carreggiate,Asciutto,Asfaltata,Verticale ed orizzontale,Sereno,Normale,Buona,Ore Diurne,1,0,0,3,12.5219,41.9053,-1,2,Autocarro inferiore 35 q.,In marcia / fermata / arresto,Conducente,M,Illeso,0,,Non accertato,Inesploso,
3969632,3,29/08/2018 09:40:00,Strada Urbana,VIA TIBURTINA,da specificare,,,,altezza Via Valerio Massimo,Scontro laterale fra veicoli in marcia,Rettilineo,Pi� di due carreggiate,Asciutto,Asfaltata,Verticale ed orizzontale,Sereno,Normale,Buona,Ore Diurne,1,0,0,3,12.5219,41.9053,-1,2,Autocarro inferiore 35 q.,In marcia / fermata / arresto,Passeggero,F,Illeso,0,,Non accertato,Inesploso,
3969782,9,31/08/2018 16:15:00,Strada Urbana,VIA GENZANO,all'intersezione con,VIA ROCCA DI PAPA,VIA ROCCA DI PAPA,,,Scontro frontale/laterale DX fra veicoli in marcia,Intersezione stradale segnalata,Una carreggiata a doppio senso,Asciutto,Asfaltata,Verticale ed orizzontale,Sereno,Scarso,Buona,Ore Diurne,1,0,0,1,12.535,41.8693,-1,1,Autovettura privata,In marcia / fermata / arresto,Conducente,M,Rimandato,0,NON DECEDUTO,Utilizzato,Esploso,
3969782,9,31/08/2018 16:15:00,Strada Urbana,VIA GENZANO,all'intersezione con,VIA ROCCA DI PAPA,VIA ROCCA DI PAPA,,,Scontro frontale/laterale DX fra veicoli in marcia,Intersezione stradale segnalata,Una carreggiata a doppio senso,Asciutto,Asfaltata,Verticale ed orizzontale,Sereno,Scarso,Buona,Ore Diurne,1,0,0,1,12.535,41.8693,-1,2,Autovettura pubblica,In marcia / fermata / arresto,Conducente,M,Illeso,0,,Non accertato,Inesploso,
3970571,10,31/08/2018 18:30:00,Strada Urbana,VIA TUSCOLANA,da specificare,,,,fr. civ. 816 direz. GRA,Scontro frontale/laterale DX fra veicoli in marcia,Rettilineo,Una carreggiata a senso unico di marcia,Asciutto,Asfaltata,Verticale ed orizzontale,Sereno,Normale,Buona,Ore Diurne,0,0,0,3,12.5485,41.8636,-1,1,Autovettura privata,In marcia / fermata / arresto,Conducente,M,Illeso,0,,Non accertato,Inesploso,
3970571,10,31/08/2018 18:30:00,Strada Urbana,VIA TUSCOLANA,da specificare,,,,fr. civ. 816 direz. GRA,Scontro frontale/laterale DX fra veicoli in marcia,Rettilineo,Una carreggiata a senso unico di marcia,Asciutto,Asfaltata,Verticale ed orizzontale,Sereno,Normale,Buona,Ore Diurne,0,0,0,3,12.5485,41.8636,-1,2,Autovettura privata,In marcia / fermata / arresto,Conducente,M,Illeso,0,,Non accertato,Inesploso,
3970571,10,31/08/2018 18:30:00,Strada Urbana,VIA TUSCOLANA,da specificare,,,,fr. civ. 816 direz. GRA,Scontro frontale/laterale DX fra veicoli in marcia,Rettilineo,Una carreggiata a senso unico di marcia,Asciutto,Asfaltata,Verticale ed orizzontale,Sereno,Normale,Buona,Ore Diurne,0,0,0,3,12.5485,41.8636,-1,2,Autovettura privata,In marcia / fermata / arresto,Passeggero,F,Illeso,0,,Non accertato,Inesploso,
3970596,12,31/08/2018 17:50:00,Strada Urbana,VIA CRISTOFORO COLOMBO,da specificare,,,,prossimit� Viale Asia direzione GRA,Tamponamento,Rettilineo,Due carreggiate,Asciutto,Asfaltata,Verticale ed orizzontale,Nuvoloso,Normale,Buona,Ore Diurne,0,0,0,3,12.47,41.8323,-1,1,Autovettura privata,In marcia / fermata / arresto,Conducente,M,Illeso,0,,Utilizzato,Inesploso,
3970596,12,31/08/2018 17:50:00,Strada Urbana,VIA CRISTOFORO COLOMBO,da specificare,,,,prossimit� Viale Asia direzione GRA,Tamponamento,Rettilineo,Due carreggiate,Asciutto,Asfaltata,Verticale ed orizzontale,Nuvoloso,Normale,Buona,Ore Diurne,0,0,0,3,12.47,41.8323,-1,1,Autovettura privata,In marcia / fermata / arresto,Passeggero,M,Illeso,0,,Utilizzato,Inesploso,
3970596,12,31/08/2018 17:50:00,Strada Urbana,VIA CRISTOFORO COLOMBO,da specificare,,,,prossimit� Viale Asia direzione GRA,Tamponamento,Rettilineo,Due carreggiate,Asciutto,Asfaltata,Verticale ed orizzontale,Nuvoloso,Normale,Buona,Ore Diurne,0,0,0,3,12.47,41.8323,-1,2,Autovettura privata,In marcia / fermata / arresto,Conducente,M,Illeso,0,,Utilizzato,Inesploso,
3971110,5,31/08/2018 10:10:00,Strada Urbana,VIA S.GIOVANNI IN ARGENTELLA,in corrispondenza,,del civico n.,111,,Veicolo in marcia contro ostacolo accidentale,Rettilineo,Una carreggiata a doppio senso,Asciutto,Asfaltata,Assente,Sereno,Scarso,Buona,Ore Diurne,0,0,0,1,12.6023,41.9497,-1,1,Autovettura privata,In marcia / fermata / arresto,Conducente,F,Illeso,0,,Non accertato,Inesploso,
3971116,9,31/08/2018 17:45:00,Strada Urbana,VIA DELL'ARCO DI TRAVERTINO,all'intersezione con,VIA CARROCETO,VIA CARROCETO,,,Scontro frontale/laterale DX fra veicoli in marcia,Intersezione semaforizzata,Una carreggiata a senso unico di marcia,Asciutto,Asfaltata,Verticale ed orizzontale,Sereno,Normale,Buona,Ore Diurne,1,0,0,2,12.5364,41.8674,-1,1,Autovettura privata,In marcia / fermata / arresto,Conducente,M,Rimandato,0,NON DECEDUTO,Non accertato,Inesploso,
3971116,9,31/08/2018 17:45:00,Strada Urbana,VIA DELL'ARCO DI TRAVERTINO,all'intersezione con,VIA CARROCETO,VIA CARROCETO,,,Scontro frontale/laterale DX fra veicoli in marcia,Intersezione semaforizzata,Una carreggiata a senso unico di marcia,Asciutto,Asfaltata,Verticale ed orizzontale,Sereno,Normale,Buona,Ore Diurne,1,0,0,2,12.5364,41.8674,-1,2,Autovettura privata,In marcia / fermata / arresto,Conducente,M,Illeso,0,,Non accertato,Inesploso,
3971116,9,31/08/2018 17:45:00,Strada Urbana,VIA DELL'ARCO DI TRAVERTINO,all'intersezione con,VIA CARROCETO,VIA CARROCETO,,,Scontro frontale/laterale DX fra veicoli in marcia,Intersezione semaforizzata,Una carreggiata a senso unico di marcia,Asciutto,Asfaltata,Verticale ed orizzontale,Sereno,Normale,Buona,Ore Diurne,1,0,0,2,12.5364,41.8674,-1,2,Autovettura privata,In marcia / fermata / arresto,Passeggero,M,Illeso,0,,Non accertato,Inesploso,
3971120,20,31/08/2018 15:45:00,Statale,VIA FLAMINIA,da specificare,,,,Km.13,500,Veicolo in marcia contro ostacolo accidentale,Rettilineo,Due carreggiate,Asciutto,Asfaltata,Verticale ed orizzontale,Sereno,Scarso,Sufficiente,Inesistente,0,0,0,1,12.4911,42.0078,-1,1,Autovettura privata,In marcia / fermata / arresto,Conducente,M,Illeso,0,,,
3971137,20,31/08/2018 10:15:00,Strada Urbana,LUNGOTEVERE MARESCIALLO CADORNA,da specificare,,,,in prossimiot� Ponte Duca d'Aosta,Scontro laterale fra veicoli in marcia,Rettilineo,Una carreggiata a senso unico di marcia,Asciutto,Asfaltata,Verticale ed orizzontale,Sereno,Intenso,Buona,Ore Diurne,0,0,0,3,12.4595,41.9317,-1,1,Autovettura privata,In marcia / fermata / arresto,Conducente,M,Illeso,0,,Non accertato,,
3971137,20,31/08/2018 10:15:00,Strada Urbana,LUNGOTEVERE MARESCIALLO CADORNA,da specificare,,,,in prossimiot� Ponte Duca d'Aosta,Scontro laterale fra veicoli in marcia,Rettilineo,Una carreggiata a senso unico di marcia,Asciutto,Asfaltata,Verticale ed orizzontale,Sereno,Intenso,Buona,Ore Diurne,0,0,0,3,12.4595,41.9317,-1,1,Autovettura privata,In marcia / fermata / arresto,Passeggero,F,Illeso,0,,Non accertato,,
3971137,20,31/08/2018 10:15:00,Strada Urbana,LUNGOTEVERE MARESCIALLO CADORNA,da specificare,,,,in prossimiot� Ponte Duca d'Aosta,Scontro laterale fra veicoli in marcia,Rettilineo,Una carreggiata a senso unico di marcia,Asciutto,Asfaltata,Verticale ed orizzontale,Sereno,Intenso,Buona,Ore Diurne,0,0,0,3,12.4595,41.9317,-1,2,Autocarro inferiore 35 q.,In marcia / fermata / arresto,Conducente,M,Illeso,0,,Non accertato,,
3971157,7,31/08/2018 17:18:00,Strada Urbana,VIALE DELLE GARDENIE,all'intersezione con,VIA DEI LAURI,VIA DEI LAURI,,,Scontro frontale/laterale DX fra veicoli in marcia,Incrocio,Una carreggiata a senso unico di marcia,Asciutto,Asfaltata,Orizzontale,Sereno,Normale,Buona,Ore Diurne,0,0,0,2,12.5644,41.8859,-1,1,Autovettura privata,In marcia / fermata / arresto,Conducente,F,Illeso,0,,Non accertato,Inesploso,
3971157,7,31/08/2018 17:18:00,Strada Urbana,VIALE DELLE GARDENIE,all'intersezione con,VIA DEI LAURI,VIA DEI LAURI,,,Scontro frontale/laterale DX fra veicoli in marcia,Incrocio,Una carreggiata a senso unico di marcia,Asciutto,Asfaltata,Orizzontale,Sereno,Normale,Buona,Ore Diurne,0,0,0,2,12.5644,41.8859,-1,2,Autovettura privata,In marcia / fermata / arresto,Conducente,F,Illeso,0,,Non accertato,Inesploso,
3971177,5,31/08/2018 11:00:00,,VIA DEI MONTI TIBURTINI,da specificare,,,,fronte Ospedale Sandro Pertini,Tamponamento,,,,,,,,,,1,0,0,0,12.5382,41.9187,0,1,Autovettura privata,In marcia / fermata / arresto,Passeggero,M,Rimandato,0,NON DECEDUTO,,,
3971186,5,31/08/2018 18:40:00,Strada Urbana,VIA TIBURTINA,in corrispondenza,,del civico n.,655,,Investimento di pedone,Rettilineo,Una carreggiata a doppio senso,Asciutto,Asfaltata,Verticale ed orizzontale,Nebbia,Intenso,Buona,Ore Diurne,1,0,0,1,12.5479,41.91,-1,,,,Pedone,M,Rimandato,0,NON DECEDUTO,,,
3971186,5,31/08/2018 18:40:00,Strada Urbana,VIA TIBURTINA,in corrispondenza,,del civico n.,655,,Investimento di pedone,Rettilineo,Una carreggiata a doppio senso,Asciutto,Asfaltata,Verticale ed orizzontale,Nebbia,Intenso,Buona,Ore Diurne,1,0,0,1,12.5479,41.91,-1,1,Autovettura privata,In marcia / fermata / arresto,Conducente,F,Illeso,0,,Non accertato,Inesploso,
3971214,4,31/08/2018 17:50:00,Statale entro l'abitato,VIA SALARIA,da specificare,,,,direzione Rieti altezza rampa della Motorizzazione,Veicolo in marcia contro ostacolo accidentale,Curva a visuale libera,Due carreggiate,Asciutto,Asfaltata,Verticale ed orizzontale,Nuvoloso,Normale,Buona,Ore Diurne,0,0,0,1,12.5063,41.9664,-1,1,Autovettura privata,In marcia / fermata / arresto,Conducente,M,Illeso,0,,,,
3971224,4,31/08/2018 09:00:00,Strada Urbana,VIALE CARNARO,in corrispondenza,,del civico n.,25/A,,Veicolo in marcia contro veicolo arresto,Rettilineo,Una carreggiata a senso unico di marcia,Asciutto,Asfaltata,Verticale ed orizzontale,Sereno,Scarso,Buona,Ore Diurne,1,0,0,1,12.5315,41.9407,-1,1,Autovettura privata,In marcia / fermata / arresto,Conducente,M,Illeso,0,,,Inesploso,
3971224,4,31/08/2018 09:00:00,Strada Urbana,VIALE CARNARO,in corrispondenza,,del civico n.,25/A,,Veicolo in marcia contro veicolo arresto,Rettilineo,Una carreggiata a senso unico di marcia,Asciutto,Asfaltata,Verticale ed orizzontale,Sereno,Scarso,Buona,Ore Diurne,1,0,0,1,12.5315,41.9407,-1,2,Velocipede,In marcia / fermata / arresto,Conducente,F,Rimandato,0,NON DECEDUTO,Esente,,
3971229,4,31/08/2018 18:30:00,Strada Urbana,VIALE JONIO,in corrispondenza,,del civico n.,292,,Scontro laterale fra veicoli in marcia,Rettilineo,Due carreggiate,Asciutto,Asfaltata,Verticale,Sereno,Normale,Buona,Ore Diurne,0,0,0,2,12.5303,41.9459,-1,1,Autovettura privata,In marcia / fermata / arresto,Conducente,F,Illeso,0,,,,
3971229,4,31/08/2018 18:30:00,Strada Urbana,VIALE JONIO,in corrispondenza,,del civico n.,292,,Scontro laterale fra veicoli in marcia,Rettilineo,Due carreggiate,Asciutto,Asfaltata,Verticale,Sereno,Normale,Buona,Ore Diurne,0,0,0,2,12.5303,41.9459,-1,2,Autovettura privata,In marcia / fermata / arresto,Conducente,F,Illeso,0,,,,
3971271,4,31/08/2018 20:15:00,Strada Urbana,VIA DON GIUSTINO MARIA RUSSOLILLO,da specificare,,,,pressi fronte civ. 46,Tamponamento,Rettilineo,Una carreggiata a doppio senso,Asciutto,Asfaltata,Verticale,Sereno,Normale,Buona,Ore Diurne,0,0,0,2,12.5181,41.971,-1,1,Autovettura privata,In marcia / fermata / arresto,Conducente,M,Illeso,0,,,,
3971271,4,31/08/2018 20:15:00,Strada Urbana,VIA DON GIUSTINO MARIA RUSSOLILLO,da specificare,,,,pressi fronte civ. 46,Tamponamento,Rettilineo,Una carreggiata a doppio senso,Asciutto,Asfaltata,Verticale,Sereno,Normale,Buona,Ore Diurne,0,0,0,2,12.5181,41.971,-1,2,Autovettura privata,In marcia / fermata / arresto,Conducente,M,Illeso,0,,,,
3971289,7,31/08/2018 06:50:00,Strada Urbana,VIA PIO SEMEGHINI,in prossimit�,,del civico n.,38,,Veicolo in marcia contro ostacolo accidentale,Rettilineo,Una carreggiata a doppio senso,Asciutto,Asfaltata,Assente,Sereno,Scarso,Buona,Ore Diurne,0,0,0,2,12.6073,41.9032,-1,1,Autovettura privata,In marcia / fermata / arresto,Conducente,M,Illeso,0,,Non accertato,Inesploso,
3971289,7,31/08/2018 06:50:00,Strada Urbana,VIA PIO SEMEGHINI,in prossimit�,,del civico n.,38,,Veicolo in marcia contro ostacolo accidentale,Rettilineo,Una carreggiata a doppio senso,Asciutto,Asfaltata,Assente,Sereno,Scarso,Buona,Ore Diurne,0,0,0,2,12.6073,41.9032,-1,2,Autoarticolato,In marcia / fermata / arresto,Conducente,M,Illeso,0,,Esente,Inesistente,
3971297,5,31/08/2018 19:00:00,Strada Urbana,VIA FILIPPO MEDA,all'intersezione con,VIA DEI DURANTINI,VIA DEI DURANTINI,,,Tamponamento,Incrocio,Una carreggiata a doppio senso,Asciutto,Asfaltata,Verticale ed orizzontale,Sereno,Scarso,Buona,Ore Diurne,0,0,0,3,12.5436,41.9132,0,1,Autovettura privata,In marcia / fermata / arresto,Conducente,M,Illeso,0,,Non accertato,,
3971297,5,31/08/2018 19:00:00,Strada Urbana,VIA FILIPPO MEDA,all'intersezione con,VIA DEI DURANTINI,VIA DEI DURANTINI,,,Tamponamento,Incrocio,Una carreggiata a doppio senso,Asciutto,Asfaltata,Verticale ed orizzontale,Sereno,Scarso,Buona,Ore Diurne,0,0,0,3,12.5436,41.9132,0,1,Autovettura privata,In marcia / fermata / arresto,Passeggero,M,Illeso,0,,Non accertato,,
3971297,5,31/08/2018 19:00:00,Strada Urbana,VIA FILIPPO MEDA,all'intersezione con,VIA DEI DURANTINI,VIA DEI DURANTINI,,,Tamponamento,Incrocio,Una carreggiata a doppio senso,Asciutto,Asfaltata,Verticale ed orizzontale,Sereno,Scarso,Buona,Ore Diurne,0,0,0,3,12.5436,41.9132,0,2,Autovettura privata,In marcia / fermata / arresto,Conducente,M,Illeso,0,,Non accertato,,
3971342,4,31/08/2018 06:00:00,Provinciale entro l'abitato,VIA NOMENTANA,all'intersezione con,VIA DIEGO FABBRI,VIA DIEGO FABBRI,,,Scontro frontale/laterale DX fra veicoli in marcia,Incrocio,Una carreggiata a doppio senso,Asciutto,Asfaltata,Verticale ed orizzontale,Sereno,Scarso,Buona,Ore Diurne,2,0,0,0,12.5728,41.9579,-1,1,Autovettura privata,In marcia / fermata / arresto,Conducente,M,Rimandato,0,NON DECEDUTO,Non accertato,Esploso,
3971342,4,31/08/2018 06:00:00,Provinciale entro l'abitato,VIA NOMENTANA,all'intersezione con,VIA DIEGO FABBRI,VIA DIEGO FABBRI,,,Scontro frontale/laterale DX fra veicoli in marcia,Incrocio,Una carreggiata a doppio senso,Asciutto,Asfaltata,Verticale ed orizzontale,Sereno,Scarso,Buona,Ore Diurne,2,0,0,0,12.5728,41.9579,-1,2,Autovettura privata,In marcia / fermata / arresto,Conducente,M,Rimandato,0,NON DECEDUTO,Non accertato,Inesploso,
3971679,11,31/08/2018 13:00:00,Strada Urbana,VIALE DI TOR MARANCIA,in corrispondenza,,del civico n.,56,,Veicolo in marcia contro veicolo in sosta,Rettilineo,Due carreggiate,Asciutto,Asfaltata,Verticale,Sereno,Scarso,Buona,Ore Diurne,0,0,0,1,12.4976,41.8532,-1,1,Autovettura privata,In marcia / fermata / arresto,Conducente,F,Illeso,0,,,,
3971764,6,24/08/2018 21:00:00,Strada Urbana,VIA CASILINA,da specificare,,,,prossimit� Via di Villa Serventi,Infortunio per caduta del veicolo,Rettilineo,Due carreggiate,Asciutto,Asfaltata,Temporanea di cantiere,Sereno,Normale,Buona,Insufficiente,1,0,0,0,12.5302,41.8847,-1,1,Motociclo a solo,In marcia / fermata / arresto,Conducente,M,Rimandato,0,NON DECEDUTO,Non accertato,,
3971826,16,31/08/2018 15:30:00,Strada Urbana,VIA DELLA CONSOLATA,all'intersezione con,VIA DEGLI AMODEI,VIA DEGLI AMODEI,,,Veicolo in marcia contro ostacolo fisso,Incrocio,Una carreggiata a doppio senso,Asciutto,Asfaltata,Verticale ed orizzontale,Sereno,Normale,Buona,Ore Diurne,0,0,0,1,12.4217,41.8767,-1,1,Autovettura privata,In marcia / fermata / arresto,Conducente,M,Illeso,0,,Non accertato,Inesploso,
3971868,16,31/08/2018 08:20:00,Strada Urbana,CIRCONVALLAZIONE GIANICOLENSE,in corrispondenza,,del civico n.,17,,Veicolo in marcia contro veicoli in sosta,Rettilineo,Pi� di due carreggiate,Asciutto,Asfaltata,Verticale ed orizzontale,Sereno,Normale,Buona,Ore Diurne,0,0,0,1,12.4648,41.8729,-1,1,Autovettura privata,In marcia / fermata / arresto,Conducente,F,Illeso,0,,Non accertato,,
3971955,13,31/08/2018 15:00:00,,VIALE PAOLO ORLANDO,da specificare,,,,altezza Via Gaetano Chierchia,Scontro laterale fra veicoli in marcia,,,,,,,,,,0,0,0,2,12.2854,41.731,0,1,Autovettura privata,In marcia / fermata / arresto,Conducente,M,Illeso,0,,,,
3971955,13,31/08/2018 15:00:00,,VIALE PAOLO ORLANDO,da specificare,,,,altezza Via Gaetano Chierchia,Scontro laterale fra veicoli in marcia,,,,,,,,,,0,0,0,2,12.2854,41.731,0,2,Quadriciclo,In marcia / fermata / arresto,Conducente,M,Illeso,0,,,,
3972036,16,31/08/2018 12:15:00,Strada Urbana,VIA CARDINAL PACCA,all'intersezione con,VIA AURELIA ANTICA,VIA AURELIA ANTICA,,,Investimento di pedone,Intersezione non regolata/non segnalata,Due carreggiate,Asciutto,Asfaltata,Verticale ed orizzontale,Sereno,Normale,Buona,Ore Diurne,1,0,0,1,12.4306,41.8918,-1,,,,Pedone,F,Rimandato,0,NON DECEDUTO,,,
3972036,16,31/08/2018 12:15:00,Strada Urbana,VIA CARDINAL PACCA,all'intersezione con,VIA AURELIA ANTICA,VIA AURELIA ANTICA,,,Investimento di pedone,Intersezione non regolata/non segnalata,Due carreggiate,Asciutto,Asfaltata,Verticale ed orizzontale,Sereno,Normale,Buona,Ore Diurne,1,0,0,1,12.4306,41.8918,-1,1,Autovettura privata,In marcia / fermata / arresto,Conducente,M,Illeso,0,,Non accertato,Inesploso,
3972043,12,31/08/2018 20:30:00,Strada Urbana,VIA DEL CAPPELLACCIO,da specificare,,,,30 METRI PRIMA DEL VIADOTTO MAGLIANA,Scontro frontale/laterale DX fra veicoli in marcia,Rettilineo,Una carreggiata a doppio senso,Asciutto,Asfaltata,Verticale ed orizzontale,Sereno,Scarso,Sufficiente,Sufficiente,0,0,0,2,12.462,41.8397,-1,1,Autocarro inferiore 35 q.,In marcia / fermata / arresto,Conducente,M,Illeso,0,,Utilizzato,Inesploso,
3972043,12,31/08/2018 20:30:00,Strada Urbana,VIA DEL CAPPELLACCIO,da specificare,,,,30 METRI PRIMA DEL VIADOTTO MAGLIANA,Scontro frontale/laterale DX fra veicoli in marcia,Rettilineo,Una carreggiata a doppio senso,Asciutto,Asfaltata,Verticale ed orizzontale,Sereno,Scarso,Sufficiente,Sufficiente,0,0,0,2,12.462,41.8397,-1,2,Motociclo con passeggero,In marcia / fermata / arresto,Conducente,M,Illeso,0,,Utilizzato,,
3972060,16,31/08/2018 18:30:00,Strada Urbana,LARGO S. EUFRASIA PELLETIER,all'intersezione con,VIA GIOVANNI DE CALVI,VIA GIOVANNI DE CALVI,,,Scontro frontale/laterale SX fra veicoli in marcia,Incrocio,Una carreggiata a senso unico di marcia,Asciutto,Asfaltata,Assente,Sereno,Scarso,Buona,Ore Diurne,0,0,0,2,12.4455,41.8689,-1,1,Autovettura privata,In marcia / fermata / arresto,Conducente,F,Illeso,0,,Non accertato,,
3972060,16,31/08/2018 18:30:00,Strada Urbana,LARGO S. EUFRASIA PELLETIER,all'intersezione con,VIA GIOVANNI DE CALVI,VIA GIOVANNI DE CALVI,,,Scontro frontale/laterale SX fra veicoli in marcia,Incrocio,Una carreggiata a senso unico di marcia,Asciutto,Asfaltata,Assente,Sereno,Scarso,Buona,Ore Diurne,0,0,0,2,12.4455,41.8689,-1,2,Autocarro inferiore 35 q.,In marcia / fermata / arresto,Conducente,M,Illeso,0,,,,
3972083,16,31/08/2018 23:45:00,Strada Urbana,VIA PAOLO ORANO,all'intersezione con,VIA DEL CASALE LUMBROSO,VIA DEL CASALE LUMBROSO,,,Scontro frontale/laterale SX fra veicoli in marcia,Incrocio,Una carreggiata a doppio senso,Asciutto,Asfaltata,Verticale ed orizzontale,Nuvoloso,Scarso,Buona,Sufficiente,2,0,0,1,12.361,41.8836,-1,1,Autovettura privata,In marcia / fermata / arresto,Conducente,F,Illeso,0,,Non accertato,,
3972083,16,31/08/2018 23:45:00,Strada Urbana,VIA PAOLO ORANO,all'intersezione con,VIA DEL CASALE LUMBROSO,VIA DEL CASALE LUMBROSO,,,Scontro frontale/laterale SX fra veicoli in marcia,Incrocio,Una carreggiata a doppio senso,Asciutto,Asfaltata,Verticale ed orizzontale,Nuvoloso,Scarso,Buona,Sufficiente,2,0,0,1,12.361,41.8836,-1,2,Motociclo a solo,In marcia / fermata / arresto,Conducente,M,Ricoverato,0,NON DECEDUTO,Non accertato,,
3972083,16,31/08/2018 23:45:00,Strada Urbana,VIA PAOLO ORANO,all'intersezione con,VIA DEL CASALE LUMBROSO,VIA DEL CASALE LUMBROSO,,,Scontro frontale/laterale SX fra veicoli in marcia,Incrocio,Una carreggiata a doppio senso,Asciutto,Asfaltata,Verticale ed orizzontale,Nuvoloso,Scarso,Buona,Sufficiente,2,0,0,1,12.361,41.8836,-1,2,Motociclo a solo,In marcia / fermata / arresto,Passeggero,M,Rimandato,0,NON DECEDUTO,Non accertato,,
3972763,1,31/08/2018 21:20:00,Strada Urbana,VIALE MANZONI,all'intersezione semaforizzata con,VIA DI PORTA MAGGIORE,VIA DI PORTA MAGGIORE,,,Veicolo in marcia contro ostacolo accidentale,Intersezione semaforizzata,Una carreggiata a doppio senso,Asciutto,Asfaltata,Verticale ed orizzontale,Sereno,Scarso,Sufficiente,Sufficiente,0,0,0,2,12.5079,41.8913,-1,1,Motociclo con passeggero,In marcia / fermata / arresto,Conducente,M,Illeso,0,,Non accertato,,
3972763,1,31/08/2018 21:20:00,Strada Urbana,VIALE MANZONI,all'intersezione semaforizzata con,VIA DI PORTA MAGGIORE,VIA DI PORTA MAGGIORE,,,Veicolo in marcia contro ostacolo accidentale,Intersezione semaforizzata,Una carreggiata a doppio senso,Asciutto,Asfaltata,Verticale ed orizzontale,Sereno,Scarso,Sufficiente,Sufficiente,0,0,0,2,12.5079,41.8913,-1,1,Motociclo con passeggero,In marcia / fermata / arresto,Passeggero,F,Illeso,0,,Non accertato,,
3973384,9,29/08/2018 14:00:00,,VIA TOMMASO FORTIFIOCCA,all'intersezione con,VIA CARLO DENINA,VIA CARLO DENINA,,,Scontro frontale/laterale SX fra veicoli in marcia,,,,,,,,,,0,0,0,1,12.5224,41.871,0,1,Autovettura privata,In marcia / fermata / arresto,Conducente,M,Illeso,0,,,,
3977853,17,15/08/2018 13:30:00,Strada Urbana,VIALE DELLE MEDAGLIE D'ORO,all'intersezione con,VIA ANTONIO LABRIOLA,VIA ANTONIO LABRIOLA,,,Scontro frontale/laterale SX fra veicoli in marcia,Intersezione semaforizzata,Due carreggiate,Asciutto,Asfaltata,Verticale ed orizzontale,Sereno,Scarso,Buona,Ore Diurne,0,0,0,2,12.4457,41.9109,-1,1,Autovettura privata,In marcia / fermata / arresto,Conducente,M,Illeso,0,,,,
3977853,17,15/08/2018 13:30:00,Strada Urbana,VIALE DELLE MEDAGLIE D'ORO,all'intersezione con,VIA ANTONIO LABRIOLA,VIA ANTONIO LABRIOLA,,,Scontro frontale/laterale SX fra veicoli in marcia,Intersezione semaforizzata,Due carreggiate,Asciutto,Asfaltata,Verticale ed orizzontale,Sereno,Scarso,Buona,Ore Diurne,0,0,0,2,12.4457,41.9109,-1,2,Autovettura privata,In marcia / fermata / arresto,Conducente,M,Illeso,0,,,,
3993756,5,06/08/2018 07:15:00,Strada Urbana,VIA ALFONSO TORELLI,all'intersezione con,VIA DI PORTONACCIO,VIA DI PORTONACCIO,,,Scontro frontale/laterale SX fra veicoli in marcia,Intersezione semaforizzata,Due carreggiate,Asciutto,Asfaltata,Verticale ed orizzontale,Sereno,Intenso,Buona,Ore Diurne,0,0,0,2,12.5378,41.8992,-1,1,Autovettura privata,In marcia / fermata / arresto,Conducente,F,Illeso,0,,Non accertato,,
3993756,5,06/08/2018 07:15:00,Strada Urbana,VIA ALFONSO TORELLI,all'intersezione con,VIA DI PORTONACCIO,VIA DI PORTONACCIO,,,Scontro frontale/laterale SX fra veicoli in marcia,Intersezione semaforizzata,Due carreggiate,Asciutto,Asfaltata,Verticale ed orizzontale,Sereno,Intenso,Buona,Ore Diurne,0,0,0,2,12.5378,41.8992,-1,2,Autovettura di soccorso,In marcia / fermata / arresto,Conducente,M,Illeso,0,,Non accertato,,
4009967,12,26/08/2018 14:50:00,Strada Urbana,VIA DI VALLERANO,da specificare,,,,in prossimit� della rotatoria di Via Laurentina,Fuoriuscita dalla sede stradale,Rotatoria,Due carreggiate,Asciutto,Asfaltata,Verticale ed orizzontale,Sereno,Scarso,Buona,Ore Diurne,0,1,0,0,,,0,1,Motociclo a solo,In marcia / fermata / arresto,Conducente,M,Prognosi riservata,0,NON DECEDUTO,Utilizzato,,